seller_id,gmv_proxy,seller_rank,cumulative_seller_share,cumulative_gmv_share
4869f7a5dfa277a7dca6462dcf3b52b2,229472.63,1,0.00032310177705977385,0.01688336120818117
53243585a1d6dc2643021fd1853d8905,222776.05,2,0.0006462035541195477,0.03327402409761521
4a3ca9315b744ce9f8e9374361493884,200472.92,3,0.0009693053311793214,0.04802374270596866
fa1c13f2614d7b5c4749cbc52fecda94,194042.03,4,0.0012924071082390954,0.06230031103596395
7c67e1448b00f6e969d365cea6b010ab,187923.89,5,0.0016155088852988692,0.0761267395495366
7e93a43ef30c4f03f38b393420bc753a,176431.87,6,0.0019386106623586429,0.08910764707582793
da8622b14eb17ae2831f4ac5b9dab84a,160236.57,7,0.002261712439418417,0.10089699158314458
7a67c85e85bb2ce8582c35f2203ad736,141745.53,8,0.002584814216478191,0.11132586487681399
1025f0e2d44d7041d6cf58b6550e0bfa,138968.55,9,0.0029079159935379646,0.12155042292640442
955fee9216a65b617aa5c0531780ce60,135171.7,10,0.0032310177705977385,0.13149562918574742
46dc3b2cc0980fb8ec44634e21d2718e,128111.19,11,0.003554119547657512,0.14092136111543302
6560211a19b47992c3666cc44a7e94c0,123304.83,12,0.0038772213247172858,0.1499934669417504
620c87c171fb2a6dd6e8bb4dec959fc6,114774.5,13,0.00420032310177706,0.15843795699264837
7d13fca15225358621be4086e1eb0964,113628.97,14,0.004523424878836834,0.16679816511081733
5dceca129747e92ff8ef7a997dc4f8ca,112155.53,15,0.004846526655896607,0.1750499654431053
1f50f920176fa81dab994f9023523100,106939.21,16,0.005169628432956382,0.18291797702142532
cc419e0650a3c5ba77189a1882b7556a,104288.42,17,0.005492730210016155,0.19059095773677467
a1043bafd471dff536d0c462352beb48,101901.16,18,0.005815831987075929,0.19808829670836647
3d871de0142ce09b7081e2b9d1733cb1,94914.2,19,0.006138933764135703,0.20507157276349144
edb1ef5e36e0c8cd84eb3c9b003e486d,79284.55,20,0.006462035541195477,0.21090490328259562
ccc4bbb5f32a6ab2b7066a4130f114e3,74004.62,21,0.00678513731825525,0.21634976496624908
f7ba60f8c3f99e7ee4042fdef03b70c4,68395.0,22,0.007108239095315024,0.22138190099847896
fe2032dab1a61af8794248c8196565c9,65959.61,23,0.007431340872374798,0.22623485414056285
8581055ce74af1daba164fdbd55a40de,64925.3,24,0.0077544426494345715,0.23101170831898718
cca3071e3e9bb7d12640c9fbe2301306,64009.89,25,0.008077544426494346,0.2357212115558915
04308b1ee57b6625f47df1d56f00eedf,60130.6,26,0.00840064620355412,0.24014529751099936
522620dcb18a6b31cd7bdf73665113a9,57168.49,27,0.008723747980613893,0.24435144735290554
17e34d8224d27a541263c4c64b11a56b,56363.24,28,0.009046849757673668,0.24849835123326552
7ddcbb64b5bc1ef36ca8c151f6ec77df,55578.57,29,0.009369951534733441,0.25258752331772794
de722cd6dad950a92b7d4f82673f8833,55426.1,30,0.009693053311793215,0.2566654774801079
37be5a7c751166fbc5f8ccba4119e043,55350.55,31,0.010016155088852988,0.26073787308006025
218d46b86c1881d022bce9c68a7d4b15,55093.28,32,0.010339256865912763,0.26479134013791134
25c5c91f63607446a97b143d2d535d31,54679.22,33,0.010662358642972537,0.26881434288922684
f5a590cf36251cf1162ea35bef76fe84,53201.78,34,0.01098546042003231,0.27272864355618737
ceaec5548eefc6e23e6607c5435102e7,52917.18,35,0.011308562197092083,0.27662200488672317
b2ba3715d723d245138f291a6fe42594,51676.880000000005,36,0.011631663974151859,0.2804241116179348
966cb4760537b1404caedd472cc610a5,51286.05,37,0.011954765751211632,0.2841974631809985
e882b2a25a10b9c057cc49695f222c19,51057.54,38,0.012277867528271405,0.287954002207989
2bf6a2c1e71bbd29a4ad64e6d3c3629f,50628.9,39,0.012600969305331179,0.2916790042105062
f8db351d8c4c4c22c6835c19a46f01b0,50525.6,40,0.012924071082390954,0.29539640595493244
17f51e7198701186712e53a39c564617,48019.0,41,0.013247172859450727,0.2989293855606294
8160255418d5aaa7dbdc9f4c64ebda44,47017.69,42,0.0135702746365105,0.3023886941650773
77530e9772f57a62c906e1c21538ab82,46610.4,43,0.013893376413570274,0.3058180365631568
4e922959ae960d389249c378d1c939f5,46030.37,44,0.014216478190630048,0.3092047034752684
c826c40d7b19f62a09e2d7c5e7295ee2,45643.74,45,0.014539579967689823,0.31256292423262977
850f4f8af5ea87287ac68de36e29107f,45355.36,46,0.014862681744749596,0.3158999275415085
b33e7c55446eabf8fe1a42d037ac7d6d,44985.17,47,0.01518578352180937,0.31920969426236506
ba90964cff9b9e0e6f32b23b82465f7b,44212.5,48,0.015508885298869143,0.3224626120827461
eeb6de78f79159600292e314a77cbd18,43739.84,49,0.015831987075928918,0.3256807541239475
4d6d651bd7684af3fffabd5f08d12e5a,43587.4,50,0.01615508885298869,0.328887680450305
e9779976487b77c6d4ac45f75ec7afe9,43162.95,51,0.016478190630048465,0.33206337802984054
c3cfdc648177fdbbbb35635a37472c53,43048.18,52,0.01680129240710824,0.335230631450411
b839e41795b7f3ad94cc2014a52f6796,42829.0,53,0.017124394184168012,0.3383817587860989
2eb70248d66e0e3ef83659f71b244378,42628.61,54,0.017447495961227785,0.34151814250398577
d91fb3b7d041e83b64a00a3edfb37e4f,40889.74,55,0.017770597738287562,0.3445265895250036
17a053fcb14bd219540cbde0df490be0,40703.14,56,0.018093699515347336,0.34752130752220944
391fc6631aebcf3004804e51b40bcf1e,39951.95,57,0.01841680129240711,0.35046075700174517
834f3294fba9f932f56edc879193f925,39907.5,58,0.018739903069466882,0.35339693608948863
712e6ed8aa4aa1fa65dab41fed5737e4,39815.0,59,0.019063004846526656,0.3563263095250209
634964b17796e64304cadf1ad3050fb7,39465.1,60,0.01938610662358643,0.35922993920154045
7142540dd4c91e2237acb7e911c4eba2,37373.56,61,0.019709208400646203,0.36197968462048485
ea8482cd71df3c1969d7b9473ff13abc,37177.52,62,0.020032310177705976,0.36471500647121874
c3867b4666c7d76867627c2f7fb22e21,37153.4,63,0.020355411954765753,0.3674485537021545
7178f9f4dd81dcef02f62acdf8151e01,37070.4,64,0.020678513731825526,0.37017599423975484
c70c1b0d8ca86052f45a432a38b73958,36537.37,65,0.0210016155088853,0.3728642172984567
59417c56835dd8e2e72f91f809cd4092,36459.0,66,0.021324717285945073,0.3755466743143068
06a2c3af7b3aee5d69171b0e14f0ee87,36408.95,67,0.021647819063004847,0.3782254489205011
7299e27ed73d2ad986de7f7c77d919fa,34725.43,68,0.02197092084006462,0.3807803591849601
e9bc59e7b60fc3063eb2290deda4cced,34343.06,69,0.022294022617124393,0.3833071367225437
dbc22125167c298ef99da25668e1011f,33776.78,70,0.022617124394184167,0.3857922504251638
9c0e69c7bf2619675bbadf47b43f655a,33702.78,71,0.02294022617124394,0.388271919606015
76d5af76d0271110f9af36c92573f765,33461.6,72,0.023263327948303717,0.3907338440603766
1835b56ce799e6a4dc4eddc053f04066,33344.21,73,0.02358642972536349,0.39318713159027263
5c243662ce92d84573bfaff24c3e3700,32862.020000000004,74,0.023909531502423264,0.3956049421748747
2528513dd95219a6013d4d05176e391a,32689.1,75,0.024232633279483037,0.3980100302364459
855668e0971d4dfd7bef1b6a4133b41b,32208.16,76,0.02455573505654281,0.4003797333209963
70eea00b476a314817cefde4aad4f89a,31994.65,77,0.024878836833602584,0.402733727488751
7681ef142fd2c19048da7430856b5588,31941.81,78,0.025201938610662358,0.4050838339736642
e59aa562b9f8076dd550fcddf0e73491,31574.3,79,0.02552504038772213,0.4074069010505329
88460e8ebdecbfecb5f9601833981930,31546.55,80,0.025848142164781908,0.4097279264317383
0241d4d5d36f10f80c644447315af0bd,31397.7,81,0.02617124394184168,0.4120380002309801
87142160b41353c4e5fca2360caf6f92,31095.98,82,0.026494345718901455,0.41432587509632846
70a12e78e608ac31179aea7f8422044b,30858.53,83,0.026817447495961228,0.41659627966851426
53e4c6e0f4312d4d2107a8c9cddf45cd,30148.95,84,0.027140549273021,0.4188144771629056
d23019c84ffae2d5ef2270367b8605fc,29205.1,85,0.027463651050080775,0.4209632312536268
900ba814c251a692506d7834c1218441,29099.69,86,0.02778675282714055,0.423104229843812
1554a68530182680ad5c8b042c3ab563,29052.53,87,0.028109854604200322,0.42524175865498887
0b90b6df587eb83608a64ea8b390cf07,28592.32,88,0.028432956381260095,0.4273454276909864
7e1fb0a3ebfb01ffb3a7dae98bf3238d,27349.53,89,0.028756058158319872,0.4293576589268597
59b22a78efb79a4797979612b885db36,27184.5,90,0.029079159935379646,0.431357748143442
d1c281d3ae149232351cd8c8cc885f0d,26942.6,91,0.02940226171243942,0.43334003965980955
b32be1695eb7ec5f10f72d9610a12527,26874.0,92,0.029725363489499192,0.43531728395734803
12b9676b00f60f3b700e83af21824c0e,26774.0,93,0.030048465266558966,0.43728717079303664
a3a38f4affed601eb87a97788c949667,26533.32,94,0.03037156704361874,0.439239349689545
de23c3b98a88888289c6f5cc1209054a,26399.67,95,0.030694668820678513,0.4411816953382909
9f505651f4a6abe901a56cdc21508025,26361.82,96,0.031017770597738286,0.44312125618772663
16090f2ca825584b5a147ab24aa30c86,25716.44,97,0.03134087237479806,0.44501333344987565
a416b6a846a11724393025641d4edd5e,25670.72,98,0.031663974151857836,0.4469020468804668
b94cc9f10ddc85e4ba73a6f7974e7101,25346.1,99,0.031987075928917606,0.44876687651840086
c003204e1ab016dfa150abc119207b24,25108.09,100,0.03231017770597738,0.45061419466138597
001cca7ae9ae17fb1caed9dfb1094831,25080.03,101,0.03263327948303716,0.4524594483005761
1900267e848ceeba8fa32d80c1a5f5a8,24982.53,102,0.03295638126009693,0.4542975284144626
1c68394e931a64f90ea236c5ea590300,24832.75,103,0.03327948303715671,0.4561245885219902
b1b3948701c5c72445495bd161b83a4c,24699.19,104,0.03360258481421648,0.4579418220034713
f62d7bb4a613ec758a03342d46b580b2,24665.0,105,0.033925686591276254,0.45975653996874577
dc4a0fc896dc34b0d5bfec8438291c80,24180.77,106,0.034248788368336024,0.4615356308965045
b37c4c02bda3161a7546a4e6d222d5b2,24075.0,107,0.0345718901453958,0.46330693983686466
710e3548e02bc1d2831dfc4f1b5b14d4,23979.11,108,0.03489499192245557,0.465071193707057
2b3e4a2a3ea8e01938cabda2a3e5cc79,23629.15,109,0.03521809369951535,0.4668096994037595
1a3df491d1c4f1589fc2b934ada68bf2,23302.7,110,0.035541195476575124,0.468524186666253
40db9e9aa57f7bb151bcda6b0f9bdbb7,23168.0,111,0.035864297253634894,0.4702287634276347
612170e34b97004b3ba37eae81836b4c,23065.02,112,0.03618739903069467,0.47192576347480336
897060da8b9a21f655304d50fd935913,23023.92,113,0.03651050080775444,0.47361973960515175
8444e55c1f13cd5c179851e5ca5ebd00,22873.21,114,0.03683360258481422,0.47530262730474615
7b0df942f46435babab05d49b744b2c4,22600.63,115,0.03715670436187399,0.47696546003483015
7ad32824caee82087b3e2e5f33b1bf32,22505.1,116,0.037479806138933765,0.47862126418160894
744dac408745240a2c2528fb1b6028f3,22490.6,117,0.037802907915993535,0.48027600149641947
06e5eefc71ec47ae763c5c6f8db7064f,22188.56,118,0.03812600969305331,0.4819085163334586
f45122a9ab94eb4f3f8953578bc0c560,22078.29,119,0.03844911147011309,0.4835329180973159
05ff92fedb5be47920fea08e501238b9,21992.78,120,0.03877221324717286,0.4851510284955454
ff69aa92bb6b1bf9b8b7a51c2ed9cf8b,21940.8,121,0.039095315024232635,0.4867653144851053
8f2ce03f928b567e3d56181ae20ae952,21712.9,122,0.039418416801292405,0.4883628328191093
59fb871bf6f4522a87ba567b42dafecf,21708.57,123,0.03974151857835218,0.48996003257501525
d2374cbcbb3ca4ab1086534108cc3ab7,21223.92,124,0.04006462035541195,0.4915215743920657
48162d548f5b1b11b9d29d1e01f75a61,20510.14,125,0.04038772213247173,0.49303060011792393
729f06993dac8e860d4f02d7088ca48a,20485.08,126,0.040710823909531506,0.4945377820638427
00ee68308b45bc5e2660cd833c3f81cc,20260.0,127,0.041033925686591276,0.4960284038346297
bfd27a966d91cfaafdb25d076585f0da,19921.0,128,0.04135702746365105,0.4974940838097456
004c9cd9d87a3c30c522c48c4fc07416,19712.71,129,0.04168012924071082,0.49894443892757434
d650b663c3b5f6fb392b6326366efa9a,19242.9,130,0.0420032310177706,0.5003602279538861
821fb029fc6e495ca4f08a35d51e53a5,19187.42,131,0.04232633279483037,0.5017719350603637
f457c46070d02cadd8a68551231220dd,19093.0,132,0.042649434571890146,0.5031766952513624
2a5b78b41cd05baeac8df54c6606b92c,19025.36,133,0.042972536348949916,0.5045764788551661
dc317f341ab0e22f39acbd9dbf9b4a1f,18988.4,134,0.04329563812600969,0.5059735431410699
96493fab2fbb13a14d0c0e8772eef5c3,18969.0,135,0.04361873990306947,0.5073691800793749
44073f8b7e41514de3b7815dd0237f4f,18729.64,136,0.04394184168012924,0.508747206196996
cd68562d3f44870c08922d380acae552,18569.7,137,0.04426494345718902,0.5101134647901343
0dd184061fb0eaa7ca37932c68ab91c5,18446.92,138,0.04458804523424879,0.5114706898916134
527801b552d0077ffd170872eb49683b,17942.8,139,0.044911147011308564,0.5127908245564148
a888faf2d1baececa6baf9c3d603ee1f,17765.8,140,0.045234248788368334,0.5140979365137419
9de4643a8dbde634fe55621059d92273,17560.34,141,0.04555735056542811,0.5153899318299523
8b321bb669392f5163d04c59e235e066,17535.69,142,0.04588045234248788,0.5166801135318166
c72de06d72748d1a0dfb2125be43ba63,17522.0,143,0.04620355411954766,0.5179692879971538
165fc07beebdcb6190fba8a06db2a449,17481.4,144,0.046526655896607434,0.5192554753329799
0c8380b62e38e8a1e6adbeba7eb9688c,17348.79,145,0.046849757673667204,0.5205319059386468
1e8b33f18b4f7598d87f5cbee2282cc2,17309.06,146,0.04717285945072698,0.5218054134247208
94144541854e298c2d976cb893b81343,17286.280000000002,147,0.04749596122778675,0.5230772448809853
54a1852d1b8f10312c55e906355666ee,17226.44,148,0.04781906300484653,0.5243446736320789
abe42c5d03695b4257b5c6cbf4e6784e,17159.0,149,0.0481421647819063,0.525607140510901
41b39e28db005d9731d9d485a83b4c38,17112.55,150,0.048465266558966075,0.5268661898486937
4a3ccda38b2129705f3fb522db62ca31,17062.59,151,0.04878836833602585,0.5281215633985462
76d64c4aca3a7baf218bf93ef7fa768d,16911.8,152,0.04911147011308562,0.5293658426316753
c3acdfac4e3e97ff87529454fbc03642,16788.0,153,0.0494345718901454,0.5306010133270342
86ccac0b835037332a596a33b6949ee1,16619.93,154,0.04975767366720517,0.531823818336262
8ae520247981aa06bc94abddf5f46d34,16320.99,155,0.050080775444264945,0.5330246289490359
7aa4334be125fcdd2ba64b3180029f14,16234.81,156,0.050403877221324715,0.5342190989011874
ef0ace09169ac090589d85746e3e036f,16223.3,157,0.05072697899838449,0.53541272200948
fa40cc5b934574b62717c68f3d678b6d,16055.87,158,0.05105008077544426,0.5365940265193974
1f1bb1f0859883505541bdd6606193e5,16040.84,159,0.05137318255250404,0.5377742252027987
0adac9fbd9a2b63cccaac4f8756c1ca8,15960.95,160,0.051696284329563816,0.5389485460099281
4b9750c8ad28220fe6702d4ecb7c898f,15915.3,161,0.052019386106623586,0.5401195081357232
2a84855fd20af891be03bc5924d2b453,15819.1,162,0.05234248788368336,0.5412833923832185
229c3efbfb0ea2058de4ccdfbc3d784a,15744.0,163,0.05266558966074313,0.5424417511768647
f9244d45189d3a3605499abddeade7d5,15731.429999999998,164,0.05298869143780291,0.5435991851375562
d921b68bf747894be13a97ae52b0f386,15645.8,165,0.05331179321486268,0.5447503189036658
6061155addc1e54b4cfb51c1c2a32ad8,15633.4,166,0.053634894991922456,0.545900540344506
c33847515fa6305ce6feb1e818569f13,15519.85,167,0.053957996768982226,0.5470424073874155
85d9eb9ddc5d00ca9336a2219c97bb13,15415.24,168,0.054281098546042,0.548176577789484
213b25e6f54661939f11710a6fddb871,15379.5,169,0.05460420032310178,0.5493081186346873
e5a38146df062edaf55c38afa99e42dc,15360.070000000002,170,0.05492730210016155,0.5504382299250532
c847e075301870dd144a116762eaff9a,15348.7,171,0.05525040387722133,0.5515675046720067
ce248b21cb2adc36282ede306b7660e5,15230.06,172,0.0555735056542811,0.5526880505262215
79ebd9a61bac3eaf882805ed4ecfa12a,15092.79,173,0.055896607431340874,0.553798496792555
75d34ebb1bd0bd7dde40dd507b8169c3,15048.28,174,0.056219709208400644,0.5549056682526191
e2a1ac9bf33e5549a2a4f834e70df2f8,14999.45,175,0.05654281098546042,0.5560092470640619
01fdefa7697d26ad920e9e0346d4bd1b,14921.43,176,0.05686591276252019,0.5571070855837694
1b4c3a6f53068f0b6944d2d005c9fc89,14760.3,177,0.05718901453957997,0.5581930690251982
a5cba26a62b8b4d0145b68b841e62e7f,14737.84,178,0.057512116316639744,0.5592773999806955
87b740daf17b5d1be335a64164ec6842,14699.87,179,0.057835218093699514,0.5603589373079284
4c2b230173bb36f9b240f2b8ac11786e,14592.27,180,0.05815831987075929,0.5614325580062108
080199a181c46c657dc5aa235411be3b,14504.2,181,0.05848142164781906,0.562499698987842
8e6d7754bc7e0f22c96d255ebda59eba,14497.27,182,0.05880452342487884,0.563566330097367
cf8ab1616079e2793aa29d524df01bb1,14391.0,183,0.05912762520193861,0.5646251424321842
5cf13accae3222c70a9cac40818ae839,14383.2,184,0.059450726978998385,0.565683380884977
a6bd7d1ccdac48c6b33b28596b7eb122,14368.61,185,0.05977382875605816,0.5667405458840861
66922902710d126a0e7d26b0e3805106,14362.3,186,0.06009693053311793,0.5677972466273523
aba1721a889e04decc910aa13b768ef4,14103.3,187,0.06042003231017771,0.5688348915444273
f08a5b9dd6767129688d001acafc21e5,14069.63,188,0.06074313408723748,0.5698700592040975
3b15288545f8928d3e65a8f949a28291,14061.79,189,0.061066235864297255,0.5709046500387587
c6bda72e4dbf5c5866b13cb1810c6d03,14059.38,190,0.061389337641357025,0.5719390635585893
2e90cb1677d35cfe24eef47d441b7c87,13894.71,191,0.0617124394184168,0.5729613615459916
a673821011d0cec28146ea42f5ab767f,13863.69,192,0.06203554119547657,0.5739813772487281
d94a40fd42351c259927028d163af842,13823.8,193,0.06235864297253635,0.5749984580599328
05f51e13da97139648b8125c31e5f51b,13769.01,194,0.06268174474959612,0.5760115077177898
440dd6ab244315c632130ecfb63827b1,13696.9,195,0.0630048465266559,0.5770192519099069
b8bc237ba3788b23da09c0f1f3a3288c,13685.71,196,0.06332794830371567,0.578026172802043
6039e27294dc75811c0d8a39069f52c0,13670.7,197,0.06365105008077544,0.5790319893391555
1f9ab4708f3056ede07124aad39a2554,13602.73,198,0.06397415185783521,0.5800328050094485
6d66611d7c44cc30ce351abc49a68421,13593.4,199,0.064297253634895,0.5810329342285511
240b9776d844d37535668549a396af32,13592.08,200,0.06462035541195477,0.5820329663291571
610f72e407cdd7caaa2f8167b0163fd8,13585.16,201,0.06494345718901454,0.5830324892934031
289cdb325fb7e7f891c38608bf9e0962,13544.95,202,0.06526655896607432,0.5840290538222394
0b35c634521043bf4b47e21547b99ab5,13533.65,203,0.06558966074313409,0.5850247869578866
a3e9a2c700480d9bb01fba070ba80a0e,13440.8,204,0.06591276252019386,0.5860136886902061
d05ae8f7a5bd1d2a690a44cd079e4e27,13436.0,205,0.06623586429725363,0.5870022372643569
34d1ca11b242c0fee2c834ae8d788566,13422.24,206,0.06655896607431341,0.5879897734517571
1ca7077d890b907f89be8c954a02686a,13341.57,207,0.06688206785137318,0.5889713743746829
8cc6a0e5738e61a87b03c78b2ba9db4b,13312.4,208,0.06720516962843295,0.5899508291259873
669ae81880e08f269a64487cfb287169,13248.87,209,0.06752827140549272,0.5909256096817783
5d378b73ab7dd6f0418d743e5dcb0bd1,13243.0,210,0.06785137318255251,0.5918999583545589
ad97a199236354e53fcd91a5a913e9a2,13205.9,211,0.06817447495961228,0.592871577408993
c31eff8334d6b3047ed34bebd4d62c36,13191.5,212,0.06849757673667205,0.5938421369889209
e8b3a3a38279a82f0e5d006d5e5b7d2c,13154.7,213,0.06882067851373183,0.5948099890228878
6edacfd9f9074789dad6d62ba7950b9c,13147.1,214,0.0691437802907916,0.5957772818897542
99eaacc9e6046db1c82b163c5f84869f,13139.17,215,0.06946688206785137,0.596743991309896
9e6229250fedbe05838fef417b74e7fb,13132.2,216,0.06978998384491114,0.5977101879149468
431af27f296bc6519d890aa5a05fdb11,13109.5,217,0.07011308562197092,0.5986747143761576
d50d79cb34e38265a8649c383dcffd48,13012.42,218,0.0704361873990307,0.5996320982134046
530ec6109d11eaaf87999465c6afee01,12983.81,219,0.07075928917609046,0.6005873770808163
6e386f64c84e482f0b9abf960797ee1b,12938.3,220,0.07108239095315025,0.6015393075673402
e24fc9fcd865784fb25705606fe3dfe7,12936.0,221,0.07140549273021002,0.6024910688322415
039e6ad9dae79614493083e241147386,12925.0,222,0.07172859450726979,0.6034420207763393
c60b801f2d52c7f7f91de00870882a75,12913.5,223,0.07205169628432956,0.6043921266123244
cfb1a033743668a192316f3c6d1d2671,12803.64,224,0.07237479806138934,0.6053341495407212
ac3508719a1d8f5b7614b798f70af136,12775.84,225,0.07269789983844911,0.6062741270947237
ed4acab38528488b65a9a9c603ff024a,12759.45,226,0.07302100161550888,0.607212898760729
7202e2ba20579a9bd1acb29e61fe71f6,12750.5,227,0.07334410339256867,0.6081510119338989
2b1a40c1daabc6ca280c4b815c101841,12732.6,228,0.07366720516962844,0.6090878081213975
c66dccfb3f109511246da627dd5a2498,12708.55,229,0.0739903069466882,0.6100228348393212
2e1c9f22be269ef4643f826c9e650a52,12687.68,230,0.07431340872374798,0.6109563260549569
00fc707aaaad2d31347cf883cd2dfe10,12684.9,231,0.07463651050080776,0.6118896127331531
b372ee768ed69e46ca8cdbd267aa7a38,12630.0,232,0.07495961227786753,0.6128188601647938
66e0557ecc2b4dbea057e93f215f68d8,12480.0,233,0.0752827140549273,0.6137370714036596
a7f13822ceb966b076af67121f87b063,12477.64,234,0.07560581583198707,0.6146551090064258
2138ccb85b11a4ec1e37afbd1c8eda1f,12357.03,235,0.07592891760904685,0.6155642727744548
056b4ada5bbc2c50cc7842547dda6b51,12333.39,236,0.07625201938610662,0.6164716972385025
d6b1ce66b035a475f00c017792ff9769,12277.4,237,0.07657512116316639,0.6173750022596605
48436dade18ac8b2bce089ec2a041202,12271.71,238,0.07689822294022618,0.6182778886412392
c510bc1718f0f2961eaa42a23330681a,12251.0,239,0.07722132471728595,0.6191792512924689
fbc14c0cf93505ef89f64665ffa4a7b5,12227.82,240,0.07754442649434572,0.6200789084840417
c8b0e2b0a7095e5d8219575d5e7e1181,12170.21,241,0.07786752827140549,0.6209743270418427
70c27847eca8195c983ed7e798c56743,12077.52,242,0.07819063004846527,0.6218629259682551
ff063b022a9a0aab91bad2c9088760b7,12076.5,243,0.07851373182552504,0.6227514498485567
e26901d5ab434ce92fd9b5c256820a4e,11990.9,244,0.07883683360258481,0.6236336757415147
701938c450705b8ae65fc923b70f35c7,11983.28,245,0.0791599353796446,0.6245153409958798
c4f7fee5b0db50e87766f5a4d1b1b758,11961.829999999998,246,0.07948303715670436,0.6253954280746781
128639473a139ac0f3e5f5ade55873a5,11908.85,247,0.07980613893376413,0.6262716171701882
d71d863e5ef30d94e440c11be17dcd8f,11900.9,248,0.0801292407108239,0.6271472213474815
8b8cfc8305aa441e4239358c9f6f2485,11892.0,249,0.08045234248788369,0.6280221707106699
7901646fdd36a55f564ffaf2dbccaaf7,11857.08,250,0.08077544426494346,0.6288945508481805
09f952a5f58d2285b0372551ae8f9b01,11821.5,251,0.08109854604200323,0.6297643132007648
adbc26658d6c7b4b6219f9d934598091,11806.4,252,0.08142164781906301,0.6306329645766098
0be8ff43f22e456b4e0371b2245e4d01,11805.5,253,0.08174474959612278,0.6315015497352982
72c5da29406b4234927b81855e7b64f6,11798.69,254,0.08206785137318255,0.6323696338508344
ce7d1888639e6fb06b2749cbfdac1ff7,11793.89,255,0.08239095315024232,0.6332373648082021
23d7c96d4a1160db1c726b248601b25a,11766.94,256,0.0827140549273021,0.6341031129296011
d1b65fc7debc3361ea86b5f14c68d2e2,11703.07,257,0.08303715670436188,0.6349641618401166
bba3293d6f5d5af2f415e004e8b93ae3,11702.1,258,0.08336025848142165,0.6358251393832521
25e6ffe976bd75618accfe16cefcbd0d,11691.61,259,0.08368336025848142,0.6366853451286396
c4d51195486dc781531876a7d00453d8,11468.98,260,0.0840064620355412,0.6375291709567108
80e6699fe29150b372a0c8a1ebf7dcc8,11441.56,261,0.08432956381260097,0.6383709793687427
b4f8921fcc4ff77b66bea6dda43dcd51,11395.05,262,0.08465266558966074,0.6392093658252682
cab85505710c7cb9b720bceb52b01cee,11389.1,263,0.08497576736672052,0.6400473145128136
1d8dbc4f32378d715c717c1c1fc57bae,11315.89,264,0.08529886914378029,0.6408798768025388
813348c996469b40f2e028d5429d3495,11205.83,265,0.08562197092084006,0.641704341469752
6cd68b3ed6d59aaa9fece558ad360c0a,11188.57,266,0.08594507269789983,0.6425275362390498
5a8e7d5003a1f221f9e1d6e411de7c23,11171.9,267,0.08626817447495962,0.6433495045194573
ccb83a794700270fde70898fe9ff368b,11062.0,268,0.08659127625201939,0.6441633869492918
8d956fec2e4337affcb520f56fd8cbfd,11015.19,269,0.08691437802907916,0.6449738253512342
6973a06f484aacf400ece213dbf3d946,11011.05,270,0.08723747980613894,0.6457839591542562
95e03ca3d4146e4011985981aeb959b9,11009.96,271,0.08756058158319871,0.646594012760944
7ea5bfa6c340f58f8e71fc1f0412b0d6,11002.89,272,0.08788368336025848,0.647403546195079
54965bbe3e4f07ae045b90b0b8541f52,10961.3,273,0.08820678513731825,0.6482100196608307
82e0a475a88cc9595229d8029273f045,10930.02,274,0.08852988691437803,0.6490141917125156
dd2bdf855a9172734fbc3744021ae9b9,10816.7,275,0.0888529886914378,0.6498100262884322
0ea22c1cfbdc755f86b9b54b39c16043,10711.7,276,0.08917609046849757,0.6505981355294065
ce27a3cc3c8cc1ea79d11e561e9bebb6,10682.65,277,0.08949919224555736,0.6513841074277134
c9c7905cffc4ef9ff9f113554423e671,10657.18,278,0.08982229402261713,0.6521682053804871
bd23da7354813347129d751591d1a6e2,10544.3,279,0.0901453957996769,0.6529439982303248
f3b80352b986ab4d1057a4b724be19d0,10505.1,280,0.09046849757673667,0.6537169069551172
f262cbc1c910c83959f849465454ddd3,10482.83,281,0.09079159935379645,0.6544881771731557
c864036feaab8c1659f65ea4faebe1da,10454.2,282,0.09111470113085622,0.6552573409498664
b499c00f28f4b7069ff6550af8c1348a,10327.13,283,0.09143780290791599,0.6560171555998047
ea566164622c6b439516ab18062c42cd,10309.42,284,0.09176090468497576,0.6567756672432492
33a6f4b1e7cdc205511e76ba1b6e0186,10295.009999999998,285,0.09208400646203554,0.6575331186764412
9d5a9018aee56acb367ba9c3f05d1d6a,10292.31,286,0.09240710823909531,0.6582903714581633
06532f10282704ef4c69168b914b77be,10220.5,287,0.09273021001615508,0.6590423408465309
1c5e4e49b9079480255b49d50aac1aa9,10173.11,288,0.09305331179321487,0.6597908235337279
7b1222c3624aa89b9558b50a2594188c,10103.52,289,0.09337641357027464,0.6605341861632235
5058e8c1e82653974541e83690655b4a,10022.82,290,0.09369951534733441,0.6612716113210063
0df3984f9dfb3d49ac6366acbd3bbb85,10021.49,291,0.09402261712439418,0.6620089386245465
5343d0649eca2a983820bfe93fc4d17e,10000.64,292,0.09434571890145396,0.662744731897291
054694fa03fe82cec4b7551487331d74,9983.1,293,0.09466882067851373,0.663479234671227
9d4db00d65d7760644ac0c14edb5fd86,9979.7,294,0.0949919224555735,0.6642134872914601
961dff0a659b4561334372337dd897d9,9946.0,295,0.09531502423263329,0.6649452604470498
5882820ef11c4c068eea0677a7a879b4,9925.5,296,0.09563812600969306,0.6656755253229603
4830e40640734fc1c52cd21127c341d4,9843.47,297,0.09596122778675283,0.6663997548729154
ef506c96320abeedfb894c34db06f478,9771.43,298,0.0962843295638126,0.6671186841073536
17ca9b9e9b9ef8fdb529001b49ebb50f,9754.83,299,0.09660743134087238,0.667836392003125
7040e82f899a04d1b434b795a43b4617,9738.2,300,0.09693053311793215,0.6685528763529905
ca3bd7cd9f149df75950150d010fe4a2,9731.85,301,0.09725363489499192,0.6692688935040287
7b07b3c7487f0ea825fc6df75abd658b,9731.85,302,0.0975767366720517,0.6699849106550668
01cf7e3d21494c41fb86034f2e714fa1,9729.36,303,0.09789983844911147,0.6707007446053049
17306570e772e7718c92a562d33f5f1d,9669.8,304,0.09822294022617124,0.6714121964512653
e96498ed8daaa3e9c23f7a62da76591c,9619.09,305,0.09854604200323101,0.6721199173283215
31344c16881c08a8a72c6d2eb29918c1,9615.7,306,0.0988691437802908,0.672827388787421
e7df4cd29ab5abab70fb0783ddb53987,9608.7,307,0.09919224555735057,0.673534345224191
73a63f72308aa20a46f4b1632018f196,9606.8,308,0.09951534733441034,0.6742411618691859
b2ac621f0d0322434d04a12b078b9369,9575.5,309,0.0998384491114701,0.6749456756286218
1c129092bf23f28a5930387c980c0dfc,9553.62,310,0.10016155088852989,0.6756485795754049
36a968b544695394e4e9d7572688598f,9482.87,311,0.10048465266558966,0.6763462781179291
3db66a856d18a9cba7c9241fc5221c50,9478.3,312,0.10080775444264943,0.677043640424447
270297ead4c65a6cd2593960d2af6b21,9422.4,313,0.10113085621970921,0.6777368899097908
81a1104df0f08b59c68aa5b03cfe398e,9420.88,314,0.10145395799676898,0.6784300275617144
066a6914e1ebf3ea95a216c73a986b91,9410.38,315,0.10177705977382875,0.6791223926801438
cb8bcce248bb1fb274ba762d8b971456,9402.2,316,0.10210016155088852,0.6798141559581938
a00824eb9093d40e589b940ec45c4eb0,9399.97,317,0.10242326332794831,0.6805057551648446
5b8154610ebb21fb90eb587365e673df,9397.54,318,0.10274636510500808,0.6811971755851723
3c487ae8f8d7542beff5788e2e0aea83,9385.7,319,0.10306946688206785,0.6818877248820171
aaed1309374718fdd995ee4c58c9dfcd,9376.95,320,0.10339256865912763,0.68257763040095
8b28d096634035667e8263d57ba3368c,9375.7,321,0.1037156704361874,0.6832674439516098
05feb94f19d094d4b0f9281f0b1d4c99,9353.0,322,0.10403877221324717,0.6839555873584297
048c2757535328e0d7dac690ad3c0aae,9264.78,323,0.10436187399030694,0.6846372400124054
aafe36600ce604f205b86b5084d3d767,9251.4,324,0.10468497576736673,0.6853179082379859
624f4ece8da4aafb77699233d480f8ef,9205.0,325,0.1050080775444265,0.6859951626012679
dd7ddc04e1b6c2c614352b383efe2d36,9178.51,326,0.10533117932148627,0.686670467972906
4e7c18b98d84e05cbae3ff0ff03846c2,9177.9,327,0.10565428109854604,0.6873457284640268
6c12e40690c335dbc2f68a4134d30dc1,9139.2,328,0.10597738287560582,0.6880181416174115
f80edd2c5aaa505cc4b0a3b219abf4b8,9108.2,329,0.10630048465266559,0.6886882739576228
8e8a7ce9f2f970dc00e2acf6f6e199f6,9101.0,330,0.10662358642972536,0.689357876560581
0db783cfcd3b73998abc6e10e59a102f,9077.4,331,0.10694668820678514,0.6900257428025426
06df0c10d34e459d9672bc77388742eb,9070.0,332,0.10726978998384491,0.6906930645923273
fffd5413c0700ac820c7069d66d98c89,9062.3,333,0.10759289176090468,0.6913598198575496
9b013e03b2ab786505a1d3b5c0756754,9027.4,334,0.10791599353796445,0.6920240073685863
5f2684dab12e59f83bef73ae57724e45,9000.87,335,0.10823909531502424,0.6926862429449941
403aa86912527d730337ffcb0fb096ab,8959.89,336,0.108562197092084,0.693345463433536
f27e33c6d29b5138fa9967bcd445b6d5,8888.3,337,0.10888529886914378,0.6939994167151394
32b8764b4ef628b53608fc34011fcc13,8884.0,338,0.10920840064620356,0.6946530536258834
d03698c2efd04a549382afa6623e27fb,8865.47,339,0.10953150242326333,0.6953053271989466
2089a6d640999f9b9141ac719b2af596,8830.82,340,0.1098546042003231,0.6959550514114787
1da3aeb70d7989d1e6d9b0e887f97c23,8823.52,341,0.11017770597738287,0.6966042385292958
a49928bcdf77c55c6d6e05e09a9b4ca5,8816.7,342,0.11050080775444265,0.6972529238682147
562fc2f2c2863ab7e79a9e4388a58a14,8814.199999999999,343,0.11082390953150242,0.6979014252705873
af4a0e4cfe1d9c26b6712b1be25a72e5,8757.98,344,0.1111470113085622,0.6985457903079081
18a349e75d307f4b4cc646a691ed4216,8711.53,345,0.11147011308562198,0.6991867378041994
6d803cb79cc31c41c4c789a75933b3c7,8711.4,346,0.11179321486268175,0.6998276757357904
6c7d50c24b3ccd2fd83b44d8bb34e073,8699.34,347,0.11211631663974152,0.7004677263574823
b1a81260566c1bac3114a6d124413f27,8684.69,348,0.11243941841680129,0.7011066991110132
9596c870880d900012f2e8e6e30d06d7,8606.25,349,0.11276252019386107,0.7017399006714691
db2956745b3a8e9f3785c99f34b5d25e,8599.0,350,0.11308562197092084,0.7023725688159408
259f7b5e6e482c230e5bfaa670b6bb8f,8526.039999999999,351,0.11340872374798061,0.7029998689562468
93dc87703c046b603023e75222018b45,8517.35,352,0.11373182552504038,0.7036265297331181
cbd996ad3c1b7dc71fd0e5f5df9087e2,8411.039999999999,353,0.11405492730210016,0.7042453687922967
b18dc380845b24038cfc48006478f099,8353.3,354,0.11437802907915993,0.7048599596530033
6c177e38df6d3f34182b1f1d427231bf,8341.89,355,0.1147011308562197,0.7054737110273129
7d456afc660226829370f3173d14520c,8338.25,356,0.11502423263327949,0.706087194590011
fcb5ace8bcc92f75707dc0f01a27d269,8318.630000000001,357,0.11534733441033926,0.7066992346186943
784ba75dd9d20200c4caed3d7a77141a,8295.13,358,0.11567043618739903,0.7073095456438429
3078096983cf766a32a06257648502d1,8285.42,359,0.1159935379644588,0.7079191422594457
26d8a1c7c75d513045798992ead43aa2,8244.12,360,0.11631663974151858,0.7085257002433045
b92e3c8f9738272ff7c59e111e108d7c,8231.09,361,0.11663974151857835,0.7091312995498843
4371b634e0efc0e22b09b52907d9d469,8194.0,362,0.11696284329563812,0.7097341699738641
397c4d0c005b6f41f90098ac724e28cb,8177.0,363,0.1172859450726979,0.7103357896293292
67883baaae6134ee81b271a542613728,8167.9,364,0.11760904684975768,0.7109367397557661
86bb7c4b535e49a541baf3266b1c95b1,8162.4,365,0.11793214862681745,0.7115372852218013
fdb9095204a334cd8872252ffec6f2db,8156.0,366,0.11825525040387722,0.712137359810278
52d76513f0c4d97f3b99570e2c94ee31,8153.1,367,0.118578352180937,0.7127372210323611
33a17d60c64393351ebf1ef860f4e0f2,8152.48,368,0.11890145395799677,0.7133370366381808
4bfc7a4a1cf8d4d2121c27422d9e50b5,8124.4,369,0.11922455573505654,0.713934786268713
8fb791022c1fc8909664f48ab7dc636d,8119.95,370,0.11954765751211632,0.7145322084921928
972d0f9cf61b499a4812cf0bfa3ad3c4,8089.29,371,0.1198707592891761,0.7151273749178694
750303a20e9c56b2a6bc45cdce0b897d,8085.0,372,0.12019386106623586,0.7157222257084327
a2e874074c877c5a05abae80ad6e488f,8071.98,373,0.12051696284329563,0.7163161185574632
6bd69102ab48df500790a8cecfc285c2,8070.0,374,0.12084006462035542,0.716909865728749
5656537e588803a555b8eb41f07a944b,8065.929999999999,375,0.12116316639741519,0.7175033134513376
7a241947449cc45dbfda4f9d0798d9d0,8027.63,376,0.12148626817447496,0.7180939432660377
54065e9aef7e9e9c2dc23b7594db021a,8003.0,377,0.12180936995153473,0.7186827609378841
b1fc4f64df5a0e8b6913ab38803c57a9,7994.740000000001,378,0.12213247172859451,0.7192709708833818
903037660cf848a717166eb7a06d616e,7991.509999999999,379,0.12245557350565428,0.7198589431828616
ebd2d60905fb58271facef5596b620d3,7941.72,380,0.12277867528271405,0.7204432522020865
bbf9ad41dca6603e614efcdad7aab8c4,7846.0,381,0.12310177705977383,0.7210205186588285
989becdce12ebc39863c2bceab6f3ca1,7840.88,382,0.1234248788368336,0.7215974084135239
725c32fa80c2faacc4fc88450d27314e,7838.88,383,0.12374798061389337,0.7221741510189824
8476243f92442881ddd5b578975cf115,7838.0,384,0.12407108239095314,0.7227508288787765
0432ead42b6c8a0bdf68154add917fdf,7792.1,385,0.12439418416801293,0.7233241296635815
d51e0a403fe2e689ece6c73359d96e12,7790.0,386,0.1247172859450727,0.7238972759416876
2dee2ce60de9709b1a24083217181a1f,7784.5,387,0.12504038772213247,0.7244700175593921
7008613ea464bad5cb9b83456e1e6a8f,7777.0,388,0.12536348949919224,0.7250422073674577
7bac63f6603d382cc8d0832eb6c100a8,7751.95,389,0.125686591276252,0.72561255413133
5b925e1d006e9476d738aa200751b73b,7748.5,390,0.1260096930533118,0.7261826470627685
6fd52c528dcb38be2eea044946b811f8,7743.019999999999,391,0.12633279483037158,0.7267523368052975
e5a3438891c0bfdb9394643f95273d8e,7738.349999999999,392,0.12665589660743135,0.7273216829543582
257e61d3251fb5efb9daadddbc2cf7ca,7729.0,393,0.12697899838449112,0.7278903411807358
b410bdd36d5db7a65dcd42b7ead933b8,7726.9,394,0.12730210016155089,0.7284588449004148
42bde9fef835393bb8a8849cb6b7f245,7703.0,395,0.12762520193861066,0.7290255901867115
3bb548e3cb7f70f28e3f11ee9dce0e59,7690.02,396,0.12794830371567043,0.7295913804744601
058fd0aa2bfdb2274e05e1ae971dabb6,7667.9,397,0.12827140549273022,0.7301555432916476
08633c14ef2db992c11f840f04fad4cd,7644.3,398,0.12859450726979,0.7307179697478385
4e17c65a516f69d023a2ae78b84f28d6,7639.26,399,0.12891760904684976,0.7312800253879521
52f976b17ea7f2f087f56dcc419328f6,7630.0,400,0.12924071082390953,0.7318413997270985
640e21a7d01df7614a3b4923e990d40c,7598.88,401,0.1295638126009693,0.7324004844241172
4aba391bc3b88717ce08eb11e44937b2,7595.87,402,0.12988691437802907,0.7329593476615341
6a51fc556dab5f766ced6fbc860bc613,7577.67,403,0.13021001615508884,0.7335168718408944
8a432f4e5b471f8da497d7dc517666e2,7555.0,404,0.13053311793214864,0.7340727280836533
062ce95fa2ad4dfaedfc79260130565f,7521.0,405,0.1308562197092084,0.7346260827893832
0bae85eb84b9fb3bd773911e89288d54,7482.21,406,0.13117932148626818,0.7351765835356617
c26a2be5b53b7db6b276280da212a779,7482.0,407,0.13150242326332795,0.7357270688312703
87e24fc7052259b1f7f607d61c10d8be,7473.49,408,0.13182552504038772,0.7362769280068754
bd0389da23d89b726abf911cccc54596,7472.160000000001,409,0.1321486268174475,0.7368266893282378
a420f60ff1aa9acc80d0e42959f2b313,7443.3,410,0.13247172859450726,0.7373743272861105
8648b1e89e9b349e32d3741b30ec737e,7442.55,411,0.13279483037156706,0.7379219100630193
512d298ac2a96d1931b6bd30aa21f61d,7401.94,412,0.13311793214862683,0.7384665049746707
e0a366315b1b726b6c7832d664c0f530,7400.09,413,0.1334410339256866,0.739010963773278
f25e239052084705e17a982bc600ab2a,7380.0,414,0.13376413570274637,0.7395539444577997
381c83fdca332ea6afd896da20bf6e4a,7355.8,415,0.13408723747980614,0.7400951446365536
b347677812ea483b0f528eaf8cbc09b7,7288.99,416,0.1344103392568659,0.7406314292950457
febab0275244b9a49a623f0bd613ca2f,7272.42,417,0.13473344103392568,0.7411664948221092
aced59e9b31ef866a94f9e7f29d8d418,7268.5,418,0.13505654281098545,0.7417012719366681
e333046ce6517bd8bb510291d44f0130,7268.0,419,0.13537964458804524,0.7422360122639179
0873d9f8f36123f8d910f4760e788cfb,7265.59,420,0.13570274636510501,0.742770575276337
cee48807215b30a12ca2ca10ffb5f250,7212.23,421,0.13602584814216478,0.7433012123471132
d624126b9206f595fb3fbb6ba03b28a8,7198.8,422,0.13634894991922455,0.7438308613107628
ade45994b717ccee333492330fbf037b,7196.0,423,0.13667205169628432,0.7443603042654807
dbb9b48c841a0e39e21f98e1a6b2ec3e,7186.85,424,0.1369951534733441,0.7448890740124392
d13e50eaa47b4cbe9eb81465865d8cfc,7155.05,425,0.13731825525040386,0.7454155040865296
a4b6b9b992b46e9ef863637af96e04bc,7147.0,426,0.13764135702746366,0.745941341884941
cc63f0dd2acba93ffed4fe9f8e0321fa,7096.71,427,0.13796445880452343,0.7464634796157881
7722b1df1b0e383e000397b2c11e3e19,7094.09,428,0.1382875605815832,0.7469854245811347
014c0679dd340a0e338872e7ec85666a,7058.0,429,0.13861066235864297,0.7475047142384997
f1fd5ab1181f827ffad998c1a5de7d74,7045.99,430,0.13893376413570274,0.7480231202646965
dd55f1bb788714a40e7954c3be6df745,7041.76,431,0.1392568659127625,0.7485412150702571
679769a98cfcc6da877c8486ff1c13f3,7029.0,432,0.13957996768982228,0.7490583710636857
ff4ea69c2a729e83e63c7579e4ef8170,7017.0,433,0.13990306946688208,0.7495746441616922
6fa9202c10491e472dffd59a3e82b2a3,7014.24,434,0.14022617124394185,0.7500907141937516
b8630e1121437d41cb08e3c749c2c2e2,6988.0,435,0.14054927302100162,0.7506048536278217
d98eec89afa3380e14463da2aabaea72,6968.53,436,0.1408723747980614,0.7511175605640695
bacb1f0ed56ad24198f5810d2b3fe9a5,6940.450000000001,437,0.14119547657512116,0.75162820152503
1da366cade6d8276e7d8beea7af5d4bf,6917.59,438,0.14151857835218093,0.7521371605702115
30829ded4523ab9224b93bc49a62c95f,6911.71,439,0.1418416801292407,0.7526456869966364
d9bd94811c3338dceb4181f3dbc0c73e,6911.02,440,0.1421647819063005,0.7531541626565743
ad781527c93d00d89a11eecd9dcad7c1,6899.570000000001,441,0.14248788368336027,0.7536617958871306
e3b4998c7a498169dc7bce44e6bb6277,6897.9,442,0.14281098546042004,0.754169306248074
1127b7f2594683f2510f1c2c834a486b,6851.33,443,0.1431340872374798,0.7546733902390338
b3b17aab11f273023a5f22ca52e1eb70,6850.0,444,0.14345718901453958,0.755177376375751
58f1a6197ed863543e0136bdedb3fce2,6833.0,445,0.14378029079159935,0.7556801117439538
8e6cc767478edae941d9bd9eb778d77a,6830.58,446,0.14410339256865912,0.7561826690615797
5b67882648febfb6e1225e6ad7164f6b,6813.4800000000005,447,0.14442649434571891,0.7566839682532294
ececbfcff9804a2d6b40f589df8eef2b,6792.4,448,0.14474959612277868,0.7571837164919211
33dd941c27854f7625b968cc6195a552,6787.5,449,0.14507269789983845,0.7576831042149822
40d54b51e962dbe09cabbcfd33298dee,6785.56,450,0.14539579967689822,0.7581823492032833
63b464dbf392c7b80d12d932fa7cafed,6781.0,451,0.145718901453958,0.7586812586913242
a63bfbaa882c8f4542891b4e2246cc7f,6772.0,452,0.14604200323101776,0.7591795060077985
ff1fb4c404b2efe68b03350a8dc24122,6771.0,453,0.14636510500807753,0.7596776797496543
aac29b1b99776be73c3049939652091d,6755.91,454,0.14668820678513733,0.7601747432505169
54219883e72aad869adfb2a54b7bfa0f,6750.0,455,0.1470113085621971,0.7606713719253843
3340ef1913fb70d28420f6ceb685c339,6731.15,456,0.14733441033925687,0.761166613718693
455c5640e8c5bd1b2ee85c0158f85727,6729.5,457,0.14765751211631664,0.761661734113881
80ceebb4ee9b31afb6c6a916a574a1e2,6729.0,458,0.1479806138933764,0.7621568177217599
abe021b01ba992245271b9aa422032df,6720.0,459,0.14830371567043618,0.7626512391580723
31ae0774c17fabd06ff707cc5bde005f,6719.85,460,0.14862681744749595,0.7631456495581919
e5e33c0d8e7e002f398f5dc4cbbb338f,6698.7,461,0.14894991922455572,0.7636385038551302
83e197e95a1bbabc8c75e883ed016c47,6693.6900000000005,462,0.14927302100161552,0.7641309895432298
fa1a9dec3a9940c072684a46728bf1fc,6674.0,463,0.1495961227786753,0.7646220265470912
33c51922b6e3c16b24a8f28e5833c99d,6657.87,464,0.14991922455573506,0.7651118767923561
b4ffb71f0cb1b1c3d63fad021ecf93e1,6656.09,465,0.15024232633279483,0.7656015960748003
751bdc4d83a466c7206cd42e8f426b03,6648.93,466,0.1505654281098546,0.766090788562976
516e7738bd8f735ac19a010ee5450d8d,6643.09,467,0.15088852988691437,0.7665795513753796
5670f4db5b62c43d542e1b2d56b0cf7c,6630.09,468,0.15121163166397414,0.7670673577177427
5d0363b33554b373851fc1622e4d5f3c,6610.79,469,0.15153473344103394,0.7675537440699687
609e1a9a6c2539919b8205cf7c4e6ff0,6595.23,470,0.1518578352180937,0.768038985601131
92eb0f42c21942b6552362b9b114707d,6548.63,471,0.15218093699515348,0.7685207985550713
11305281b50fff20ae8bb473f8e11876,6528.700000000001,472,0.15250403877221325,0.7690011451668648
282f23a9769b2690c5dda22e316f9941,6505.08,473,0.15282714054927302,0.7694797539461694
ee27a8f15b1dded4d213a468ba4eb391,6499.0,474,0.15315024232633279,0.7699579153917935
4c03b9dd4c11ee2cb35c96c49efc9420,6458.6,475,0.15347334410339256,0.7704331044228302
34056b8b55c1775a22af2331670a799c,6455.4,476,0.15379644588045235,0.7709080580150879
6f892e20a171e98efe17fdb971ff319b,6438.7,477,0.15411954765751212,0.7713817829112164
8a32e327fe2c1b3511609d81aaf9f042,6429.01,478,0.1544426494345719,0.7718547948692918
7dc8c42cc750eeafea6c85712ffee9bf,6409.68,479,0.15476575121163166,0.7723263846299916
376a891762bbdecbc02b4b6adec3fdda,6406.23,480,0.15508885298869143,0.7727977205582576
dbdd0ec73a4817971d962698f2fea022,6384.0,481,0.1554119547657512,0.7732674209227544
4b5f66b7adcf57f1ecc0d3c07dd6b177,6381.78,482,0.15573505654281097,0.773736957951598
02f623a8eb246f3c5f7c2f96462654e6,6378.0,483,0.15605815831987077,0.7742062168683838
57e632711dec9ec14ca7546769483e7e,6350.06,484,0.15638126009693054,0.7746734201103287
670c26e0f1bf8d0576271d5cfaec6d2b,6341.6,485,0.1567043618739903,0.7751400009110011
f4c4daa86e30c7e5a553a8d518ac03a5,6301.91,486,0.15702746365105008,0.7756036615350652
dee656f0f566ed1aa85bd137c943f08f,6271.98,487,0.15735056542810985,0.7760651200707978
bd4889b5e9133b35b66e42a8665cea5c,6271.9,488,0.15767366720516962,0.7765265727205608
6b243f80ed07b10f0e8aa0f21a205f3c,6260.1,489,0.1579967689822294,0.7769871571898256
2fdde51ad3e12f297da656d4fbd5d0b5,6252.0,490,0.1583198707592892,0.7774471457046804
ea67327e24487bdfac5fbfa37ea124df,6250.18,491,0.15864297253634896,0.7779070003137297
2528744c5ef5d955adc318720a94d2e7,6245.0,492,0.15896607431340873,0.7783664738062551
f12ff17ad8bbf01ec5c33b17e506649b,6241.0,493,0.1592891760904685,0.7788256530003065
eb3071b9f0b0ddaa2df5ea130f09f26b,6230.0,494,0.15961227786752827,0.7792840228735545
b19f3ca2ea475913750f25a5c37c8d8f,6202.91,495,0.15993537964458804,0.7797403996103872
cfa5ab0e4d3fc212fd0b3410e7081c62,6180.8,496,0.1602584814216478,0.7801951496124051
9baf5cb77970f539089d09a38bcec5c3,6129.67,497,0.1605815831987076,0.780646137744179
dfc5fb7259bb2b599ca565e6e9448f0f,6124.63,498,0.16090468497576738,0.7810967550598757
ba143b05f0110f0dc71ad71b4466ce92,6110.58,499,0.16122778675282715,0.7815463386521826
2c9e548be18521d1c43cde1c582c6de8,6109.44,500,0.16155088852988692,0.7819958383694242
d6b664fa0667064c6d76394e7848d790,6080.0,501,0.16187399030694669,0.7824431720498973
6a8b085f816a1f75f92dbac6eb545f8f,6018.969999999999,502,0.16219709208400646,0.7828860154714035
bba74270a87732727b5a3b4fd9ac1c39,6001.59,503,0.16252019386106623,0.7833275801660401
37515688008a7a40ac93e3b2e4ab203f,5986.599999999999,504,0.16284329563812602,0.7837680419771453
688756f717c462a206ad854c5027a64a,5966.54,505,0.1631663974151858,0.7842070278814035
f84a00e60c73a49e7e851c9bdca3a5bb,5949.9400000000005,506,0.16348949919224556,0.7846447924469946
91f848e9f4be368f4318775aac733370,5932.599999999999,507,0.16381260096930533,0.7850812812287009
b14db04aa7881970e83ffa9426897925,5898.599999999999,508,0.1641357027463651,0.7855152684733784
0691148aee60ca47977c187804f935ae,5868.51,509,0.16445880452342487,0.7859470418577851
f46490624488d3ff7ce78613913a7711,5802.85,510,0.16478190630048464,0.7863739843327412
02d35243ea2e497335cd0f076b45675d,5794.0,511,0.1651050080775444,0.7868002756723236
e8b4225284fbb02d16f200513f1f395d,5788.52,512,0.1654281098546042,0.7872261638229966
0bf0150d5b9d60d9cd2906003332f085,5774.6,513,0.16575121163166398,0.7876510278149802
05d2173d43ea568aa0540eba70d2ca76,5759.66,514,0.16607431340872375,0.7880747926021634
3ade81dab5a172b88e1871c28ae05260,5751.6,515,0.16639741518578352,0.7884979643779214
b4a476fbd28de64b1e347abf9089366a,5724.04,516,0.1667205169628433,0.7889191084371936
080102cd0a76b09e0dcf55fcacc60e05,5716.780000000001,517,0.16704361873990306,0.7893397183447355
9616352088dcf83a7c06637f4ebf1c80,5703.0,518,0.16736672051696283,0.7897593143940345
94e93ce877be27a515118dbfd2c2be41,5674.570000000001,519,0.16768982229402263,0.7901768187169296
e2aee0892199b1d92530e371abd825bf,5662.57,520,0.1680129240710824,0.7905934401444028
52ac6f920b7280e4c6d30dd94de6259b,5657.3,521,0.16833602584814217,0.7910096738336364
8c16d1f32a54d92897cc437244442e1b,5642.6,522,0.16865912762520194,0.7914248259759781
67bf6941ba2f1fa1d02c375766bc3e53,5610.0,523,0.1689822294022617,0.7918375795857567
d63c73efd41eb002280e7ec831424edb,5598.0,524,0.16930533117932148,0.7922494503001134
45ba18c210d42734ec52c0c1c574e9ee,5589.13,525,0.16962843295638125,0.792660668407604
817245bcc3badd82bbd222e0366951a6,5580.5,526,0.16995153473344105,0.7930712515661369
f181738b150df1f37cb0bd72e705b193,5529.7,527,0.17027463651050082,0.79347809713405
04aa0a1c5ce6b222003403a3e11c3cc0,5518.0,528,0.17059773828756059,0.7938840818789268
916c9de0b5ad957346eeeb12f332687e,5480.25,529,0.17092084006462036,0.7942872891819551
cc3d14116804f7209f3884f6367f1152,5477.8,530,0.17124394184168013,0.7946903162271683
4917cee8d902e13428c3ec4b1ca6f315,5421.9,531,0.1715670436187399,0.7950892304512074
575df70bde3f9f2b30bf8d2e9910d725,5410.05,532,0.17189014539579967,0.7954872728160172
3f0e48d209018b466fcd3bb4ccfeb520,5399.0,533,0.17221324717285946,0.7958845021812926
c4af86330efa7a2620772227d2d670c9,5396.0,534,0.17253634894991923,0.7962815108227124
23c38debaffe4a25a30fdbd9b586a13f,5382.18,535,0.172859450726979,0.7966775026629046
3be634553519fb6536a03e1358e9fdc7,5370.95,536,0.17318255250403877,0.797072668260131
b6d44737c043328708f6749c2dbe50bd,5369.6,537,0.17350565428109854,0.7974677345316226
83deb69e889cf80f82be1dc6d5f2d486,5363.01,538,0.1738287560581583,0.7978623159463781
2a261b5b644fa05f4f2700eb93544f2c,5355.0,539,0.17415185783521808,0.7982563080284395
e62b2d6ac10570a035a30bafcf01d263,5340.39,540,0.17447495961227788,0.7986492251853247
0cbcee27c791afa0cdcb08587a2013a8,5324.15,541,0.17479806138933765,0.7990409474904054
c35affa65afd250151285c5917fc1c8a,5279.91,542,0.17512116316639742,0.7994294148543638
e06f09ec0a4aca210779cf1cfc63cf19,5279.49,543,0.1754442649434572,0.7998178513169825
02ecc2a19303f05e59ce133fd923fff7,5264.1900000000005,544,0.17576736672051696,0.8002051620879379
e9c6969d40e6a3d2d0f90013165c2b98,5239.98,545,0.17609046849757673,0.8005906916173796
5bffbafbb22daf6d3bfc216a46db8708,5239.7,546,0.1764135702746365,0.8009762005459281
4d0041cdbe51b4617d95c70b19decc74,5235.2,547,0.1767366720516963,0.8013613783886933
099095b050cfe8eb1ddff5317587e96e,5193.83,548,0.17705977382875607,0.8017435124494913
b39d7fe263ef469605dbb32608aee0af,5193.1,549,0.17738287560581584,0.8021255928008176
f67efa3f0b6761102a7f8c6b7b571f5d,5188.679999999999,550,0.1777059773828756,0.8025073479523304
f680f85bee2d253556ac91be391d2c82,5183.92,551,0.17802907915993538,0.802888752888659
5b179e9e8cc7ab6fd113a46ca584da81,5173.5,552,0.17835218093699515,0.8032693911774629
822bad9bc42b51213ba522fe87b7ab5d,5160.0,553,0.17867528271405492,0.803649036208917
709e16e2b25c7474d980076c6bfc4806,5151.9,554,0.17899838449111471,0.8040280852859614
d566c37fa119d5e66c4e9052e83ee4ea,5145.7,555,0.17932148626817448,0.8044066782003709
afe0067131b73e40875c9b6c10bd2e21,5130.400000000001,556,0.17964458804523425,0.8047841454231175
835f0f7810c76831d6c7d24c7a646d4d,5130.0,557,0.17996768982229402,0.8051615832160166
fad44952713764836814be105382aee5,5129.0,558,0.1802907915993538,0.8055389474342973
f84fa566034f5e8e880a07ec624c56af,5093.79,559,0.18061389337641356,0.8059137210902606
f7496d659ca9fdaf323c0aae84176632,5087.57,560,0.18093699515347333,0.8062880371120968
9674754b5a0cb32b638cec001178f799,5069.92,561,0.1812600969305331,0.8066610545419166
e0878efa0e0b7e5313ac0b43bc04c081,5065.3,562,0.1815831987075929,0.807033732056999
e067ad2c1c0b48758eb1b5228bcf7a68,5042.55,563,0.18190630048465267,0.8074047357495105
3df020b72d3d44b3af9d110fa3940b65,5039.9,564,0.18222940226171244,0.807775544469283
3ab971ce71839580d2ae5b4e40fe8044,5002.9,565,0.1825525040387722,0.808143630928171
1bb2bdb95f4841f1bba2c0d2cd83d3c9,5002.71,566,0.18287560581583198,0.8085117034078815
4bf2f4ee540798a61f9636d12cd9cc80,4995.56,567,0.18319870759289175,0.8088792498290697
45213867cefbf2cd4c6177e10216a951,4955.42,568,0.18352180936995152,0.8092438429650713
dbd66278cbfe1aa1000f90a217ca4695,4928.9,569,0.18384491114701132,0.8096064849021904
e9d99831abad74458942f21e16f33f92,4922.4800000000005,570,0.1841680129240711,0.8099686544902588
9df5750209b83567ec144eb299d7d634,4917.0,571,0.18449111470113086,0.8103304208894176
503c1de08ae81a2d86f17951b204db55,4906.99,572,0.18481421647819063,0.8106914508066454
822b63912576852aea9a8436d72317b7,4905.6900000000005,573,0.1851373182552504,0.811052385076869
d66c305afaec317ebee552073a674429,4886.46,574,0.18546042003231017,0.8114119045071791
abcd2cb37d46c2c8fb1bf071c859fc5b,4880.22,575,0.18578352180936994,0.8117709648318697
f789d2c4f2c2eb38fc4373e7a4b35264,4864.24,576,0.18610662358642974,0.8121288494341566
0d85bbda9889ce1f7e63778d24f346eb,4845.2,577,0.1864297253634895,0.8124853331757073
45d33f715e24d15a6ccf5c17b3a23e3c,4838.23,578,0.18675282714054928,0.812841304102167
1336efc61c316ddf92c899eb817f7cae,4837.31,579,0.18707592891760905,0.8131972073399779
9add47bf45ce8e8c7db6b9cf670b1e09,4829.24,580,0.18739903069466882,0.8135525168306174
4c498c7345e89aebad651544829beca0,4819.76,581,0.1877221324717286,0.8139071288338734
ce69a8021d18961dd2a40269b7c2c293,4818.0,582,0.18804523424878836,0.814261611345801
8f580d36c1e9d6fbce95283403c7d447,4813.25,583,0.18836833602584815,0.8146157443782907
c12b92bf1c350f3e6bf88d3596219c86,4808.78,584,0.18869143780290792,0.8149695485322356
f6122bc84774df1b372bdb3bb88ddb9f,4799.87,585,0.1890145395799677,0.8153226971363297
2a7dc43cecabf23403078e2188437d1d,4795.91,586,0.18933764135702746,0.8156755543849346
fcdd820084f17e9982427971e4e9d47f,4783.99,587,0.18966074313408723,0.816027534624087
dfa0c4c6229ab200a4a1336b4d7128ff,4777.1,588,0.189983844911147,0.8163790079341178
7e3f87d16fb353f408d467e74fbd8014,4754.99,589,0.19030694668820677,0.8167288545093337
b2479f944e1b90cf8a5de1bbfde284d6,4752.51,590,0.19063004846526657,0.8170785186194958
acce39e832338debb07b02385cde5967,4748.1,591,0.19095315024232634,0.8174278582655902
0176f73cc1195f367f7b32db1e5b3aa8,4733.1,592,0.1912762520193861,0.8177760942924072
30a2f535bb48308f991d0b9ad4a8c4bb,4731.3,593,0.19159935379644588,0.8181241978849109
0307f7565ff85b299b6e5ef162b1b1a9,4728.8,594,0.19192245557350565,0.8184721175408683
06579cb253ecd5a3a12a9e6eb6bf8f47,4727.2,595,0.19224555735056542,0.8188199194774362
ad420dd0c4f92f8af951ac24b86d0cf5,4705.29,596,0.1925686591276252,0.8191661093941126
582d4f8675b945722eda7c0cb61ba4c7,4702.96,597,0.192891760904685,0.8195121278819281
c004e5ea15737026cecaee0447e00b75,4700.0,598,0.19321486268174476,0.8198579285888727
c9a06ece156bb057372c68718ec8909b,4688.9,599,0.19353796445880453,0.8202029126175521
537eb890efff034a88679788b647c564,4679.7,600,0.1938610662358643,0.8205472197597412
968268a686aa05d1f529fb07dff08130,4677.29,601,0.19418416801292407,0.8208913495870998
8931a84a914b3fe9b1ddaa4d704947ca,4668.3,602,0.19450726978998384,0.821234817978638
1a932caad4f9d804097d7f8e615baed1,4661.0,603,0.1948303715670436,0.8215777492754612
ef990a83bbea832f36ebe81376335aa8,4642.59,604,0.1951534733441034,0.8219193260635579
a3dd39f583bc80bd8c5901c95878921e,4607.81,605,0.19547657512116318,0.8222583439264232
31da954dc0855f2495c6310f70a2f931,4583.0,606,0.19579967689822295,0.8225955364030034
2addf05f476d0637864454e93ba673d5,4552.0,607,0.19612277867528272,0.8229304480664102
c68fb906c8f4b4b946d8386bfa6e5467,4541.16,608,0.1964458804523425,0.8232645621809526
834f8533b2ecb6598dd004ff3de7203a,4538.29,609,0.19676898222940226,0.8235984651363397
1fe5540d7c1c37a595fefbacd5570d9e,4537.6,610,0.19709208400646203,0.8239323173252402
37dd29b36c458d82f74a953c40c43645,4536.99,611,0.1974151857835218,0.8242661246336234
13fa2a6c6b9d0f43cb588d7c82117a12,4528.0,612,0.1977382875605816,0.8245992705061862
c840d3fdbba0790404fdae73d253b253,4522.28,613,0.19806138933764136,0.8249319955319312
180c3376aff0e43dd5788709df48a843,4513.0,614,0.19838449111470113,0.8252640377852166
6288c69c4ce638e59925e59193f98b16,4506.28,615,0.1987075928917609,0.8255955856170656
b561927807645834b59ef0d16ba55a24,4501.99,616,0.19903069466882067,0.8259268178138013
fc906263ca5083d09dce42fe02247800,4497.7,617,0.19935379644588044,0.8262577343754236
55d3daac7c404d59e51c2aa2f4dc5a23,4480.6,618,0.1996768982229402,0.8265873928110696
2ff97219cb8622eaf3cd89b7d9c09824,4476.9,619,0.2,0.8269167790206272
e81e1f9c3e762e620f3fb60a51499e16,4465.99,620,0.20032310177705978,0.8272453625310969
4d600e08ecbe08258c79e536c5a42fee,4465.34,621,0.20064620355411955,0.8275738982180646
bbad7e518d7af88a0897397ffdca1979,4462.22,622,0.20096930533117932,0.8279022043522227
8bd0f31cf0a614c658f6763bd02dea69,4455.34,623,0.2012924071082391,0.8282300042930054
b90e891671cffd9557f33a97dc523645,4449.0,624,0.20161550888529886,0.8285573377707068
2e3be8a987a30d7544dbbda6861cc14e,4430.84,625,0.20193861066235863,0.8288833351333363
d379f449f2a3b271bc01c0782020f705,4423.06,626,0.20226171243941843,0.829208760085434
0ef83d7d83ed97cd2a0049ac8be5f88a,4421.01,627,0.2025848142164782,0.8295340342095636
f021c962aaba8ef6eb527a9c2c8394d1,4398.5,628,0.20290791599353797,0.829857652169031
beadbee30901a7f61d031b6b686095ad,4373.98,629,0.20323101777059774,0.8301794660788526
15aac934c58d886785ac1b17953ea898,4353.9,630,0.2035541195476575,0.8304998026103348
eed78ac17f7f795a19a709745f00cd4e,4349.5,631,0.20387722132471728,0.8308198154134957
a3f0b55de503387383c7b1de3ad7f678,4348.4,632,0.20420032310177705,0.8311397472845762
c500367424994318b9e779ff1ae9a330,4346.4,633,0.20452342487883685,0.8314595320064196
65febd49fd28ec955651299159b1f527,4319.700000000001,634,0.20484652665589662,0.8317773522859492
23613d49c3ac2bd302259e55c06c050c,4293.0,635,0.20516962843295639,0.8320932081231648
9803a40e82e45418ab7fb84091af5231,4278.75,636,0.20549273021001616,0.8324080155220668
282c7480173bb9c01dd41cc739fec010,4274.2,637,0.20581583198707593,0.8327224881564546
cc5a78bbad32776dc4e3af205218368c,4269.18,638,0.2061389337641357,0.8330365914462575
1fdc574883ef3b33ad41562d93f3a74a,4251.0,639,0.20646203554119547,0.8333493571494962
43f8c9950d11ecd03a0304a49e010da6,4249.59,640,0.20678513731825526,0.8336620191125228
9b1585752613ec342d03bbab9997ec48,4248.98,641,0.20710823909531503,0.8339746361950321
6ec1a01e866584bb679eb9b098345919,4248.91,642,0.2074313408723748,0.8342872481273181
3c03b12bab54d8b37d79d914bfdb1aa0,4236.34,643,0.20775444264943457,0.8345989352266496
98dac6635aee4995d501a3972e047414,4235.85,644,0.20807754442649434,0.834910586274418
8b9d6eec4a7eb7d0f9d579ce0b38324d,4232.54,645,0.2084006462035541,0.8352219937901991
8a130737016f838139d31878787a39c9,4222.03,646,0.20872374798061388,0.8355326280367399
6b3bd31ad8fcda4b2635ec9f3ff2ecdf,4198.9,647,0.20904684975767368,0.8358415605023547
8bb48dc19fccaa8613b6229bf7f452a2,4190.72,648,0.20936995153473345,0.8361498911275904
891071be6ba827b591264c90c2ae8a63,4177.28,649,0.20969305331179322,0.8364572329099532
cac4c8e7b1ca6252d8f20b2fc1a2e4af,4168.18,650,0.210016155088853,0.8367639051632878
5c030029b5916fed0986310385ec9009,4164.4,651,0.21033925686591276,0.8370702993045646
bccf933e006e9b94a6184af782963e77,4162.74,652,0.21066235864297253,0.8373765713119745
f76a3b1349b6df1ee875d1f3fa4340f0,4160.79,653,0.2109854604200323,0.8376826998488783
cd6efc47efaabf134f8bdb654e10b4f1,4158.55,654,0.21130856219709207,0.8379886635786369
6fc26fe110feebd80a433e1f012a84f9,4150.87,655,0.21163166397415187,0.8382940622553252
d20b021d3efdf267a402c402a48ea64b,4140.17,656,0.21195476575121164,0.8385986736835956
681fce914360217db47784ae28905a96,4127.33,657,0.2122778675282714,0.8389023404137645
42b729f859728f5079499127a9c2ef37,4118.86,658,0.21260096930533118,0.8392053839669147
e883aa812c37a7413226856f4579fe91,4097.1,659,0.21292407108239095,0.8395068265363664
2a167ca73899c85001a837d8fb4962f6,4097.0,660,0.21324717285945072,0.8398082617483562
382229d1e840115ffe3dbf5ff460e417,4096.96,661,0.2135702746365105,0.8401096940173615
951e8cef368f09bb3f3d03c00ca4702c,4092.29,662,0.21389337641357029,0.840410782692898
99002261c568a84cce14d43fcffb43ea,4088.0,663,0.21421647819063006,0.8407115557333215
b17b679f4f5ce2e03ce6968c62648246,4084.75,664,0.21453957996768983,0.8410120896562346
2199e7fe213c16213bf5d6a7eadc9a5d,4078.29,665,0.2148626817447496,0.8413121482871123
ec8879960bd2221d5c32f8e12f7da711,4062.4,666,0.21518578352180937,0.8416110378173022
d5ba419e26d246a0719437cf37d9b46d,4061.4,667,0.21550888529886914,0.8419098537728734
f35b3c613c4f7b2275f4185d0a3c59ec,4047.25,668,0.2158319870759289,0.842207628647593
a0415d9b25ede3c4b1e477e9916ffc03,4044.1,669,0.2161550888529887,0.8425051717622642
715bbd5ba4e6b74cb0d2f29eb45058b0,4043.3,670,0.21647819063004847,0.8428026560172408
3c7c4a49ec3c6550809089c6a2ca9370,4033.64,671,0.21680129240710824,0.8430994295414026
e70053bf73d1b5863932e53a9fa47496,4025.0,672,0.217124394184168,0.8433955673808605
55a5b51f93f2b70ea513f5a047b0262a,4002.3,673,0.21744749596122778,0.8436900350764786
cb41bfbcbda0aea354a834ab222f9a59,4002.0,674,0.21777059773828755,0.843984480699711
6b333a05bf188ef3e1f1662a86bd9855,3990.91,675,0.21809369951534732,0.8442781103804243
1b938a7ec6ac5061a66a3766e0e75f90,3987.6,676,0.21841680129240712,0.8445714965291504
bede56095ba33c42038fb85f707b8a42,3973.9,677,0.2187399030694669,0.844863874705603
50c9975695009e5e6473912e83a6d1da,3964.4,678,0.21906300484652666,0.84515555392318
bf3c6d2a28b2b5501e6c15448982dcc9,3956.5,679,0.21938610662358643,0.8454466519012708
3f995f07c49d0d55a99d5c54957f7d81,3955.7,680,0.2197092084006462,0.8457376910196667
81f89e42267213cb94da7ddc301651da,3955.0,681,0.22003231017770597,0.8460286786358296
d12c926d74ceff0a90a21184466ce161,3944.18,682,0.22035541195476574,0.8463188701746205
11bfa66332777660bd0640ee84d47006,3925.87,683,0.22067851373182554,0.8466077145621466
fde0cc9ea29c8ccfc0a2c22256a58c71,3922.0,684,0.2210016155088853,0.8468962742158991
232a6014e7b10cba61c6c2b2ea6bb4b0,3919.87,685,0.22132471728594508,0.8471846771557142
7f152321c60a266edc53af1925ef96c1,3919.8,686,0.22164781906300485,0.8474730749453061
d673a59aac7a70d8b01e6902bf090a11,3908.94,687,0.22197092084006462,0.847760673714541
79ed755314cfe6df0daef2c6cd3022cd,3907.5,688,0.2222940226171244,0.8480481665363253
3361277dc30b7cccdb0c286b24219756,3905.05,689,0.22261712439418416,0.8483354791002944
f00e21b1e91a79653163b7fd8f293ff1,3900.09,690,0.22294022617124395,0.8486224267341556
271c58a1d139c45eaf3316107c6d3a3b,3897.52,691,0.22326332794830372,0.8489091852812473
6a0cbc8af2e8abd1bdfb777943d174c6,3894.05,692,0.2235864297253635,0.8491956885244129
14d7985702e72162bbf13b6beb74ab2b,3887.0,693,0.22390953150242326,0.8494816730665179
02f5837340d7eb4f653d676c7256523a,3883.05,694,0.22423263327948303,0.84976736698888
8090490573c6c0aa343a7231ebcb8c86,3871.12,695,0.2245557350565428,0.8500521831660433
42fa4ee7240e9b8eb4576358ec142ba7,3845.7,696,0.22487883683360257,0.8503351290764043
7d76b645482be4a332374e8223836592,3843.93,697,0.22520193861066237,0.8506179447596905
8ed8ea9a57c862f2c18c2fe41f601d56,3831.9,698,0.22552504038772214,0.8508998753403164
13d058e4eeac2ce8217660b2f8a05812,3829.77,699,0.2258481421647819,0.8511816492070048
3f3486b61f45078d4f31ee5e43d8c5bb,3829.730000000001,700,0.22617124394184168,0.8514634201307084
6860153b69cc696d5dcfe1cdaaafcf62,3827.63,701,0.22649434571890145,0.8517450365477134
f0b47fbbc6dee9aafe415a6e33051b3f,3795.91,702,0.22681744749596122,0.8520243191778194
2e13c71026e1a39ba5cc1b86dcb679aa,3793.0,703,0.227140549273021,0.8523033877057856
38874e327ce94d11390b96eb42d61928,3779.94,704,0.22746365105008076,0.8525814953492341
5d9dc90a686a8fddacffab6bab5653a3,3761.94,705,0.22778675282714056,0.8528582786495497
edf96ef93ed595084bbcbd9224bd2894,3757.0,706,0.22810985460420033,0.8531346984912499
2d2c62bef4c8ba0dd74e0e228e808539,3749.0,707,0.2284329563812601,0.8534105297360022
1d0997ff06b524ce9289ffd75114ecd3,3747.0,708,0.22875605815831987,0.8536862138315174
3c4e0452bff7a2a788179488d3d77032,3746.4,709,0.22907915993537964,0.8539618537822616
eb4df17aed01d918c65f0f8d650900c0,3739.87,710,0.2294022617124394,0.8542370132907469
602044f2c16190c2c6e45eb35c2e21cb,3739.16,711,0.22972536348949918,0.8545121205612531
0509040ea3fe50071181bbc359eb7738,3737.95,712,0.23004846526655898,0.854787138806471
77e4abfd739aed9c46480f90f81c0eb4,3736.99,713,0.23037156704361875,0.855062086420055
8f119a0aee85c0c8fc534629734e94fd,3733.68,714,0.23069466882067852,0.8553367905016518
66dc1b1632bd6a3e508510c5b3492107,3721.39,715,0.2310177705977383,0.8556105903511874
23a0ffca143a15b9b5bbdb7d552f626a,3718.51,716,0.23134087237479806,0.8558841783058215
822166ed1e47908f7cfb49946d03c726,3714.83,717,0.23166397415185783,0.8561574955058597
ec80e49e69745ab6c14f984bf2149423,3709.0,718,0.2319870759289176,0.856430383765872
99a54764c341d5dc80b4a8fac4eba3fb,3708.76,719,0.2323101777059774,0.8567032543679758
a44fb5a447105f8469bdf16bf9159f25,3706.1,720,0.23263327948303716,0.8569759292615944
f3da5b2ff499efb8d4a6d371d175d7dd,3702.29,721,0.23295638126009693,0.8572483238359165
520b493b57809f446cb0a233bb3e25c7,3698.9,722,0.2332794830371567,0.857520468992282
c0563dd588b775f2e37747ef6ad6c92c,3697.2,723,0.23360258481421647,0.857792489071796
4559697a8f7e637227c2eeaed843baff,3696.000000000001,724,0.23392568659127624,0.8580644208617677
38e679b9e0064cd94c6f035707344dae,3694.51,725,0.23424878836833601,0.858336243025558
5f5b43b2bffa8656e4bc6efeb13cc649,3677.2,726,0.2345718901453958,0.8586067916127019
b1fecf4da1fa2689bccffa0121953643,3669.64,727,0.23489499192245558,0.8588767839757302
2745f798279e0ed033addcc1474776d7,3668.53,728,0.23521809369951535,0.8591466946709317
c731d18cea9bf687ffee82a241c25b11,3662.0,729,0.23554119547657512,0.8594161249238746
df560393f3a51e74553ab94004ba5c87,3661.18,730,0.2358642972536349,0.8596854948456303
33ac3e28642ab8bda860a2f693000e78,3661.03,731,0.23618739903069466,0.8599548537311931
8b2492b7ff4468839593fafeed55bad9,3660.08,732,0.23651050080775443,0.8602241427208684
56642bcb79900e777d68e91915cb4267,3657.64,733,0.23683360258481423,0.8604932521884747
7f2617c58d5d06806987308b45654351,3656.8,734,0.237156704361874,0.8607622998534014
5d3bb11474a06bdc23fb9e89f1164ee0,3654.6,735,0.23747980613893377,0.8610311856541673
e49c26c3edfa46d227d5121a6b6e4d37,3654.25,736,0.23780290791599354,0.8613000457038168
f97e2b0650c2068227e1d366140eb62f,3654.0,737,0.2381260096930533,0.8615688873598116
6bb0724edf0b62fb91ac404873a97241,3653.0,738,0.23844911147011308,0.861837655441188
406822777a0b9eb5c50e442dd4cd3ec5,3648.08,739,0.23877221324717285,0.8621060615354413
ed4311e67debd72b8610a5347a743087,3636.0,740,0.23909531502423265,0.8623735788483032
1eade46fba20122dc4aefb379f8c636b,3635.37,741,0.23941841680129242,0.8626410498091553
96804ea39d96eb908e7c3afdb671bb9e,3610.7,742,0.2397415185783522,0.8629067056841692
21e83881401b92b49fb09a16d3852291,3588.05,743,0.24006462035541196,0.8631706950940741
3364a91ec4d56c98e44174de954b94f6,3579.94,744,0.24038772213247173,0.8634340878138228
3c010235b7345c92f125d14ee232a76b,3578.0,745,0.2407108239095315,0.8636973377988117
3d8fa2f5b647373c8620330c4e077a9f,3571.73,746,0.24103392568659127,0.8639601264709428
f2336e113377dd21c744d9c4fc8293a9,3563.0,747,0.24135702746365106,0.8642222728366542
218f991754f360af9c2daa5e0b8e990c,3554.32,748,0.24168012924071083,0.8644837805746771
585175ec331ea177fa47199e39a6170a,3549.0,749,0.2420032310177706,0.8647448968957296
71039d19d4303bf9054d69e9a9236699,3537.2,750,0.24232633279483037,0.8650051450362838
276677b5d08786d5dce7c2149dcce48b,3522.0,751,0.24264943457189014,0.8652642748426367
6750d71153f00fc58829af2a8ef1bcf1,3514.0,752,0.2429725363489499,0.8655228160520417
e7d5b006eb624f13074497221eb37807,3478.9300000000003,753,0.24329563812600968,0.865778776999576
244b04680fdbded0acf5aebd9c92b44a,3477.7000000000003,754,0.24361873990306945,0.8660346474503294
8ff38bc3969e67c36c48343a07090f66,3472.0,755,0.24394184168012925,0.8662900985257574
ed46f1eb4a638113deb2a1137b5f22e9,3470.0,756,0.24426494345718902,0.8665454024519486
bce6a5ecf98e99fd2a8868b15c51f04b,3464.9,757,0.2445880452342488,0.8668003311475853
f0837c8d71434931d9e38e7b79234797,3446.9,758,0.24491114701130856,0.867053935500089
994f04b3718c2bab35c2adfa8afecd2a,3445.7,759,0.24523424878836833,0.8673074515630506
1b8356dabde1d35e17cef975c3f82730,3426.39,760,0.2455573505654281,0.8675595469001289
c394e193cda3b4225ff2094d32184849,3419.88,761,0.24588045234248787,0.8678111632664408
4677a5437afda5fa7140b927b07be1cc,3415.7000000000003,762,0.24620355411954767,0.8680624720908474
f4db9b37944bcb8873e6b456ee190bbf,3409.78,763,0.24652665589660744,0.8683133453535123
827f8f69dfa529c561901c4f2e0f332f,3408.39,764,0.2468497576736672,0.8685641163474578
070d165398b553f3b4b851c216b8a358,3393.16,765,0.24717285945072698,0.8688137667999634
cfd7ddab722b902f7ac5b5f3ba6d723d,3385.03,766,0.24749596122778675,0.8690628190908206
960945e1a9535cbc0cd6ddd35fbe7ae8,3381.7300000000005,767,0.24781906300484652,0.8693116285854368
2d50d6282f8aa2257819a77bfaa0efe0,3353.48,768,0.2481421647819063,0.8695583595970804
db4350fd57ae30082dec7acbaacc17f9,3331.31,769,0.24846526655896609,0.8698034594594318
6481e96574816ead57975da2c0f6d80d,3324.9,770,0.24878836833602586,0.8700480877084787
6b90f847357d8981edd79a1eb1bf0acb,3322.08,771,0.24911147011308563,0.8702925084771015
8c3b533c63cca56240f94f1e3a6b18ef,3312.16,772,0.2494345718901454,0.8705361993855086
a2b5b6105ea5942300631d2e76f4ffe0,3286.69,773,0.24975767366720517,0.8707780163483827
54c04bdb5ec46762f8f08c7e8f86ed4a,3281.6600000000003,774,0.25008077544426494,0.8710194632309257
5b51032eddd242adc84c38acab88f23d,3280.0,775,0.25040387722132473,0.8712607879796019
643214e62b870443ccbe55ab29a4dccf,3270.13,776,0.2507269789983845,0.8715013865467938
52562a9f449c3dc3d53f5f5b9ed74903,3266.6,777,0.2510500807754443,0.871741725395582
aeb36d67f1414f234d42a29e27cf1f17,3263.8,778,0.251373182552504,0.8719818582354387
594f9aaa48e5bf431f011ddc5669b0d5,3248.8,779,0.2516962843295638,0.8722208874560179
a938325a4b357fd23a6a4d5bb126408e,3231.0,780,0.2520193861066236,0.8724586070483877
c64a2aec32cc408a8a4c6d7c46017f91,3221.5,781,0.25234248788368335,0.8726956276818818
afa6714acee029b2dfdf357e5579cc03,3220.76,782,0.25266558966074315,0.8729325938701582
95f83f51203c626648c875dd41874c7f,3217.46,783,0.2529886914378029,0.8731693172621936
4c18691b6037662be2df78a765d98ab5,3195.52,784,0.2533117932148627,0.873404426427099
bb7a14e229b1c95156719c3d9552eeee,3190.1,785,0.25363489499192243,0.8736391368175723
d57e18d5f73c7ccb7f7339b61166898d,3187.7,786,0.25395799676898223,0.873873670628961
e48b04bf1aa1ef711caebeb7aede6180,3187.1,787,0.25428109854604203,0.8741081602955788
e89c4adbe7b1d0819dbb636e16461cf1,3181.3,788,0.25460420032310177,0.8743422232294092
5c6d4016c2a288f074fa0848a2b653d2,3159.0,789,0.25492730210016157,0.8745746454492472
870d0118f7a9d85960f29ad89d5d989a,3157.2000000000003,790,0.2552504038772213,0.8748069352347717
c8b3445d737de6befde0c88ede534a5e,3149.04,791,0.2555735056542811,0.8750386246514094
5bc24d989e71e93c33e50a7782431b0e,3148.0,792,0.25589660743134085,0.8752702375504438
f326006815956455b2859abd58fe7e39,3147.16,793,0.25621970920840065,0.8755017886467986
3cfa1358a6caa965278721344c8d76f2,3140.28,794,0.25654281098546045,0.8757328335497783
b1ac6ea7895bc3dd6f0f6f4abbdd2821,3139.0,795,0.2568659127625202,0.8759637842772462
238fac594e170b59c6d228f5a4f4f1d9,3126.0,796,0.25718901453958,0.8761937785346736
430315b7bb4b6e4b3c978f9dfa9b0558,3118.4,797,0.2575121163166397,0.8764232136250005
3bdff180c7e1f6551a643b99c265a120,3114.9,798,0.2578352180936995,0.8766523912041626
5b35136197710e16ac5e7b7c2bd4ea85,3104.2000000000003,799,0.25815831987075927,0.8768807815349068
08cdbae123ff67ca4e36d9d641ce0119,3098.99,800,0.25848142164781907,0.8771087885418886
f61c63d13f7cd800549d5acdd390ae72,3072.3,801,0.25880452342487886,0.8773348318423027
bd697db56ff8e7c9cd1abeb7f72029b2,3069.78,802,0.2591276252019386,0.877560689734678
aae3bfea055532c57fb453ed3ec80b30,3057.92,803,0.2594507269789984,0.8777856750320782
612a743d294c27884fb7b80d2b19ba35,3057.7000000000003,804,0.25977382875605814,0.8780106441430621
d9e8c084b68fe958861d8f2c21202e6b,3050.0,805,0.26009693053311794,0.8782350467294836
b8555308bfdb4ca1ed54325a58da9a97,3047.2000000000003,806,0.2604200323101777,0.8784592433069733
0ebd97a106433a45a4aebe57c1799778,3046.8,807,0.2607431340872375,0.8786834104546157
9646c3513289980f17226a2fc4720dbd,3039.3,808,0.2610662358642973,0.8789070257926194
4da0e408c99d2fdc2126dc9fce518060,3026.0,809,0.261389337641357,0.8791296625881969
d17f467e4bf608a510c20d82f4ba3b6b,3021.66,810,0.2617124394184168,0.8793519800699302
4c8545742faaf58fafd5fd14d25d75cf,3020.0,811,0.26203554119547656,0.8795741754177968
55f7a3319d80f7fdf078b8f03e6725fe,3013.78,812,0.26235864297253636,0.8797959131315363
f4aba7c0bca51484c30ab7bdc34bcdd1,3009.79,813,0.2626817447495961,0.8800173572825478
49e7217cfe4e427191c378ec626d8737,3002.7,814,0.2630048465266559,0.8802382797895143
c9aafcd0621b2207c10e32c649cada4d,2997.25,815,0.2633279483037157,0.88045880131481
5bc55dbe2f12b6af6d83ed46023e0dc8,2992.1,816,0.26365105008077544,0.8806789439308205
8cbac7e12637ed9cffa18c7875207478,2990.98,817,0.26397415185783524,0.8808990041432583
0c7533c71df861ec58ad7ff999ed0e8d,2989.3,818,0.264297253634895,0.8811189407503369
974cf2cb8f4b7add98709c30df02fe10,2982.67,819,0.2646203554119548,0.881338389557695
2156f2671501a81034d7d07f217609d0,2981.5,820,0.2649434571890145,0.8815577522827494
fce62094ffe6a4009188ec44e681dfdd,2969.7,821,0.2652665589660743,0.8817762468273054
432c37c9dfba871172ec162e20118b8c,2968.87,822,0.2655896607431341,0.881994680304928
b494891378bd8f4560abe576c52deacd,2958.9,823,0.26591276252019386,0.8822123802436044
e908c0f3646e8b60375734a350d95d71,2951.0,824,0.26623586429725365,0.8824294989427945
dd58ee93286b0821565574c570e9e1dc,2948.0,825,0.2665589660743134,0.8826463969181292
1996942dc085d7773ba77a529b163cd0,2943.51,826,0.2668820678513732,0.8828629645434267
60562ab00b8054280520d390c8c0045c,2943.0,827,0.26720516962843294,0.8830794946456689
cb5df0dcb9e280b1780e9d589889f2c7,2934.72,828,0.26752827140549273,0.88329541555007
be9a160a9011f627c3e121d076c1ec7b,2934.0,829,0.2678513731825525,0.8835112834807456
f44b6f775a2b390380e0e30b5c9d3eee,2930.0,830,0.2681744749596123,0.8837268571129473
606ce7768feac12c5e8bd58db8b08f0f,2916.6,831,0.2684975767366721,0.883941444845261
a6fe7de3d16f6149ffe280349a8535a0,2904.8,832,0.2688206785137318,0.8841551643970766
b1204cfda1d4948679db3cfc0d3cb95c,2903.7000000000003,833,0.2691437802907916,0.8843688030168116
20d83f3ef0e6925fd74bfd59170babf7,2903.6,834,0.26946688206785135,0.884582434279085
d3dcf0604eabf0224fbd5948b5e02f69,2902.3,835,0.26978998384491115,0.8847959698943543
4305fe92735c8a43d154ff6dd2b8d927,2885.9,836,0.2701130856219709,0.8850082988858802
1771297ac436903d1dd6b0e9279aa505,2881.27,837,0.2704361873990307,0.8852202872269224
cb3dd9ce66268c7a3ca7241ac70ab58c,2879.76,838,0.2707592891760905,0.8854321644702906
1987cd4be10fe09ee50454f9c354d1c6,2877.7,839,0.27108239095315023,0.8856438901499448
b335c59ab742f751a85db9c411a86739,2873.34,840,0.27140549273021003,0.8858552950442623
4342d4b2ba6b161468c63a7e7cfce593,2867.1,841,0.27172859450726977,0.8860662408329604
977f9f63dd360c2a32ece2f93ad6d306,2858.8700000000003,842,0.27205169628432957,0.8862765811025481
2a1348e9addc1af5aaa619b1a3679d6b,2843.0,843,0.2723747980613893,0.8864857537429405
491a5ada3aa1678414e990262c4bbdc1,2840.0,844,0.2726978998384491,0.8866947056594772
fec6275253471ace26d209bbaa64cd0f,2840.0,845,0.2730210016155089,0.886903657576014
d32e3909cfb714fb2a6cb092c85b9c5f,2827.9,846,0.27334410339256865,0.8871117192396669
730937bf88cb151eb2eb849f642fc213,2821.2,847,0.27366720516962845,0.8873192879533759
1838dd9b8977065acf51d95e0053ea7a,2820.3,848,0.2739903069466882,0.8875267904499283
dd533b429f380718b70ad9922c294bae,2819.77,849,0.274313408723748,0.8877342539519328
f593898ec748b7a8cb81fc04edafd98a,2813.04,850,0.27463651050080773,0.8879412222967548
5f1dc28029d2c244352a68107ec2b542,2807.3,851,0.2749596122778675,0.8881477683232667
3fd1e727ba94cfe122d165e176ce7967,2805.2000000000003,852,0.2752827140549273,0.8883541598430796
820cc752a266cdc6c1a1e61dd4583330,2802.8,853,0.27560581583198707,0.8885603747838083
df56d7b40d437f88407c5f78b63bc328,2791.28,854,0.27592891760904686,0.8887657421449318
f7ccf836d21b2fb1de37564105216cc1,2787.4,855,0.2762520193861066,0.8889708240365356
62c50c1af4dfdc4149d25c5222043d39,2785.7200000000003,856,0.2765751211631664,0.8891757823227803
ae7ab174effdead6c241e547e4ca13f0,2778.6000000000004,857,0.27689822294022615,0.8893802167577411
a17f621c590ea0fab3d5d883e1630ec6,2778.58,858,0.27722132471728594,0.8895846497212098
8d79c8a04e42d722a75097ce5cbcf2ef,2777.7200000000003,859,0.27754442649434574,0.8897890194105065
f125f3a310c2e5f822d116147de1e474,2761.4,860,0.2778675282714055,0.8899921883620293
8f54d64f28a993550aa7943f12572959,2755.5,861,0.2781906300484653,0.8901949232233028
a1474fd46fd3430168f7ec202da39408,2752.5,862,0.278513731825525,0.890397437360721
1444c08e64d55fb3c25f0f09c07ffcf2,2749.0,863,0.2788368336025848,0.8905996939869744
052577151711aec5c744fe12e66db3e1,2748.0,864,0.27915993537964456,0.8908018770386092
f805b96fa705ba7995a221f1749dc141,2744.44,865,0.27948303715670436,0.8910037981646023
3b872fd4747f01cc56206f2934198618,2726.74,866,0.27980613893376416,0.8912044170198479
5cbbd5a299cab112b7bf23862255e43e,2726.06,867,0.2801292407108239,0.8914049858443529
33576ec5412fb5905d876f12f33bfde6,2718.0,868,0.2804523424878837,0.8916049616574329
458d868c9642f55f18f04e951a3fdde6,2718.0,869,0.28077544426494344,0.8918049374705128
78744a20ee2f80ba64f6804c25def2b8,2715.0,870,0.28109854604200324,0.8920046925597371
fe26f3ecb51a15e6d8335cd92da42562,2708.96,871,0.281421647819063,0.8922040032582659
d93844a9c55ba7ce353388bcf849ea56,2708.5,872,0.2817447495961228,0.89240328011247
51702dc2a3e106c76dbff722b5bf0726,2705.1,873,0.2820678513731826,0.8926023068129714
e99e927c81e3f51739c94fcdfca9f10f,2702.83,874,0.2823909531502423,0.8928011664990887
31561f325664a8a7aba4c8d0c3a9b3db,2702.19,875,0.2827140549273021,0.8929999790974501
82bd0703a4aefd6b599e5bfdaed378fb,2692.28,876,0.28303715670436186,0.8931980625713422
850913d59ce317156b00f3705f1c3edb,2690.0,877,0.28336025848142166,0.8933959782951041
0015a82c2db000af6aaaf3ae2ecb0532,2685.0,878,0.2836833602584814,0.8935935261457736
ffa6adafb71b807dc13159e26431354c,2669.9,879,0.2840064620355412,0.8937899630197037
d93919c944be9cff128f6c9cb899eacb,2666.7000000000003,880,0.284329563812601,0.8939861644548546
9c068d10aca38e85c50202e17b4a7e88,2658.9,881,0.28465266558966074,0.8941817920079812
d25aa0aaacb370e912f8cf6efeba38b3,2658.4500000000003,882,0.28497576736672053,0.8943773864525295
6f229cc508fc6915ed5c499efd93baa4,2654.8,883,0.2852988691437803,0.8945727123497204
0885aaf116795758dfeb5f1032487bcd,2648.0,884,0.2856219709208401,0.8947675379395053
4e8dacf3d38f281ae26c3e0321d92d88,2644.95,885,0.2859450726978998,0.8949621391267039
bc302730ea8cf49b5c74f579febb5bbf,2640.9,886,0.2862681744749596,0.8951564423366974
f1b93673502375d491780bb49d615dbc,2638.93,887,0.2865912762520194,0.8953506006046926
1b7e5006cb25dd23ce8686691013b121,2636.74,888,0.28691437802907915,0.8955445977442734
ccf8813e5a7d6c84d865cd38bfc2b130,2635.5,889,0.28723747980613895,0.8957385036513271
ea6b12bf9ffe2bac34602ec631d97a47,2625.8,890,0.2875605815831987,0.8959316958845815
9906e7aa42a3c067b7c9a564d01c4320,2619.0,891,0.2878836833602585,0.89612438781043
8ab42aa58097fd4668d60cc648225d5f,2616.75,892,0.28820678513731823,0.896316914193387
a369d693961cb93b61ca2cc518872a85,2597.0,893,0.28852988691437803,0.8965079874776285
fdaaf5bfda82b7b80535610c831b8d09,2588.9,894,0.28885298869143783,0.8966984648074603
cd06602b43d8800bd0afad514919d35c,2588.07,895,0.28917609046849757,0.8968888810703586
244c2f1bff6afe1f2eaf9bfe9b2aed38,2580.0,896,0.28949919224555737,0.8970787035860857
2c4c47cb51acd5ea5db5e0ae0e26542a,2575.9,897,0.2898222940226171,0.897268224445877
04aba03279157f6d4e0fe8ccaf21963c,2575.9,898,0.2901453957996769,0.8974577453056682
b76dba6c951ab00dc4edf0a1aa88037e,2574.78,899,0.29046849757673665,0.8976471837618867
41ab63a91b8b264e8c8780368bf1dd5b,2571.95,900,0.29079159935379645,0.8978364140019348
1ce3ae5a399804d1a87e706f8a813c3e,2563.0,901,0.29111470113085625,0.8980249857491474
f1c1ac3f3efc07e659c035008e615e66,2561.96,902,0.291437802907916,0.8982134809787568
323ce52b5b81df2cd804b017b7f09aa7,2554.2000000000003,903,0.2917609046849758,0.8984014052693265
157c3e4b42f81ac4a44e8b1ca2fe9876,2548.5,904,0.29208400646203553,0.8985889101845709
bb5bd94c8f59cc050072d2930c869cac,2543.87,905,0.2924071082390953,0.8987760744493315
fe49ee029e61e789a1f3a5525f57ba8d,2527.59,906,0.29273021001615507,0.8989620409193031
cce6ab8d1682639fe45ab70234f1665f,2522.7,907,0.29305331179321487,0.89914764760939
47efca563408aae19bb7206c2d969ea9,2522.0,908,0.29337641357027466,0.8993332027972443
ede0c03645598cdfc63ca8237acbe73d,2518.37,909,0.2936995153473344,0.8995184909092332
318f287a62ab7ac10b703ac37435a231,2517.48,910,0.2940226171243942,0.8997037135398117
3d39fbf22a665714baf62fae36029e23,2504.2,911,0.29434571890145395,0.8998879590994565
de0c78824586e9a5f5f04fd84e25df39,2489.3,912,0.29466882067851374,0.9000711083972858
cea729054f157f5870bdd321a958d994,2482.1,913,0.2949919224555735,0.9002537279578617
6989574bd97d9773f10d232b6c07da59,2478.4,914,0.2953150242326333,0.9004360752923494
5eeb9c756d9780b96283e5a2ac6da334,2471.0,915,0.2956381260096931,0.9006178781746601
c2d70ce2c5d0a2eb75e78668236e6dc8,2470.9,916,0.2959612277867528,0.900799673699509
3a734b715d333a2588a3d54a0c9b8746,2463.52,917,0.2962843295638126,0.9009809262436733
1c40343cc5d18c2d8248ac2f3366de34,2461.41,918,0.29660743134087236,0.9011620235453925
fa74b2f3287d296e9fbd2cc80f2d1cf1,2459.89,919,0.29693053311793216,0.9013430090136918
a08692680c77d30a0b4280da5df01c5a,2433.0,920,0.2972536348949919,0.9015220160604995
5160d23075764e18e07c1f4a87fad743,2429.0,921,0.2975767366720517,0.9017007288088332
efcd8d2104f1a05d028af7bad20d974b,2424.78,922,0.29789983844911144,0.9018791310722769
ed859002ad59dbf8cf3602696a6c3000,2421.7,923,0.29822294022617124,0.9020573067258956
4b0fdb526525f9890eb145bf1534640e,2419.0,924,0.29854604200323104,0.9022352837280443
888faa8bfb0b159c37de6d898b961c31,2418.3,925,0.2988691437802908,0.9024132092279602
d06d019f72a04e5497a0b64190af170c,2415.93,926,0.2991922455573506,0.9025909603560301
d3f39f05462b79a4562d35893a28f159,2411.3,927,0.2995153473344103,0.9027683708336165
1354d51653f645349064725ed204e85e,2410.0,928,0.2998384491114701,0.9029456856641987
76833248bbc0e65a0293ec62023e4396,2399.98,929,0.30016155088852986,0.9031222632771037
0bb738e4d789e63e2267697c42d35a2d,2388.3,930,0.30048465266558966,0.9032979815384645
6bbcb8924baf70b7fe2fe2097e8cd407,2382.5,931,0.30080775444264946,0.9034732730670381
acadd4d36859671cb635527c6c977533,2381.0,932,0.3011308562197092,0.9036484542336839
cfe94489ddd337d1e29e12f2a7205d10,2376.0,933,0.301453957996769,0.9038232675272372
8a87611c08849ffeeccab52aa798b6c7,2369.8,934,0.30177705977382874,0.9039976246581559
120476eb7a04c149d14772edaf5d9bf2,2368.8,935,0.30210016155088854,0.904171908214456
f615fe7efbef0f4f08fd3086bc7a3e60,2359.27,936,0.3024232633279483,0.9043454906046419
4978a02ea9c8be7a9b5480680f40334e,2356.61,937,0.3027463651050081,0.9045188772863424
8603f0038fe0e52fedd3382d266723de,2355.0,938,0.3030694668820679,0.9046921455129072
3504c0cb71d7fa48d967e0e4c94d59d9,2349.94,939,0.3033925686591276,0.9048650414519024
4391ea5c5990502176a1dcda44a2373d,2349.0,940,0.3037156704361874,0.9050378682307563
5a93f3ab0ef4c84ed5e1b5dbf23978bc,2338.25,941,0.30403877221324715,0.9052099040824612
34f563c82a85b99ae9e6d60db5fc2e28,2332.3,942,0.30436187399030695,0.9053815021651862
8bdd8e3fd58bafa48af76b2c5fd71974,2324.82,943,0.3046849757673667,0.9055525499097647
1d4587203296c8f4ad134dc286fa6db0,2323.3,944,0.3050080775444265,0.9057234858209232
df91910b6a03bb2e3358fa6a35e32f6f,2312.1000000000004,945,0.3053311793214863,0.9058935976963544
daeb5653dd96c1b11860f72209795012,2305.9,946,0.30565428109854603,0.906063253409151
fd386aa7bed2af3c7035c65506c9b4a3,2304.15,947,0.30597738287560583,0.9062327803663651
6338ea67c41078a46ad99cc009654956,2286.09,948,0.30630048465266557,0.9064009785659691
9a84ba99f5367fdbd4598363496f1ea2,2284.98,949,0.30662358642972537,0.9065690950977467
7238a95bb63ef7e498389fb863b834a1,2265.7,950,0.3069466882067851,0.9067357931108796
e8f6dc8e6a1dcde89d20e3995c8d90b3,2256.34,951,0.3072697899838449,0.9069018024655833
8fe8786ee000001ab51d030dfd4a7bf1,2255.0,952,0.3075928917609047,0.9070677132302982
655220df33262c7e0c4949a147366f94,2245.0,953,0.30791599353796445,0.9072328882488282
7b8e8ec35bad4b0ef7e3963650b0a87b,2244.28,954,0.30823909531502425,0.9073980102936328
1b1ae47a313a825a7ccceb8e2e30fa9d,2243.9,955,0.308562197092084,0.9075631043800824
3e8bd881d92466e63ba9e3e809cd3c50,2242.28,956,0.3088852988691438,0.90772807927565
5abb8ea023c77787f2c15da891c8d384,2241.0,957,0.30920840064620353,0.907892959995706
54583ab379489add547fe47b628db589,2240.0,958,0.3095315024232633,0.9080577671411434
e5f9e61ceb5f523cc966e0f34095032f,2238.0,959,0.3098546042003231,0.9082224271373438
cac876b37d3abcd6bd76caca30277996,2229.77,960,0.31017770597738287,0.908386481614434
b83cedfb587e7911540e3f576d6917ce,2224.95,961,0.31050080775444266,0.9085501814618631
b74d1c09cb380e1d03a6f859c6f4224b,2221.6,962,0.3108239095315024,0.9087136348343201
fb89df7f89fd1b8f03fa2acca1ba7364,2220.0,963,0.3111470113085622,0.9088769704873876
3a4127e1ba7208ea37044c5092aae170,2219.6,964,0.31147011308562195,0.9090402767106076
747e73c01a4593d4cf60dcf970fd2689,2217.99,965,0.31179321486268174,0.9092034644786919
77a515caa36327151d1cc6c32a9f00e1,2217.3900000000003,966,0.31211631663974154,0.9093666081020052
abbf6046bbdf1028606a5bc7f00c99e7,2217.15,967,0.3124394184168013,0.90952973406741
f214d28e8d8e3ef068748498ccc2f813,2212.41,968,0.3127625201938611,0.909692511289123
4992e76a42cb3aad7a7047e0d3d7e729,2211.1,969,0.3130856219709208,0.9098551921280859
e5475dcab1e07b63d7f6e902d8f5eda8,2192.0,970,0.3134087237479806,0.9100164676918354
91f0eec23d4a61d7d7caeefa3f0ad1ca,2190.8,971,0.31373182552504036,0.9101776549660427
0725b8c0f3f906e58f70cbe76b7c748c,2190.3,972,0.31405492730210016,0.9103388054529409
14a08204d03bb6b6bde8029f801ae0eb,2185.4,973,0.31437802907915996,0.9104995954242083
30c7f28fd3a5897b2c82d152bb760c17,2178.27,974,0.3147011308562197,0.9106598608084457
8ca1551acf9832a4cf467bbbac15851f,2176.4,975,0.3150242326332795,0.9108199886081467
53d00c40e32aeb924a84ce72b1af869d,2165.85,976,0.31534733441033924,0.9109793401956224
2be17df1c49978426251562096c3cc09,2165.0,977,0.31567043618739904,0.9111386292446725
0ffa40d54288e4f3499b8780dd0f144f,2162.8,978,0.3159935379644588,0.9112977564295619
7fc87cc3e89b3d1d5cabdca32f8485aa,2153.9,979,0.3163166397415186,0.9114562288003466
72bc2cce903c872fe376a8faaa81d237,2149.2,980,0.3166397415185784,0.9116143553704243
b56906f7fd1696e043f1bcce164c487b,2148.49,981,0.3169628432956381,0.911772429702523
373ee4a3a775a733770ca3f790b8b9ac,2141.49,982,0.3172859450726979,0.9119299890122922
0ed6ce5d87fd9c69eaacaeb778d67235,2141.42,983,0.31760904684975766,0.9120875431718379
723cd880edaacdb998898b67c8f9da30,2136.53,984,0.31793214862681746,0.9122447375514994
f5f2ab9bdb6b30c14c61be68c5ed37da,2134.6800000000003,985,0.3182552504038772,0.9124017958181164
87d30a6a0cbf89356e49324971ab1d24,2134.13,986,0.318578352180937,0.9125588136186935
9bcdfa7b615b3abb9461d9e3ad9886ae,2126.07,987,0.3189014539579968,0.9127152384078454
13074f016982ff2bd6c58ced8682f000,2116.0,988,0.31922455573505654,0.912870922300589
8f78f0903005064036736c7173a5c2ed,2113.7,989,0.31954765751211633,0.91302643697171
cf2384dd2f1dddea3f838efed0945e65,2101.5,990,0.3198707592891761,0.9131810540324854
ffdd9f82b9a447f6f8d4b91554cc7dd3,2101.2,991,0.3201938610662359,0.9133356490208752
e9511df20ccd82658a30c37b7fb343af,2096.6,992,0.3205169628432956,0.9134899055660198
3bfba5a77604f6dfae7e6dd7aaf65821,2095.5,993,0.3208400646203554,0.9136440811790841
7f7b8245c336066a1f9933c359f11d77,2094.36,994,0.3211631663974152,0.9137981729170834
8de8fe3af4449ed695d2434c933ed73e,2090.0,995,0.32148626817447495,0.9139519438697461
165b1235e9e9942cb5fae67103576fb0,2085.15,996,0.32180936995153475,0.914105357985509
f7720c4fa8e3aba4546301ab80ea1f1b,2083.45,997,0.3221324717285945,0.9142586470244204
e6a69c4a27dfdd98ffe5aa757ad744bc,2076.2,998,0.3224555735056543,0.9144114026473477
6aa3928696eab49a19a466e665a649fd,2075.0,999,0.32277867528271403,0.9145640699807328
082e0bf4cb865a6533b1e8e498cc0255,2073.3,1000,0.32310177705977383,0.9147166122372665
6b536a23086fba0d58c08d68814397f6,2068.8,1001,0.32342487883683363,0.9148688234080171
e38db885400cd35c71dfd162f2c1dbcf,2066.8,1002,0.32374798061389337,0.9150208874295306
ea65d8b58316a6f2362f2a9e4b3e86ad,2061.4,1003,0.32407108239095317,0.9151725541481042
412a4720f3e9431b4afa1476a1acddbe,2058.1,1004,0.3243941841680129,0.9153239780704366
dc8798cbf453b7e0f98745e396cc5616,2056.3,1005,0.3247172859450727,0.9154752695584559
9449f25aeaf531019b76999ea49a6949,2046.4500000000005,1006,0.32504038772213245,0.9156258363364829
bc2ac6b95e1accce9858528ee566c17e,2045.0,1007,0.32536348949919225,0.9157762964313131
c6381d2d013342748761e906d45aff76,2042.98,1008,0.32568659127625205,0.9159266079054139
f41ce2e25237f9092cd8e6e7516c7a2f,2030.9,1009,0.3260096930533118,0.9160760305981233
78c99c6dff4eeae5be99bf635ed21e3f,2030.88,1010,0.3263327948303716,0.9162254518193403
71592660bbcb6a4664e97b6f8b68babc,2027.18,1011,0.32665589660743133,0.9163746008144689
bf84056e679dbe9c69929847a40e338f,2024.04,1012,0.3269789983844911,0.9165235187852951
4c8b8048e33af2bf94f2eb547746a916,2020.73,1013,0.32730210016155087,0.9166721932241344
fac1a9017ade7bdc94058fc1c969f355,2010.84,1014,0.32762520193861067,0.9168201400099967
1782ce2db72c3dda627d5e7c898104e1,2010.8,1015,0.32794830371567046,0.9169680838528742
3a1a1fec38dd360f15fc912e821e169d,2007.38,1016,0.3282714054927302,0.9171157760705566
2f09f7d37a97956d11cc1a7cadd5262b,2005.0,1017,0.32859450726979,0.9172632931806468
116ccb1a1604bc88e4d234a8c23f33de,2004.89,1018,0.32891760904684975,0.917410802197529
d6ab728cf30867cf3f1a2e216ae2f9b7,2002.0,1019,0.32924071082390954,0.9175580985837638
3d2531eccfbde1d7c8db7a3a12fb267a,1999.54,1020,0.3295638126009693,0.9177052139764369
8ec76bb0965af3f007692b26fa9d6623,1999.0,1021,0.3298869143780291,0.9178522896388162
17908cf9b444ee34047cadd5c0f4a516,1993.99,1022,0.3302100161550888,0.9179989966923567
bf100ecb7997df312b285358fb32f92c,1991.9,1023,0.3305331179321486,0.9181455499749446
c013e57c075a06e5b5c48ee03c525719,1971.55,1024,0.3308562197092084,0.9182906060140461
91f5779a8731baca4809fdeade81803f,1971.46,1025,0.33117932148626816,0.9184356554314319
1690cada046eb7e92c12f98b1f8a8167,1959.0,1026,0.33150242326332796,0.9185797881090713
93b9a99027bd8bd6af682aff18dd19bf,1953.0,1027,0.3318255250403877,0.9187234793389996
6df688df543f90e9b38f4319e75a9d88,1949.96,1028,0.3321486268174475,0.9188669469020876
272f092de69afedd4d2969440b37f18f,1935.33,1029,0.33247172859450724,0.919009338068507
4e5725ba188db8252977a4f0227bd462,1930.59,1030,0.33279483037156704,0.9191513804912348
cd843d4cf8ef32827de0396605163ba3,1915.0,1031,0.33311793214862684,0.9192922758856601
1b8b75e227c9a9c100d0c210fb6176ce,1914.83,1032,0.3334410339256866,0.9194331587724003
9dda5bbacd45e18d6485fee649205d09,1912.6,1033,0.3337641357027464,0.9195738775877411
f5f1f2c5f923f36ad79ea1d07185ddc9,1912.15,1034,0.3340872374798061,0.9197145632945039
901b460cdce0c64e471230d7f2f9f3a3,1904.0,1035,0.3344103392568659,0.9198546493681257
e2c92f9c1c7746d899d18f2e158bbff7,1894.7,1036,0.33473344103392566,0.9199940511977954
112453736dbe3889cfb74e1aaa0ba0c1,1890.0,1037,0.33505654281098546,0.9201331072267582
5ab05b6d86d417796c69ffd6774ec832,1886.1,1038,0.33537964458804526,0.920271876314709
65b081a070633e057c462abdd6fb9dd8,1885.09,1039,0.335702746365105,0.920410571092295
5debea795b07621e1f90532e18f96145,1883.78,1040,0.3360258481421648,0.9205491694871307
7ade73f1b9b4e965f9009a4c3a7e2c15,1880.3,1041,0.33634894991922454,0.9206875118422941
e24d3429d294b2eb200b064ebb035879,1878.58,1042,0.33667205169628434,0.9208257276491137
5b33b527da3c5b969cc99dc435cad09a,1872.79,1043,0.3369951534733441,0.9209635174588922
392e0502231ae2f8b29994ef6398cd77,1871.7,1044,0.3373182552504039,0.9211012270723364
95ec4458365c4d11f452ccf538377619,1866.76,1045,0.3376413570274637,0.9212385732271654
0417b067eeab773d2f7061a726dc477f,1859.18,1046,0.3379644588045234,0.921375361686386
c8467937e403e76a8ee9f0ab13f6f5ef,1853.79,1047,0.3382875605815832,0.921511753578413
4b1eaadf791bdbbad8c4a35b65236d52,1849.79,1048,0.33861066235864296,0.9216478511719659
a4bd6e9adf39b63f43dc545d3ca1f53d,1848.59,1049,0.33893376413570275,0.9217838604759767
74bafed391319577bce6f4d2acc0589a,1847.0,1050,0.3392568659127625,0.9219197527963442
d97df38225e5abadaff1e72cb72b823c,1846.0,1051,0.3395799676898223,0.922055571542093
a36b125ac6d5fdbc7f50de85c9157bdc,1843.64,1052,0.3399030694668821,0.9221912166517423
ffeee66ac5d5a62fe688b9d26f83f534,1839.86,1053,0.34022617124394183,0.9223265836493336
6a38087bc8ad4f89ff453561005f6dea,1833.43,1054,0.34054927302100163,0.922461477562128
c679fb69a36e1d8349e8c50a217b4d58,1825.68,1055,0.3408723747980614,0.922595801271629
5075aaa8404020ae6aa8bf4792099b41,1822.8,1056,0.34119547657512117,0.9227299130862288
729b2d09b2a0bdab221076327f13d050,1822.11,1057,0.3415185783521809,0.9228639741343417
55bb6fe5bebe5012e2d7d9928e1128ff,1816.55,1058,0.3418416801292407,0.9229976261075759
a5a1bfcf728ab0e19182959cf0771ee4,1812.96,1059,0.3421647819063005,0.9231310139479296
5b85809efd0d0e4dea1a9544e1280ed9,1804.6,1060,0.34248788368336025,0.9232637867044726
411f3b52d857390502ee4e4d5ceabc2d,1804.01,1061,0.34281098546042005,0.9233965160519908
7fdb0720c8d7c9075538b365dc8c3a22,1804.0,1062,0.3431340872374798,0.9235292446637627
2ff6b7bff164ef05590a52734e1296da,1803.59,1063,0.3434571890145396,0.9236619431099411
15fa791d5e017f66402dc28c44480657,1802.0,1064,0.34378029079159933,0.923794524572476
c3e1abd72a42fe690fcd89cf5720fe29,1798.61,1065,0.3441033925686591,0.9239268566170542
1976a05ecf2996d6ffb7b5430e635fe7,1796.2,1066,0.3444264943457189,0.9240590113468018
dfc475d54e1b6dbeeb7d7d9bdaa63827,1793.76,1067,0.34474959612277867,0.9241909865544803
5b581417df4480f632484ba681e53944,1790.6,1068,0.34507269789983847,0.9243227292663644
406740ee611378a662d274c7d8c43c4a,1790.0,1069,0.3453957996768982,0.9244544278334773
fa3a0b5aabb344b9a92e3524b0202123,1789.0,1070,0.345718901453958,0.9245860528259718
81783131d2a97c8d44d406a4be81b5d9,1782.54,1071,0.34604200323101775,0.9247172025264307
293dee954235e4e4e43f129313625ebe,1778.92,1072,0.34636510500807755,0.9248480858867707
07bf9669d84d1f11be443a9dd938f698,1776.0,1073,0.34668820678513734,0.9249787544092247
3481aa57cd91f9f9d3fa1fa12d9a3bf7,1773.03,1074,0.3470113085621971,0.9251092044150617
ca4b77513ac2040591b0d8fae6958380,1772.45,1075,0.3473344103392569,0.9252396117476199
d5b9a084373da994a6e37f732169a853,1769.0,1076,0.3476575121163166,0.9253697652477444
3ca08eeb8d5595949fed424bd3677742,1768.87,1077,0.3479806138933764,0.9254999091831685
c8417879a15366a17c30af34c798c332,1767.9,1078,0.34830371567043616,0.9256299817512126
f63d8f293af3a6454377546bd9dd19ff,1751.8200000000002,1079,0.34862681744749596,0.9257588712393914
cb810bd318f51b3dc3c753944d61a1fa,1750.0,1080,0.34894991922455576,0.9258876268217644
dd4d95ba2d15c071e6c695e2ef6ce169,1748.0,1081,0.3492730210016155,0.9260162352549004
4bf658053d453036c70976bccb2c31b2,1742.99,1082,0.3495961227786753,0.9261444750791977
198c7ea11960a9844b544d9bcdca860c,1733.75,1083,0.34991922455573504,0.9262720350740201
6ddc28b61be28373b4503a1f61cf98a9,1732.9,1084,0.35024232633279484,0.9263995325304168
c5f7feb04a6a1fb3596322bfc3cf1917,1720.6,1085,0.3505654281098546,0.926526125019006
d3674f271c91f824f82d24d92011f669,1718.3000000000002,1086,0.3508885298869144,0.9266525482859727
a70e9066dbfd10b6b97a3f54a1356762,1716.0,1087,0.3512116316639742,0.9267788023313167
8378eb36b6b70c5734e83ad7b8cdc3b7,1714.8,1088,0.3515347334410339,0.9269049680871185
7139dc5186aa238b006e066d8fbab2e4,1712.0,1089,0.3518578352180937,0.9270309278339887
656591be56071d4c9ef4e5fee78a578a,1702.0,1090,0.35218093699515346,0.9271561518346737
6b1c4d4d9ccf0be3d8544eb0e71e5318,1699.0,1091,0.35250403877221326,0.9272811551115032
f235413f677777a0738ff215d0184901,1696.7,1092,0.352827140549273,0.9274059891667102
1dfe5347016252a7884b694d4f10f5c4,1693.5,1093,0.3531502423263328,0.927530587783138
731ef20c231d9a7103a425e83fd91271,1692.0,1094,0.3534733441033926,0.9276550760376382
f9903dd0f812c7e771fcad47b6fff231,1684.85,1095,0.35379644588045234,0.927779038233616
3935fe5fe0f82787a9dcb8deb62be09d,1681.69,1096,0.35411954765751213,0.9279027679337992
44f091b5abab8018f682fce8124b85e5,1680.1,1097,0.3544426494345719,0.9280263806503392
bafc5aa11e413978be29040f51342e70,1679.55,1098,0.3547657512116317,0.928149952900839
e64d65bc8dbec2accda90c58de5d1246,1678.8000000000002,1099,0.3550888529886914,0.928273469970375
0b18d63d0cd1d723567903fd34a07df2,1678.14,1100,0.3554119547657512,0.9283969384806626
0ac4201fda2c68ebc0e47cb9423cf3c9,1676.88,1101,0.355735056542811,0.928520314286931
1dc2de47ee26a0a5b12dc14fd6dc0dea,1670.3,1102,0.35605815831987075,0.9286432059722098
77fccaae319668a8ab6cd0fd16aec48c,1667.0,1103,0.35638126009693055,0.9287658548612474
7586919161935337bf6b6d7ff5779648,1664.71,1104,0.3567043618739903,0.9288883352644087
5f67c6082caacb26e431a7b17940cece,1662.6,1105,0.3570274636510501,0.9290106604251249
53b0300ca793f9834cd69c0678d35ee8,1662.15,1106,0.35735056542810983,0.9291329524772628
a1040efe9ff4a6f93c28b0499eada8f5,1658.83,1107,0.35767366720516963,0.9292550002616673
25cf099de44674fde97473224f9d59ab,1654.36,1108,0.35799676898222943,0.9293767191675271
df0f42bc4c2142eacf0eaf2cffd0cfbb,1654.0,1109,0.35831987075928917,0.9294984115865241
b2a6d334e2833acea353624840e25a0e,1650.9800000000002,1110,0.35864297253634897,0.9296198818101734
26e2c91ef821e1ff8985f408788fe35b,1649.4,1111,0.3589660743134087,0.9297412357859255
ffc470761de7d0232558ba5e786e57b7,1649.01,1112,0.3592891760904685,0.9298625610675764
edc518ba25576a0188a0e8f2c3af186f,1647.39,1113,0.35961227786752825,0.9299837671583452
0887a9f087bcd5d9f6642b52f897fc6c,1642.0,1114,0.35993537964458805,0.9301045766819204
7a2d2949aea47fab95fd98d6c9f618b1,1638.99,1115,0.3602584814216478,0.9302251647458938
2a6fbeaa7ab9e5d59a35841a8da71ce4,1632.79,1116,0.3605815831987076,0.9303452966472325
9b00ed88b7fdb95d6ff76e27c1b52d16,1627.88,1117,0.3609046849757674,0.9304650672971945
3092c0b297aacfb4bb6e056ebe13b9b8,1623.9,1118,0.36122778675282713,0.9305845451201749
f1ed6bd0a9b11b581f16c851c6a5a527,1622.77,1119,0.3615508885298869,0.9307039398038361
15cd6eefe58588619aaed41dfa6621b1,1622.7399999999998,1120,0.36187399030694667,0.930823332280259
b0f2a6122a90a93eb03e68653dd960e3,1620.3,1121,0.36219709208400647,0.9309425452346128
013900e863eace745d3ec7614cab5b1a,1619.7,1122,0.3625201938610662,0.9310617140441954
02c988090b766852e088c69d7fb3b551,1618.65,1123,0.362843295638126,0.9311808056004286
d354c38a7182125a748cb10474fe963b,1610.33,1124,0.3631663974151858,0.9312992850158359
8daab2245ebdc277c51098d01c5ad8ef,1604.59,1125,0.36348949919224555,0.9314173421129329
427165bf50f8ca07efc7bdc2bfcf1688,1603.5,1126,0.36381260096930534,0.9315353190136959
7813ea3ebd9411dc600b4dd01f7a97b9,1599.4,1127,0.3641357027463651,0.931652994258523
850857dfac77488c307e2b1cbd84ab5a,1599.0,1128,0.3644588045234249,0.9317706400735027
8a1ff5c35f6595a73fef4c7b96e4908a,1598.0,1129,0.3647819063004846,0.9318882123138639
081acf3de680d554796c9cf041be7bc2,1597.3,1130,0.3651050080775444,0.9320057330519922
41b86b552e54e3a7009596125aa8b167,1595.3000000000002,1131,0.3654281098546042,0.9321231066408835
8a2d12a90e92f012ce5226fc6592b653,1594.65,1132,0.36575121163166396,0.9322404324062727
39d54ff918774174706fb065d7f9dc07,1593.59,1133,0.36607431340872376,0.9323576801825663
70f84699be677ec988d1fa824aef7d90,1588.3,1134,0.3663974151857835,0.9324745387491281
845e8036c3f7bf62099352f5ed910240,1584.6,1135,0.3667205169628433,0.9325911250896014
f3c38ab652836d21de61fb8314b69182,1581.0,1136,0.36704361873990304,0.9327074465614481
134285d1f41da5c13a756ee8142c8a4e,1572.6999999999998,1137,0.36736672051696284,0.9328231573639612
1660ad786c27fd935378b6192a90b417,1570.0,1138,0.36768982229402264,0.9329386695150044
c4fb51fb1c5b7c07bc5e67be6e7e8f6e,1567.9,1139,0.3680129240710824,0.9330540271593488
47648caee88ccfe951fbb27fbf7b4cbe,1564.99,1140,0.3683360258481422,0.9331691707015534
8b87cd0d43d49b9bdf40f56229364d59,1552.9,1141,0.3686591276252019,0.9332834247266203
817f85dbb65aa3e70831d90fe75cdf89,1552.27,1142,0.3689822294022617,0.9333976323996774
0eaa7e33d73809f1f925f7d07c506cbd,1552.0,1143,0.36930533117932146,0.9335118202075877
3785b653b1b82de85ab47dd139938091,1552.0,1144,0.36962843295638126,0.933626008015498
fe701d88b67eaca109dffd464d1be9f9,1548.9,1145,0.36995153473344106,0.9337399677420909
78a4d36f65a019172c6154468831a69f,1545.5,1146,0.3702746365105008,0.9338536773149808
49cdc90518a4f82676b38b3c1aa43ff6,1539.5,1147,0.3705977382875606,0.9339669454401599
06bb3a2fe5e7b7a845b13e8fb91bd944,1536.19,1148,0.37092084006462034,0.9340799700333516
cbf09e831b0c11f6f23ffb51004db972,1535.2,1149,0.37124394184168014,0.934192921787671
3a490ba60afa30ece0e7d50cfe74a4f0,1529.2,1150,0.3715670436187399,0.9343054320942794
5bf397d04035b5f45cc41e82ec106803,1525.0,1151,0.3718901453957997,0.9344176333874902
3586b8580d9c917874e053a1bb37b5ff,1524.6999999999998,1152,0.3722132471728595,0.9345298126083154
01bcc9d254a0143f0ce9791b960b2a47,1521.21,1153,0.3725363489499192,0.9346417350537221
1ca4bdb0cd7fc48e949bac066188ed26,1520.0,1154,0.372859450726979,0.9347535684738404
a7c88262832dfc683781d6a421edefae,1520.0,1155,0.37318255250403876,0.9348654018939586
5b97c06a046398e7005b2b7c0d707a92,1519.96,1156,0.37350565428109855,0.9349772323710922
866558b3bccef2dbc6d29a2b5995016f,1519.4,1157,0.3738287560581583,0.9350890216464395
094ced053e257ae8cae57205592d6712,1519.2,1158,0.3741518578352181,0.9352007962068628
2a61c271b1ac763450d846849783e922,1516.76,1159,0.3744749596122779,0.9353123912452171
1dd33b8119b3cb1056ed5dc88cd0aaf4,1513.0,1160,0.37479806138933763,0.9354237096430059
a23266650e7c84bb93fbbba502137478,1512.4,1161,0.37512116316639743,0.9355349838960236
6eb94e1466490d327a09abf8f3552a50,1511.95,1162,0.3754442649434572,0.9356462250404629
9b522ba7eae9e1d04082f267144583cc,1507.6,1163,0.37576736672051697,0.9357571461353118
b33aaadd1a8891d2dfef0c4c3bdf0371,1504.0,1164,0.3760904684975767,0.9358678023615341
714b9a1332840f257b49f476bea4e341,1499.94,1165,0.3764135702746365,0.9359781598748053
9a03a4e9eb0b947652fae4f6121a3f5e,1497.0,1166,0.3767366720516963,0.9360883010786981
02dcd3e8e25bee036e32512bcf175493,1491.9,1167,0.37705977382875605,0.9361980670520366
c7b7db6c8f3c64a7cc1afa634db21d50,1489.0,1168,0.37738287560581585,0.9363076196589813
431050a06a317f2b38168dec3dcd2b46,1487.8,1169,0.3777059773828756,0.936417083976384
659e8466eb3ff1b0e8740d74fb7bbedd,1486.8,1170,0.3780290791599354,0.9365264747191682
b6e1504972665f739dec4facb9943775,1484.48,1171,0.37835218093699513,0.9366356947688375
9da1ca0bef29ee170e541927a5aeabdc,1484.4,1172,0.37867528271405493,0.9367449089325371
52f0fe436a347ddad7ed5f9aa4e27eaa,1484.37,1173,0.3789983844911147,0.9368541208889982
f918546be4bec7104d117789ba758b2b,1483.0,1174,0.37932148626817447,0.9369632320482321
6806dad1da97bfb5a9038eac6881f706,1477.0,1175,0.37964458804523427,0.9370719017597549
4d232b78ab7ef10393dc3807d827bc0d,1475.0,1176,0.379967689822294,0.9371804243220407
e256a62e0ac58c0edfba09966142d561,1474.11,1177,0.3802907915993538,0.937288881402916
5e105f5c9f63f5f1fd75d6cb942e55b1,1471.9,1178,0.38061389337641355,0.9373971758838846
e7f3bf1ecd8526eb7f3b18059e6716e5,1471.54,1179,0.38093699515347335,0.9375054438779903
d1ef48b38baca7e831711c4a0aeb398f,1469.12,1180,0.38126009693053314,0.9376135338215194
7ecd59e5e20407131822c1a68ac59c1f,1466.71,1181,0.3815831987075929,0.9377214464502178
01ed254b9ff8407dfb9d99ba1e17d923,1465.99,1182,0.3819063004846527,0.937829306105191
4ba52dfeba874da5b9ee7b17c7494f04,1463.0,1183,0.3822294022617124,0.9379369457720549
1284de4ae8aa26997e748c851557cf0e,1459.97,1184,0.3825525040387722,0.9380443625078246
5145090ab595c0d0b8557199f5701fbf,1459.6,1185,0.38287560581583197,0.9381517520209856
97512d3fc193b2d1dfcdba0f9d1f0f8a,1458.87,1186,0.38319870759289176,0.9382590878246749
d7827b2af99326a03b0ed9c7a24db0d3,1455.0,1187,0.38352180936995156,0.9383661388945909
a414555ce331b8c8aea4a9cb8395194d,1450.95,1188,0.3838449111470113,0.9384728919873017
0ad80de75c811326389cfb1daba7d45e,1449.4,1189,0.3841680129240711,0.938579531039354
2dcf93836ae3ce0d7c93e2f10876467a,1443.8,1190,0.38449111470113084,0.9386857580735427
dace965ca58120f92f8d742a9fa1864b,1442.0,1191,0.38481421647819064,0.938791852673418
66fd84ee7528c0c0de85d0f44a73d5ab,1438.11,1192,0.3851373182552504,0.9388976610680274
5b0cc932433fa5184b5b94bfe6bcc256,1437.8,1193,0.3854604200323102,0.9390034466545052
3771c85bac139d2344864ede5d9341e3,1433.3,1194,0.38578352180937,0.9391089011551996
ec933281fb017b5020d06df29c3f77e8,1432.0,1195,0.3861066235864297,0.93921426000889
c5f7e746b7e6d07def6c0dae9903279b,1429.0,1196,0.3864297253634895,0.9393193981387249
0aea4c6ae1505b3228ddf3dd7822ee5b,1427.91,1197,0.38675282714054926,0.9394244560722256
ffff564a4f9085cd26170f4732393726,1426.3,1198,0.38707592891760906,0.9395293955505906
d9a84e1403de8da0c3aa531d6d108ba6,1425.2,1199,0.3873990306946688,0.9396342540968751
adcf50477d6a1f5d91bb9d54c4903cb5,1425.14,1200,0.3877221324717286,0.9397391082286827
f5f46307a4d15880ca14fab4ad9dfc9b,1422.94,1201,0.3880452342487884,0.9398438004963293
89c127985a8b130cfa45c1d36764017a,1419.57,1202,0.38836833602584814,0.9399482448175118
0b0ddbc7b9d9584f442c7ac92b0ff6c9,1416.76,1203,0.38869143780290794,0.9400524823940163
010543a62bd80aa422851e79a3bc7540,1416.0,1204,0.3890145395799677,0.9401566640538106
17eea220a40cc0d2c0c5346379682398,1414.98,1205,0.3893376413570275,0.9402607706674943
af3ef48d0e13835e529c29ac573c63e5,1405.63,1206,0.3896607431340872,0.9403641893584949
921323538c9f1c4e816f2720eac02bea,1401.84,1207,0.389983844911147,0.9404673292016913
8ff1a9df749e454105c55cda13e79143,1400.6,1208,0.3903069466882068,0.9405703778123607
d4ffeb15b67e81ff9af2b4252d99fb7e,1400.4,1209,0.39063004846526656,0.9406734117081066
04843805947f0fc584fc1969b6e50fe7,1400.0,1210,0.39095315024232635,0.940776416174005
d4e12e7884759a14fa0f5f896c791cae,1400.0,1211,0.3912762520193861,0.9408794206399034
b8114f2f589a6804810f04f99b36b498,1399.62,1212,0.3915993537964459,0.9409823971474467
2e1a7d075abe038c1b2743005fe42ff1,1396.7,1213,0.39192245557350563,0.9410851588171041
8e2b3afb420011ef0c88c9d5f11ea526,1384.5000000000002,1214,0.39224555735056543,0.9411870228764158
863d2ebcd347ce4922de7a0f9a5581d6,1382.36,1215,0.3925686591276252,0.9412887294860438
81336a0f57a33776419727a300249e90,1374.85,1216,0.392891760904685,0.9413898835502869
88cf19ec1fc2c58f161aee259d57142c,1372.97,1217,0.39321486268174477,0.9414908992942473
8185694b58b2ba6de20fd41ae608bbea,1372.3,1218,0.3935379644588045,0.9415918657432134
985c92cc412091f8529c12d7f23d3fef,1368.5,1219,0.3938610662358643,0.941692552608629
0bebbb2cea103a4a020c95d43fd7d754,1367.2,1220,0.39418416801292405,0.9417931438270407
556a6409838156ea299c9d1f9e2dde43,1362.8,1221,0.39450726978998385,0.941893411317131
36890be00bbfc1cdb9a4a38a6af05a69,1361.3,1222,0.3948303715670436,0.9419935684452936
5a425cc503b39b262a847fd6212bf53b,1360.59,1223,0.3951534733441034,0.9420936733354769
a36ac007a4d18f865c8d32c3b2402c2d,1359.7800000000002,1224,0.3954765751211632,0.9421937186302193
2f73e04d12cdf0c945ded66bb3fcf6c7,1359.0,1225,0.39579967689822293,0.9422937065367591
091065b789659bc3cd9af9cb3a6253ff,1359.0,1226,0.3961227786752827,0.9423936944432991
42ef3192a9ff87a22d1867b74b3ee205,1354.09,1227,0.39644588045234247,0.9424933210984623
9f50216bfd01913736a55a11b55ea842,1354.0,1228,0.39676898222940227,0.9425929411319097
04e38a233f726ef161074ab1c9b0399a,1352.2,1229,0.397092084006462,0.9426924287310439
b9a03475e6447e631b6799ec8274800f,1349.1,1230,0.3974151857835218,0.9427916882488606
e439f7176d763f92de325271111b2fd5,1348.4,1231,0.3977382875605816,0.9428908962644446
c3ee2331a724e6fc02c4b698b57a73f3,1347.0,1232,0.39806138933764135,0.9429900012755625
7e26c750b4cb9f6766f58265ff9ebe95,1344.3,1233,0.39838449111470114,0.9430889076352106
20b54c376b794ed028df09a3cd88e8dc,1342.95,1234,0.3987075928917609,0.9431877146691235
b43d8b707f887a30f4675391098354a0,1342.0,1235,0.3990306946688207,0.9432864518071491
186cdd1b2df32caa72cfb410bba768d3,1341.45,1236,0.3993537964458804,0.9433851484791342
8ea394aed8138685abe1eb9f25e1021d,1340.0,1237,0.3996768982229402,0.9434837384679228
ecccfa2bb93b34a3bf033cc5d1dcdc69,1338.64,1238,0.4,0.9435822283952301
7357b52d27cbaa90f81a96cbc1279396,1328.02,1239,0.40032310177705976,0.943679936960089
058cb5aeb36d7c0fcae20fc85d5e0a59,1328.0,1240,0.40064620355411956,0.9437776440534554
3faf68a3b0af94b10bac70d86077be49,1322.93,1241,0.4009693053311793,0.9438749781235062
5d9f3746e112e696f98ea22c56b3e912,1322.64,1242,0.4012924071082391,0.9439722908569175
d2e753bb80b7d4faa77483ed00edc8ca,1320.7,1243,0.40161550888529884,0.9440694608555689
718539d38d07dd351c76db862760e2e2,1318.9,1244,0.40193861066235864,0.9441664984199071
2bd05d410a8fd26dc4184a15f4f2f588,1316.73,1245,0.40226171243941844,0.9442633763273232
5151aea44289d6c6b090ee31c2132508,1315.3,1246,0.4025848142164782,0.9443601490230348
3f8034bfc6b8b4135534975d49f04c63,1313.9,1247,0.402907915993538,0.9444568187142804
4eb61f060e7dcc1d5a80d806c35cc541,1313.0,1248,0.4032310177705977,0.9445534221883695
c794dab4928dd97beb41d05514441e86,1312.4,1249,0.4035541195476575,0.9446499815176874
f4a04f7be452aa3bb31760bf00055dd0,1312.1,1250,0.40387722132471726,0.9447465187746197
e63e8bfa530fb16910dd6956e592bb81,1311.6999999999998,1251,0.40420032310177706,0.9448430266017046
626ab1cd96932367f0eeec2e47046c12,1310.0,1252,0.40452342487883686,0.9449394093519381
7f40d06aa0b5f1aa4f41af8c0480e2ef,1309.94,1253,0.4048465266558966,0.9450357876876945
9a1aea68d3efa00862ec88c0768037d0,1309.2,1254,0.4051696284329564,0.9451321115782332
0e982cff76cc0579f632cea8a0e38c9d,1307.34,1255,0.40549273021001614,0.9452282986199815
a13580f0e8f782b7a543885a0ef99f08,1304.9,1256,0.40581583198707594,0.9453243061396607
4dbd95a08b31ede5c82d3f861cb1ce1a,1304.67,1257,0.4061389337641357,0.9454202967371775
83b08de96980757220871b31bf6cffca,1304.1699999999998,1258,0.4064620355411955,0.9455162505473852
542917da124346b47ea1ac79a93ce454,1303.9,1259,0.4067851373182553,0.9456121844924459
90d4125885ab6c86e8820a722be71974,1299.5500000000002,1260,0.407108239095315,0.9457077983879162
45a3d05fb00435e52a28859dd03703b3,1299.0,1261,0.4074313408723748,0.9458033718173462
56e361f411e38dcef17cdc2a3d99628b,1298.0,1262,0.40775444264943456,0.9458988716721577
d101c6da914ae3d53f7bee42283f2fe2,1297.4,1263,0.40807754442649435,0.9459943273821981
10ff823eda2b032e2c93d17a7d294736,1294.97,1264,0.4084006462035541,0.9460896043059157
51ed72984a04e5dd35c2b27e77179038,1294.3,1265,0.4087237479806139,0.9461848319346389
f08c008c8a8d31417763738a1788a2a8,1291.72,1266,0.4090468497576737,0.9462798697408462
b9ca8e8baa5d4aa038394a700f63e69f,1289.77,1267,0.40936995153473343,0.9463747640765475
25e47381a6c510ddeb36084e33b89f0c,1289.6,1268,0.40969305331179323,0.9464696459045636
141440cad9341e553f8401c574a2aa38,1288.2,1269,0.410016155088853,0.9465644247281138
bc07d855eac23aab5ac8a120f21d16b2,1283.11,1270,0.41033925686591277,0.9466588290568558
e3d3b3efac954a60d61be70b7e05b49b,1282.05,1271,0.4106623586429725,0.9467531553965023
4eeb99008a0f59d2c7759c59f9a346eb,1282.0,1272,0.4109854604200323,0.9468474780574179
269cff2d3c8d205c11f37a52402ea93b,1281.59,1273,0.4113085621970921,0.9469417705527399
a478c7961d6a992065b24e63b366f90b,1281.5,1274,0.41163166397415185,0.9470360564263461
fec8cd45395b3cb0c2b173d7739706a1,1280.0,1275,0.41195476575121165,0.9471302319380247
5795aebfe331fbcd02a2c4b679fb7952,1280.0,1276,0.4122778675282714,0.9472244074497033
2709af9587499e95e803a6498a5a56e9,1279.56,1277,0.4126009693053312,0.9473185505885496
1dcfa3835714681d4ba4a93bc1e0fd41,1278.5,1278,0.41292407108239093,0.9474126157383005
bb5d956dece964a06c12bceb66b923ae,1278.36,1279,0.41324717285945073,0.9475066705876046
128f9bfbe4c7d5185033914b1de3d39a,1277.29,1280,0.4135702746365105,0.947600646712067
52f9db5cfb423382a2fa5c9e39303202,1269.77,1281,0.41389337641357027,0.9476940695553983
c8c1bea22194a4eefa2dc9a9fa89f536,1266.0,1282,0.41421647819063007,0.9477872150224178
2646baaf662d4d92ac48f047e35db92d,1263.05,1283,0.4145395799676898,0.9478801434443128
9ed65337433adfbedefd23dd76eaa494,1262.6,1284,0.4148626817447496,0.9479730387576295
da7039f29f90ce5b4846ffc0fcc93beb,1259.1,1285,0.41518578352180935,0.9480656765597814
9140bd1d9de28b197dce077bdd687438,1258.87,1286,0.41550888529886915,0.948158297439771
8a9260f2b0340411d6d2a56bcf4f7378,1256.0,1287,0.41583198707592894,0.9482507071606056
b8578d2d823bd8e251f6fdd02b40902d,1255.6,1288,0.4161550888529887,0.9483430874515927
4cf490a58259286ada5ba8525ba9e84a,1254.2,1289,0.4164781906300485,0.948435364738114
734def04b237117a09321dd6d8f3f2a2,1252.43,1290,0.4168012924071082,0.9485275117975605
402916f742e5c740cc751493d9cf5053,1252.0,1291,0.417124394184168,0.948619627219921
b5abf4f36adc043117b4fca82c22984c,1247.8,1292,0.41744749596122777,0.948711433628884
30a81d8cf85fb2ada1b1b094c9583a95,1245.42,1293,0.41777059773828756,0.9488030649302548
3fac58ce0ad699020c7944d53c41329c,1244.95,1294,0.41809369951534736,0.9488946616515549
671585f5a2af58b6e276bc01003c0d2b,1244.0,1295,0.4184168012924071,0.9489861884769675
5d76d80a2f5f39c891b996a1bf4c9853,1238.5,1296,0.4187399030694669,0.9490773106419783
67225bff54a172ff67579aaf583efd78,1238.0,1297,0.41906300484652664,0.94916839601968
002100f778ceb8431b7a1020ff7ab48f,1234.5,1298,0.41938610662358644,0.9492592238862168
4fb41dff7c50136976d1a5cf004a42e2,1230.0,1299,0.4197092084006462,0.9493497206669704
7daca0837f033a41a6f3428c18657533,1228.98,1300,0.420032310177706,0.9494401424016132
0afccdb8a34ee5c79f7c06faf2b4d56e,1225.5,1301,0.4203554119547658,0.9495303080965836
2d518637f53161b973e01f56ea4bb88e,1219.89,1302,0.4206785137318255,0.9496200610379442
9c4d31c7e46ab03a43fc06e3142afd4e,1218.9,1303,0.4210016155088853,0.9497097411404325
7a425d299613df3e613bcf9d2eaf5c49,1218.8,1304,0.42132471728594506,0.949799413885459
2cb6eb1b7185064167657fa09f541105,1217.9,1305,0.42164781906300486,0.9498890204133287
093805f8f2aeb63881444571e1f48f30,1215.79,1306,0.4219709208400646,0.9499784716987534
f9d010e39375d9c91dce3f40b73a2f84,1212.0,1307,0.4222940226171244,0.950067644136374
57c764b4a836300be881e2ff86e449f9,1211.0,1308,0.42261712439418414,0.9501567429993761
788e857f317e53de488d393e65a80f45,1210.0,1309,0.42294022617124394,0.9502457682877598
6426d21aca402a131fc0a5d0960a3c90,1209.64,1310,0.42326332794830374,0.9503347670892808
b566ab0ef88016e00422755e305103c6,1208.0,1311,0.4235864297253635,0.9504236452284274
01fd077212124329bac32490e8ef80d9,1208.0,1312,0.4239095315024233,0.9505125233675741
7238f877570096ae403c51898fa64566,1200.0,1313,0.424232633279483,0.9506008129097727
f0563bacf40c311f1c4d3d6b67b8a7a7,1199.0,1314,0.4245557350565428,0.9506890288773528
6bef34c5be6f2bbd70aa5165f6df94b1,1198.0,1315,0.42487883683360256,0.9507771712703145
11fb6f6d341adbe19e81733701704635,1197.0,1316,0.42520193861066236,0.9508652400886576
a20d8058c866dbaeca014d2cd20ac62e,1194.0,1317,0.42552504038772215,0.9509530881831453
d8c7ba53e7e38711eaef8c2849d6d2e1,1190.87,1318,0.4258481421647819,0.9510407059890769
700f03c207639c22d933381ff60b35c2,1189.86,1319,0.4261712439418417,0.9511282494846439
c0098efcf800861dcae589affca31408,1189.28,1320,0.42649434571890144,0.9512157503069322
1710c3aaa9c6b44ec3883ee0fe300e21,1188.9,1321,0.42681744749596123,0.9513032231708656
e504a4e2efaa45cbff7e268a2c58c956,1188.8000000000002,1322,0.427140549273021,0.951390688677337
c273175f7c6c80fb02f051e2fc6d0d72,1188.23,1323,0.4274636510500808,0.951478112246276
439a47cc365d6e3bd526812ea9de3c29,1186.5,1324,0.42778675282714057,0.9515654085311249
a5259c149128e82c9d6d46e0c1c812bb,1182.26,1325,0.4281098546042003,0.9516523928595914
7ff588a03c2aeae4fbd23f9ae64b760d,1182.2,1326,0.4284329563812601,0.9517393727735807
ec4608a1f76453166bb312b2968aeaf4,1181.75,1327,0.42875605815831985,0.9518263195789917
725af026f869236a8dd0ceb98564d156,1177.71,1328,0.42907915993537965,0.951912969142944
327b89b872c14d1c0be7235ef4871685,1177.0,1329,0.4294022617124394,0.9519995664689173
b1aaae6b66ad3c40f54b389d7ea4bee0,1176.5,1330,0.4297253634894992,0.9520861270075811
dbec9a0a7efeff029d4d9dce7dc4cc95,1170.0,1331,0.430048465266559,0.9521722093112248
f1b854361f4e15d5851b494df66f22b2,1168.8,1332,0.43037156704361873,0.9522582033253263
8629c241b3622ac12cd4118afdc8d394,1167.66,1333,0.43069466882067853,0.9523441134643628
a425f92c199eb576938df686728acd20,1165.8,1334,0.43101777059773827,0.9524298867546087
5ee7fd217d08dfe5d3e2f51f96a12c9a,1165.5,1335,0.43134087237479807,0.9525156379724692
c8e135e7b21ecbc36c1153a29d2f5a06,1165.5,1336,0.4316639741518578,0.9526013891903296
5f3ae9136c875522250f8184f253413a,1158.0,1337,0.4319870759289176,0.9526865885985513
d1c7fa84e48cfa21a0e595167c1c500e,1156.03,1338,0.4323101777059774,0.9527716430647745
d1b9d4be4b6f9ebd85f8acd6745ba612,1154.35,1339,0.43263327948303715,0.9528565739256386
2d378dbb39815785238c0139c7647fb7,1154.0,1340,0.43295638126009695,0.9529414790353863
432c67955c0acd1fd6b0b5d678766a71,1151.0,1341,0.4332794830371567,0.9530261634212785
c35672b10ad50968f567ea3f4b91e877,1150.57,1342,0.4336025848142165,0.9531108161700848
5fd924b4836098a5be0ecf81ba054ce0,1148.8,1343,0.4339256865912762,0.9531953386918163
1d2732ef8321502ee8488e8bed1ab8cd,1148.0,1344,0.434248788368336,0.953279802353853
d4910f1cdcfdabd48d6b316e395d4a23,1146.88,1345,0.4345718901453958,0.953364183612317
10089e9f2fd0c668a8fd4e52e1698888,1139.9,1346,0.43489499192245556,0.9534480513199439
5f26c1408a65b42a7224cd463bdf3292,1139.8000000000002,1347,0.43521809369951536,0.953531911670109
6562efe88ce0826a4ca4f189f03b4b84,1135.9,1348,0.4355411954765751,0.9536154850792619
6b89abe95848c850399130d149a39b63,1135.2,1349,0.4358642972536349,0.9536990069861817
5b07547f10dd980738a1a27f685af669,1134.6,1350,0.43618739903069464,0.9537824847483305
75fbb52eda0cbc24f479d3b2fbfa8d3e,1130.99,1351,0.43651050080775444,0.9538656969061066
9485a23c0430ba1d58d359391606fce6,1129.9,1352,0.43683360258481424,0.9539488288675485
713e3a23ca5e47786eb6f0d99f94cfac,1126.0,1353,0.437156704361874,0.9540316738879782
138dbe45fc62f1e244378131a6801526,1125.56,1354,0.4374798061389338,0.9541144865355758
9bc484c87d79cd4874e05ca182658045,1120.0,1355,0.4378029079159935,0.9541968901082946
c878515173c84a492ebe50d6b493230b,1118.84,1356,0.4381260096930533,0.9542792083344558
cda598c48d7c614bc1cad7d8ff6f0010,1118.6,1357,0.43844911147011306,0.9543615089027085
365e445f796710c3431557e85caa25db,1115.0,1358,0.43877221324717286,0.9544435446023348
1b65c144b17e607c0f37f10bb7dfec8d,1109.5,1359,0.43909531502423266,0.9545251756415594
b586cd24c010a13916af621b0325fbba,1108.94,1360,0.4394184168012924,0.9546067654789974
6c6cc59a5c00cacc5054ca06d65cc282,1107.0,1361,0.4397415185783522,0.9546882125816757
abc015ebac1d283a323ca9db35ede4b9,1106.8,1362,0.44006462035541194,0.9547696449694303
457fe919b032a3f7dadba6fb92cf7855,1104.89,1363,0.44038772213247174,0.9548509368296635
596849622429351f47b32e6cae1055ff,1104.7,1364,0.4407108239095315,0.9549322147107191
48328ec9a579151d9cc6a86d4a59336c,1099.0,1365,0.4410339256865913,0.9550130732164493
c88f62b4c386a59281014d677864d016,1099.0,1366,0.4413570274636511,0.9550939317221796
4b39558c138930b9e5489c93b6df5fe3,1096.7,1367,0.4416801292407108,0.9551746210062874
b55638ad525e906c698fa2ce742c1742,1094.8,1368,0.4420032310177706,0.95525517049862
119d1aef1b4144adba89163f6cd9f5d4,1094.0,1369,0.44232633279483036,0.9553356611312577
8b655f0855926bcb49f5835d38dfddf6,1089.5,1370,0.44264943457189015,0.9554158206781121
f205b1a3ca9a34e0f8a228bae6e4c7b3,1088.0,1371,0.4429725363489499,0.9554958698630389
76ea5315acb3f5f7ade3cd261faf922a,1087.06,1372,0.4432956381260097,0.9555758498878244
fe87f472055fbcf1d7e691c00b1560dc,1085.8,1373,0.4436187399030695,0.9556557372085905
e48cc16ab70bfa09e1401740dce0b3d7,1084.83,1374,0.44394184168012923,0.9557355531619767
39f776d2974049026ff531fc42ef2a3e,1084.04,1375,0.44426494345718903,0.955815310991414
71dc18fd8cbf5fd77f45dd8b427abb34,1080.0,1376,0.4445880452342488,0.9558947715793928
4091f77d8c768fc3e81c20761471761d,1079.0,1377,0.44491114701130857,0.9559741585927531
4736e9d642ef4257cd7622516931eb51,1078.87,1378,0.4452342487883683,0.956053536041413
03a2a6dcbe45d639c4dc2a0d24769c40,1078.41,1379,0.4455573505654281,0.9561328796457483
a066df7361163e7ddc5d7452dd17448b,1078.3,1380,0.4458804523424879,0.9562122151568757
278b6e0b20c4f61fefaa0577943d7a35,1078.0,1381,0.44620355411954765,0.9562915285956175
577719699805dd125d5b6fdde5943bba,1077.8,1382,0.44652665589660745,0.9563708273194356
167fd940acebc789debd6eb418c46e38,1077.58,1383,0.4468497576736672,0.9564501098568376
3d4b1ae7539303b5704493798893e82c,1076.0,1384,0.447172859450727,0.9565292761463424
334cab711dee080b079fa5779b584783,1069.7,1385,0.44749596122778673,0.9566079789157506
b18871c324516afa228a13e8f1ef0ae9,1064.6,1386,0.44781906300484653,0.9566863064546044
eb72802c83dc7547529c9546d1a9b8ef,1063.92,1387,0.4481421647819063,0.9567645839627177
8fbd63429be6d3e5e6d1a709b6464802,1061.4,1388,0.44846526655896607,0.9568426760627925
b2eecf5ea250510da76590ca79d60e5d,1060.0,1389,0.44878836833602587,0.9569206651584012
f5fea3ffed6c2e889bab72705557c63a,1059.9,1390,0.4491114701130856,0.9569986468965482
1464afc72f696af775557a821c2e253f,1059.36,1391,0.4494345718901454,0.9570765889044012
de9727ca376d1be6ec121b110aa7954c,1058.7,1392,0.44975767366720515,0.9571544823530058
226b05fe067266c59c15dae208213d06,1056.9,1393,0.45008077544426495,0.9572322433672973
55dedd83e501d8248880557d9073cbfd,1055.3,1394,0.45040387722132474,0.9573098866621992
04fdea0c111866e6cf812f1570d6b5bd,1055.0,1395,0.4507269789983845,0.9573875078847155
9d7a1d34a5052409006425275ba1c2b4,1054.82,1396,0.4510500807754443,0.9574651158638005
fcf16b7a8697e559f0123190bb30177d,1052.8000000000002,1397,0.451373182552504,0.9575425752221561
4324dd16853115efb0fd9d0d131ba6f4,1052.25,1398,0.4516962843295638,0.9576199941144716
bb135baca94c82fcb731335ad5b04a03,1049.8,1399,0.45201938610662357,0.9576972327489718
b7d5b4b87af9d42b601865d3f3810bff,1049.0,1400,0.45234248788368336,0.957774412523777
49067458c68f7701fd334ce326accbe0,1047.65,1401,0.45266558966074316,0.9578514929728474
1cbd32d00d01bb8087a5eb088612fd9c,1045.47,1402,0.4529886914378029,0.9579284130292495
c03121937e54a93fcc1825c3098bbb6e,1043.0,1403,0.4533117932148627,0.9580051513563438
89f69225956f951295ca4c7fb1266553,1041.3,1404,0.45363489499192244,0.9580817646065868
3d4824f20035949c710eaf111f869d39,1041.04,1405,0.45395799676898224,0.9581583587274287
1bc2e21de46adfea6b98cc96b00f3b40,1039.95,1406,0.454281098546042,0.9582348726519365
7c5b05cbdb5542049f38d90d7815b97d,1038.96,1407,0.4546042003231018,0.9583113137375722
633ecdf879b94b5337cca303328e4a25,1037.6,1408,0.4549273021001615,0.9583876547617266
7df1fc11cc5cbc518b39faa60cf5d67c,1037.6,1409,0.4552504038772213,0.958463995785881
c54679b132454625907c773d273d4126,1032.0,1410,0.4555735056542811,0.9585399247921719
8c5e007d7bd5693fa1386ffefbc99f6c,1029.11,1411,0.45589660743134086,0.9586156411678152
8f2b51a30523cdecddc2f179f351c7d6,1027.9,1412,0.45621970920840066,0.9586912685181702
76c47a299e4a8fe992316a85865acbe9,1024.46,1413,0.4565428109854604,0.9587666427718375
e58a5b390e28abc0b216cfb0e07d27d7,1022.6,1414,0.4568659127625202,0.9588418801767145
7994081388d55b9cf976c050653dd359,1020.0,1415,0.45718901453957994,0.9589169262875833
26785a546900236d66f2e4197c211158,1019.2,1416,0.45751211631663974,0.9589919135387573
7aa538dd6e114e503a2e6154ea352253,1016.68,1417,0.45783521809369954,0.9590667153818927
a13aaf2d2886ab9fb30fb9a920160b8f,1011.52,1418,0.4581583198707593,0.9591411375799966
28872dc528e978a639754bc8c2ce5a4c,1009.9,1419,0.4584814216478191,0.9592154405872186
5011f0d93373a4c5753adf58ca77af8d,1009.42,1420,0.4588045234248788,0.9592897082786238
5b664594895aefb418afaee6d40a9a23,1008.8,1421,0.4591276252019386,0.9593639303537655
00720abe85ba0859807595bbf045a33b,1007.5,1422,0.45945072697899836,0.9594380567819031
b45d7ebfb7378630f1bcd74b6ff86ff7,1007.5,1423,0.45977382875605816,0.9595121832100407
fb3cfbc8a86f5d7fbb4d36b8df63f60d,1007.3,1424,0.46009693053311795,0.9595862949232546
bc47d5d1490df2b36add65d733eafaba,1004.8,1425,0.4604200323101777,0.9596602226999225
980640c45d7a4635885491d077167e4d,1004.29,1426,0.4607431340872375,0.9597341129535346
ef9952469137ff190bacafe117f51537,1002.66,1427,0.46106623586429724,0.9598078832805187
515d781150feed28a6ac091bb0e3cb8c,1002.35,1428,0.46138933764135703,0.9598816307993709
2379bdc3888025689a9deb7b141507d5,999.5,1429,0.4617124394184168,0.9599551686305605
41c9d3997dd3c072c31139dc5bb5761f,998.8,1430,0.4620355411954766,0.9600286549595173
cb4a705d00e100b9732d0ca34817d441,998.0,1431,0.46235864297253637,0.9601020824287791
dff87e4de60c9736ce8df835951b09bc,998.0,1432,0.4626817447495961,0.960175509898041
b5e3e38609125694d2ea2417522a60b7,995.04,1433,0.4630048465266559,0.9602487195864321
8a43128d7f9a3db592b866e6861a6cce,990.6,1434,0.46332794830371565,0.9603216026035171
7ecef8194babfec876ca720714327841,990.5,1435,0.46365105008077545,0.9603944782631402
d1582f4043306e6b91afa6a8a884f898,990.0,1436,0.4639741518578352,0.960467317135454
6025c79c035c3d772133b8b8238463b2,989.74,1437,0.464297253634895,0.9605401368783671
8fdca8e349553f99bc738833a62c8802,989.34,1438,0.4646203554119548,0.9606129271914328
edd066cd02126d7800f9b66e980e9931,987.7,1439,0.46494345718901453,0.9606855968421241
e84ad2127668df3aafc6b73531a0beb8,987.0,1440,0.46526655896607433,0.9607582149905824
77dcbb67ccb3659bd58eaf5661560a30,984.0,1441,0.46558966074313407,0.9608306124151853
7a9c12e235c36247c3c81f50d6ea9cea,983.9,1442,0.46591276252019387,0.9609030024823264
325f3178fb58e2a9778334621eecdbf9,981.7,1443,0.4662358642972536,0.9609752306853067
83645b1645cdee8953ee54c29ceed564,978.9,1444,0.4665589660743134,0.9610472528793552
e0eabded302882513ced4ea3eb0c7059,978.4,1445,0.4668820678513732,0.9611192382860945
a99504ac23ed125aaf5302af6cc30af9,978.0,1446,0.46720516962843295,0.9611911942629864
8e670472e453ba34a379331513d6aab1,975.0,1447,0.46752827140549275,0.9612629295160228
3f2af2670e104d1bcb54022274daeac5,973.6,1448,0.4678513731825525,0.9613345617645933
c1ed9e3daf6154542826a6996af0fb8c,971.25,1449,0.4681744749596123,0.9614060211128103
ef2fbc2b607d8492bcffe657a4645434,970.8,1450,0.46849757673667203,0.961477447352449
528bcf6680c36dddf07620bd35b33a6f,969.98,1451,0.4688206785137318,0.9615488132609006
3c3017960b2dbd72711a61f0400aab8f,968.8,1452,0.4691437802907916,0.9616200923513024
9261d76c62caaf0b24677c2ceb7f8f20,968.7,1453,0.46946688206785137,0.9616913640842422
9e9b539eb2806acee3f5c28085c1db9f,967.0,1454,0.46978998384491116,0.9617625107403306
b19c48688808720822399ffa9f2dbe2f,959.99,1455,0.4701130856219709,0.9618331416383433
05730013efda596306417c3b09302475,952.0,1456,0.4704361873990307,0.9619031846751542
05a940b4ecae36cadfd8e93bd9c43257,952.0,1457,0.47075928917609045,0.9619732277119651
f0e103c63864d5405b958d984b6e94c9,951.7,1458,0.47108239095315024,0.9620432486763905
5b2e94f2c22b39ccc24d34ad0f669672,949.78,1459,0.47140549273021004,0.9621131283775483
07017df32dc5f2f1d2801e579548d620,946.49,1460,0.4717285945072698,0.9621827660182113
4f1f1c8666cdb6442f775c4e8caed465,944.98,1461,0.4720516962843296,0.9622522925612004
4e06067cc08b3f41d837768d392c3ee3,941.72,1462,0.4723747980613893,0.9623215792509332
6cf476a4ca74498db55cbccdaa9dcfb6,939.93,1463,0.4726978998384491,0.9623907342420988
69b5eaa096c3f9d1e5c398c597f567d6,938.0,1464,0.47302100161550886,0.9624597472342508
79a679c36c08d606b3fd47ead9de109b,935.0,1465,0.47334410339256866,0.9625285395025471
db46ca7bce82b11f7e247539271fc390,933.97,1466,0.47366720516962846,0.9625972559889866
3d621842b2ed28e2b474132480edac3c,928.91,1467,0.4739903069466882,0.9626656001878564
4ebdc7e6cd6102a022dadc49156d4ea8,928.7,1468,0.474313408723748,0.9627339289360562
c8025364abeecb115431bf95c11a747f,928.0,1469,0.47463651050080774,0.9628022061820232
bfd938b22bc99bce1ae60dc602889f52,922.8,1470,0.47495961227786754,0.9628701008399739
343e716476e3748b069f980efbaa294e,922.6,1471,0.4752827140549273,0.962937980783001
2d42ebcda99fd55f6f4bc2f1ca035d50,921.5,1472,0.4756058158319871,0.9630057797939477
670a9dda115b5a88b18cfadee8de2332,918.9,1473,0.4759289176090469,0.9630733875108863
7d7d2b7a51328016102d4528c411d630,918.8,1474,0.4762520193861066,0.9631409878703632
1caf283236cd69af44cbc09a0a1e7d32,917.6,1475,0.4765751211631664,0.9632084999402977
dc7192adf8ba09569261f4a8d576afe0,917.0,1476,0.47689822294022616,0.9632759678654611
e9729944ba65dc3ce425e0c5a22ae7b2,916.7,1477,0.47722132471728596,0.963343413718239
08d2d642cf72b622b14dde1d2f5eb2f5,914.0,1478,0.4775444264943457,0.963410660919547
32e5635e63cb374eb63afdd242fb6134,910.0,1479,0.4778675282714055,0.963477613822381
70849ca4f400aaabb62cb7462a6f1428,909.58,1480,0.4781906300484653,0.9635445358238751
3f9c56764fabca627406093dcb3ef0b4,909.3,1481,0.47851373182552503,0.9636114372244762
973f21788dfab357250f69a8dcb7ddee,909.0,1482,0.47883683360258483,0.9636783165526916
e5cbe890e679490127e9a390b46bbd20,908.99,1483,0.4791599353796446,0.963745195145161
9198786624eaeb375793215cad26cfa6,908.3,1484,0.4794830371567044,0.9638120229711435
4a1f694197d05fe70026b016a7316b41,907.77,1485,0.4798061389337641,0.9638788118025782
e250d617a0ad591ba9bd663e584a895d,904.12,1486,0.4801292407108239,0.9639453320866553
ae45df84722b1d15c5f32b23a095746c,901.83,1487,0.4804523424878837,0.9640116838848561
e1c76f339ebd5460999f25a2aa8c92c5,899.9,1488,0.48077544426494345,0.9640778936840434
7dc9a3355bae96dd82008b313d3a456c,899.0,1489,0.48109854604200325,0.9641440372660738
e51f22821f0c12a16ad5c020cdcd55e9,898.71,1490,0.481421647819063,0.964210159511465
1961c3e1272bfeceb05d0b78b5bbfdaf,896.0,1491,0.4817447495961228,0.96427608236964
4ef4c39cf3c24f326434cf0b2e48046a,891.0,1492,0.48206785137318253,0.9643416373547224
f8201cab383e484733266d1906e2fdfa,889.0,1493,0.48239095315024233,0.964407045190568
160e4f13fd3a64b1b86807be88b5ffb0,886.0,1494,0.4827140549273021,0.964472232302558
e1dc0754bada9ee4cfe9713f22f61292,885.0,1495,0.48303715670436187,0.9645373458399294
ffad1e7127fb622cb64a900751590acd,884.3,1496,0.48336025848142167,0.964602407875068
6b9b80d53ba3676eafe60268a810b5a1,882.7,1497,0.4836833602584814,0.9646673521908169
48985c61529077fa4f1e38bcff0f2ed3,879.3,1498,0.4840064620355412,0.964732046352863
e644cbadf7eeb30d0d29f335ce7d52ec,878.8999999999999,1499,0.48432956381260095,0.9647967110850617
134a288e7de827ec5ec62e3ec9c3a295,877.45,1500,0.48465266558966075,0.9648612691340636
68f86ba270525243e68ae74044f992b9,876.5,1501,0.4849757673667205,0.9649257572871778
1f867308a0ce13133a4e639ff4de0c02,875.1,1502,0.4852988691437803,0.9649901424358261
cac63f48c38cd7d002a7e846dcd99a23,874.0,1503,0.4856219709208401,0.9650544466523941
efff9341f3f8f5237b44ff67ed36a7bf,872.99,1504,0.4859450726978998,0.9651186765585974
9c690ceacd5c66731bf443ea810195cb,871.8,1505,0.4862681744749596,0.9651828189110048
bf00385a5f7fc1ef39a13c2e9ee50a5f,870.3,1506,0.48659127625201937,0.9652468509014844
eddd1991bd6d9309995a480c39b95137,866.0,1507,0.48691437802907916,0.9653105665211045
557f22c76691849db52d2abccf0015d0,865.8599999999999,1508,0.4872374798061389,0.9653742718402778
400f221ab83037c0ea78f1267da9624d,865.0,1509,0.4875605815831987,0.9654379138852793
ab3e0c171fe84a7ba7de130f19cfb485,863.42,1510,0.4878836833602585,0.9655014396823837
a67780aba9dd436e7ac0aa1f889e73ec,863.0,1511,0.48820678513731824,0.9655649345781482
41da412d33e8da4f22baf55cb1bde82c,862.9,1512,0.48852988691437804,0.9656284221164508
20cb7c2fde3e5bf10f0bbe7394e1c6a9,861.9,1513,0.4888529886914378,0.9656918360801351
6a8a889bde935bafa76d7848782dfaf9,860.8199999999999,1514,0.4891760904684976,0.9657551705832312
c4fabeea6e569d42d02993bb1f4f1cbc,859.3,1515,0.4894991922455573,0.9658183932529074
2c43fb513632d29b3b58df74816f1b06,858.0,1516,0.4898222940226171,0.9658815202755794
e8dba4d70f7f2b20e775d09cae01142d,855.91,1517,0.4901453957996769,0.9659444935272988
0aa124728afc1131dff5655f4c6f487b,850.92,1518,0.49046849757673666,0.9660070996416719
f783a638e9c6af4a7d0dbfde811e7a81,849.8,1519,0.49079159935379646,0.9660696233524723
1099a00e0ee3a50935e6c2447ca090c5,849.6999999999999,1520,0.4911147011308562,0.9661321397058107
010da0602d7774602cd1b3f5fb7b709e,849.5,1521,0.491437802907916,0.9661946413442254
4221a7df464f1fe2955934e30ff3a5a1,849.5,1522,0.49176090468497574,0.9662571429826402
a0d7fbb07bb5ebc3b05980e750db56f3,848.99,1523,0.49208400646203554,0.9663196070979996
3dbbce181edfaa4a597ec858c382d2ec,848.3,1524,0.49240710823909534,0.9663820204468723
fe1b067411b8c5066e962aa146ccee03,847.78,1525,0.4927302100161551,0.9664443955369432
113e3a788b935f48aad63e1c41dac1bd,847.35,1526,0.4930533117932149,0.9665067389899281
2dd1fb6f0e42a2243b8a01e40cd41216,845.89,1527,0.4933764135702746,0.9665689750239702
2b03ac196f5ed62ac483960fe0fa3b65,843.1,1528,0.4936995153473344,0.9666310057848265
ddd51ae8cda92f3995a51fc0f0f3eec7,842.6999999999999,1529,0.49402261712439416,0.9666930071158355
0791d9fc1e30678ecf03d3e55fa108d3,842.0,1530,0.49434571890145396,0.9667549569446116
a1544b9ea0b2390e020537d4daa89049,841.2,1531,0.49466882067851375,0.9668168479136927
a3b42d266fa8afc874b909422ce88582,839.4000000000001,1532,0.4949919224555735,0.9668786064484607
c37b2059d4f90d4feead554e5246565e,839.3,1533,0.4953150242326333,0.9669403576257669
6e4f5ff6b086632ba8dcb558fb10249e,838.9,1534,0.49563812600969304,0.9670020793732256
82cb9f452fe8334df74b22d37824b431,838.2,1535,0.49596122778675283,0.9670637496184513
eba88037e1dca898cd02881f67ced679,838.0999999999999,1536,0.4962843295638126,0.9671254125062152
b81e3a6c866a764974fe849821abeebd,836.1500000000001,1537,0.4966074313408724,0.967186931923473
28f10b1c5e5abb9d4857745bede6147c,835.0,1538,0.49693053311793217,0.9672483667299195
297d5eccd19fa9a83b2630071ff105e4,834.97,1539,0.4972536348949919,0.9673097993291276
1bb3812d5f0747a3ab7348f199001a10,834.4,1540,0.4975767366720517,0.9673711899908031
91543f9849d68d023e17194926598543,834.0,1541,0.49789983844911145,0.9674325512226312
c00396cbdd2e088fe4281baa5920aef1,832.4100000000001,1542,0.49822294022617125,0.9674937954708158
a2deecd5398f5df4987110c80a1972a3,827.4300000000001,1543,0.498546042003231,0.9675546733174003
8602a61d680a10a82cceeeda0d99ea3d,826.99,1544,0.4988691437802908,0.9676155187911527
1cd9e0cc1839d55516843def5600816d,825.0,1545,0.4991922455573506,0.9676762178514142
340636a908b13bbe0f4fb63fbe1d0c03,823.2,1546,0.49951534733441033,0.9677367844773624
51e4e89242cbb846c2deff3dc015650e,822.58,1547,0.49983844911147013,0.9677973054870472
10076e5788b8ee532724bcd460baf762,821.48,1548,0.5001615508885299,0.9678577455646518
28ea411b354f14b1a494be4e79f0ce02,820.0,1549,0.5004846526655896,0.9679180767518208
0aa2205ca24f113f4658a5c536667426,815.62,1550,0.5008077544426495,0.9679780856821608
63a79f5a7eb5cb48a7e5787b141c7993,815.1000000000001,1551,0.5011308562197092,0.9680380563536992
daf565f087a52def0fd5c5825b3661bc,813.9,1552,0.501453957996769,0.9680979387356954
dc64d75cc406bb0697be983831430e60,813.0,1553,0.5017770597738288,0.968157754900535
a1bea7061f61f6fdd9a85a6325ba1033,810.9499999999999,1554,0.5021001615508885,0.9682174202374066
5996cddab893a4652a15592fb58ab8db,810.0,1555,0.5024232633279483,0.9682770156783906
17adeba047385fb0c67d8e90b4296d21,809.6999999999999,1556,0.502746365105008,0.9683365890469892
bd4431c1a8dfa744b59e1e2a8bc99b9e,809.5,1557,0.5030694668820679,0.968396147700664
14ee35374a7876217954b5fa08e50463,809.0,1558,0.5033925686591276,0.9684556695670296
ba5daa4041e1f15cdf34b76e3e18a450,806.8000000000001,1559,0.5037156704361874,0.9685150295692345
caa9bc43a9fe8cf9c564ddd8a03cc4a6,803.8699999999999,1560,0.5040387722132472,0.9685741739978071
a72c2f59332659e361d647515c698798,802.9,1561,0.504361873990307,0.9686332470589999
11eac105f3f90a9b87b19c89d91e24f3,802.89,1562,0.5046849757673667,0.9686923193844466
ba6b4a237f92479743cf0ca06b67a9ac,801.89,1563,0.5050080775444264,0.9687513181352746
253f95b3a0e6983ae18aed49fbc2b845,799.5,1564,0.5053311793214863,0.9688101410427644
7a91bf945c6fae0779f1c61ce97fe45c,799.5,1565,0.505654281098546,0.9688689639502542
9c7fd21e0aa159b20da593371f08ff7c,798.3,1566,0.5059773828756058,0.9689276985682019
a247197e2e9c19a6a53a6888cb8b660f,798.0,1567,0.5063004846526656,0.968986411113764
13511db12ac61e2f89c53b72a944a60b,798.0,1568,0.5066235864297254,0.9690451236593262
365e4bce19bda0082c3d15d83fdb8bcd,796.4,1569,0.5069466882067851,0.9691037184854987
5a05a16bb50629ee31afab8a6d4c2674,794.3,1570,0.5072697899838449,0.9691621588049724
e3a386fc36e22064434e1fa256f6a9fa,793.9,1571,0.5075928917609047,0.9692205696945987
0d4c8269e7f0401201794deef160edd6,792.64,1572,0.5079159935379645,0.9692788878802057
52956b80ae65fda598f06f6b9943e7a9,792.0,1573,0.5082390953150242,0.9693371589780567
5962468f885ea01a1b6a97a218797b0a,791.0,1574,0.5085621970920841,0.9693953565012894
3d5d0dc7073a299e31fa718ce1bc00b6,790.7,1575,0.5088852988691438,0.9694535319521363
134b867a0f7f8bbe6abf10f91874891e,789.89,1576,0.5092084006462035,0.9695116478075425
f9eedec3129e8cc6b6429c42d0808c5b,789.8,1577,0.5095315024232633,0.9695697570412329
ac6417315ae5da8f9a38ee11de6f7780,788.9000000000001,1578,0.5098546042003231,0.9696278000577667
2305ab43e846518f58dd9d59f3f54e96,788.89,1579,0.5101777059773829,0.9696858423385544
4c61e37f664c3c88aff092aa5ac779d7,788.31,1580,0.5105008077544426,0.9697438419460632
3492e68f37fd1df87f4f2f2ea247f445,787.86,1581,0.5108239095315025,0.9698018084449936
da03c298e3999e9d828591fc2179d109,787.7,1582,0.5111470113085622,0.9698597631719852
1cbd50a8c52e6cf8e315c5709fab386f,785.97,1583,0.511470113085622,0.9699175906148868
9d681c7e12db302cb261e721040dde65,785.6,1584,0.5117932148626817,0.9699753908351795
9535a841eecebed61a9fb1ac1cbb5597,784.9,1585,0.5121163166397416,0.9700331395532392
de09d00cfc265b8804c7df34075a68fa,784.0,1586,0.5124394184168013,0.9700908220541423
5f06030071324cc52bf0304014ac7234,783.96,1587,0.512762520193861,0.9701485016120608
d4f117125b59ce73c3302f88ee40c458,783.2900000000001,1588,0.5130856219709209,0.9702061318749847
ef30892870c278497523264be1be2241,783.2,1589,0.5134087237479806,0.9702637555161929
52a52b9f656520e99716f5bc40f661c8,783.1,1590,0.5137318255250404,0.9703213717999394
41c2bad7229b0c25e6becf179ebf63ff,782.0,1591,0.5140549273021001,0.9703789071516055
11742f81550ac064cc9a40f67151d9ad,781.9,1592,0.51437802907916,0.9704364351458098
70bf57d811208f8923b41bbd499a67a4,780.8,1593,0.5147011308562197,0.9704938822079338
e560e4022d8f7aebf155db95946c5c0f,780.0,1594,0.5150242326332795,0.9705512704103629
cb6c9f5888a7a090c75beaf615925792,779.8900000000001,1595,0.5153473344103393,0.970608650519584
6524b847b982cd56bb5d4b02b776ee42,779.8,1596,0.515670436187399,0.9706660240070895
4deebb3199eeafb282ae33229144f94b,779.7,1597,0.5159935379644588,0.9707233901371329
5a413ade68e8f8d93071a7f52a64cb9e,778.9,1598,0.5163166397415185,0.9707806974074817
d66c11a9572221d92fbb8c4897db5f9b,776.56,1599,0.5166397415185784,0.9708378325132233
71271995e85f5b8530be99ed54a91b89,776.0,1600,0.5169628432956381,0.9708949264171784
74636e24f01da9268b0ed88dacd8513e,776.0,1601,0.5172859450726979,0.9709520203211335
5c3460cd3e8a984382ae254e7dd20d9f,775.76,1602,0.5176090468497577,0.9710090965671802
d9442042130b7fe579d1295f9f4a248f,772.16,1603,0.5179321486268175,0.9710659079446002
25be943a321c8938947bdaabca979a90,769.0,1604,0.5182552504038772,0.9711224868262259
0ff83046c3fa22efee8ecf291888b191,768.9000000000001,1605,0.518578352180937,0.9711790583503898
4a1917ef994878940e1fb03eeb787ad7,768.0,1606,0.5189014539579968,0.9712355636573968
562f8cfc51f265411f487d07e9c40e7f,766.9200000000001,1607,0.5192245557350565,0.971291989503816
80f2cf9abf6b5a0e5c612b5eea6646e6,766.08,1608,0.5195476575121163,0.9713483535475556
6f83d9e4da896daae20b9b6b2d3ff8d2,765.19,1609,0.5198707592891761,0.9714046521098847
0b36063d5818f81ccb94b54adfaebbf5,765.0,1610,0.5201938610662359,0.9714609366930363
5acd070dd3fe441bbb2ec1f1ede515ee,764.1700000000001,1611,0.5205169628432956,0.9715171602092546
2063dd1b9f568df1c16741ea7d3e6adb,763.1,1612,0.5208400646203554,0.9715733050006311
39c763cca83e654764b7a4a650fb9b7c,761.0,1613,0.5211631663974152,0.9716292952853087
a56e351445e5863fc8960640ba9190c7,760.9200000000001,1614,0.521486268174475,0.9716852796840169
ca77545ca4d2dfd1431bf61334e2fa3c,760.0,1615,0.5218093699515347,0.971741196394076
ac51cac5e20d69ff485a54746488ef48,759.9,1616,0.5221324717285946,0.9717971057466733
7c51de0ab286204ce75ff42bf7c10d92,759.0,1617,0.5224555735056543,0.9718529488821139
458c6fa920810ce2492da71bc26d9eec,756.76,1618,0.522778675282714,0.9719086272104092
cf654707ed6a99f112c7ec3d6f314b8b,756.0,1619,0.5231017770597738,0.9719642496219942
312ba1d77e9c332ef21f9598b7f64cd7,756.0,1620,0.5234248788368336,0.9720198720335794
21c62b998a043ebe31161d38f84929fc,750.49,1621,0.5237479806138934,0.9720750890490166
61c36f0fc4a47f9532e5512b66668e62,750.0,1622,0.5240710823909531,0.9721302700128908
9dc79dd988ac42f4d56c340d7048420a,749.6,1623,0.524394184168013,0.9721854215469176
87d3c3aeb3ead335511b3ce315eb341e,749.35,1624,0.5247172859450727,0.9722405546872896
fd435faa3c0422b60440ea3480d0e77c,749.0,1625,0.5250403877221325,0.9722956620765453
191d55f7edb8524d525ed01b20fe32e8,747.0,1626,0.5253634894991922,0.9723506223165639
8d46553a36e68f95350a200c12f8f2e2,746.5999999999999,1627,0.5256865912762521,0.9724055531267352
c89cf7c468a48af70aada384e722f9e2,745.0,1628,0.5260096930533118,0.9724603662175167
ba6ce6de456f6c11d08c17701ba5c26f,744.35,1629,0.5263327948303715,0.9725151314847964
e8a85b5f3df47be0984c55fd4064dbb4,743.0,1630,0.5266558966074314,0.9725697974263411
6e864f5c4669eff3d98140a07cc50202,740.59,1631,0.5269789983844911,0.9726242860530552
2ba91c7ad80ff88b23b7db823b43c233,740.4,1632,0.5273021001615509,0.9726787607005917
5bba18b40e8c973b0f32e748004775b0,739.98,1633,0.5276252019386106,0.9727332044467886
c522be04e020c1e7b79f3acff36513d5,739.9300000000001,1634,0.5279483037156705,0.9727876445142544
8a40ae794fa3f9892cee24bd5af0488b,739.8499999999999,1635,0.5282714054927302,0.9728420786957507
ba6b68b55fe8704377a7d43c8e5c0185,739.77,1636,0.52859450726979,0.9728965069912776
6bb62a4912377c7bfe7cb17b406bc7e6,739.52,1637,0.5289176090468498,0.9729509168931498
8c91bfea4263b8fba54081460693e2a1,739.0,1638,0.5292407108239096,0.9730052885362205
e73bf2cea7fe4b0b4d287a7568ed1099,737.7,1639,0.5295638126009693,0.973059564532287
89dda63a3c907c468ec88c310ed91213,734.99,1640,0.529886914378029,0.9731136411411375
56db5c0782e8f7ddc9343f9576ff6d16,734.8,1641,0.5302100161550889,0.9731677037708106
4200ddf1967c5e41e48db62bc6d4b5ac,734.8,1642,0.5305331179321486,0.9732217664004836
6e1862e15f33d9994bc25922a85e1efc,732.49,1643,0.5308562197092084,0.9732756590727879
808d4348b916efa08e766ebad39f61eb,731.1,1644,0.5311793214862682,0.9733294494763723
33cbbec1e7e1044aaf11d152172c776f,730.6700000000001,1645,0.531502423263328,0.973383208242871
da4d149c0ddbac90557103ac0a0ec356,730.0,1646,0.5318255250403877,0.9734369177143751
014d9a685fd57276679edd00e07089e5,729.88,1647,0.5321486268174475,0.9734906183569251
7210cd29727d674c00741e5e387b3ccd,729.0899999999999,1648,0.5324717285945073,0.9735442608755264
da6a60cc8cc724fe51be021ff8be779c,728.7900000000001,1649,0.532794830371567,0.9735978813217422
aac51c486b672a9850d59f3e84b1cf88,728.28,1650,0.5331179321486268,0.9736514642449025
8132b9bd16876e1b0f8808d43825dd48,727.9,1651,0.5334410339256865,0.9737050192097078
f19516b9ff26bfeb091b30108db4ddbd,727.6,1652,0.5337641357027464,0.9737585521021276
d29ba1220fb8634fa3a107e54497b8a4,724.94,1653,0.5340872374798061,0.9738118892860621
fe1bbc5feda5c8979a8a1b3b2512d5a6,724.72,1654,0.5344103392568659,0.9738652102835806
6d22a1fcebb6dd08c9cd90b92a93e8d0,723.7,1655,0.5347334410339257,0.9739184562349882
d9e7e7778b32987280a6f2cb9a39c57d,722.5,1656,0.5350565428109855,0.9739716138968536
07d75e33f2750d97d467fb57e4dfdd8a,722.4,1657,0.5353796445880452,0.9740247642012573
c8cc60ffd415254af5d9b9f34f32c369,722.2,1658,0.535702746365105,0.9740778997907371
b16d3dadc47d4eb18be3d88bad0775ce,722.1,1659,0.5360258481421648,0.9741310280227551
94231344608e603693b0a8891143f65d,722.0,1660,0.5363489499192245,0.9741841488973112
d79e8478eed9999493990b44955fb22e,721.89,1661,0.5366720516962843,0.9742372616786594
68ca56ce86830f3d31b1b7ec6a54da3e,719.5899999999999,1662,0.5369951534733441,0.974290205238385
07de60b03d150fb3ea09eab5da5e4c8b,719.1,1663,0.5373182552504039,0.9743431127465475
75a4764c108403a7a0575140cb22287c,716.9,1664,0.5376413570274636,0.9743958583905494
d558ebe531605a1285ab2b1bc3256dfb,709.0,1665,0.5379644588045234,0.974448022795065
024b564ae893ce8e9bfa02c10a401ece,706.4000000000001,1666,0.5382875605815832,0.9744999959055727
e21a1e8be4715b0fcfd5385643bc49c4,703.6,1667,0.538610662358643,0.9745517630071485
18e694e0e48ed6f7aa3f24aade5fd697,701.54,1668,0.5389337641357027,0.9746033785450101
39d61be7a92eb77b7da367bd4845bc0e,700.59,1669,0.5392568659127626,0.9746549241869842
3ef37b7ca6dd2b80bd8af81a62504996,700.0,1670,0.5395799676898223,0.9747064264199334
328acb143b4a73aad6bee8e734f5d20d,699.98,1671,0.539903069466882,0.9747579271813903
1b4b28463457a256e9a784ebe2a8f630,699.42,1672,0.5402261712439418,0.9748093867410608
59cea8e446d3834393058e7e0666b6fb,696.5999999999999,1673,0.5405492730210016,0.974860638820307
c7fdb77fdbff3c41981bc52f787e959e,696.32,1674,0.5408723747980614,0.9749118702986602
0d83f8e03188682112cc0d93523705cc,696.26,1675,0.5411954765751211,0.9749630973625362
fac35d150712afb921ec59ac5f39bb11,696.0,1676,0.541518578352181,0.9750143052970114
1352e06ae67b410cdae0b2a22361167b,696.0,1677,0.5418416801292407,0.9750655132314866
83d7070a0b9a8b4625fa8682b819fabb,694.77,1678,0.5421647819063005,0.9751166306691811
73b8eb4a9a729d4019b24ed1be748cbf,692.41,1679,0.5424878836833602,0.9751675744707758
b4b447d715f9ab302a188fb43d3e96b3,685.9300000000001,1680,0.5428109854604201,0.9752180415088427
b2c97074649f92197d9387d9033dda5f,684.71,1681,0.5431340872374798,0.9752684187858752
4e6015589b781adaa5ce7f1892d06bb1,684.0,1682,0.5434571890145395,0.9753187438249284
2fb25ab44bdbeae6a4d816e0d0c9d500,683.08,1683,0.5437802907915994,0.9753690011753327
9aa388272ee334b6ae07bc73706e254a,678.0,1684,0.5441033925686591,0.9754188847666748
d9cd369bffa979d1634f8e1318bf2f1b,678.0,1685,0.5444264943457189,0.9754687683580171
89a51f50b8095ea78d5768f34c13a76f,677.16,1686,0.5447495961227786,0.9755185901466797
a513150f33f99a06569e9cd5c4bb889b,677.0,1687,0.5450726978998385,0.9755684001634035
6861de0f40cacb0602e473c51639f980,674.0,1688,0.5453957996768982,0.9756179894562718
c6218512d16fcac0af02fe92691cf274,674.0,1689,0.545718901453958,0.97566757874914
8c0de775f52fe41590b376a3b7c50f68,672.7,1690,0.5460420032310178,0.9757170723950042
7354220fb240bde543b3c40c060d41e7,672.0,1691,0.5463651050080776,0.9757665145386354
e4ebd3f87bf70440014f07ddda7fbe03,671.5,1692,0.5466882067851373,0.9758159198949573
0a85ebe4e328db81ac9109781205e2f7,667.9,1693,0.547011308562197,0.9758650603826527
6824a69c9ea0313eba299dd4a2dba09a,666.9,1694,0.5473344103392569,0.9759141272957297
7bcd7c5f8631701474db233ccf1c094b,666.0,1695,0.5476575121163166,0.97596312799165
5f7300535881cef3b625fd683cf7d145,665.98,1696,0.5479806138933764,0.9760121272160778
55c26bcb609f480eb7868594245febb5,664.4000000000001,1697,0.5483037156704362,0.9760610101926085
bdae679a9b282249bc23b9b69dae9a99,663.15,1698,0.548626817447496,0.9761098012008661
1430239a858e7682bbc43b20758af153,660.79,1699,0.5489499192245557,0.9761584185730239
49383af7ab774e4e8f3000f49c83dc4b,660.0,1700,0.5492730210016155,0.9762069778212331
299c89a525fee36c567f4fe72f038100,658.0,1701,0.5495961227786753,0.9762553899202053
525e75a6fb1454a2325ab1734bcec221,657.0699999999999,1702,0.549919224555735,0.9763037335947824
b0398568231ba5e6734af1881671a317,656.77,1703,0.5502423263327948,0.9763520551969739
c447f8dd3ed213f291d65ef074a268eb,655.0,1704,0.5505654281098546,0.9764002465720907
b7cc6c5e001441ae8cdd5c69a480cbe4,651.8,1705,0.5508885298869144,0.9764482025084282
cd3d09fbe6e3e9ff0c0ac0c300e93ae7,651.04,1706,0.5512116316639741,0.9764961025280557
5d043cd5512d4bd2f88e5ccdd5736c38,650.0,1707,0.5515347334410339,0.97654392603008
43402bdf22aa2310e8f99e2f94f78628,649.95,1708,0.5518578352180937,0.9765917458533733
f435898e493ba0356019a0b1cb8b55b1,649.76,1709,0.5521809369951535,0.9766395516974891
236585a4ddb5fea9fa40233e2249ed91,649.53,1710,0.5525040387722132,0.9766873406194425
9cad4b68bb993ee401a3c5aaa2bc26dd,649.3000000000001,1711,0.5528271405492731,0.976735112619234
54aa8463e87776b5612f4bdc4bd5d4de,649.3,1712,0.5531502423263328,0.9767828846190253
95b293867b5862941c9cd74f756a3c68,648.0999999999999,1713,0.5534733441033926,0.9768305683292744
b26741d31a563d769b4af0465ab20c56,648.0,1714,0.5537964458804523,0.9768782446820616
72c38a04bd6a1c3dbc5298425a0db86d,647.3,1715,0.5541195476575121,0.9769258695326161
2aa3443d7bf9d9bb11133f420d75e083,647.0,1716,0.5544426494345719,0.9769734723107848
13f57c12a00ed4610db646b913a7f5c6,645.2,1717,0.5547657512116316,0.9770209426546402
ad273c9eb54ecb4532de4bf75bae9e4e,645.0,1718,0.5550888529886915,0.977068398283572
8d899e15a5925f097cca50faa49b15e3,645.0,1719,0.5554119547657512,0.9771158539125038
f3295428338a40977a03f555246a70f4,644.98,1720,0.555735056542811,0.9771633080699431
5882f40daf39bc2a465e0cb453ddc222,640.0,1721,0.5560581583198707,0.9772103958257824
bd1d49a326abfa9b1036772e40445430,637.7,1722,0.5563812600969306,0.9772573143599991
bc503e244f187939d10c92a5c8e378ce,637.6700000000001,1723,0.5567043618739903,0.9773042306869772
7b98de631987e26dd6d803490c43a13c,634.2,1724,0.55702746365105,0.9773508917100292
385799a1cddbd26dfeb9157356a42282,633.93,1725,0.5573505654281099,0.9773975328679342
be8e909810184b9b19e886129149d8e5,629.85,1726,0.5576736672051696,0.9774438738413956
c33a5c3c983090c8b78a28e65052a20d,629.1,1727,0.5579967689822294,0.9774901596338933
685b870da5b52a710782c9c0fefbeb5b,627.0,1728,0.5583198707592891,0.9775362909196921
8759e7aedd644f487315e5860962f162,627.0,1729,0.558642972536349,0.9775824222054909
0570350b23eda5444f8d1d9544932058,626.9,1730,0.5589660743134087,0.9776285461338278
d8cf3b6a2151949f930d0252b180ec42,623.6999999999999,1731,0.5592891760904685,0.9776744346233854
3969863bb8af7f72580b3b1ffd3a17b3,623.15,1732,0.5596122778675283,0.977720282646903
26bad72add1f86e08a776ce4ffdaf1ca,622.0,1733,0.5599353796445881,0.9777660460596094
b5bb2b985208834bd5bd86c7a402bbad,621.06,1734,0.5602584814216478,0.9778117403121743
6b15924333bd1a741595fe981ea04822,614.3199999999999,1735,0.5605815831987075,0.9778569386718106
b0b346d3a89f5eb4c2968af3f083cd43,614.0,1736,0.5609046849757674,0.9779021134875688
1d29dfba02015238dfbe2449a5eaa361,612.8,1737,0.5612277867528271,0.977947200013785
b44dbfbf62e52125f3c15d230569ea91,609.37,1738,0.5615508885298869,0.9779920341790597
3d3ccf2b2f8134b10dce9dd446f0e075,608.6,1739,0.5618739903069467,0.978036811691878
c6a7539d424a8402232c2228d7a03c5e,607.5,1740,0.5621970920840065,0.9780815082726161
2059c39f76271d4ca3f15b5ffaccc8b8,604.9,1741,0.5625201938610662,0.978126013559346
aae5e7b457a3c72ee230a47d98fceda5,604.8,1742,0.562843295638126,0.9781705114886142
5a6a02f419701fc8c605af71d4fc57a4,600.5,1743,0.5631663974151858,0.9782146930470228
6179a28a13a726c29b3bf54c070dccab,600.0,1744,0.5634894991922456,0.9782588378181221
1588ac4010787100dddef64568f0ae35,599.97,1745,0.5638126009693053,0.9783029803819829
ad8ada0ffa993cb1197d102d9ab21a3e,599.8,1746,0.5641357027463652,0.9783471104381586
8e29d051f810eb22959ede205b462b9f,599.8,1747,0.5644588045234249,0.9783912404943342
3be5841cdcc46de4ed3f9116f104b2c5,599.6,1748,0.5647819063004846,0.9784353558355862
53336f97ddbe53e2a617d07b17447b95,599.5,1749,0.5651050080775444,0.9784794638193762
d94ba08b99bedd6a5f6c875ecc4a6fac,599.0,1750,0.5654281098546042,0.9785235350158571
262237171f48e85819065498cac80d7b,599.0,1751,0.565751211631664,0.9785676062123378
d0d70d21e2234dd7cd3cf63fe414148a,598.4,1752,0.5660743134087237,0.9786116332640477
638cba8be1fb599bbb76fd6948351eb3,598.2,1753,0.5663974151857836,0.9786556456008336
8bd0e3abda539b9479c4b44a691be1ec,596.55,1754,0.5667205169628433,0.9786995365394991
791cfcfe22fe4a771ece27f90017da92,596.26,1755,0.567043618739903,0.9787434061415252
38e6dada03429a47197d5d584d793b41,596.14,1756,0.5673667205169628,0.9787872669145972
11938fcc75f6902fea1d0a6f72b54a57,594.98,1757,0.5676898222940227,0.9788310423411117
3d68c634a99a1ba46dbca3967a69c623,594.0,1758,0.5680129240710824,0.9788747456645001
eebb3372362aa9a46975164bed19a7e7,591.9200000000001,1759,0.5683360258481421,0.9789182959526819
6e0908ef4d4efadbc3cc2b74ea477cb0,589.4499999999999,1760,0.568659127625202,0.978961664511556
768a86e36ad6aae3d03ee3c6433d61df,587.46,1761,0.5689822294022617,0.9790048866569394
6e4a902d1054e4e17aa6eab87fac1c75,586.57,1762,0.5693053311793215,0.9790480433209123
b274baf5bbd142410eb2958cf685d684,585.9,1763,0.5696284329563812,0.9790911506898908
bf961104a38e01b9062ee026bb657dee,585.56,1764,0.5699515347334411,0.979134233043499
851773c885feb5e2da3b4f82bc2b17ce,585.3000000000001,1765,0.5702746365105008,0.9791772962677064
70b52a4cfc823994561b00bad161b4ed,585.0,1766,0.5705977382875606,0.9792203374195283
83353a83fd769dfafa4f21a72b15e3e5,579.5,1767,0.5709208400646204,0.9792629739109484
be3b4b0f050a6aa1b2d901c4b77e979f,578.1999999999999,1768,0.5712439418416801,0.9793055147553644
f524ad65d7e0f1daab730ef2d2e86196,578.0,1769,0.5715670436187399,0.9793480408848567
01c97ebb5cdac52891c0ed1c37ba0012,577.5,1770,0.5718901453957996,0.9793905302270398
5ef131ac72773e5b3f6c0d63cf424657,575.79,1771,0.5722132471728595,0.9794328937566252
ed8cb7b190ceb6067227478e48cf8dde,573.5,1772,0.5725363489499192,0.9794750888003343
26af45f5dfd967225a832838aa4e24a3,573.1,1773,0.572859450726979,0.979517254414196
9599519be538b98748162a2b48248960,570.0,1774,0.5731825525040388,0.9795591919467403
4e326052e5dbba8adcd512f3450a307e,570.0,1775,0.5735056542810986,0.9796011294792847
a35ef466c6fd6d052f5d241240d3c5e2,569.9,1776,0.5738287560581583,0.9796430596543673
3f9be91358837bff69df67edfa3e42e8,569.7,1777,0.574151857835218,0.979684975114526
a254c682cc01e119f83530446f1df9a9,569.4000000000001,1778,0.5744749596122779,0.9797268685022993
cd2169d9f31ff6fbb9ca3373b0c9e354,569.0,1779,0.5747980613893376,0.9797687324602251
4170f6a9367e6b5d6401d03ce6d54569,568.78,1780,0.5751211631663974,0.9798105802317348
89ad3263c0931c47f976d7c5778e60f6,568.2,1781,0.5754442649434572,0.9798523853299659
f52c2422904463fdd7741f99045fecb6,567.79,1782,0.575767366720517,0.9798941602626032
b7ed9fb14c8eadb37adb9c45d67ab0fb,566.0,1783,0.5760904684975767,0.9799358034966736
2f74af7a0ee5636f12c2336f9fffed47,560.6999999999999,1784,0.5764135702746365,0.9799770567852658
b12cfd255810394b60caef18ae163547,560.0,1785,0.5767366720516963,0.9800182585716253
6dc9bec584588412a6a338830946a3e4,560.0,1786,0.5770597738287561,0.9800594603579846
5f5a58930c3c35f3b5af264f34fb8c85,560.0,1787,0.5773828756058158,0.980100662144344
820c7c9eaf76d2b226b6c242bcf3f34d,559.0,1788,0.5777059773828757,0.9801417903560848
35b96509602ec4b7da831b5cd73ff2c2,558.9,1789,0.5780290791599354,0.9801829112103638
6eeed17989b0ae47c9f11ece6f38ea90,557.0,1790,0.5783521809369951,0.9802238922728678
48fb026ed7455a42f5d3e9390ed5088e,555.71,1791,0.5786752827140549,0.9802647784241137
8a207b6080964f3c1fc9d35bd6096ba4,553.7,1792,0.5789983844911147,0.9803055166903766
74871d19219c7d518d0090283e03c137,550.0400000000001,1793,0.5793214862681745,0.9803459856735356
eb9cd5b35d95206585e2185318cb5c61,550.0,1794,0.5796445880452342,0.98038645171371
bb2afe2061d53c6968aa0cffa233a8ec,549.4000000000001,1795,0.5799676898222941,0.9804268736091133
e433f5fd4050e3352b5d83522b7fe24b,548.06,1796,0.5802907915993538,0.9804671969145278
0d33a55da925bbf1ff02af5f6059fc7f,547.3,1797,0.5806138933764136,0.9805074643032323
6c99c983ce3b6ba0ab813e6790e81691,546.75,1798,0.5809369951534733,0.9805476912258966
9c1c0c36cd23c20897e473901a8fb149,544.97,1799,0.5812600969305332,0.9805877871857399
af7cdac9d9897cddead9c6b08976c642,543.54,1800,0.5815831987075929,0.9806277779338788
4cc4fd4fdd406a85bbdc1f824b731bd7,539.98,1801,0.5819063004846526,0.9806675067563758
228e4c1a0be164f613d41c24345f9d2c,539.7,1802,0.5822294022617125,0.9807072149779795
6c17baf138731a4aaacc3210adf2037b,538.8,1803,0.5825525040387722,0.9807468569824268
79ee721b6f766066a80264402548d359,538.0,1804,0.582875605815832,0.9807864401271792
08d1c9478fb0d7d7fcac9c0da4e82fc7,538.0,1805,0.5831987075928917,0.9808260232719316
ff314fa6033cc68ec451c47aee2d6ba4,537.9,1806,0.5835218093699516,0.9808655990592222
1fe61aa5494bd3ae92a2c13e067c810f,537.76,1807,0.5838449111470113,0.9809051645460661
cb9fb4ca75d7ba8437480e8dde64fe98,532.14,1808,0.5841680129240711,0.9809443165435541
1f7fd2a6fcd5a6fa5d8a4dabc72aaae0,531.8,1809,0.5844911147011309,0.9809834435256719
6650fcccd8cd2f7e55ffa524f30c4c59,529.7,1810,0.5848142164781907,0.9810224160010906
2e7ea2aafec5835e781b21d6d1faf1f1,528.4,1811,0.5851373182552504,0.9810612928295055
7402d13c03a7e91366337cd1de471144,528.38,1812,0.5854604200323101,0.981100168186428
6879c4d287a8dd06b11f54ea8f78e4da,527.67,1813,0.58578352180937,0.9811389913053713
979e9f8b5b39dd243a2550c8b05aecf0,525.0,1814,0.5861066235864297,0.9811776179800832
3968920b9aa752ab98f7d5888c9252f2,523.3,1815,0.5864297253634895,0.9812161195779437
02b72cdeb9cfcc429f1af6f4e3f3b737,522.65,1816,0.5867528271405493,0.9812545733523022
6e13dd869aa7185f601c941423abcc8f,522.0,1817,0.5870759289176091,0.9812929793031585
c026ef0d72e9132d9fa112308090c8dc,520.0,1818,0.5873990306946688,0.981331238104778
fc59392d66ef99377e50356ee4f3b4e1,519.99,1819,0.5877221324717286,0.9813694961706512
f9ec7093df3a7b346b7bcf7864069ca3,519.2,1820,0.5880452342487884,0.9814076961125757
d197aa8fbc64087f61984deef05f6227,519.0899999999999,1821,0.5883683360258481,0.9814458879612923
b6dc74ed30f124f95227bed4e43a3bed,518.9599999999999,1822,0.5886914378029079,0.9814840702453086
ff4e2d38692ce827b1a4f4b8196e680d,518.9,1823,0.5890145395799677,0.9815222481148477
a7dc4098e4da6e41b426269d12ae7e91,518.0,1824,0.5893376413570275,0.9815603597672301
7e79d65b5c6f1f544b7daea036acf720,517.8,1825,0.5896607431340872,0.9815984567046888
3296662b1331dea51e744505065ae889,517.8,1826,0.589983844911147,0.9816365536421476
9e6967d3cf386d284251784b18ccb485,517.67,1827,0.5903069466882068,0.9816746410149059
64cc804291f90c81f02bfc2bb58ff55a,517.6,1828,0.5906300484652666,0.9817127232374409
1d503743d2526f03f0c2c89540ee008c,516.04,1829,0.5909531502423263,0.981750690683571
b87a7ea0c30fad2dd6781b74a0064859,515.4,1830,0.5912762520193862,0.9817886110419454
a06c8ff043abea0528ee44171e2140a2,514.5,1831,0.5915993537964459,0.981826465183163
c157bdeedcbc9a8e3c8bf0d87ff24428,514.27,1832,0.5919224555735056,0.9818643024022183
7e959205cebc10adefcb331f934238a4,513.9000000000001,1833,0.5922455573505654,0.981902112398665
4a82168aaef173cbb6e46ae88728f919,512.0,1834,0.5925686591276252,0.9819397826033364
c84592044b180dec206770c38603814b,511.94000000000005,1835,0.592891760904685,0.9819774483935306
2b2fed75b8e5ea3a052fc4c0825da485,510.9,1836,0.5932148626817447,0.9820150376661217
c3aad7dc65449ae90a5e9c3c6c1e78e0,510.0,1837,0.5935379644588046,0.9820525607215562
c53bcd3be457a342a97e39e5a9f0be22,509.5,1838,0.5938610662358643,0.9820900469896814
270d3ef21830ad0ecf3a6c53d08a533a,509.0,1839,0.5941841680129241,0.9821274964704972
4be6b962d83299498bae2190f95d6566,508.8,1840,0.5945072697899838,0.9821649312363896
f650a9708fa1bab22bdd8d3a818cc415,507.75,1841,0.5948303715670437,0.9822022887489323
33cbda8716511e27e556dff9d8418bf2,507.4,1842,0.5951534733441034,0.9822396205103587
5e49e3a44bdeb5aab2684258bbd4f525,507.0,1843,0.5954765751211631,0.9822769228419376
3ea00e1dea2b0659dbaf654735929220,505.0,1844,0.5957996768982229,0.9823140780242795
e627629ba868740e287800f1a9be81c2,504.5,1845,0.5961227786752827,0.9823511964193122
2493dc3f20131696a0ecdb9948051a8d,504.38,1846,0.5964458804523425,0.9823883059853907
20a7efa9721046319bdde5d60b6b5365,501.2,1847,0.5967689822294022,0.9824251815841823
39a5005f2605cbdb4f9ac14485cabfd1,501.07,1848,0.5970920840064621,0.9824620476182736
28fb0829fd777877cdc350d25cb5bd5b,499.6,1849,0.5974151857835218,0.9824988054976755
97e995629983723d11830a829bc2b246,499.5,1850,0.5977382875605816,0.9825355560196157
13c2ed7698b3ca92dad49e849219da59,498.61,1851,0.5980613893376413,0.9825722410601454
265fdc289dffa9f1ad801c74f7d0de47,495.0,1852,0.5983844911147012,0.9826086604963024
e59e489e2ea74bd409b798b5daf49de3,495.0,1853,0.5987075928917609,0.9826450799324593
ccbd753e6863fe7314dc6c0ca5a074e7,495.0,1854,0.5990306946688206,0.9826814993686163
c458e2045a8aa8964f8879af03fdcce6,494.91,1855,0.5993537964458805,0.9827179121830575
fcba71d4d5db057f43249145e4eb1e27,494.55,1856,0.5996768982229402,0.9827542985106362
c286ec035ee04ba81c97508f0b5df544,493.0,1857,0.6,0.9827905707975562
0951a6e282947e09cd47969f4ed0b47f,492.3,1858,0.6003231017770597,0.9828267915822432
e601b04acf48b4576e73ddca9481f0dc,491.94,1859,0.6006462035541196,0.9828629858800675
b9c0ffa92f3ff9a5a3d45ef7213c0842,490.0,1860,0.6009693053311793,0.9828990374431319
64b87978a11c1ea7501a89eabe8c2c1a,489.93,1861,0.6012924071082391,0.9829350838559731
7816cd9c5b1238e320545f5bf7eb80e8,489.0,1862,0.6016155088852989,0.982971061844419
f88adb15807168d3c43d71021090ce4a,488.8,1863,0.6019386106623587,0.9830070251179412
d65f31d2413268e671989503f6cf9993,488.8,1864,0.6022617124394184,0.9830429883914635
6219ba2359cfb97f2e38fd4c321eb309,487.5,1865,0.6025848142164781,0.9830788560179817
09bad886111255c5b5030314fc7f1a4a,487.5,1866,0.602907915993538,0.9831147236445
83a75eea11694e36e56dd0cb2240229a,487.0,1867,0.6032310177705977,0.9831505544837089
b3f19518fcec265b2e97af287725f981,486.91,1868,0.6035541195476575,0.9831863787012022
6ee85be3693ed79a8e80718743d80655,484.5,1869,0.6038772213247173,0.983222025603865
c7a0a13cbcf29d5ce51c8f80afdc0b89,483.08,1870,0.6042003231017771,0.9832575680305694
70c4eedec9cb4a85cda2f3f9673557b4,479.8,1871,0.6045234248788368,0.9832928691325251
c1f12f926d0ba950578b4fa41115cbb6,479.6,1872,0.6048465266558966,0.9833281555195572
0c7f30ae9b147eca07affbef92832a6a,479.50000000000006,1873,0.6051696284329564,0.9833634345491274
32fdd5d44ecb43dfd6a24b9369eca144,479.2,1874,0.6054927302100162,0.983398691506312
bac692d6c0ed08467878018e6cc9c26c,477.0,1875,0.6058158319870759,0.983433786599336
f1198c871e0171278b63f40d112caeec,475.8,1876,0.6061389337641357,0.9834687934028178
29e6e05b65f93bc224c644319dc52ecf,475.6,1877,0.6064620355411955,0.9835037854913758
768de2a4fc06aacecb9a586ccc30746a,475.6,1878,0.6067851373182552,0.9835387775799338
e1b12447a7563944843191754aeb5562,472.46,1879,0.607108239095315,0.9835735386441898
e3dd723429d1b23614b7fa85e2c7a853,471.05,1880,0.6074313408723748,0.9836081959682338
2953ce3a88f5e3c3b696d77fc9e4c8eb,470.0,1881,0.6077544426494346,0.9836427760389282
8fec2e460530482132c436cfb5439925,468.46,1882,0.6080775444264943,0.9836772428047104
038b75b729c8a9a04b0d07cba7eabe86,467.0,1883,0.6084006462035542,0.9837116021515493
c42fd8e4d47dfb18ce5222f2dd7752f9,466.99,1884,0.6087237479806139,0.9837459607626421
9fc70243fb26800cba56e8f014797004,466.6,1885,0.6090468497576736,0.9837802906796337
feb793c88d836c3a75efa4b5a3465d70,466.0,1886,0.6093699515347334,0.9838145764518541
2c3d56f92f360fb89d849b84e8f50eae,465.6,1887,0.6096930533117932,0.9838488327942272
ee2fbacc2fc3794e656cc4d933d59ce7,464.97,1888,0.610016155088853,0.9838830427845906
651fe66032c9520ee5587f694908040d,464.0,1889,0.6103392568659127,0.9839171814075741
40536e7ca18e1bce252828e5876466cc,463.96,1890,0.6106623586429726,0.9839513170875729
0a82f5fb06a4fe4ac2cf7cb412ec71b8,462.0,1891,0.6109854604200323,0.9839853085613194
cb0b3bcf14e0a709df412a99424a59d7,460.0,1892,0.6113085621970921,0.9840191528858289
aec99834ab5d38ead22766ada8497e87,459.0,1893,0.6116316639741518,0.9840529236357198
8b2d4ab22f42c5cfc338b846decfda60,458.0,1894,0.6119547657512117,0.9840866208109923
dd88d13bea9e4c2bf47daf224f8141e5,458.0,1895,0.6122778675282714,0.9841203179862648
c7dcd301ecfe5ab7f778ac172cf74be7,457.69,1896,0.6126009693053311,0.9841539923534055
38102b031c2a15e54623d711bfc753d3,457.0,1897,0.612924071082391,0.9841876159540595
e546117ed9cafbc40239c0c78635c584,456.0,1898,0.6132471728594507,0.984221165980095
117cfc326c6d50da67ca858ff5c0c852,454.6,1899,0.6135702746365105,0.9842546130016645
35857757f553273b1056c1cabdace7fb,454.6,1900,0.6138933764135702,0.9842880600232341
b248792ac0b60ec3f93d80af1b4fae47,454.5,1901,0.6142164781906301,0.9843214996873418
55029529919c0123526150bd26ca8f20,453.95,1902,0.6145395799676898,0.9843548988854093
fc4751cfe3b279c419615b9b00c1abb4,453.7,1903,0.6148626817447496,0.9843882796898222
7994b065a7ffb14e71c6312cf87b9de2,453.0,1904,0.6151857835218094,0.9844216089920022
e5899683388855d3dabe8913bbe365de,452.88,1905,0.6155088852988692,0.9844549294652281
777a0c55737f34ffeb78010f7542ab41,452.5,1906,0.6158319870759289,0.9844882219800988
eb5b6204dde3a6e03b5f1bb8479f055b,452.2,1907,0.6161550888529886,0.9845214924225839
08f5819815f3d06545011850bd70f0a8,452.0,1908,0.6164781906300485,0.9845547481501453
4de6e4ba574aa9dfdc824bc44dc47fdd,451.1,1909,0.6168012924071082,0.9845879376605502
b98b715fe9e276204e2a3464f48cd796,450.58,1910,0.617124394184168,0.9846210889121534
d90fe2229fee1a5da999ccd0c06c1667,450.0,1911,0.6174474959612278,0.9846541974904779
101a3a003516bc11253298b2fad3cb65,450.0,1912,0.6177705977382876,0.9846873060688024
968ee78631915a63fef426d6733d7422,450.0,1913,0.6180936995153473,0.9847204146471269
bbaff50f3b708fda865918715276cd87,449.7,1914,0.6184168012924071,0.9847535011530657
a11a0e0ca67423425691db355cff69b0,448.9,1915,0.6187399030694669,0.98478652879931
3d0cd21d41671c46f82cd11176bf7277,447.8,1916,0.6190630048465267,0.9848194755134738
5e106d93b717c2682b9383da480364a1,445.9,1917,0.6193861066235864,0.9848522824358624
a5bff0f43eb51f0cad7c37fac7244c8a,445.0,1918,0.6197092084006462,0.9848850231410944
6c1b6d0c604b776f844125f911eb7377,443.06,1919,0.620032310177706,0.9849176211115666
d4e4b5192cba4e0e66eb12a9d347239d,441.8,1920,0.6203554119547657,0.9849501263780195
f22a247b79dd22ecd91dc8e3b2a1b07c,439.94,1921,0.6206785137318255,0.9849824947956818
64c9a1db4e73e19aaafd3286dc448c96,439.0,1922,0.6210016155088853,0.9850147940532028
c3251e13f1bbda6c74e37c160f991e19,437.8,1923,0.6213247172859451,0.9850470050211817
b29d3380981c51df13fc6fbe87e1763d,435.3,1924,0.6216478190630048,0.9850790320526143
98115075dd26cb8835946fc6086f5d30,434.96,1925,0.6219709208400647,0.9851110340686766
26d6bbee02420494d471c9f6436929c0,434.51,1926,0.6222940226171244,0.9851430029761605
c0e6839516f5398edc34adf5f1d53d1a,432.92,1927,0.6226171243941842,0.985174854900001
4e480be820e37de1444325ff358c9296,430.3,1928,0.6229402261712439,0.9852065140583411
f7df46c1e0ec44eed5c6726478da4a17,429.7000000000001,1929,0.6232633279483037,0.9852381290719101
939e6227d6964a11a70aa91243e418f2,425.0,1930,0.6235864297253635,0.9852693982847721
a45314082d50d578a4721c9787ce09ab,424.9,1931,0.6239095315024232,0.9853006601401723
dc50afafdfa325eadc890c7fa42a8f4e,424.2000000000001,1932,0.6242326332794831,0.9853318704933395
b080809eaacb49e5ca07290981472431,424.0,1933,0.6245557350565428,0.985363066131583
acf974e4d5950ad143a247471b831eb9,423.8,1934,0.6248788368336026,0.9853942470549029
41e0fa5761c886a630994a55c12087e7,423.6,1935,0.6252019386106623,0.9854254132632989
7c1fea10b5b006671d608b1d7c446ec4,423.6,1936,0.6255250403877222,0.985456579471695
5dc203c7b84a0e71e878a179de05fb9a,421.9,1937,0.6258481421647819,0.9854876206032397
c714262700f93defc16bf17a51a4cb23,421.8,1938,0.6261712439418416,0.9855186543773226
9d5604a1f112324ad6b2aa552122e0fb,421.5,1939,0.6264943457189015,0.9855496660790198
cc80e2f693fa6e2408f47ccf62413fc1,420.0,1940,0.6268174474959612,0.9855805674187894
189ca3538ce9f920cacf0f982cbe223b,419.0,1941,0.627140549273021,0.9856113951839404
6d7f8d9d594e28796b6b3205b00f459c,417.9,1942,0.6274636510500807,0.9856421420170111
7b7f91e98f8c6def45a1407923304402,417.47,1943,0.6277867528271406,0.9856728572129959
b64d51f0435e884e8de603b1655155ae,416.18,1944,0.6281098546042003,0.9857034774977227
a53f60f05f822b5c621a50ff6a5cb362,415.4,1945,0.6284329563812601,0.9857340403942472
34a557286ead8fe75c989e0afcf7d98c,414.9,1946,0.6287560581583199,0.9857645665034623
35fb511489d9ee3ee27a76debce9df06,414.5,1947,0.6290791599353797,0.9857950631828302
ff1e15b778c700abdd4d239b81ac466d,414.3,1948,0.6294022617124394,0.9858255451472743
bd149ed516d4c5d418d5781f8e18919f,414.0,1949,0.6297253634894991,0.9858560050393328
acb6c2ca5c82411c1fdb88d5fd5eb95e,413.88,1950,0.630048465266559,0.9858864561024372
042573af89b6d931f672efaf789d8358,413.48,1951,0.6303715670436187,0.9859168777356941
ead2bab70821ea148476ae9bc08548ac,412.1,1952,0.6306946688206785,0.9859471978359775
a35124e2d763d7ca3fbe3b97d143200f,411.5,1953,0.6310177705977383,0.9859774737914898
86ff3eaef0267069cc891a2ed9d10a17,409.75,1954,0.6313408723747981,0.9860076209914197
f4ce8ca9fa7157e3b33f536ac9a4487d,409.6,1955,0.6316639741518578,0.9860377571551567
5275ca25d0358ca73864e0ae41be1320,409.6,1956,0.6319870759289176,0.9860678933188939
c3f5668699a1b04c0fa61ecea1e2bff6,407.81,1957,0.6323101777059774,0.986097897784064
20a8b0dc55da94fe74d112082427c84f,407.4,1958,0.6326332794830372,0.9861278720836404
89bc797e2e29667aa035d4368f9b7f92,407.3,1959,0.6329563812600969,0.986157839025755
6b803197e03abd5056b4313306b4f29d,407.0,1960,0.6332794830371568,0.9861877838954841
4a23adac87cf538689fa600d976f78b2,405.0,1961,0.6336025848142165,0.9862175816159762
179d859f51292aac5c10806a356f7af9,404.47,1962,0.6339256865912762,0.9862473403419204
ed9eef5be0992d413d251fadba1a410d,404.1,1963,0.634248788368336,0.9862770718452558
5563732abe64c3036cb97ad924128dd1,404.0,1964,0.6345718901453958,0.9863067959911294
0ddefe3c7a032b91f4e25b9c3a08fca1,402.9,1965,0.6348949919224556,0.9863364392049225
3d01d1c414c44b5943a09619ff3853cb,402.6,1966,0.6352180936995153,0.9863660603463301
29fe9f200d3fa0c668d2aa1ec7e08dfb,400.0,1967,0.6355411954765752,0.9863954901937297
ceb7b4fb9401cd378de7886317ad1b47,399.9,1968,0.6358642972536349,0.9864249126836674
d7485b33791774c36108f8c69602d48d,399.82,1969,0.6361873990306947,0.9864543292876357
62d977e2b2aee830de3e039a28490d12,399.8,1970,0.6365105008077544,0.9864837444201116
63ffcb71394dd8ea3872ed9ffda17c74,399.0,1971,0.6368336025848143,0.9865131006928927
d263fa444c1504a75cbca5cc465f592a,399.0,1972,0.637156704361874,0.9865424569656737
fadb07c842a2aef5d5a676b85f220e71,398.75,1973,0.6374798061389337,0.9865717948448001
73da1880b39c71de2b262bc7720c1494,398.0,1974,0.6378029079159936,0.9866010775429627
48e954b2da4f6a750c844173b347ed40,397.8,1975,0.6381260096930533,0.9866303455262015
c52c644cc0dc85121207a27013efc6af,397.8,1976,0.6384491114701131,0.9866596135094404
12a8eb0f8d1cd3270695bf2a99f55966,397.0,1977,0.6387722132471728,0.9866888226329845
62760d278921b5f352461620d68a9cee,397.0,1978,0.6390953150242327,0.9867180317565285
41b14765bd56c8ad10971074380f9c0c,395.5,1979,0.6394184168012924,0.9867471305181449
9b76ad3d04236f76bc71c59470305e13,394.7000000000001,1980,0.6397415185783522,0.9867761704200663
0249d282d911d23cb8b869ab49c99f53,393.0,1981,0.640064620355412,0.9868050852451363
a2fa0bdc798ee84cdb08281337cf4fb6,392.75,1982,0.6403877221324717,0.9868339816765518
bc30de0d71bd6260b936a026b5cf7200,392.37,1983,0.6407108239095315,0.9868628501496122
59cd88080b93f3c18508673122d26169,392.33,1984,0.6410339256865912,0.9868917156796878
fe4cd9461203cee790d36792420b310f,391.15,1985,0.6413570274636511,0.9869204943917136
c13ef0cfbe42f190780f621ce81f2234,390.0,1986,0.6416801292407108,0.9869491884929282
8936ba0de1073ee888cb3185ae5dc661,389.99,1987,0.6420032310177706,0.9869778818583966
4049512728d969bec69f84088b012416,389.84,1988,0.6423263327948304,0.9870065641876722
ea00f977a203ff88adf7057cb7806998,389.72,1989,0.6426494345718902,0.9870352376879936
0fe2d9733ed841eb064503920015a8c0,389.64,1990,0.6429725363489499,0.9870639053023456
a7ecf689b40a44361e259b28939023e4,389.0,1991,0.6432956381260097,0.9870925258289416
c1849d4d32d7a6cecd5aa471809d3135,388.98,1992,0.6436187399030695,0.9871211448840453
2009a095de2a2a41626f6c6d7722678d,388.89,1993,0.6439418416801292,0.9871497573174334
78ef7e885d17f35e2382a47aae8b8cce,388.0,1994,0.644264943457189,0.987178304269411
e4fc40017a6d22c46a14ac2e17f87c3e,387.0,1995,0.6445880452342488,0.98720677764677
94d76e96eedd976258cd3278ce56d5f2,385.61,1996,0.6449111470113086,0.9872351487554093
79565f7d5603b24ddf07ade262547f2f,385.0,1997,0.6452342487883683,0.9872634749835314
a21c11ec5c3f03e7cc9f9203bff9e1c6,385.0,1998,0.6455573505654281,0.9872918012116534
559d56f3b8f0bc2e5a9a62fe2ce2a39f,385.0,1999,0.6458804523424879,0.9873201274397755
a080fc8a850289b27500f6b49cca2553,383.0,2000,0.6462035541195477,0.9873483065186606
ab27bbbad5239bc31a34709275a70db4,382.9,2001,0.6465266558966074,0.9873764782400838
933446e9a59dece7ae9175103820ca8f,381.39,2002,0.6468497576736673,0.9874045388638332
9853a239ab7b7ebbdc3a21248d5b8e1f,381.0,2003,0.647172859450727,0.9874325707934812
1967a9e2ad6f51802b093147d861df58,380.0,2004,0.6474959612277867,0.9874605291485108
f7315bb81aea4ddca2d39e249a801c98,379.8,2005,0.6478190630048465,0.9874884727886167
f5b44895715ddfe3087dc414f30268f3,378.8,2006,0.6481421647819063,0.9875163428541042
b7ba853e9551f4558440881fd3e5c815,376.8,2007,0.6484652665589661,0.9875440657703546
bd15ee794d5e640d9dd71b665b2ab15b,374.8,2008,0.6487883683360258,0.987571641537368
c24173065483e421f9e5e7f599de101d,373.91,2009,0.6491114701130857,0.9875991518229709
404e1ba01358af4cd63f679b2c4d1fa1,373.9,2010,0.6494345718901454,0.9876266613728276
101921376b577a4540dc30e9009133ca,373.0,2011,0.6497576736672052,0.9876541047055277
08084d990eb3f53af056ccbc1730c8a7,372.5,2012,0.6500807754442649,0.9876815112509185
6d988d6174a2c27441597174f8905515,371.73,2013,0.6504038772213248,0.9877088611438531
0bfd0b434243adc5c2e1aa6baf19c6aa,371.2000000000001,2014,0.6507269789983845,0.9877361720422398
70125af26c2d6d4ef401a1d02ae7701f,371.2,2015,0.6510500807754442,0.9877634829406267
0f0c984a4a955310903b6b6008660bad,369.81,2016,0.6513731825525041,0.9877906915702938
131fcb0a0c9a47bba4474aacff0f14b7,369.8,2017,0.6516962843295638,0.9878178994642146
916748bc99315c2d202898ae58b1617e,369.4,2018,0.6520193861066236,0.9878450779282881
d73cbd89533ce8b041a9190241453ac8,368.6,2019,0.6523424878836833,0.9878721975326669
63191ead8d3b2f937cd1996fdcbbad20,367.0,2020,0.6526655896607432,0.9878991994176559
ce616e1913288884e7742faac9d981db,365.1,2021,0.6529886914378029,0.9879260615108698
499ec63c58e51296c9cf57edcfe1c8a8,365.0,2022,0.6533117932148627,0.9879529162466218
f12d3c2a14729ae461b920c11fe20fdc,364.4500000000001,2023,0.6536348949919225,0.9879797305163338
4e85b538b0dad58852641540686d0e14,361.98,2024,0.6539579967689823,0.9880063630567381
35ef5aa32949680f627efec3c23e705c,361.6,2025,0.654281098546042,0.9880329676387871
a435b009cd956ea60748b5cfbddf2e24,361.18,2026,0.6546042003231017,0.9880595413194966
76de363de16dacc923eec8daf91df504,360.0,2027,0.6549273021001616,0.9880860281821562
b56828a9f9027f3c918c04ca720d9e3c,360.0,2028,0.6552504038772213,0.9881125150448158
fa14641f57b655e933124a9ea49cd7a5,359.93,2029,0.6555735056542811,0.988138996757252
184725737946a1a938bbbd1a9e978103,359.70000000000005,2030,0.6558966074313409,0.988165461547526
03bd479e1d9484cdb14104d3023f7321,359.70000000000005,2031,0.6562197092084007,0.9881919263378
1e8c6a4c538f286aee9573239740a4b4,359.7,2032,0.6565428109854604,0.988218391128074
51209b446b2073894bdc0face6c73ffc,359.6,2033,0.6568659127625202,0.9882448485608861
3076499bbc033a927bf4a8a41bcf7fd4,359.33,2034,0.65718901453958,0.9882712861285513
173d56ffbd4c56cb80fc3615487d712b,358.0,2035,0.6575121163166397,0.9882976258419739
f44bdc12aa39f5271f0b95f66cd4c289,357.5,2036,0.6578352180936995,0.9883239287680873
9dd59e43f0c9f0553244e8f9c2fb247e,356.3,2037,0.6581583198707592,0.9883501434046585
24c1de8d9551c0b4fbc53317d53efda8,355.0,2038,0.6584814216478191,0.9883762623942256
761681a821d8275bc79f552116d06869,354.92,2039,0.6588045234248788,0.9884023754978232
8fd3b4468f6425810648177996c14cbd,354.9,2040,0.6591276252019386,0.9884284871299285
9b00cad94ef3078faf6fba2e792c158f,354.9,2041,0.6594507269789984,0.9884545987620338
b88e7c57cb2d8b973b7dd4a2bfa14b36,353.9,2042,0.6597738287560582,0.9884806368195205
de66a66f2dd06bb9ec37aa96987466a3,353.32,2043,0.6600969305331179,0.9885066322037286
b67d6c666e8dce1d078c882825e12704,352.84,2044,0.6604200323101777,0.9885325922721196
cbbd5ae8f53de5f5097cd8217b529e24,351.8,2045,0.6607431340872375,0.9885584758229077
52092ddbd3a58c450a4459bf051b2287,351.7,2046,0.6610662358642972,0.9885843520162336
e53d5b9b29d1218281f4a907ada18626,350.67,2047,0.661389337641357,0.9886101524277027
97e4a63591ca439a2b8b7efd20e6e19e,349.95,2048,0.6617124394184168,0.9886358998654463
ad87df7699e83b8a91822a4a0b765c3a,349.9,2049,0.6620355411954766,0.9886616436244591
52bb00821bcdd358a5a5a27e1f6be5a1,349.8,2050,0.6623586429725363,0.98868738002601
079d295dcbf06ee8bb1b65ba964eb2b6,349.3,2051,0.6626817447495961,0.9887130796402517
27a56ff04b34c2ba34ce6ba4d3b9d616,349.29,2052,0.6630048465266559,0.9887387785187471
5c603ffb38cbbf25a0e0698941324143,348.8,2053,0.6633279483037157,0.9887644413456795
249f0e9905a6e06ad6c6bea7547ab9f6,347.95,2054,0.6636510500807754,0.9887900416341862
0747d5bb69f0586cc869d8af4c50f93e,346.6,2055,0.6639741518578353,0.9888155425969579
918717417d88a9f9ae9735567e6c7682,345.70000000000005,2056,0.664297253634895,0.9888409773425729
48efc9d94a9834137efd9ea76b065a38,345.6,2057,0.6646203554119547,0.9888664047307261
38af8acfd46ac4a7bf754e8ca6736664,345.0,2058,0.6649434571890145,0.9888917879741081
a37c340b91cb0169e8b029db6440fba2,345.0,2059,0.6652665589660743,0.9889171712174902
26b482dccfa29bd2e40703ba45523702,344.78,2060,0.6655896607431341,0.9889425382744562
3985a3c45be355a4c57fde108bfabd1c,344.2,2061,0.6659127625201938,0.9889678626581435
7957cac1a02f45d0a4a7e45626382ec2,343.0,2062,0.6662358642972537,0.9889930987522886
2a73cba571d90c694b7caca072ccf6ce,342.78,2063,0.6665589660743134,0.9890183186600177
b9ec22de23f18567de0e09d776ca0309,341.98,2064,0.6668820678513732,0.9890434797080518
89de2d6f23e9746ff309705b23581faa,340.0,2065,0.6672051696284329,0.9890684950783415
ae8bfdbf1c2a2a2dee92d799db0a31c6,339.92,2066,0.6675282714054928,0.9890935045626617
5ca5d579b5857ee8709479b1047cecc3,339.89,2067,0.6678513731825525,0.9891185118397433
a2e85714b56b1cb6bb24a9a6e6cad36f,339.70000000000005,2068,0.6681744749596122,0.9891435051376473
8fff28c4263ddec387f28d237fb42773,339.40000000000003,2069,0.6684975767366721,0.9891684763631658
2f4b0d3b9634b647d4edee577d7ebb7e,337.9,2070,0.6688206785137318,0.9891933372267566
0743a0239d764b9a0f959a57d07e36ab,336.96,2071,0.6691437802907916,0.989218128930206
4e42581f08e8cfc7c090f930bac4552a,336.0,2072,0.6694668820678513,0.9892428500020216
333c4210e76a1aa2ab817b99437e3ff1,335.0,2073,0.6697899838449112,0.9892674974992188
a64e44665225d19dfc0277eeeaaccc57,335.0,2074,0.6701130856219709,0.9892921449964159
c8660dcf9ba70575f45d80fe28c27713,335.0,2075,0.6704361873990307,0.989316792493613
2c538755f1ca9540af144f266e70df6c,334.99,2076,0.6707592891760905,0.989341439255064
3a3e46d10f74d8a6ca76e2b538f106a0,334.9,2077,0.6710823909531503,0.9893660793947993
61b18775be84fb700a6b2d0ba097bf66,334.5,2078,0.67140549273021,0.9893906901046872
7c4618c82226628831613e95e9c22f44,333.93,2079,0.6717285945072697,0.9894152588770424
c113b8df1fc375bc3d73d29c1b1144d1,333.0,2080,0.6720516962843296,0.9894397592250026
76d336555bb25f3165d2f0d6da719c40,330.0,2081,0.6723747980613893,0.9894640388491072
d7b2377bae6ace1b11fc69a11900ac36,329.6,2082,0.6726978998384491,0.9894882890433644
09883d9ab71c8fe8a9bfc7fc3075b07e,329.5,2083,0.6730210016155089,0.9895125318801598
d36b07fd3c5088e477a72d1fccfe29d4,328.9,2084,0.6733441033925687,0.989536730572184
f18112da765e0971ca5d510dec322bdd,327.8,2085,0.6736672051696284,0.9895608483321281
4b98b0428fc1932cc2514ef9ce2505e6,327.63,2086,0.6739903069466882,0.9895849535843869
08d0949a9a17c027262db1f3c450c26c,324.79999999999995,2087,0.674313408723748,0.9896088506204754
6bd503a8230299c9316fb0f726933927,324.29,2088,0.6746365105008078,0.9896327101335083
7dea6f73af847b42cc3985bd620f994d,324.0,2089,0.6749596122778675,0.9896565483099019
c79151301b9d90985d1fa52879213105,322.3,2090,0.6752827140549273,0.9896802614094442
92d14edfb62ee5ae7fdff70b0f4e7233,322.0,2091,0.6756058158319871,0.9897039524366008
a81466620e46a6970b22ef40379fdfc9,321.8,2092,0.6759289176090468,0.9897276287488338
7b7ed56ae755e2880f2b69632e839c1e,321.5,2093,0.6762520193861066,0.9897512829886812
d149de2f383552baea37a7198c2296ce,320.70000000000005,2094,0.6765751211631664,0.9897748783688337
d2f3e277560ed4c6361284429b00f037,320.55,2095,0.6768982229402262,0.9897984627127936
eb9267cccc90f1b49c8d2f9887c7dd97,319.9,2096,0.6772213247172859,0.9898219992332514
4f40d2ed38d1cc945364a7cd202a82c7,319.9,2097,0.6775444264943458,0.9898455357537093
883dd81e82754ac2c65e9790a7db8c9a,319.5,2098,0.6778675282714055,0.9898690428443196
c611f4ce9ce875bcc063fa97fd4d7d12,319.0,2099,0.6781906300484652,0.9898925131476207
ea1776927851da2532aa70d6a32c095a,318.79999999999995,2100,0.678513731825525,0.9899159687359982
57d2ba47f7a3209aa347532ae75c1165,318.0,2101,0.6788368336025848,0.9899393654646809
1e9d5a33694bddb76316fd1f54734d20,318.0,2102,0.6791599353796446,0.9899627621933635
2d22fc3089eb907b29ebff50581fb472,317.70000000000005,2103,0.6794830371567043,0.9899861368496605
ea4e9ce63a2134743b4a92777437fcdd,316.6,2104,0.6798061389337642,0.9900094305738772
9cf787a239c1aa29dbd76f153dc13f9a,316.0,2105,0.6801292407108239,0.9900326801533229
cf1313c6e2c01c2f4b014f97db4bcd2b,315.70000000000005,2106,0.6804523424878837,0.990055907660383
3b18f9856c6eb2413eafedb58e9eecd9,315.0,2107,0.6807754442649434,0.9900790836652101
da20530872245d6cd9d2f5725613c430,314.96000000000004,2108,0.6810985460420033,0.9901022567270525
12c2ed9cded6138cf0c75f525f565fc7,314.96,2109,0.681421647819063,0.9901254297888951
9ac4f14370b1e24ddc58be041b7f99df,314.51,2110,0.6817447495961227,0.990148569742159
8c9348f33ae3dada25c99c99ade2af78,312.99,2111,0.6820678513731826,0.990171597862003
5f0057b677eb963672bf05dfa3f16c34,312.88,2112,0.6823909531502423,0.990194617888639
3afc536624bc2e65bddfb5db33cc01f3,312.0,2113,0.6827140549273021,0.9902175731696107
1acde099eb406aa220b1169b188b42da,311.1,2114,0.6830371567043618,0.9902404622334257
df47da4ae86fa4db890d05aaf24e21d8,310.5,2115,0.6833602584814217,0.9902633071524696
ba89796db68db180bd389de96b2ff3b6,309.8,2116,0.6836833602584814,0.9902861005692806
0cab2da43793a6f3c5ed8514c5f54627,309.70000000000005,2117,0.6840064620355412,0.9903088866286296
ebd1417732defaf66c50b5a800eb293e,309.0,2118,0.684329563812601,0.9903316211857458
152ee17e4c8aaf53dac99f3462e4999b,308.96000000000004,2119,0.6846526655896608,0.9903543527998773
1b45169b635ef59425637e9a33eb5fb3,308.9,2120,0.6849757673667205,0.9903770799995315
dbbcfe2c8d026742134ac3e28ccde274,308.59000000000003,2121,0.6852988691437802,0.9903997843910541
b127efdabeffb5d559349c7b172eb75d,308.5,2122,0.6856219709208401,0.990422482160861
85cc55e048b6bcc90c75afe7f0e72f72,308.28,2123,0.6859450726978998,0.9904451637442518
a7a9b880c49781da66651ccf4ba9ac38,307.6,2124,0.6862681744749596,0.990467795296902
9c3c24eca51c52b91c1de727d2a2ae06,307.5,2125,0.6865912762520194,0.9904904194920904
48bad451945f5227341793478d6353ea,307.0,2126,0.6869143780290792,0.9905130068999696
e94b64dc6979b302a5a5be1662c83bb6,306.89,2127,0.6872374798061389,0.9905355862146408
bc39d8938f90a3a2b98193723ed59774,306.8,2128,0.6875605815831987,0.9905581589075962
6d2f2e3b539480db1e0842b3a4e32e6e,305.96,2129,0.6878836833602585,0.9905806697978722
085f6f7e049c996695fb2074fe38d45e,305.40000000000003,2130,0.6882067851373183,0.9906031394863618
c76d418370990614e89e956c7a7567d9,305.24,2131,0.688529886914378,0.9906255974029125
51f108f62cb87d61918159902c8f8583,303.73,2132,0.6888529886914379,0.9906479442217891
25debeafbce801fdd479539350185eee,302.84000000000003,2133,0.6891760904684976,0.9906702255592553
ad75519a07f039025e83795a4418470f,302.1,2134,0.6894991922455573,0.9906924524515037
a3082f442524a1be452e3189e003b361,301.6,2135,0.6898222940226171,0.990714642556443
2b3b9ce054da76a7428df143a567b156,301.0,2136,0.6901453957996769,0.9907367885166112
3dc69bf2c42f0568a5c4791ec3fd3745,300.0,2137,0.6904684975767367,0.9907588609021608
2b402d5dc42554061f8ea98d1916f148,299.89,2138,0.6907915993537964,0.9907809251945024
69a43819c758c65a5befb0b471c954d7,299.85,2139,0.6911147011308563,0.9908029865438593
3606774ec64634822d78dc2db6d37045,299.8,2140,0.691437802907916,0.9908250442144854
ea3ebea5317b0efbc663ecc8ce5e9bc2,299.70000000000005,2141,0.6917609046849758,0.9908470945276494
6d1b9c9579132c87d2703ec38c30f2c5,299.69,2142,0.6920840064620355,0.9908691441050673
7fe21dd00d2f4943ae09525efa2fd674,299.6,2143,0.6924071082390953,0.9908911870607695
71593c7413973a1e160057b80d4958f6,299.5,2144,0.6927302100161551,0.9909132226590099
f00f5b35d0abcacbdd863672f4bb2c1a,299.0,2145,0.6930533117932148,0.9909352214699411
b76f4d90e85657a240495c876313adc5,299.0,2146,0.6933764135702747,0.9909572202808723
a8739afb32aaa45e01815ca76f76f54b,298.83,2147,0.6936995153473344,0.9909792065841183
9d489893ff6af05029671b785f54b998,298.7,2148,0.6940226171243942,0.9910011833226638
b76a1f8356322f12529c37b67d5c96c2,298.5,2149,0.6943457189014539,0.9910231453462858
666658b8da8370f30e1f89893b1de5e6,298.0,2150,0.6946688206785138,0.9910450705825984
e603cf3fec55f8697c9059638d6c8eb5,297.0,2151,0.6949919224555735,0.9910669222442926
c5ebe6598748b0aeaa61cfb820478b92,297.0,2152,0.6953150242326332,0.9910887739059867
0ec28cec4046a4a199b6de9b4c891d97,296.6,2153,0.6956381260096931,0.9911105961378335
508808d438fe2ff972ed13bb8f4a82e2,294.83,2154,0.6959612277867528,0.9911322881426055
55c96925041a14097b6a7825554f4ad5,294.8,2155,0.6962843295638126,0.991153977940139
a806a4bb063ea7ca6d374eafa50a6058,294.4,2156,0.6966074313408723,0.9911756383078251
9b1ab052f5fca308ba743ac789ebb2e1,294.09000000000003,2157,0.6969305331179322,0.9911972758673794
2bf28e311bba65237358230cabac3f15,294.0,2158,0.6972536348949919,0.9912189068052181
2f4b9d112bfa44a214bc6cef085d17c8,293.99,2159,0.6975767366720517,0.9912405370073106
9d39404483343dd55c7ae254494d8388,293.2,2160,0.6978998384491115,0.9912621090854544
5dc4bdaf869e8c77c648078cbe8d59c2,292.99,2161,0.6982229402261713,0.9912836657129284
48b6c3f4c6a93171da04b75313f2130f,290.26,2162,0.698546042003231,0.9913050214816939
ede2977fbaf3738583170735ca403f6c,289.9,2163,0.6988691437802907,0.9913263507635968
aadfe0417e61315688b6bd7043361e25,289.9,2164,0.6991922455573506,0.9913476800454996
f410c8873029fcc3809b9df6d0b28914,289.8,2165,0.6995153473344103,0.9913690019699406
4dc646b9b9e8e411ef48ba000ea3ac6f,289.70000000000005,2166,0.6998384491114701,0.9913903165369197
adbe70ab2c97442046d393988c8d1d27,289.5,2167,0.7001615508885299,0.9914116163889751
aded58c8142dedc5494a81f948431fab,289.5,2168,0.7004846526655897,0.9914329162410305
04ee0ec01589969663ba5967c0e0bdc0,289.49,2169,0.7008077544426494,0.9914542153573398
d1e2fe627180431ffda076abb303c56f,289.0,2170,0.7011308562197092,0.9914754784220859
392353362d22cc2c236e1ee81ff19890,288.7,2171,0.701453957996769,0.9914967194144465
bbe87dce25ba8b38bb61cc7210a3f10b,287.0,2172,0.7017770597738288,0.9915178353299556
ce20a2ec1514c25e16f2b5b39bc818f0,287.0,2173,0.7021001615508885,0.9915389512454649
615005a3ef192c00c6f0e977cee3d2bc,286.5,2174,0.7024232633279484,0.9915600303736648
e83e93b71371817b11d78a63ff156aee,286.0,2175,0.7027463651050081,0.9915810727145554
e628d4a53c109f09ca88098338b3a3f5,285.0,2176,0.7030694668820678,0.9916020414808276
a9ae440659f48b7849df83e82734150b,285.0,2177,0.7033925686591276,0.9916230102470998
10264f60a8f0a4d2f30810f5c661c673,284.6,2178,0.7037156704361874,0.9916439495835245
86bf77bdb52e615674772d5817c6212f,281.8,2179,0.7040387722132472,0.9916646829110176
b8a0adc91af209270c2c725168eb00fd,281.4,2180,0.7043618739903069,0.9916853868086631
83c465a786b06574376909b35ef6752a,281.4,2181,0.7046849757673668,0.9917060907063088
d5c530f4884a75ae0dba9c148718d278,280.88,2182,0.7050080775444265,0.9917267563451528
579891617139df7d8671d373f0669622,280.3,2183,0.7053311793214863,0.9917473793107181
4e0d109ccfba9a1151c103049880c857,279.89,2184,0.705654281098546,0.9917679721106898
58e4b302b54937e55a678c4d15111da4,279.79,2185,0.7059773828756059,0.9917885575531995
19a7c9f66ffa6452ff4b4c0cca71da27,279.0,2186,0.7063004846526656,0.9918090848717607
d2572f31e9023e9850ef986a636ff9bf,279.0,2187,0.7066235864297253,0.9918296121903218
debe6615cd90cc0c2eac2b8988e1f628,278.5,2188,0.7069466882067852,0.9918501027215738
fb8904a8ea99f8831b64ce27db2c1765,278.0,2189,0.7072697899838449,0.9918705564655165
4d6fb82c629c7a5028bfd973c07b05e0,278.0,2190,0.7075928917609047,0.9918910102094591
94c49f20a123aeb9360dbf80ff912bf6,277.75,2191,0.7079159935379644,0.9919114455597472
ab9db4cf53b08b828b64dccaafc2d9f0,277.67,2192,0.7082390953150243,0.9919318750240659
e46bc031f2c5bae4ccb40bb90712e9b4,277.3,2193,0.708562197092084,0.9919522772657756
32f1bb9dfa65bc7df5c0d9d95a616be4,276.39,2194,0.7088852988691438,0.9919726125545826
15ead3a5037a918ddb520dfe39a3d2b9,275.5,2195,0.7092084006462036,0.991992882361979
2ee0a0689f2f6a72f35a7cb6033f6e7e,272.0,2196,0.7095315024232633,0.9920128946582107
f682e0f848abafc6f41e0d4e868c66ef,269.98,2197,0.7098546042003231,0.9920327583337131
bab0a8cd684e41ba6e2637dca0979d3b,269.9,2198,0.7101777059773828,0.9920526161232459
9a208dee8f95cfdf00760c4d627828ec,269.9,2199,0.7105008077544427,0.9920724739127788
87d73636a3acf123e842bb890a4db036,269.9,2200,0.7108239095315024,0.9920923317023117
dcf3755cefcdc158ad0b7bdde51e871b,269.70000000000005,2201,0.7111470113085622,0.9921121747769207
6bb66d9870c2e01c05655c7ed0e7ee13,269.0,2202,0.711470113085622,0.9921319663492969
58c851d1a3c7cd3da329eb59453fed44,268.99,2203,0.7117932148626818,0.992151757185927
184a67a8f9f63234d3a92340bbdb727f,268.66,2204,0.7121163166397415,0.9921715237429329
f9bbdd976532d50b7816d285a22bd01e,268.0,2205,0.7124394184168013,0.9921912417406906
830379336fad8c6f3b15a4a3ddb5c66e,268.0,2206,0.7127625201938611,0.9922109597384483
4be2e7f96b4fd749d52dff41f80e39dd,267.0,2207,0.7130856219709208,0.9922306041615875
65a7c0788e4d632ccb5e1b594b87f0bb,266.7,2208,0.7134087237479806,0.9922502265123411
5236605f4d4b0b3e4df85b850393fca0,265.3,2209,0.7137318255250404,0.9922697458586288
483ca627d131e18f988349b1655c0acd,264.0,2210,0.7140549273021002,0.9922891695579126
5c853bb56f70f4d14218944bae111d7a,263.13,2211,0.7143780290791599,0.9923085292472782
f8d5c7085db9a4ad2b8c1ffbeb2798c8,263.0,2212,0.7147011308562197,0.9923278793719434
53088c75f948b48a7ece173ac17f0c12,261.70000000000005,2213,0.7150242326332795,0.9923471338496045
252e76235acb79183cfca6e34f13337d,261.2,2214,0.7153473344103393,0.9923663515399563
aa762680c40618316a896838866140ea,261.0,2215,0.715670436187399,0.9923855545153846
6da1992f915d77be95d7fa48b36904af,261.0,2216,0.7159935379644589,0.9924047574908128
21d59342ba150175ca2aa4f8faddeca6,259.9,2217,0.7163166397415186,0.9924238795341607
92c8bc6e8f925792247656fed09aad65,259.70000000000005,2218,0.7166397415185783,0.9924429868625848
800214c63934acd05d47e84214db8ba8,259.6,2219,0.7169628432956381,0.9924620868335471
984c273121e743dd14767befe6cb17f5,259.6,2220,0.7172859450726979,0.9924811868045094
bdb3edbaee43a761e2d4f258dc08f348,259.5,2221,0.7176090468497577,0.9925002794180098
c9e5ad1f6647f5dbd1172adf6ae3cada,259.03,2222,0.7179321486268174,0.9925193374514395
5e25c632f9db6cfb8bc100421c2737b6,259.0,2223,0.7182552504038773,0.9925383932776307
1e26c56af8d48424e1df0140a2401f83,258.9,2224,0.718578352180937,0.9925574417463601
a0e19590a0923cdd0614ea9427713ced,258.29999999999995,2225,0.7189014539579968,0.9925764460703184
f543ba3c973276f519d89d59bd46cead,258.0,2226,0.7192245557350565,0.9925954283218911
0af977692321d895349eded183341d28,257.75,2227,0.7195476575121164,0.9926143921798092
7d294cf9a6a69dc6a0c3e540fff0e039,257.25,2228,0.7198707592891761,0.992633319250418
31eec405c9bb71dec8e2629a92e764fa,256.89,2229,0.7201938610662358,0.9926522198341642
6f1a1263039c76e68f40a8e536b1da6a,256.39,2230,0.7205169628432956,0.9926710836306012
ebef8d8c92b4fd3226e5d407bbff21ac,253.7,2231,0.7208400646203554,0.9926897495113143
88ef59b51bdaa941d10a853429f2b6ce,252.9,2232,0.7211631663974152,0.9927083565323327
446cc09cdbb130904da114e807dbec40,252.8,2233,0.7214862681744749,0.9927269561958892
7f35f9daf223da737b78738fbae4d977,252.0,2234,0.7218093699515348,0.992745496999751
e88c9b79e592e370d6bd852eeefbf057,251.87,2235,0.7221324717285945,0.9927640282389122
ae45ad30c2d2e5913094769690a239d2,251.8,2236,0.7224555735056543,0.9927825543278503
e88f7a2995ba184710d339c5c4bf2e30,251.6,2237,0.722778675282714,0.9928010657018645
85ecf03781da592876b7844acc1b729f,251.0,2238,0.7231017770597739,0.9928195329311078
46ef1a25845fc051c2998d878354810c,250.41,2239,0.7234248788368336,0.9928379567513261
001e6ad469a905060d959994f1b41e4f,250.0,2240,0.7237479806138933,0.9928563504059509
b2bdc5e7940a7d7ca8c4a37953b27a42,250.0,2241,0.7240710823909532,0.9928747440605755
8ccf3cf69651cc1d8a02c8bfaf3b8568,250.0,2242,0.7243941841680129,0.9928931377152003
13d95f0f6f73943d4ceffad0fc2cd32c,249.99,2243,0.7247172859450727,0.9929115306340788
1703bc09972dab9782e7a9194943b69f,249.9,2244,0.7250403877221324,0.9929299169312417
5d505d2298ad549e4e4e835562fa0c1e,249.8,2245,0.7253634894991923,0.9929482958709428
c0f783394e37cd9c9d7f5f81141450fa,249.4,2246,0.725686591276252,0.9929666453807964
880eda903e719a5f179f7e9fceb3a69d,249.0,2247,0.7260096930533118,0.9929849654608026
4b90495391ac0bd181a80a459df1e718,248.0,2248,0.7263327948303716,0.9930032119661903
42b6488f5b8246d9141712abd4b1b693,247.99,2249,0.7266558966074314,0.993021457735832
ec21206b7894c503788a684a7bc822a6,247.8,2250,0.7269789983844911,0.993039689526296
baa49d93c8c8841e27400a300f5d74b2,246.4,2251,0.7273021001615508,0.9930578183122941
88ae906ea2acf6971f26c3e8b7cb4357,246.0,2252,0.7276252019386107,0.9930759176684448
5721089ba9214e80074f27d5a03fc0eb,245.93,2253,0.7279483037156704,0.9930940118743723
5194c22ed1f616ec0c0f33c571542879,245.6,2254,0.7282714054927302,0.9931120818006756
28405831a29823802aa22c084cfd0649,245.0,2255,0.72859450726979,0.9931301075822078
c3fe93ba3085f92855c97e57f38c8c05,245.0,2256,0.7289176090468498,0.99314813336374
d6cd01c59123df02fc226eadbadb5f89,244.9,2257,0.7292407108239095,0.9931661517878104
14f2b3587172b9db894c9bad8dab520b,244.0,2258,0.7295638126009693,0.9931841039947241
5733d806668f8712c24b9abaefbfa642,243.8,2259,0.7298869143780291,0.9932020414867142
77714512e8d4dda9c234da8e3faf16e4,243.4,2260,0.7302100161550888,0.9932199495488568
c70a353f02429c00775a46a75fb787da,242.0,2261,0.7305331179321486,0.9932377546065335
31be790e64fc99f8ff48ec2bd18a3104,241.4,2262,0.7308562197092084,0.9932555155194392
0761743cbffb25d7148189e9f1a5f03a,241.2,2263,0.7311793214862682,0.9932732617174211
85044848b1b767db2a4a58526adef4b4,240.6,2264,0.7315024232633279,0.9932909637706319
5e9f5bd34e0830569f05c9d4f56e04a8,239.98,2265,0.7318255250403877,0.9933086202075793
422be4cc81a457fdb46f47edeb968ae5,239.9,2266,0.7321486268174475,0.9933262707585572
2d9e8987a2ea5cf88dce330249043ff1,239.8,2267,0.7324717285945073,0.9933439139520732
70f7e8018e3d46c748c92f026aa2585a,239.8,2268,0.732794830371567,0.9933615571455894
ec8463980a4e0ea9f8517aea1ed0c419,239.2,2269,0.7331179321486269,0.9933791561943343
d1a5cc844736958c11b8efab9a2b4c87,237.6,2270,0.7334410339256866,0.9933966375236896
e83c76265fc54bf41eac728805e4da77,237.3,2271,0.7337641357027463,0.9934140967806594
2e0dba2da448400b1c11d7b4b22f32a4,235.87,2272,0.7340872374798061,0.9934314508259247
534a01cc6df1e034e05c32028a291fa2,235.59,2273,0.7344103392568659,0.9934487842702968
578460d8319c51dab351cd9db95eadfe,235.0,2274,0.7347334410339257,0.993466074305644
a663d9c3797e90eac99ff60939416a56,235.0,2275,0.7350565428109854,0.9934833643409913
94b9108d4b637ba65bb4f1e53cfcf8d8,234.96,2276,0.7353796445880453,0.9935006514333538
1e47defeeadeca0e9a18fa5a9311e735,234.12,2277,0.735702746365105,0.9935178767230367
cb32766839f443db85c82a43c4a6c19e,234.0,2278,0.7360258481421648,0.9935350931837654
d9cb0052a666de5308b32f32ad5f1b1c,231.9,2279,0.7363489499192245,0.9935521551377954
e64882b4ef12aee8d0faca4db5b681f4,230.0,2280,0.7366720516962844,0.9935690773000501
72431a818f97fe6ab9c81eee3e297e54,229.9,2281,0.7369951534733441,0.993585992104843
740205fedfe4e90ca6857bc77db0f2b4,229.9,2282,0.7373182552504038,0.9936029069096359
1746c1ae87ac63d530c7c943d0ac42e2,229.9,2283,0.7376413570274637,0.9936198217144289
9539213aa8e023c01937bef95dc006da,229.1,2284,0.7379644588045234,0.9936366776595269
615c3462099ffa940d37b17dfda19594,229.0,2285,0.7382875605815832,0.9936535262471631
75745ef7bc7d4f3ea3380f6f5303f514,228.4,2286,0.7386106623586429,0.9936703306900283
4ce6e5f6c52515177e18c1c9361d8677,226.6,2287,0.7389337641357028,0.9936870026985801
8dfbc5ff27df12f6cef751d3b9554222,226.0,2288,0.7392568659127625,0.9937036305623609
b05b432bf68945d4d9783f9e3ca29ee8,224.8,2289,0.7395799676898223,0.9937201701365994
8a8835a43bda99fd37310ad76c457510,224.34,2290,0.7399030694668821,0.9937366758665135
94ca168e8bcb407ab85c5da308863027,224.3,2291,0.7402261712439419,0.9937531786534428
6c6e3d67f969468f3bfd33f827a31222,224.0,2292,0.7405492730210016,0.9937696593679866
81ed90f07c0bacb7594940ba2ef676aa,223.9,2293,0.7408723747980613,0.9937861327250685
0e44d110fa6a54e121cb2c095a77762f,223.32,2294,0.7411954765751212,0.9938025634088716
08ad4ac1388e4420ca531c3edfc46198,221.62,2295,0.7415185783521809,0.9938188690158234
f419677537694f0462a91990df6ca44f,220.5,2296,0.7418416801292407,0.9938350922192023
7e3dde9ffba72d5340f9aaf09b4424be,220.0,2297,0.7421647819063005,0.9938512786352721
bec568278124768c474ee90971ca94d1,219.9,2298,0.7424878836833603,0.9938674576938801
edf3fabebcc20f7463cc9c53da932ea8,219.9,2299,0.74281098546042,0.9938836367524879
20611af7866c6068fd5ae1f9dbe15c92,219.8,2300,0.7431340872374798,0.993899808453634
f8e2c1b59cd4225a3e4fd0d013a76b93,219.8,2301,0.7434571890145396,0.9939159801547801
e0a3c37054ade6478d923a6efc10f308,219.8,2302,0.7437802907915994,0.9939321518559263
a5dd1946fb63ada8bcaa0c9cd8f11e22,219.62,2303,0.7441033925686591,0.993948310313641
6e2d3e2dc84fb30f6078f39dd3bddd6f,219.0,2304,0.744426494345719,0.9939644231550921
3442f8959a84dea7ee197c632cb2df15,218.7,2305,0.7447495961227787,0.9939805139241579
751e274377499a8503fd6243ad9c56f6,218.0,2306,0.7450726978998384,0.9939965531909906
6548c2550b6e2d8f18053216e1c7b6f3,217.7,2307,0.7453957996768982,0.9940125703854378
d594982fd877af63ace38ea1fca27c76,217.04,2308,0.745718901453958,0.9940285390206367
3d49bfdd1b43a7fe169b3740067acc61,215.0,2309,0.7460420032310178,0.9940443575636139
a4b8d97cd5d3674eeff96abc99d8ed67,214.08,2310,0.7463651050080775,0.9940601084179421
33ab10be054370c254ddfcf0a6253422,213.2,2311,0.7466882067851374,0.9940757945266061
4ea2f12dbe91deeacd2c1e74f069a6e6,210.2,2312,0.7470113085621971,0.9940912599114144
d9d43faf741ceaa8da52fdbb81d9e0e3,210.0,2313,0.7473344103392568,0.9941067105812992
fec6912baad85d41729669edd6b4d3b8,210.0,2314,0.7476575121163166,0.994122161251184
a9415cf907dfa12f9ed18693244f5329,210.0,2315,0.7479806138933764,0.9941376119210688
661ad5fcc28cdfb8bcadb12bb2272475,209.93,2316,0.7483037156704362,0.9941530574407302
269c5fc9fcadee614364c3620c30a1f9,209.6,2317,0.7486268174474959,0.9941684786807675
3fadb4cba4c35bce6a7eaf9872d5623a,209.5,2318,0.7489499192245558,0.994183892563343
929f342384a6607afe143d789ade1316,209.4,2319,0.7492730210016155,0.9941992990884567
3fefda3299e6dfaea3466ef346a3571a,209.0,2320,0.7495961227786753,0.994214676183723
10cdd491d1dbea8fb4ead97b19c334ce,208.9,2321,0.749919224555735,0.9942300459215274
1de62b6f2fd96227629786db492433db,208.8,2322,0.7502423263327949,0.99424540830187
ad8b531ae67582f096925cff5630d0d1,208.35,2323,0.7505654281098546,0.9942607375736343
5a9c0859cb00fd8aa4db443837f0a700,208.0,2324,0.7508885298869143,0.994276041094282
353e21e8bf8de2722b4fae1636664b76,208.0,2325,0.7512116316639742,0.9942913446149297
90b36c5aeb728d5504a39f435bef0c5f,207.86,2326,0.7515347334410339,0.994306637835131
90b57083da5d803237da74daec6dcb2b,206.9,2327,0.7518578352180937,0.9943218604236984
762fafdaa57a532ee0119731697579dd,206.7,2328,0.7521809369951534,0.994337068297342
3bfad056cf05c00dabe2f895925d83b1,206.65,2329,0.7525040387722133,0.9943522724922549
e5d4b2b0c3bca22085f7a19a28de0c42,205.8,2330,0.752827140549273,0.994367414148742
dd8a29ce82d5c705ba932d81494600a5,205.75,2331,0.7531502423263328,0.9943825521264981
643c01d7c56a724bec0454f4780e8a3e,205.55,2332,0.7534733441033926,0.9943976753893305
37ceb404da208418c9032f0674e57804,204.93,2333,0.7537964458804524,0.9944127530358996
efb628aa07c8ca93d7db0d85b91a4f5a,204.0,2334,0.7541195476575121,0.9944277622580733
e819bcfade7b5d88a27325eb6cfd62c5,202.9,2335,0.7544426494345718,0.9944426905481668
f26d70155c2b6326fcfa1780c8c684e4,202.89,2336,0.7547657512116317,0.994457618102514
bcc9dd23e2a8bd8267cf92b19304a1b9,202.79,2337,0.7550888529886914,0.9944725382993994
19484c79cef6c062cb177aa4ef2fcc3c,201.9,2338,0.7554119547657512,0.9944873930148743
28c7d8743fbc8679f484868cc0fcaefb,201.5,2339,0.755735056542811,0.9945022183005018
72146da5774cabf2632faedcae097a76,200.94,2340,0.7560581583198708,0.9945170023843429
c990d6cf976a5718aaedc539f383ab88,200.9,2341,0.7563812600969305,0.9945317835251994
3f84fefc07dc159b268d4a77d3e8c425,200.6,2342,0.7567043618739903,0.9945465425936703
5db42a6cd9bf1bf0d3aab9582767f168,200.0,2343,0.7570274636510501,0.99456125751737
dda37071807e404c5bb2a1590c66326f,199.99,2344,0.7573505654281099,0.9945759717053236
dbc51f5e45d654ecc16cb68e6817ecea,199.99,2345,0.7576736672051696,0.9945906858932773
3289d8c3eef4873f91ce0b1343c0dd58,199.99,2346,0.7579967689822295,0.9946054000812309
3fe7120d6257285ac6a3ce7cb071ccec,199.98,2347,0.7583198707592892,0.9946201135334383
651530bf5c607240ccdd89a30c9c9712,199.9,2348,0.7586429725363489,0.9946348210996763
e59e575a175fadcadf8479e191770425,199.9,2349,0.7589660743134087,0.9946495286659142
2cb4700db635baa1c0d4f90ed27b6669,199.8,2350,0.7592891760904685,0.9946642288746903
2a50b7ee5aebecc6fd0ff9784a4747d6,199.8,2351,0.7596122778675283,0.9946789290834664
4f0d637c1197fd65405ebd755ac9f86b,199.8,2352,0.759935379644588,0.9946936292922426
ec5c1d94df153d473b37f880977ae58e,199.67,2353,0.7602584814216479,0.9947083199363183
4e2627090e6e5b9fabba883a37897683,199.5,2354,0.7605815831987076,0.9947229980727087
8060d731897e33b5c5ae575ce1e209e1,199.5,2355,0.7609046849757674,0.9947376762090993
e1bed63d68ac36fe1f3061befe196af5,199.0,2356,0.7612277867528271,0.9947523175581805
4ce8b55b4bfa4659184e7becc1fba3f2,199.0,2357,0.761550888529887,0.9947669589072619
52f6f9f13ba19504c02781132a049e75,199.0,2358,0.7618739903069467,0.9947816002563431
e9874ae10b2d60d43917b6bbfa13a599,199.0,2359,0.7621970920840064,0.9947962416054243
4450bd8327d471c4a11a83d1445b1b62,199.0,2360,0.7625201938610663,0.9948108829545056
3d290fe363c60a77498c1126fd3fb8d3,198.98,2361,0.762843295638126,0.9948255228320946
e503f22be6a4f456d9851920a5d9c670,198.9,2362,0.7631663974151858,0.9948401568237141
586a871d4f1221763fddb6ceefdeb95e,198.0,2363,0.7634894991922455,0.9948547245981768
b57e8460909fa137df7951b4a3b5ea84,198.0,2364,0.7638126009693054,0.9948692923726395
d8dd176509baa37f359644d082bf7f7b,198.0,2365,0.7641357027463651,0.9948838601471024
6f835fd4be26989b1b064399da346143,197.8,2366,0.7644588045234249,0.9948984132066415
9da15f4a4ea758d9eeb49000dbe57e22,196.9,2367,0.7647819063004847,0.9949129000490239
fe8055980a4ff7f64ed889c2b5926929,196.7,2368,0.7651050080775444,0.9949273721764826
809413606dbfe5deefd2db646693ef67,196.68,2369,0.7654281098546042,0.9949418428324489
8def3db7f272735afb2ecd03aeca09a7,196.0,2370,0.7657512116316639,0.9949562634576747
0f7eea709efdf942b5f95c7516dbacd7,195.74,2371,0.7660743134087238,0.9949706649534997
f356c348fbc8df6a882823e21f5ce8b7,195.18,2372,0.7663974151857835,0.9949850252475383
9c54608f0996c32ae4743089d915f845,194.8,2373,0.7667205169628433,0.9949993575832219
b5f49fe968dff6b112861e6cd8e192ef,194.7,2374,0.7670436187399031,0.9950136825614436
7d948535954aaf8c5d39db007f74372e,194.0,2375,0.7673667205169629,0.9950279560374323
f626e15b7314c267e4429010866f70e9,193.55,2376,0.7676898222940226,0.9950421964048429
05e107217c7266362fd44b75b2cd4cc4,193.38,2377,0.7680129240710823,0.9950564242645683
747c1cdcd1737dcfbd1547f6eb6f2cf3,193.1,2378,0.7683360258481422,0.9950706315234004
4d9fea3499bdc22aa4da4e339365f215,192.54,2379,0.7686591276252019,0.9950847975804461
78ba5933c21686d1c2f64669c8c459e7,191.8,2380,0.7689822294022617,0.9950989091922742
f5403d3f50089112c4eed37928b7f622,190.8,2381,0.7693053311793215,0.9951129472294838
f307937c1bb287c3efc2a514b94b0d1d,189.99,2382,0.7696284329563813,0.9951269256712525
778323240ce2830d68aab11794e00bfb,189.98,2383,0.769951534733441,0.9951409033772749
43a1d4bab73b816e44ef4e4facd9f9b5,189.9,2384,0.7702746365105008,0.9951548751973278
7cf4ea70955b00d6b3c22542598e2715,189.9,2385,0.7705977382875606,0.9951688470173808
119c7f1a00ef43fad0e57604e76a747c,189.8,2386,0.7709208400646204,0.995182811479972
213fafb0ca06fb3d5886579c2565791b,189.7,2387,0.7712439418416801,0.9951967685851012
e0482f2c769468c3bbcd8a01e09d98c5,189.0,2388,0.77156704361874,0.9952106741879975
686886775c8f6b1191c7b953fb52708c,189.0,2389,0.7718901453957997,0.9952245797908937
b00af24704019bd2e1b335e70ad11f7c,189.0,2390,0.7722132471728594,0.99523848539379
c360e4787614ed31ac7a2f95d3b22dc6,188.9,2391,0.7725363489499192,0.9952523836392244
c0aff2da32c17759d30b22fb0af6649d,188.8,2392,0.772859450726979,0.9952662745271971
4c1c7281388a33dd06daac44f9fadbd1,188.32,2393,0.7731825525040388,0.9952801300993528
74c7dec0a384d8a05950e629bd23bde9,187.68,2394,0.7735056542810985,0.9952939385837527
a3b0df0065e264a91b7bbf5f844af5cd,186.69,2395,0.7738287560581584,0.9953076742292802
3a79f35a2344ede41af21267f61d5ec6,186.0,2396,0.7741518578352181,0.995321359108321
eec3469d83e142f9a104886655338c37,185.7,2397,0.7744749596122779,0.9953350219149761
c32fc744b9160ac853450488e3cfea93,185.7,2398,0.7747980613893376,0.9953486847216314
f9eda05b67bef472deaddbba84aca289,185.0,2399,0.7751211631663975,0.9953622960260536
9e7c5f4d7770eab65738cca38f9efccf,184.8,2400,0.7754442649434572,0.9953758926155523
2075d8cd4dd63ff12df0749a5866bb06,184.7,2401,0.7757673667205169,0.995389481847589
7d484ca289afaac6bf5fc6a1e96d2226,183.2,2402,0.7760904684975768,0.995402960717698
1c56ffe0e9dea2657fc6e95b53f40b13,183.0,2403,0.7764135702746365,0.9954164248728832
3dfd3dc96f7f8598eca74e9ac8a2fa31,183.0,2404,0.7767366720516963,0.9954298890280685
23ca5f678e0b3ea6c630b30fa8bf51ea,183.0,2405,0.777059773828756,0.9954433531832538
478bfe564db21eeb44386606aa30b650,182.7,2406,0.7773828756058159,0.9954567952660535
5659d77e8d90378e39b960ad5956f64e,182.48,2407,0.7777059773828756,0.9954702211624372
31e60bf8d103ce47932a85f5562deb16,181.0,2408,0.7780290791599354,0.9954835381683855
8ca5b19e0263150d2c57afdde2b3d011,180.6,2409,0.7783521809369952,0.9954968257444864
88cd3681e0a2ba85e190f7d817629c4c,180.0,2410,0.778675282714055,0.9955100691758162
9dd459b29a14bf89d47183cf2cd0e4c7,180.0,2411,0.7789983844911147,0.9955233126071459
94165aea8a35c3c21499cbcae239b16c,180.0,2412,0.7793214862681744,0.9955365560384757
964ff64dc05b13811c6d0f41e0aa5f6b,180.0,2413,0.7796445880452343,0.9955497994698055
7ad41305e96a6cab8294cd65891e9a86,180.0,2414,0.779967689822294,0.9955630429011353
9c57bc60cfad5ee62d35d3f1ce4593a1,180.0,2415,0.7802907915993538,0.9955762863324651
7f5e4d5efad7e44b91115dd1decb65f3,179.9,2416,0.7806138933764136,0.9955895224063331
05ca864204d09595ae591b93ea9cf93d,179.9,2417,0.7809369951534734,0.9956027584802011
50bf89f1349bc0409a268c3a49678009,179.9,2418,0.7812600969305331,0.995615994554069
762ed976527cddf02787edba70fffa2a,179.8,2419,0.7815831987075929,0.9956292232704752
2235cf78d3e2073a88146a9cb60f0dd0,178.99,2420,0.7819063004846527,0.9956423923914404
880ce4951cf857ab1d9e0b75c1d856f4,178.9,2421,0.7822294022617124,0.9956555548906898
f3975e8a41157005d4bcbb358678cd9b,178.8,2422,0.7825525040387722,0.9956687100324775
57fe6232e67823593374a2281d7a8af8,178.68,2423,0.7828756058158319,0.9956818563453108
19e0f40a907ec568c34bfac15de4f4a1,178.0,2424,0.7831987075928918,0.9956949526274036
2d2322d842118867781fc737e96d59a1,176.4,2425,0.7835218093699515,0.9957079311901068
a0a14e50070f3225b3eabba5b85da517,176.2,2426,0.7838449111470113,0.9957208950378863
c353f8fc0ce8344999f17d578eb69a5e,175.98,2427,0.7841680129240711,0.9957338426992497
485452467ff670447e84a8370c3fc898,175.70000000000002,2428,0.7844911147011309,0.9957467697597199
b906dd0e57f282c7089171b6ed07982e,175.0,2429,0.7848142164781906,0.9957596453179572
4dc2e811a1760953cb7c6a590b498943,175.0,2430,0.7851373182552503,0.9957725208761945
f92d8c817434bd2d84d4e9c61322b7fa,174.84,2431,0.7854604200323102,0.9957853846624929
23ff42c4bf1f8f16cddb19d8b972974a,174.70000000000002,2432,0.78578352180937,0.9957982381483446
dd9661d3cda1e6feb237f0c4d8b26f2e,174.0,2433,0.7861066235864297,0.9958110401319633
0692610d8abe24f287e9fae90ea0bbee,173.99,2434,0.7864297253634895,0.995823841379836
99a25c39b28a74d1151c35c18d178292,173.94,2435,0.7867528271405493,0.9958366389489777
aae5953b9edddf14749c0d65d60eb4b9,173.0,2436,0.787075928917609,0.9958493673579779
ccada0ef508e698917a6eab263375905,172.8,2437,0.7873990306946688,0.9958620810520546
1e483cc5c76fef08d3ca05f9a8af7d01,171.99,2438,0.7877221324717286,0.9958747351506902
50770d25768b0486d89be26afca3108f,171.77,2439,0.7880452342487884,0.9958873730629098
cd52a8efd71af3336b14b5039b951cc1,170.8,2440,0.7883683360258481,0.9958999396077495
e1643dff33666ca629e3644c02738179,170.0,2441,0.788691437802908,0.9959124472928942
3ea08c48e851106d2f584349daba335f,170.0,2442,0.7890145395799677,0.995924954978039
5444b12c82f21c923f2639ebc722c1ea,169.9,2443,0.7893376413570274,0.995937455305722
6e85dc5ecd97a61094b89b046a509d8e,169.9,2444,0.7896607431340872,0.995949955633405
695051e2981c8b19e77cafe450d5bdf3,169.76,2445,0.789983844911147,0.9959624456606414
b01c2b7b8599b325103ebcddc67413e1,169.45,2446,0.7903069466882068,0.9959749128797459
4bc3d93e4a5f88a598d3d8ce4ae510b3,169.0,2447,0.7906300484652665,0.9959873469902722
d9c349beabc06aa6ff1c6d68b5e9e22e,168.1,2448,0.7909531502423264,0.9959997148836419
c7c7b2682c648339a0e9846bb1023a39,168.0,2449,0.7912762520193861,0.9960120754195497
51a04a8a6bdcb23deccc82b0b80742cf,167.99,2450,0.7915993537964459,0.9960244352197113
7178e1eaa97257d8b6d4b80efd77a025,167.9,2451,0.7919224555735056,0.9960367883981573
89d9a386b0b6e5fc8403071b03f7206a,167.0,2452,0.7922455573505655,0.9960490753594466
1d1bbb8ac1581824986f582583fff01d,166.88,2453,0.7925686591276252,0.9960613534917818
1cbdc7cf130a41fd13a3c2a7d2fcfda7,165.8,2454,0.7928917609046849,0.9960735521635289
2ea0861cc19e94cad86438c984c52da4,165.60000000000002,2455,0.7932148626817448,0.9960857361203523
ace601496e211a664100321f038f50af,165.0,2456,0.7935379644588045,0.9960978759324046
33d677f27a69b84051204ee4ae76eaca,165.0,2457,0.7938610662358643,0.9961100157444569
bd4ff04377f974574f7f0bf9d6ce7dde,164.96,2458,0.794184168012924,0.9961221526135245
e45edf75f568ed2f93f78d060e246e25,164.3,2459,0.7945072697899839,0.996134240923344
fc5a0d7a310a7a41abf86a458585ff2b,162.8,2460,0.7948303715670436,0.9961462188712357
98e164d549402270247f3c96a1a158ef,162.7,2461,0.7951534733441034,0.9961581894616653
fa5fdc4e4bb6bd1009ad0e4ac4096562,161.99,2462,0.7954765751211632,0.9961701078141161
bff9deb0ec77d437f3305a79cf25529e,161.95,2463,0.795799676898223,0.9961820232235818
87f3e35268860433e13d577825aada95,161.70000000000002,2464,0.7961227786752827,0.9961939202393931
3442033154be05bac582e173ef54fd12,161.0,2465,0.7964458804523424,0.9962057657529714
d3e7d37c0df9aef383f3f2a15b0dddfb,161.0,2466,0.7967689822294023,0.9962176112665497
fc6295add6f51a0936407ead70c1001d,160.0,2467,0.797092084006462,0.9962293832055096
533d46c1b06970e99f09523a61df4972,159.98,2468,0.7974151857835218,0.996241153672977
aa2640d851ec322526f1295bbeb20092,159.98,2469,0.7977382875605816,0.9962529241404445
913fd0ebba70bb919f7254a02239173c,159.9,2470,0.7980613893376414,0.9962646887219425
fc0b214b59a83615fea981c6424a02ae,159.9,2471,0.7983844911147011,0.9962764533034405
2039c5e51785b5dde7cf93ccb3b7be2c,159.9,2472,0.7987075928917609,0.9962882178849385
6902157ee16728322d61a1321fa79e58,159.8,2473,0.7990306946688207,0.9962999751089746
99cd94252748d2bdde08e17858233602,159.8,2474,0.7993537964458804,0.9963117323330108
2ec6e37d992a95eaddb3369dcbcc76d9,159.8,2475,0.7996768982229402,0.996323489557047
4bde6149c15cf7e177b36fa060dd6de8,159.8,2476,0.8,0.9963352467810832
b7e1750c1157341d2abd0251e07c186b,159.6,2477,0.8003231017770598,0.9963469892901956
0ade5cc4a305ed7093a23f68ca47519c,158.88,2478,0.8006462035541195,0.9963586788255827
954e95f20808d7e5d11f0de292d078e0,158.78,2479,0.8009693053311793,0.996370361003508
c04d70d515d15a7e3db3a73320598566,158.2,2480,0.8012924071082391,0.9963820005081544
f1ce5fdecd64935c28b9ff932751d0dc,158.0,2481,0.8016155088852989,0.9963936252978772
98dddbc4601dd4443ca174359b237166,158.0,2482,0.8019386106623586,0.9964052500876001
ce3ad9de960102d0677a81f5d0bb7b2d,158.0,2483,0.8022617124394185,0.9964168748773229
902c99f1ac505c0d18778b61bcd636f7,157.96,2484,0.8025848142164782,0.996428496724061
dde698c6d0bd24834c586e5111c2bba7,155.9,2485,0.802907915993538,0.996439967007085
d2df77822373f19934e87694d8640767,155.9,2486,0.8032310177705977,0.996451437290109
a4e634166243bbb3a13fa584463fa468,155.55,2487,0.8035541195476575,0.9964628818220166
b9de031b671cd48b28fae9d828cbf2b4,155.32,2488,0.8038772213247173,0.9964743094317619
3c88ed2e76a2247933a15daa7161eb1c,155.0,2489,0.804200323101777,0.9964857134976292
61f159ef6da2d441951d2c0efa719362,154.97,2490,0.8045234248788369,0.996497115356258
4dab98ca6cd6d3df586203cefd28a042,154.9,2491,0.8048465266558966,0.9965085120646635
f664f98bfda2eaf266a23ff144e7a872,153.99,2492,0.8051696284329564,0.9965198418201662
0b09101900100c0e9d312861fad5a1b9,153.75,2493,0.8054927302100161,0.9965311539177604
6601ee6383e7f452be71929f8de48bbb,153.6,2494,0.805815831987076,0.9965424549791617
d26aa40b90272d4843d63be7c1462c8d,152.9,2495,0.8061389337641357,0.9965537045383303
78813699ffac347fe27dba345a5f1551,152.42,2496,0.8064620355411954,0.9965649187816819
4ddeb3e828550cddc8d45c8bc36ab2d1,152.0,2497,0.8067851373182553,0.9965761021236936
56f413900b5166ab4d730e9ac0b12cb0,151.79,2498,0.807108239095315,0.9965872700150356
bd0a1b0aadca9a83d9304f7e8ff5fbd5,150.6,2499,0.8074313408723748,0.9965983503525814
4867209cb29b56b92893d7bde3ce8012,150.0,2500,0.8077544426494345,0.9966093865453562
2d34636518ba88f5349b732fcf8ba2e4,150.0,2501,0.8080775444264944,0.9966204227381311
c398bc00a606d33758afd91f4e64fd15,150.0,2502,0.8084006462035541,0.9966314589309059
578fa3a9cb6b6dceab39231ad59cdaca,150.0,2503,0.8087237479806139,0.9966424951236807
1e47d8b6546eb3a77b1acddcc9406242,149.9,2504,0.8090468497576737,0.9966535239589938
49f8d2ea7b718d0ce587d34207caf2b4,149.9,2505,0.8093699515347335,0.9966645527943068
f266295f49a28eee21f413e0cbb0521d,149.8,2506,0.8096930533117932,0.9966755742721579
6ba4733aa33f6386e9fb0c0fd3993b38,149.79,2507,0.8100161550888529,0.9966865950142628
63272377184e969942f7fff221be858d,149.7,2508,0.8103392568659128,0.996697609134652
7a188843479798ca813108fa7b959286,149.7,2509,0.8106623586429725,0.9967086232550413
3d700782d7818f2c1e0d7a9e9d75fc00,149.7,2510,0.8109854604200323,0.9967196373754305
e00d85ce20ea50c1224c66ca5050527d,149.0,2511,0.8113085621970921,0.9967305999935868
d8b8f2cf9ff6ba0389072541cb42498c,149.0,2512,0.8116316639741519,0.9967415626117432
37303482a42fb700d8d127e70a9cd6c8,148.89,2513,0.8119547657512116,0.9967525171366916
f35becee938e982bd615edf8ef12bcfb,148.58999999999995,2514,0.8122778675282714,0.9967634495892542
8fbe2ee446b97e128471be4ce983dc0d,148.5,2515,0.8126009693053312,0.9967743754201013
538caafddff204241cecbf3a02e6b3cf,148.3,2516,0.812924071082391,0.9967852865360247
ca7c6bd577e559472af1c699de9e764e,148.0,2517,0.8132471728594507,0.9967961755795626
7d7866a99a8656a42c7ff6352a433410,147.89,2518,0.8135702746365105,0.9968070565298924
2a7c6c0b0d5efde2bf75ec1e1cec2d41,147.6,2519,0.8138933764135703,0.9968179161435828
9523fb39dd240aa958e040f8183d64f3,146.99,2520,0.81421647819063,0.9968287308767559
0b3f27369a4d8df98f7eb91077e438ac,146.51,2521,0.8145395799676898,0.9968395102941122
782f78b632a43875dd5b53e3e49c9564,146.01,2522,0.8148626817447496,0.9968502529241593
4bcec44888b30ba9001234c534716d3f,146.0,2523,0.8151857835218094,0.9968609948184601
398cb257329ef7af7f1943a8974a3cbc,145.9,2524,0.8155088852988691,0.9968717293552991
f3041c2e75ec683697a6a5ea82192210,145.0,2525,0.815831987075929,0.9968823976749814
8e34331b7eedd03be4e5d965c1956225,145.0,2526,0.8161550888529887,0.9968930659946638
553a440137d6e0cf776aee0bb83ac9f5,144.8,2527,0.8164781906300485,0.9969037195994225
0daf5180aa44356f60f8effa533b55a2,144.8,2528,0.8168012924071082,0.9969143732041812
15ac3c501e2599e4917316fde5c5669a,144.2,2529,0.817124394184168,0.9969249826641686
4a82c4af97ffc0fb2dc26bfdc03b1842,143.7,2530,0.8174474959612278,0.9969355553368469
c8143b3069f6746a77421b5ce30a450c,142.47,2531,0.8177705977382875,0.9969460375127445
2f9b7ce230a057a98a9f5df5893ee36c,141.82,2532,0.8180936995153474,0.99695647186514
d3891911c2feae53c52fea2bd14054e5,141.0,2533,0.8184168012924071,0.9969668458863483
0e72c1a751b496722a6cb1f10653b62a,140.8,2534,0.8187399030694669,0.996977205192633
a89e143d5211473ae18db9577ee34b64,140.0,2535,0.8190630048465266,0.9969875056392229
50a7e551a7b3f8d37cd6e32d8bfbe5ea,140.0,2536,0.8193861066235865,0.9969978060858127
52a50b42accf164f9f019941e5759d9b,139.96,2537,0.8197092084006462,0.9970081035894178
19d62d484cba71963c93f0f00ab42013,139.9,2538,0.820032310177706,0.9970183966785459
fa8d335d68129e464e60c1826a683e96,139.9,2539,0.8203554119547658,0.9970286897676739
d8bf0fc082fd4a77fc2e5679b6c00133,139.9,2540,0.8206785137318255,0.9970389828568019
3f8247d0f772ffa58560e5c682521ad5,139.9,2541,0.8210016155088853,0.99704927594593
e8ff5a6ceb895583033fc2a0f314e3c2,139.89,2542,0.821324717285945,0.9970595682993117
a154d7316f158bb42e6fa18bbe3afd3a,139.8,2543,0.8216478190630049,0.997069854030978
59bbc819b99a733f02f0d6b49d1c253d,139.8,2544,0.8219709208400646,0.9970801397626442
1b0b0f4f95e962d6f32fe90c759d0479,139.8,2545,0.8222940226171244,0.9970904254943104
6a53b90c3ad9e0b56d9fe5c69165fff5,139.78,2546,0.8226171243941842,0.9971007097544841
657969cca82e884d272385ec0ef06edd,139.7,2547,0.822940226171244,0.9971109881286884
63b9ae557efed31d1f7687917d248a8d,139.5,2548,0.8232633279483037,0.997121251787969
818d28f936e791926d33bcb6ee94ef79,139.5,2549,0.8235864297253634,0.9971315154472495
26e2e5033827d2ba53929f43e03d8ffe,139.49,2550,0.8239095315024233,0.9971417783707839
4a5b36211b1f51bf7eaa5c10a57fa483,139.19,2551,0.824232633279483,0.9971520192219328
5a9b3bcab695173c820e53934574ae80,139.0,2552,0.8245557350565428,0.9971622460939041
712efd3b68f9686dc856b84abd0f21ae,139.0,2553,0.8248788368336026,0.9971724729658754
c747d5b92c7648417faea95d36d763e8,139.0,2554,0.8252019386106624,0.9971826998378468
f114dca2828bf718548db175ebe2cfcd,139.0,2555,0.8255250403877221,0.9971929267098181
57a834594e1e9e9219603bfec184eadc,139.0,2556,0.8258481421647819,0.9972031535817895
f049a72cf58fd31b11f8919cade515e7,138.75,2557,0.8261712439418417,0.9972133620601061
96f7c797de9ca20efbe14545bed63eec,138.60000000000002,2558,0.8264943457189015,0.9972235595022301
717b78b0950b51ed00b1471d858b0edc,138.6,2559,0.8268174474959612,0.997233756944354
8cb7c5ddf41f4d506eba76e9a4702a25,138.0,2560,0.827140549273021,0.9972439102417069
044668ccd5316b12a7cf0d54a156e3e9,137.8,2561,0.8274636510500808,0.997254048824136
0b64bcdb0784abc139af04077d49a20e,137.6,2562,0.8277867528271405,0.9972641726916415
ea846a0e7ad98a741783e886d89dfa44,137.0,2563,0.8281098546042003,0.9972742524143758
db6a4d4b5f1f5f98820ce6ce2619e2de,135.99,2564,0.8284329563812601,0.9972842578267455
377bc18334c78dd2f1535ef22a3ad225,135.98,2565,0.8287560581583199,0.9972942625033691
dd39ad39b5d3df33037e141c72497ba6,135.8,2566,0.8290791599353796,0.9973042539365612
e3e290b38963293022cdcd6db8328103,135.7,2567,0.8294022617124395,0.9973142380122915
59de1d4c8c057c2a53acd4ca66531af2,135.0,2568,0.8297253634894992,0.9973241705857888
7c4adcc13272c0e26fa23aac642adb7b,135.0,2569,0.830048465266559,0.9973341031592862
83c8aafbefb034674a70de0eac5b8954,134.9,2570,0.8303715670436187,0.9973440283753217
5def4c3732941a971cba8fdee992ede1,134.8,2571,0.8306946688206786,0.9973539462338954
c5e60e39c0f42b8e827daa13cff74afa,134.0,2572,0.8310177705977383,0.9973638052327742
8e4f041ff58e7845456d3482524014b3,133.8,2573,0.831340872374798,0.9973736495167295
062c325cd6a2b87845fab56b4ec2eeae,133.22,2574,0.8316639741518579,0.9973834511274059
c87abc38c8ed3240861729e1aeadf221,133.0,2575,0.8319870759289176,0.9973932365516662
7adbd3210a7b3cc2235e225eef33574d,131.9,2576,0.8323101777059774,0.9974029410438463
fedf2c1386e137f296b3bbf3b635e69d,131.74,2577,0.8326332794830371,0.9974126337640873
a218df5c097b0ca409cfaac1488cc7f6,130.69,2578,0.832956381260097,0.9974222492309789
939f6e231201f26803cb5c3a3d2940b3,130.6,2579,0.8332794830371567,0.9974318580761549
2f3d8b4c9e2ee165075331fea3f3095a,130.0,2580,0.8336025848142165,0.9974414227765597
dc120d932ddf9d4dfb6fd68beefda622,130.0,2581,0.8339256865912763,0.9974509874769645
60ad151920c4f6f3ebbe8cfdf6166779,130.0,2582,0.834248788368336,0.9974605521773694
88af55b4a7ca402b27df16f7c7c9b5d2,130.0,2583,0.8345718901453958,0.9974701168777742
9fe7c6641c79970ab48185498f547c09,130.0,2584,0.8348949919224555,0.9974796815781791
0f80a40c312b2472dca482cf50f5186f,129.9,2585,0.8352180936995154,0.9974892389211221
b6f52e346160519c24a23af05410ad32,129.9,2586,0.8355411954765751,0.9974987962640651
e5def42655b7490edac5a56fe8e9e603,129.9,2587,0.8358642972536349,0.9975083536070082
44ed138eca6214d572ce1d813fb0049b,129.79,2588,0.8361873990306947,0.997517902856743
45c20d94d9171b0bcfab3c955e47d67b,129.45999999999998,2589,0.8365105008077545,0.997527427826854
ef728fa1f17436c91ed1ccd03dcf9631,128.7,2590,0.8368336025848142,0.9975368968802547
391bbd13b6452244774beff1824006ed,127.8,2591,0.837156704361874,0.997546299716499
47f55702f598c7c6cc8458b0fbc1c49a,127.5,2592,0.8374798061389338,0.9975556804803576
5bc237df65098fe211bb4818f4d26d78,126.8,2593,0.8378029079159935,0.9975650097419833
7c9130f5f3729edd32aa059141d92484,126.0,2594,0.8381260096930533,0.9975742801439141
c26ba52cf8d2f34915f2f6b7ffa0a3f3,125.96,2595,0.8384491114701131,0.9975835476028603
f9a02f1922d1de564392e656d82b3fda,125.9,2596,0.8387722132471729,0.9975928106473293
934ed5cd1b9c1c7382d0a94a94b9e639,125.85,2597,0.8390953150242326,0.9976020700130674
788f22bafdd7ab0e1e79f19db72f16a4,125.8,2598,0.8394184168012924,0.9976113257000746
9558aa23f77a9e0a0eca83540999f43b,125.7,2599,0.8397415185783522,0.9976205740296199
570d4583587a5fe2d47c7be89b91ad27,125.25,2600,0.840064620355412,0.9976297892505869
ec2e006556300a79a5a91e4876ab3a56,125.2,2601,0.8403877221324717,0.9976390007928229
57df9869a600bd6b7c405f2a862eccfb,125.0,2602,0.8407108239095316,0.9976481976201352
c092292535a57dacd95a8765f5518f87,125.0,2603,0.8410339256865913,0.9976573944474476
ff82e8873fba613f2261a9acc896fd84,124.6,2604,0.841357027463651,0.9976665618449125
693660429f9dc4ff704eb3d88dad54d7,124.0,2605,0.8416801292407108,0.9976756850976064
08061dc0fc165ed41288cc7acde738ee,123.8,2606,0.8420032310177706,0.9976847936353765
8d92f3ea807b89465643c219455e7369,121.2,2607,0.8423263327948304,0.9976937108791386
89757206b887aed36f3e18d858460fea,120.5,2608,0.8426494345718901,0.9977025766206677
876182d1918783bbe15233febfbd4926,120.27,2609,0.84297253634895,0.9977114254400345
003554e2dce176b5555353e4f3555ac8,120.0,2610,0.8432956381260097,0.9977202543942544
1927cdb9fa74f5270097f6250e8e8f34,120.0,2611,0.8436187399030695,0.9977290833484742
bdf0d02d36a1d839d0c39c4a887cdd49,120.0,2612,0.8439418416801292,0.9977379123026942
bba8d0c234a52b87b3957037a215d1a4,120.0,2613,0.844264943457189,0.997746741256914
a353b1083c9863d756d9404695016d64,120.0,2614,0.8445880452342488,0.9977555702111338
698f5fa55a5f73d0740e9d9a773e8093,120.0,2615,0.8449111470113085,0.9977643991653538
35281d148dcf7134bae913c57db4e6da,119.99,2616,0.8452342487883683,0.9977732273838275
3903c788ded8dc03b5ebab37a2f3e9a1,119.98,2617,0.8455573505654281,0.9977820548665549
e09887ca8c7bf8a4621ce481820414ef,119.96,2618,0.8458804523424879,0.9977908808777901
07a9bc7f61396b658ddf3ac534efe44c,119.9,2619,0.8462035541195476,0.9977997024745482
e9b6c33b71b67737693b4cfa68341c8d,119.9,2620,0.8465266558966075,0.9978085240713062
a150c540f572d0fb53992264bc5c10b5,119.9,2621,0.8468497576736672,0.9978173456680642
674207551483fec113276b67b0d871ff,119.9,2622,0.847172859450727,0.9978261672648223
7c4402417d51474d4d0cda9557340e40,119.9,2623,0.8474959612277867,0.9978349888615803
d1aa1ec0839dcab73a6161130eb1f94a,119.9,2624,0.8478190630048466,0.9978438104583384
be1e9e378700cecaa4ebf71433d7915c,119.89,2625,0.8481421647819063,0.9978526313193502
910a922b426b7ff95eaee129ad6c0e1f,119.8,2626,0.848465266558966,0.9978614455586464
bf0045791395e66460eb04749c68672a,119.8,2627,0.8487883683360259,0.9978702597979426
8eb88b0acb3f90a717ad659221471fa7,119.8,2628,0.8491114701130856,0.9978790740372389
26e13b6ff5b641b329e5524241ee2c93,119.7,2629,0.8494345718901454,0.9978878809190731
e5bd51692380fd8cabb19b756b95e714,119.7,2630,0.8497576736672051,0.9978966878009075
a9b533a26e898b12e8b8d4c07279bf4d,119.6,2631,0.850080775444265,0.9979054873252798
22c32ec35d0116ef02c281798a25bf8b,119.58,2632,0.8504038772213247,0.99791428537816
36f98ad67cc981f50ce8aed093d5783c,119.4,2633,0.8507269789983845,0.9979230701876087
fc38b5dceee1a730fad8853453437fbd,119.2,2634,0.8510500807754443,0.9979318402821338
fc908879b9ca1bd65419e54e50432d38,119.2,2635,0.851373182552504,0.9979406103766587
e82de6494d91d3c4c54450f59b227a94,118.9,2636,0.8516962843295638,0.9979493583987983
fd312b6bf05efac6c3772d5b52205d8a,118.7,2637,0.8520193861066235,0.997958091706014
e9c2dc0dd4ac38448289be644ac94f42,118.39,2638,0.8523424878836834,0.9979668022050981
4c60877808f4318ef1107fbeb8f89afa,118.0,2639,0.8526655896607431,0.9979754840100811
aa1eb17b9fdf6dfd546e25c45c7b9235,117.99,2640,0.8529886914378029,0.9979841650793178
b416191c9813d821a295cfabafff4161,117.8,2641,0.8533117932148627,0.997992832169377
40ec8ab6cdafbcc4f544da38c67da39a,117.8,2642,0.8536348949919225,0.9980014992594362
13dd308f81fea30cc670c656b2b46cc3,117.7,2643,0.8539579967689822,0.9980101589920335
9bade61a92bed55a25d2b67b9f4ed739,117.68,2644,0.854281098546042,0.9980188172531383
bca9230d3bbb4efa51872bf605a2f1ad,117.57,2645,0.8546042003231018,0.9980274674210353
9bf11dfc0bec77e5a23028043c3c5a8f,115.0,2646,0.8549273021001615,0.9980359285021627
781a66c0d89e30814d49fe8b5e14cd07,115.0,2647,0.8552504038772213,0.99804438958329
93bef6edaa84956e8e575016449b6351,115.0,2648,0.8555735056542811,0.9980528506644174
039b29ff3b3473435d0cd59040575de9,114.9,2649,0.8558966074313409,0.9980613043880829
8c351ed7c326c62123318f4f3246e906,114.9,2650,0.8562197092084006,0.9980697581117485
296729ffb9b684050dd24836dac4494a,114.0,2651,0.8565428109854604,0.9980781456182574
4c4d546adf3c3868fe19c9ec6e9ffda9,111.7,2652,0.8568659127625202,0.9980863639031436
ac1ed5fc15901fbc92920361eb4ab350,110.25,2653,0.85718901453958,0.9980944755048332
28d162ab86bb49d719c32f0ee6186eaa,109.99,2654,0.8575121163166397,0.9981025679771218
4be9ae93c4fc0f41713d71a4194ee1b3,109.9,2655,0.8578352180936996,0.9981106538276949
2c9005d8043aff18b8557ffb7b13cda4,109.9,2656,0.8581583198707593,0.9981187396782679
e732329483fd5f27367dd997b47f598a,109.9,2657,0.858481421647819,0.998126825528841
db7ed69a53aa9fb1c01930ba54a88bbe,109.0,2658,0.8588045234248788,0.9981348451622574
7bb8fac2913a6064ec412e583c6d8b4d,109.0,2659,0.8591276252019386,0.9981428647956738
92992bec39dde5766f590d3b1f46d465,109.0,2660,0.8594507269789984,0.9981508844290902
4cc43a222a0f94910728b62b97a8c5f8,108.5,2661,0.8597738287560581,0.9981588672751973
bb3dca718920a4d7ec3cc9ffb025108b,108.0,2662,0.860096930533118,0.9981668133339952
e88165a185134e13fdfc85d4fa654db8,108.0,2663,0.8604200323101777,0.998174759392793
941554c5757b73ba0e50aa7732310afc,107.69,2664,0.8607431340872375,0.9981826826434591
44717f64ec2a457979cf83c429077666,107.0,2665,0.8610662358642972,0.9981905551276385
077c5fae4bea9500e3737b16f71b9d3a,106.8,2666,0.8613893376413571,0.9981984128968943
a69aa24cec11168e7e39a3fbc727e925,105.97,2667,0.8617124394184168,0.9982062095992166
271b8923c6a549e02d3c9fd1f8c0422b,105.19,2668,0.8620355411954765,0.9982139489133365
630008e0f062605a415d694489f6f82e,105.15,2669,0.8623586429725364,0.9982216852844716
3d2400ac620cffa23ac81bd192f7f555,105.0,2670,0.8626817447495961,0.9982294106194141
3bb32fedaa74e4ad20f4ce067733bd31,103.7,2671,0.8630048465266559,0.9982370403073523
62de60d81c55c29d76a6bce418b31cef,103.0,2672,0.8633279483037156,0.9982446184930577
461ff5303b6c9c1a4a07f40c5aece516,102.7,2673,0.8636510500807755,0.9982521746063775
ab91571efab27993ff2f6b36e38055c3,102.24,2674,0.8639741518578352,0.9982596968753729
160851d3ece7aa1a510f8d1a4bb8a8af,102.05,2675,0.864297253634895,0.9982672051651907
be67f78487e2cecb0d55bc769709e4f5,102.0,2676,0.8646203554119548,0.9982747097762775
96e5dc09087bad639b4ee193104ec2e5,101.9,2677,0.8649434571890146,0.9982822070299027
4fae87d32467e18eb46e4a76a0a0b9ce,100.9,2678,0.8652665589660743,0.9982896307089092
a4fc6eadaff1576af888509a53420f6a,100.86,2679,0.865589660743134,0.998297051444931
011b0eaba87386a2ae96a7d32bb531d1,99.98,2680,0.8659127625201939,0.9983044074352885
79b93a308a97792cf53ac75f46da00b5,99.9,2681,0.8662358642972536,0.9983117575396766
80cfd480be3eb6d6267139f5cb793555,99.9,2682,0.8665589660743134,0.9983191076440646
2d20f1cd18725c91147da0791d498022,99.8,2683,0.8668820678513732,0.9983264503909909
26562f211dd1364af2a8596dc945e8ae,99.0,2684,0.867205169628433,0.9983337342782223
247587846358bb1d2e4c6522020b36fe,99.0,2685,0.8675282714054927,0.9983410181654536
a7c53f6b3b61adbdaa99dda97e8cbd56,99.0,2686,0.8678513731825525,0.998348302052685
aa8af66c623d7d544dfe4bb85b5ebe3b,99.0,2687,0.8681744749596123,0.9983555859399165
1fbe10c70e30765ed1de86d9f7e98409,98.75,2688,0.868497576736672,0.9983628514334931
9e17b9d64683aebcbb9ee362d06463b4,98.7,2689,0.8688206785137318,0.9983701132483389
00ab3eff1b5192e5f1a63bcecfee11c8,98.0,2690,0.8691437802907916,0.9983773235609519
eaaa46e98c9e61f6764dd1d7a2ab8b3e,98.0,2691,0.8694668820678514,0.9983845338735647
5f57db27027655e6c6a391601daa0258,98.0,2692,0.8697899838449111,0.9983917441861776
1c742ac33582852aaf3bcfbf5893abcf,97.9,2693,0.8701130856219709,0.9983989471413287
c7bb64409aa480bb7d0335faaaf3d242,97.6,2694,0.8704361873990307,0.9984061280240941
70126eecc6aa1274392a1743866e9678,97.4,2695,0.8707592891760905,0.9984132941919359
e3e15e2c0b9700561efac21c6be48066,97.24,2696,0.8710823909531502,0.9984204485878388
270572bb714b00531be85e16e1550f26,96.99,2697,0.8714054927302101,0.9984275845900871
bcf5566870987da7bc811fbc8c5b9fd9,96.0,2698,0.8717285945072698,0.9984346477534629
034b9387752bfa309f350a70cd45ffa3,96.0,2699,0.8720516962843295,0.9984417109168389
f43827dd686be3a4a80e00aa299990fb,95.54,2700,0.8723747980613893,0.9984487402358901
74a9b9bddf14ece02beb81f52c41a88d,95.0,2701,0.8726978998384491,0.9984557298246476
22a23e5ac7061fc538cc2a019afaaf16,95.0,2702,0.8730210016155089,0.9984627194134049
7a073a40a9d3f1fee8bc45670ea1e909,95.0,2703,0.8733441033925686,0.9984697090021624
623ad9d0c1e14bb5464a8c72bff7b4af,95.0,2704,0.8736672051696285,0.9984766985909197
8cf21434553b02cbd37c0bbd07e041b0,94.98,2705,0.8739903069466882,0.9984836867081848
253c025bab43881055aeecde5e2d8b77,94.82,2706,0.874313408723748,0.9984906630535109
443d880f15cbd3572885e1d44bf2c478,94.8,2707,0.8746365105008077,0.9984976379273446
43b2c864251aa0ce4030c746984e088a,94.8,2708,0.8749596122778676,0.9985046128011783
7a704e63bb29c446869efde5d57524c8,94.49,2709,0.8752827140549273,0.9985115648668803
6235903333ba7de1928c869e268e5964,94.06,2710,0.875605815831987,0.9985184852954964
376d67b61dce0c990155286e7ae486a4,94.0,2711,0.8759289176090469,0.9985254013096353
2aafae69bf4c41fbd94053d9413e87ee,94.0,2712,0.8762520193861066,0.9985323173237741
5305693ffae2d3463377b1f6fe67b15a,93.56,2713,0.8765751211631664,0.998539200965081
6b2612338467c08c9b25f0cc55b1578d,92.9,2714,0.8768982229402261,0.9985460360471395
1fddcb7b326905d3ad5efe82187db347,92.0,2715,0.877221324717286,0.9985528049120415
c4b911d06343b21dd906651f8101cb49,90.98,2716,0.8775444264943457,0.9985594987308325
01266d4c46afa519678d16a8b683d325,90.25,2717,0.8778675282714055,0.998566138840152
f8f35af4634605e6693c17cc3ffff5a8,90.0,2718,0.8781906300484653,0.9985727605558169
52b53f7061969fe471d119b6195da864,90.0,2719,0.8785137318255251,0.9985793822714818
1cbcd2ee0afb3fc09963b87eb65e7e4f,90.0,2720,0.8788368336025848,0.9985860039871467
6d04126aba80df143fd038e711b8fd96,89.99,2721,0.8791599353796445,0.9985926249670654
d7d517afce974cd491b8d52bb5b5b1fc,89.99,2722,0.8794830371567044,0.9985992459469841
8dd386be0767c330276ea6a3f96532d3,89.98,2723,0.8798061389337641,0.9986058661911567
741f8c587cb4248ebc5b779a0e8e0e51,89.95,2724,0.8801292407108239,0.9986124842280906
a72f15980dc3e9bfd1a49ac9b2f3af65,89.9,2725,0.8804523424878837,0.9986190985862937
97e50a621f8e801f4baf69e08687c192,89.9,2726,0.8807754442649435,0.9986257129444968
83d458c0d6d4f94295d63f091460bd60,89.9,2727,0.8810985460420032,0.9986323273026998
4aba6a02a788d3ec81c03137144d9a80,89.9,2728,0.881421647819063,0.998638941660903
154bdf805377afea75a3bd158e9eab10,89.9,2729,0.8817447495961228,0.998645556019106
fc99f99385ae90f66f01733856fb88c9,89.9,2730,0.8820678513731826,0.998652170377309
889009a0ed0bb52c87819941192931b8,89.9,2731,0.8823909531502423,0.9986587847355122
2bdb95a56a36ebbc6640337ac5eac174,89.9,2732,0.8827140549273021,0.9986653990937152
5741dc2bf5044c34d0698681c5081bed,89.69999999999999,2733,0.8830371567043619,0.9986719987369945
b8d890108a7a80e4f5d59eea9f362438,89.69999999999999,2734,0.8833602584814216,0.9986785983802738
6624bc09786f0e41ae48dfc5eeb1a9e2,89.54,2735,0.8836833602584814,0.9986851862516142
b3809b8d4394588a47c8470ea331e135,89.0,2736,0.8840064620355412,0.9986917343926606
da2782c804606d2a5d8e1760dbb3e7ec,89.0,2737,0.884329563812601,0.998698282533707
499185655c29ecfdbfe776ef7cf875b5,89.0,2738,0.8846526655896607,0.9987048306747534
65c255b299faf2d12050937cc219c46c,88.2,2739,0.8849757673667206,0.9987113199561048
fa7ad8ae9bcb2c4493fdf38e96b1d74f,88.0,2740,0.8852988691437803,0.9987177945225327
dd264199fc8b687ad029de7de6d760e6,87.9,2741,0.88562197092084,0.9987242617314989
466222e777149751370e7e98fb623b0c,87.9,2742,0.8859450726978998,0.9987307289404649
9cea4682e16655f7da87f406902e989e,87.75999999999999,2743,0.8862681744749596,0.9987371858489844
2fa13c8bd5705d279f7ed5cc9ec61c68,87.4,2744,0.8865912762520194,0.9987436162706412
4fe2f67634d00c021aa01f96b6f2d68e,86.8,2745,0.8869143780290791,0.998750002547527
60da8bfa7eebe230b7d66ac4082d79b3,86.6,2746,0.887237479806139,0.9987563741094889
b86a47b3366e3b5424a7b225781f4908,86.5,2747,0.8875605815831987,0.9987627383139891
00d8b143d12632bad99c0ad66ad52825,86.0,2748,0.8878836833602585,0.99876906573118
a2b911e9ad40dc7d61c142a4683e2d85,85.9,2749,0.8882067851373182,0.9987753857909091
20fd2d2080ed85fa67fad3fcbb2c1813,85.9,2750,0.8885298869143781,0.9987817058506382
5566627eab3fe93fd6ee08798226101a,85.5,2751,0.8888529886914378,0.9987879964805197
2b5ed0c9139dae8883a200dfcb272ece,85.41,2752,0.8891760904684975,0.9987942804886858
9b1050e85becf3ae99c1cf4934c9bc5d,85.14,2753,0.8894991922455574,0.9988005446317049
dadc51ef321949ec9a3ab25cd902e23d,85.0,2754,0.8898222940226171,0.9988067984742772
b5dd7151a92ccaaa282cbe9681a05f44,85.0,2755,0.8901453957996769,0.9988130523168497
cb5ff1b9715e99589f3e0c7a6afab9e3,85.0,2756,0.8904684975767366,0.998819306159422
0dfbed20065e425d2eaefb101f9816c0,84.35,2757,0.8907915993537965,0.9988255121784924
324583d68897f5ddbaf38f6248322176,84.0,2758,0.8911147011308562,0.9988316924464463
3febca52652e7209509ccfe61cbde40e,84.0,2759,0.891437802907916,0.9988378727144002
7f02656561b680def9986c0795a8a080,84.0,2760,0.8917609046849758,0.9988440529823541
dedcab67899479e4ea5dcc4eba47f587,84.0,2761,0.8920840064620356,0.998850233250308
f5b84683a9bf9e1df748cf40f601b39c,83.9,2762,0.8924071082390953,0.9988564061608001
11d4c477d09821164bca4f70a2eae031,83.04,2763,0.892730210016155,0.9988625157971202
a56a8043ebf66e42119618fb8cf232c6,83.0,2764,0.8930533117932149,0.9988686224904556
c542f5a8c64d973f30e9df8d06f70b4a,81.0,2765,0.8933764135702746,0.998874582034554
ba8e85df286308fe68a2ce83a8f8b2d6,80.9,2766,0.8936995153473344,0.9988805342211906
52454f90d4c30c016768db02f88c1a74,80.5,2767,0.8940226171243942,0.9988864569779797
1a8e2d9c38b84a9702ac7922924b0573,80.0,2768,0.894345718901454,0.9988923429474597
8b11118053756a9a2932f447e11fc1b5,79.99,2769,0.8946688206785137,0.9988982281811933
c0f3eea2e14555b6faeea3dd58c1b1c3,79.99,2770,0.8949919224555735,0.9989041134149271
a45765f8afb1e594b22bf9e974b46765,79.99,2771,0.8953150242326333,0.9989099986486608
dcb7367a92f5ffb89f1e2152ed260285,79.9,2772,0.8956381260096931,0.998915877260679
9fbd5666d8618fa571c4230fafa09bd6,79.9,2773,0.8959612277867528,0.998921755872697
0f519b0d2e5eb2227c93dd25038bfc01,79.9,2774,0.8962843295638127,0.9989276344847151
f09e26011d833ddab11593c1a097a92a,79.9,2775,0.8966074313408724,0.9989335130967332
cd233f8bfa30ebfd651f47ee7d054951,79.9,2776,0.8969305331179321,0.9989393917087513
b5b800c4065bebf4d3442311c9857344,79.9,2777,0.8972536348949919,0.9989452703207694
9591fc341b1bfb7ef561e2968ec6e011,79.9,2778,0.8975767366720517,0.9989511489327875
ca5832c6960267b71041f74bb39e8b12,79.9,2779,0.8978998384491115,0.9989570275448055
5a32c398a06c345440bf2a683b017ad3,79.8,2780,0.8982229402261712,0.9989628987993618
aa17b35ce4de7b565be3249ba838944f,79.8,2781,0.8985460420032311,0.998968770053918
c2bda99904207edd1834f03e0022b007,79.8,2782,0.8988691437802908,0.9989746413084744
a7b7354cc588f7566a848bcbb1ce3d96,79.8,2783,0.8991922455573506,0.9989805125630307
519a7aa428f18d125a283cf8c014fdd6,79.69999999999999,2784,0.8995153473344103,0.9989863764601249
918f6fbcf3ab724d805867303e593a1b,79.69999999999999,2785,0.8998384491114702,0.9989922403572192
c8665a4dd081a2c436b1cd921079d0d9,79.39,2786,0.9001615508885299,0.9989980814461819
babcc0ab201e4c60188427cae51a5b8b,79.0,2787,0.9004846526655896,0.9990038938410433
166e8f1381e09651983c38b1f6f91c11,78.8,2788,0.9008077544426495,0.9990096915209811
15b3b1b81484422eb41df68ac87f1f50,78.35,2789,0.9011308562197092,0.9990154560923404
739c7d7be81f63812dea0d1b1451c651,77.5,2790,0.901453957996769,0.9990211581252741
5de1c80811ce7007f62f00d971236c09,76.8,2791,0.9017770597738287,0.9990268086559748
3e51f9cbe317bc3a88f2c76583811ee4,76.09,2792,0.9021001615508886,0.9990324069486964
497709c2976a8fa308730a2dec5b0726,76.0,2793,0.9024232633279483,0.9990379986197023
43a5d4a57af536fddc96d08be3afdfcb,75.0,2794,0.902746365105008,0.9990435167160897
c85d7b477a709c85a1e8b8f25aa1b270,75.0,2795,0.9030694668820679,0.9990490348124772
6dd7dce75cd55c1ce255dc38d9f0cd46,75.0,2796,0.9033925686591276,0.9990545529088646
d52cbce9845184537284a23c3bc3da0e,75.0,2797,0.9037156704361874,0.999060071005252
a1bea9970d8f65b240555f99c2214f7f,75.0,2798,0.9040387722132471,0.9990655891016395
05aebce0b5c8f0d41b29b686f2d05fd3,74.99000000000001,2799,0.904361873990307,0.9990711064622807
61b893c57e33626afb104d4112b1be76,74.99,2800,0.9046849757673667,0.999076623822922
217f005bb37ff3aeef5b2ae1788e75ba,74.97,2801,0.9050080775444265,0.9990821397120708
9c3a1c416c765687bc79a04113269929,74.9,2802,0.9053311793214863,0.9990876504509965
6187a137b2af59dfdbad8d9f8c373c14,74.8,2803,0.9056542810985461,0.9990931538324602
a90a5da8b09e44264a177c0374a5ac87,74.69999999999999,2804,0.9059773828756058,0.999098649856462
d8d9567d0bfb0bc7eb845a205ba42657,74.6,2805,0.9063004846526656,0.999104138523002
164a5a8794e6d42e14f55e447b12a3bc,73.99,2806,0.9066235864297254,0.9991095823090247
a7d0f8dd44f57ef6de7f7f02e3d82630,73.78999999999999,2807,0.9069466882067851,0.9991150113801237
204b4e07bddef3c9b317f70189135b22,73.4,2808,0.9072697899838449,0.9991204117571215
d4d99b60c4c94cd35acd502cec65dc8d,72.9,2809,0.9075928917609046,0.9991257753468101
e5c84227854980f1db19a58958c551d9,72.81,2810,0.9079159935379645,0.9991311323147831
f0ec6a2adb05c62655a26dd347b8dede,72.0,2811,0.9082390953150242,0.999136429687315
8f0fbe2cd4d472157dc1cdef6edecaa9,71.88,2812,0.908562197092084,0.9991417182308927
028872bfa080090a9d0abd4f1af168f8,70.5,2813,0.9088852988691438,0.999146905241497
e4f121bf6ef8b9a1d4d3e65dd0473fab,70.0,2814,0.9092084006462036,0.9991520554647918
f90f77ef2799a27f80d90c425ca944f7,70.0,2815,0.9095315024232633,0.9991572056880867
4003520d80d0bad1d5623f7aa3c63cda,70.0,2816,0.909854604200323,0.9991623559113817
bbf4a892cac7b82422baa711dffb8997,70.0,2817,0.9101777059773829,0.9991675061346766
0a198e95d32b1be2da9424c962a6ebfa,69.99,2818,0.9105008077544426,0.9991726556222253
d598f929fc44e1e38678e7f47250ec04,69.9,2819,0.9108239095315024,0.9991777984880584
fe9d9cf8631285d5982c6e2cf27fb114,69.9,2820,0.9111470113085622,0.9991829413538915
f3511c85f59f8dec53d140501ee8e7a8,69.9,2821,0.911470113085622,0.9991880842197246
b5d034ac251546e25afe9067f05c1539,69.9,2822,0.9117932148626817,0.9991932270855577
b6c6854d4d92a5f6f46be8869da3fa1a,69.9,2823,0.9121163166397415,0.9991983699513909
4e92348462c75b6c842b994ce84a0ed4,69.9,2824,0.9124394184168013,0.999203512817224
ffcfefa19b08742c5d315f2791395ee5,69.9,2825,0.9127625201938611,0.9992086556830571
d9b00a97818674c7f8d8b1ef0e689679,69.9,2826,0.9130856219709208,0.9992137985488901
5587130f9850696ed7fafbc91c2cee44,69.8,2827,0.9134087237479807,0.9992189340572614
17998cf586426bf0f2c3726cb0a4b211,69.8,2828,0.9137318255250404,0.9992240695656327
bbd3acfe6de99892e73940d3fdceaf68,69.0,2829,0.9140549273021001,0.9992291462143091
edb65fe661681b1c0de8bd47c8655855,69.0,2830,0.9143780290791599,0.9992342228629856
e4253cef933647000a82ff39c67b7bde,68.0,2831,0.9147011308562197,0.9992392259370434
f3055483058c84d75ca2a3314fb4deef,67.5,2832,0.9150242326332795,0.9992441922237921
723a46b89fd5c3ed78ccdf039e33ac63,66.64,2833,0.9153473344103392,0.999249095236369
a5ff20ff766e7f50bd5066f33da14413,66.59,2834,0.9156704361873991,0.9992539945702148
c6381b1321d7d97717a5bb4ed5b77882,66.0,2835,0.9159935379644588,0.9992588504950357
d58d521f3789def2e7a22715e0badd93,65.98,2836,0.9163166397415186,0.9992637049483643
76623fde66e6b63b59440fd34160512d,65.4,2837,0.9166397415185783,0.9992685167284141
d4a5e99e0dd915df64ba55a7fbd583fd,65.15,2838,0.9169628432956382,0.9992733101148094
ad738d3fcf42655ed15c4960b7b6c601,65.0,2839,0.9172859450726979,0.9992780924650118
52831e5990d0771cb4951d6f12928167,65.0,2840,0.9176090468497576,0.9992828748152142
447d377bdb757058acb569025ee18a93,64.99,2841,0.9179321486268175,0.9992876564296704
c8771b1a10bb99bb34d3c459c5cffb53,64.9,2842,0.9182552504038772,0.9992924314224111
cf281cf8b7affbdfe751b29cc85580e1,64.9,2843,0.918578352180937,0.9992972064151516
eb4a59a06b3948e851a7d7a830bcbc42,64.0,2844,0.9189014539579967,0.9993019151907356
b452cb0ae35044c4a53179c39f49fb06,63.7,2845,0.9192245557350566,0.9993066018939339
9e94fa26a70ede4d26226e918e8706a2,62.8,2846,0.9195476575121163,0.9993112223799757
42fb44130ac3134cde8e35cf8ec7df25,62.7,2847,0.919870759289176,0.9993158355085555
f0ec78809fe0bc3edb11c9fe5b97b059,62.6,2848,0.9201938610662359,0.9993204412796736
2cb98e27ce1c18abdb42209b34c382a7,62.49,2849,0.9205169628432956,0.9993250389575835
56a8b450e802502ba53a9885ee38e29f,62.45,2850,0.9208400646203554,0.9993296336925087
6a3139c7bf09ece22a4713d956acbe5e,61.9,2851,0.9211631663974151,0.9993341879613938
f7c31656c19db6275a8acadca289f426,61.56,2852,0.921486268174475,0.9993387172149086
b3e2faf2c1004d674f16a3aa3197f0e1,61.47,2853,0.9218093699515347,0.9993432398467078
1d0646a72178a6fb37ee8082140e06ec,61.0,2854,0.9221324717285945,0.9993477278984363
7963e546f34e098b578f9ad102494601,60.99,2855,0.9224555735056543,0.9993522152144185
be7a093e5b4d147b36b72bb1f9e415e5,60.9,2856,0.9227786752827141,0.9993566959086851
83f2b4881141ce3fcd4e985125d3279e,60.7,2857,0.9231017770597738,0.9993611618880279
9ac75591b69c3402684b6ce0310f22ee,60.5,2858,0.9234248788368336,0.9993656131524472
e9e446d01bd10a97a8ffcfc4a3a20cb2,60.05,2859,0.9237479806138934,0.999370031308288
7c462184585ae80bd6e5774c62ce50f2,60.0,2860,0.9240710823909531,0.999374445785398
85e7c62c1d6ea078c3897424f867a7c8,60.0,2861,0.9243941841680129,0.9993788602625079
24a6daf925d9d591870a66660416de31,60.0,2862,0.9247172859450727,0.9993832747396179
86649b1632b1c0e6c0bcb2c90a8b75d8,59.99,2863,0.9250403877221325,0.9993876884809816
6ebf4eceee4dd9847201c82e77ef8123,59.9,2864,0.9253634894991922,0.9993920956006297
c240c4061717ac1806ae6ee72be3533b,59.9,2865,0.925686591276252,0.9993965027202778
3e46a38ee171c503c3b4a3f23fe3bf0c,59.9,2866,0.9260096930533118,0.9994009098399259
8fb67a334bacec338885b4e9e1708073,59.9,2867,0.9263327948303716,0.999405316959574
75fdd0a732287f9497b179f6bd445d32,59.9,2868,0.9266558966074313,0.9994097240792221
0ee4fb99ac55ffbbc98795aa01b7f8fa,59.9,2869,0.9269789983844912,0.9994141311988702
9ef932e837d8b7f392c0bfee9d359dc2,59.9,2870,0.9273021001615509,0.9994185383185183
455f46ef09a9e45667e2981df84b5cc2,59.8,2871,0.9276252019386106,0.9994229380807047
528ce32f560edd11add4169f6a5b65be,59.8,2872,0.9279483037156704,0.999427337842891
3da38366e7bd9baf6369071f782ecdf0,59.47,2873,0.9282714054927302,0.9994317133254531
63704069d9bd3a75c1cf59babe56004a,59.3,2874,0.92859450726979,0.9994360763003302
db1f0f7c7e5e87f40b62226f020bb297,59.010000000000005,2875,0.9289176090468497,0.9994404179385677
dd5450b022b2d00a2145a66331e1aef6,59.0,2876,0.9292407108239096,0.9994447588410592
1d953075c2f0dd990bacf27b83b330f1,59.0,2877,0.9295638126009693,0.9994490997435507
0af2ab31141893d26aca5a404a537dab,59.0,2878,0.9298869143780291,0.9994534406460421
2f1e7b90e01d9f086cbcb301c0c3d406,59.0,2879,0.9302100161550888,0.9994577815485335
fa18c782a4866d313cadab567097f8f1,58.99,2880,0.9305331179321487,0.9994621217152788
d180e07dc1e58c31c3f0cd599dc4d945,58.8,2881,0.9308562197092084,0.9994664479028466
cecd97bc34ed8330bd4cd15713eda670,57.99,2882,0.9311793214862681,0.9994707144949734
cac4e0bc1a3269fa2b6ea5e763f6115b,57.88,2883,0.931502423263328,0.9994749729938921
48e5ee06fb2dc74df1c711a9b6dfac2a,57.0,2884,0.9318255250403877,0.9994791667471465
ac9b01377919cdbd2a1bbb8d5837c70b,55.9,2885,0.9321486268174475,0.9994832795683206
3e35a8bb43569389d3cebef0ce820f69,55.8,2886,0.9324717285945072,0.9994873850320329
0b1ca3ef18a63d7eb0c8897fa0849c08,55.0,2887,0.9327948303715671,0.9994914316360504
d85efbc8eff2b7adf524e2820569adc8,55.0,2888,0.9331179321486268,0.9994954782400678
ebe3dabc4955c9b0d695e7bda38bf5c3,55.0,2889,0.9334410339256866,0.9994995248440852
02a2272692e13558373c66db98f05e2e,54.98,2890,0.9337641357027464,0.9995035699766104
c7246702dc991a06d788120dc7544391,54.86,2891,0.9340872374798062,0.9995076062801812
26f6b7ab07be3e9e69ce82a6552efc19,54.8,2892,0.9344103392568659,0.9995116381692749
c13fb473e7cb8b83ccd543c094df0608,54.8,2893,0.9347334410339256,0.9995156700583687
d297f1055de2956aedfd3b04113dce3e,54.3,2894,0.9350565428109855,0.9995196651601533
720e6cf846ea7572cbb66b743fb91e6c,54.0,2895,0.9353796445880452,0.9995236381895523
c1552b1dab6e6f760950368ae61fb600,53.8,2896,0.935702746365105,0.9995275965040276
c161d1327ebc3a156c09582ab2f59f6c,52.99,2897,0.9360258481421648,0.9995314952230618
a2a41aedb70551d4a85aa04dc2fced48,52.79,2898,0.9363489499192246,0.9995353792271723
392f7f2c797e4dc077e4311bde2ab8ce,52.0,2899,0.9366720516962843,0.9995392051073342
84c945f15571830c1a91a33978e94009,51.98,2900,0.9369951534733441,0.9995430295160038
20d53aad4fe5ee93a64f8839609d3586,51.9,2901,0.9373182552504039,0.999546848038704
258447aad3f7b01e2643c89f64dc5647,51.9,2902,0.9376413570274637,0.9995506665614041
07e8e8fc5222bb358e6f259da3197074,51.8,2903,0.9379644588045234,0.9995544777266424
eaf6d55068dea77334e8477d3878d89e,51.0,2904,0.9382875605815832,0.9995582300321858
5cf1ec37aea089f45110c70653a166ab,50.0,2905,0.938610662358643,0.9995619087631108
deaadd805612bf94faaa9fa702516e11,50.0,2906,0.9389337641357027,0.9995655874940357
535bf14f36346c7f59d87cece104d70c,50.0,2907,0.9392568659127625,0.9995692662249607
4d8809767a5bafe22909c77951fb6b41,50.0,2908,0.9395799676898223,0.9995729449558856
d4f91e8be86b38da2ee35bc489645a9d,49.99,2909,0.9399030694668821,0.9995766229510643
3ded4e2d5f135cb103e5949d7263d2dd,49.9,2910,0.9402261712439418,0.9995802943245274
fe19dce63ae80346207c6c55713d1023,49.9,2911,0.9405492730210017,0.9995839656979906
2c2c9832d1bb38c5b0034a3b47d313ee,49.9,2912,0.9408723747980614,0.9995876370714537
e1a210d482714ce337763a19aef94ba4,49.9,2913,0.9411954765751211,0.9995913084449168
7b3447b497e55af8c15fc7bd89d7b81a,49.9,2914,0.9415185783521809,0.99959497981838
9140ef75cc8211c4035935e80e567204,49.9,2915,0.9418416801292407,0.9995986511918431
7315baebc0572ff220d226283dc66728,49.85,2916,0.9421647819063005,0.9996023188865752
2c00c85d30361cd2ced2969cffbbffa3,49.8,2917,0.9424878836833602,0.9996059829025765
1b61fb1f0f2185d89e9a126c498e9cc7,49.7,2918,0.9428109854604201,0.9996096395611158
d1a1b40ec554c593a1a99366746289dd,49.7,2919,0.9431340872374798,0.9996132962196552
ac137bac82ffa8548e62bd9d01d2a14f,49.6,2920,0.9434571890145396,0.9996169455207328
42d4b7e70819438f5ada61c965e92d7e,49.6,2921,0.9437802907915993,0.9996205948218102
e0487761face83d64fcada2408959a36,49.25,2922,0.9441033925686592,0.9996242183717713
c963a25b8671419c6ce9eebe8fd03218,49.0,2923,0.9444264943457189,0.9996278235280778
d63f306de130e0391d38a792541723b8,49.0,2924,0.9447495961227786,0.9996314286843841
ce33c6211beaa8fef4cae8b52db39862,49.0,2925,0.9450726978998385,0.9996350338406906
1f7dfad2cb384ea4d2d7e1ffbd78c407,49.0,2926,0.9453957996768982,0.9996386389969971
2ef086a599b597572aca4433b7ed6b3d,49.0,2927,0.945718901453958,0.9996422441533035
29c322e3f09f886f8bacbe91dfbd979e,48.98,2928,0.9460420032310177,0.9996458478381176
417a1e6c7321084d2a0ae0d023cfad93,48.9,2929,0.9463651050080776,0.9996494456369622
5aaa890629f83706d8d9bfecd8377c1c,48.9,2930,0.9466882067851373,0.9996530434358069
2e2f44824ab87a0cb961f68bf4073e7f,48.0,2931,0.9470113085621971,0.9996565750174948
a3fa18b3f688ec0fca3eb8bfcbd2d5b3,47.8,2932,0.9473344103392569,0.9996600918842591
513a54369b6a8a6602fcb0e129c6d78d,47.8,2933,0.9476575121163167,0.9996636087510234
9d213f303afae4983637247556438ede,47.7,2934,0.9479806138933764,0.9996671182603257
cad10cc982ab6a391570c211b995c17c,47.4,2935,0.9483037156704361,0.9996706056972426
ae9690c6e8fee182c28c9ff8e11ca52c,47.4,2936,0.948626817447496,0.9996740931341596
baf15155e37ef5492731459bdc05be8a,47.0,2937,0.9489499192245557,0.9996775511412289
7494d0dcba8551df6cf37f1b905dc2f7,45.9,2938,0.9492730210016155,0.9996809282162181
51e0557bc7b86de13e946c60ee91ce39,45.8,2939,0.9495961227786753,0.9996842979337454
8629a7efec1aab257e58cda559f03ba7,45.22,2940,0.9499192245557351,0.9996876249779939
70ee69419916dc13e3aed619061f996c,45.0,2941,0.9502423263327948,0.9996909358358264
2d8cfba3fcd3170555941605edaa196a,45.0,2942,0.9505654281098546,0.9996942466936588
9c351405b754cc5ce3e2ecf277bb034a,45.0,2943,0.9508885298869144,0.9996975575514913
3338e7a0710a195872be80e0d2423867,45.0,2944,0.9512116316639742,0.9997008684093237
1f2eebc0e970fd3c463e4f5d9652687a,44.99,2945,0.9515347334410339,0.99970417853141
5a4236931428800e9d9cc04af0987118,44.97,2946,0.9518578352180938,0.999707487182004
da3fede3469bf49b7293ce3fc45b294d,44.9,2947,0.9521809369951535,0.9997107906823746
5415337f1863452476d42d9f14a16a61,44.9,2948,0.9525040387722132,0.9997140941827453
e5545d4d4473876ea78c5bcebca365c3,44.5,2949,0.952827140549273,0.9997173682532684
cad9969167c09b48ae6f1d123f7fa68d,43.2,2950,0.9531502423263328,0.9997205466767876
ed49da7cadefc454d6a67de249eab240,43.0,2951,0.9534733441033926,0.999723710385383
05a48cc8859962767935ab9087417fbb,42.9,2952,0.9537964458804523,0.9997268667365166
4125d9385a25e82d2f72d3a0fd55bc3f,42.9,2953,0.9541195476575122,0.9997300230876502
749e7cdabbaf72f16677859e27874ba5,41.9,2954,0.9544426494345719,0.9997331058641653
3a3c180dd702a725bd0ba4117689239e,41.9,2955,0.9547657512116317,0.9997361886406805
6561d6bf844e464b4019442692b40e02,41.9,2956,0.9550888529886914,0.9997392714171957
b77a27b1864483e721dc831d5ba4afa0,41.8,2957,0.9554119547657512,0.999742346836249
a1ed30492b3b798bc121845bc4aa7366,41.8,2958,0.955735056542811,0.9997454222553023
16bdc8cefd0e32a6f0824d296c5ad14a,41.76,2959,0.9560581583198707,0.9997484947313707
a213f1bd6458f4a158f3746cb2514559,41.52,2960,0.9563812600969306,0.9997515495495307
9b1f656ca3060f8af17a50d8a024b533,41.0,2961,0.9567043618739903,0.9997545661088892
c200c73f9d7e5a08ca439d6a0803da7c,40.0,2962,0.9570274636510501,0.9997575090936291
edb58a1390adf273840030a3d6253829,39.9,2963,0.9573505654281098,0.9997604447209073
fedaedd3ca31d56ab33e92035e4b361c,39.9,2964,0.9576736672051697,0.9997633803481855
d4828feed4cda2cd9d6b37899a95a71e,39.9,2965,0.9579967689822294,0.9997663159754636
df683dfda87bf71ac3fc63063fba369d,39.9,2966,0.9583198707592891,0.9997692516027417
7caa63f175b1cecbfaadd8b5ab9998c7,39.8,2967,0.958642972536349,0.9997721798725581
389e45560e33d2d0747f949dcddbc08e,39.0,2968,0.9589660743134087,0.9997750492826795
e595809a6c31ec4314fd06ef198c244d,39.0,2969,0.9592891760904685,0.999777918692801
c74f14c1e26cf1bd5bd34b6a1e274426,39.0,2970,0.9596122778675282,0.9997807881029224
0936e1837d0c79253456bbb2ffaaef10,38.9,2971,0.9599353796445881,0.999783650155582
2eeb6531ee027a48d401e72bebdd87d3,38.7,2972,0.9602584814216478,0.9997864974933178
d7ab82074b5f1dfba46db123df101bff,38.67,2973,0.9605815831987076,0.9997893426238152
e72b4feb7abe210c52aa667abc25a3a2,38.2,2974,0.9609046849757674,0.9997921531742419
ab75b89cc49c9ab3160d0c91565a442a,37.98,2975,0.9612277867528272,0.9997949475382525
9200e6ce317b67196b6b0bad4d4bd567,36.9,2976,0.9615508885298869,0.9997976624416751
e116c7455dd26a4d8c3e92532583905f,36.76,2977,0.9618739903069466,0.999800367044651
1d139e3a3b14025640d8df1b230aace0,36.49,2978,0.9621970920840065,0.9998030517824801
67e43d802fde8cfd3f9580124f8167d1,36.0,2979,0.9625201938610662,0.9998057004687461
baeda7047354773262ba2405f97038ba,35.0,2980,0.962843295638126,0.9998082755803935
3a52d63a8f9daf5a28f3626d7eb9bd28,35.0,2981,0.9631663974151858,0.999810850692041
c716e0b86ed568878475b60fbb6323ad,35.0,2982,0.9634894991922456,0.9998134258036885
5206cc4bc2297c833e6061c49bf9c43f,35.0,2983,0.9638126009693053,0.999816000915336
50c361bcf670d16f6df4d52de3dff924,35.0,2984,0.9641357027463651,0.9998185760269833
cb162c8eef257253782d245c08d9097c,34.99,2985,0.9644588045234249,0.9998211504028847
e6ffc9ac6a7adc9d16a1cfc2286dd546,34.99,2986,0.9647819063004847,0.999823724778786
84deb808079d1be601c209c1e771b1cc,34.93,2987,0.9651050080775444,0.9998262947402101
c1d1ebb4745cc43cb6f05e9c8a705c9a,34.5,2988,0.9654281098546043,0.9998288330645483
66d5ae34537110d3affc56174dad2b2f,33.81,2989,0.965751211631664,0.9998313206223998
bee36b4f9a2b9fdcaff6ec05df202ed0,33.8,2990,0.9660743134087237,0.9998338074445051
41958cbd3335433c8740300e8cd600d5,32.99,2991,0.9663974151857835,0.9998362346711694
539ed9e19811677513447759be5eccfc,32.83,2992,0.9667205169628433,0.9998386501258947
7d81e74a4755b552267cd5e081563028,32.5,2993,0.9670436187399031,0.9998410413009959
6bcb2352a2a0c38b845f598298ab9d26,31.8,2994,0.9673667205169628,0.9998433809738643
1a6245add4353f18ed55138808906979,30.0,2995,0.9676898222940227,0.9998455882124192
d7f1cfc638473be93baedbfd02208016,30.0,2996,0.9680129240710824,0.9998477954509742
fdf736c18c589ed030e058312203e1b2,30.0,2997,0.9683360258481422,0.9998500026895292
9315e491484b1b0081ca166fc164108d,29.99,2998,0.9686591276252019,0.999852209192338
87b4428a334b8f676fd9a7f3bf544fb5,29.99,2999,0.9689822294022618,0.9998544156951468
32f83ffe11cd40f7adcf4eef171f52d9,29.99,3000,0.9693053311793215,0.9998566221979556
436bf27f2f18474fc6047702e9f8a866,29.9,3001,0.9696284329563812,0.9998588220790487
c43d924a0f1688ee9fae0efcd6f539d4,29.9,3002,0.969951534733441,0.9998610219601418
a09a13f18ed27932d08438aa6f12756e,29.9,3003,0.9702746365105008,0.999863221841235
2078fe5066350e7d220c0ad3a3bbc6c1,29.9,3004,0.9705977382875606,0.9998654217223282
139157dd4daa45c25b0807ffff348363,29.9,3005,0.9709208400646203,0.9998676216034212
28a26ebce31d5918b181ede016fd693b,29.9,3006,0.9712439418416802,0.9998698214845144
3aa3c89ae3cd482385568be76120f63c,29.9,3007,0.9715670436187399,0.9998720213656076
c97aa4ee7420f937da13b7f9e2228b99,29.9,3008,0.9718901453957997,0.9998742212467007
c0e0b73d039eb9a99b6ce4cb7a429cd3,29.88,3009,0.9722132471728594,0.9998764196563015
7b3f6ce5c6c22e9b96e7581ebf0df6e1,29.8,3010,0.9725363489499192,0.9998786121799328
0336182e1b3e92f029d5354832045fdf,29.8,3011,0.972859450726979,0.9998808047035641
9996ae921c50e8dff411ac69c0b4bb8b,29.700000000000003,3012,0.9731825525040387,0.9998829898697336
72c73be2b085b9d57650dd53eb2004c9,29.4,3013,0.9735056542810986,0.9998851529635174
15aec03fe4cf30dfa574cf550f5ff5ff,28.9,3014,0.9738287560581583,0.9998872792699921
1992f8fb6b19fcccd97ca819811e7267,28.8,3015,0.9741518578352181,0.9998893982190049
c9d2ba8dde44a275ae06475ed1d2fafc,28.79,3016,0.9744749596122778,0.9998915164322714
999f6d9a1c7c81f43be44c6b7d076210,28.0,3017,0.9747980613893377,0.9998935765215894
9f56a7a649097b166d8ed286ad86a15c,27.98,3018,0.9751211631663974,0.999895635139415
b026643914f651e8371425e5b8a1e780,27.9,3019,0.9754442649434572,0.9998976878712711
bf0d50a6410d487dc97d2baac0a8c0be,27.9,3020,0.975767366720517,0.9998997406031273
8b181ee5518df84f18f4e1a43fe07923,27.9,3021,0.9760904684975767,0.9999017933349834
80146bc52c4f6af5239b23de2a20262b,27.1,3022,0.9764135702746365,0.9999037872071447
f1fdf2d13186575751aa25876536d85c,26.3,3023,0.9767366720516962,0.9999057222196113
70c0fda4c313d87115644d39e62eec60,25.99,3024,0.9770597738287561,0.9999076344239461
c12d7463a579237ffb9248bd7cff378b,25.9,3025,0.9773828756058158,0.9999095400065653
3820c6537b3853be1a0687d5a60807ec,25.0,3026,0.9777059773828756,0.9999113793720277
7cb946b1ad19faebe28c3e86c2794ec3,25.0,3027,0.9780290791599354,0.9999132187374902
6c9875b2f94ba781186f0c1aed8d1687,25.0,3028,0.9783521809369952,0.9999150581029527
3986c0b54f6b748b75e7bd4e092aa3e5,24.99,3029,0.9786752827140549,0.9999168967326689
38f276ca6e7cc95a6d1bb55ac9e5550f,24.99,3030,0.9789983844911146,0.9999187353623853
33fd411ed63a7c2f9005e3f065d9f85d,24.9,3031,0.9793214862681745,0.9999205673703859
1c83418358f249c9d6affa52d579db0e,24.9,3032,0.9796445880452342,0.9999223993783866
bd43e172d599bed47a85da877172ca8c,23.92,3033,0.979967689822294,0.9999241592832611
bcd2d7510d58e293f20fad6438c1b314,23.9,3034,0.9802907915993538,0.9999259177166432
544863df86ed3b78a04e0820d41430ee,23.9,3035,0.9806138933764136,0.9999276761500253
43753b27d77860f1654aa72e251a7878,23.9,3036,0.9809369951534733,0.9999294345834076
2c54051840f19eca309a5423cf22df36,23.7,3037,0.9812600969305331,0.9999311783018658
58b98ccb79873e04eac4357cacc590d9,23.0,3038,0.9815831987075929,0.9999328705180913
5e063e85d44b0f5c3e6ec3131103a57e,22.9,3039,0.9819063004846527,0.9999345553768549
bc8c8d665ec4664d286be0d521722b19,22.5,3040,0.9822294022617124,0.9999362108057712
f9f68daa2af419d38f745478bcb3da1a,22.4,3041,0.9825525040387723,0.9999378588772256
eb1bf309f4f6af9a97e9ddac3fdbeabe,22.3,3042,0.982875605815832,0.9999394995912182
0bb27263628258b8111a0262769fa9db,22.2,3043,0.9831987075928917,0.9999411329477488
34675b28b826facfde119785bf287dc1,21.99,3044,0.9835218093699515,0.9999427508536096
f09b760d23495ac9a7e00d29b769007c,21.9,3045,0.9838449111470113,0.9999443621377547
98f52e1020fe788c10c0418de4393fec,21.6,3046,0.9841680129240711,0.9999459513495144
afac9f6b0c4e5f0a7ee87e922cd0f873,20.99,3047,0.9844911147011308,0.9999474956807566
e64ddbe1cbcf4f2fc3092b7c481f3f9d,20.9,3048,0.9848142164781907,0.9999490333902833
e76ecc7e9a1a1e3c6df9d2a8261c423d,20.0,3049,0.9851373182552504,0.9999505048826532
e0b162a693bc7f9eab00f783a31d60ea,20.0,3050,0.9854604200323102,0.9999519763750232
455befea1bb853c75ccbca94cff26e5c,19.99,3051,0.9857835218093699,0.999953447131647
bb7ad8a45c027be8ab075b8e465f8ca0,19.98,3052,0.9861066235864298,0.9999549171525247
698624c6632eeba1774924dbea24c700,19.9,3053,0.9864297253634895,0.9999563812874328
0b46f784306be7200ca1700aa55d819f,19.9,3054,0.9867528271405492,0.999957845422341
668bf321538e5072858eaef6087ce027,19.9,3055,0.9870759289176091,0.9999593095572491
63bc58679c44e8a998792119fd7ad23e,19.9,3056,0.9873990306946688,0.9999607736921573
bac44fa8e13424950488659b5f765c41,19.9,3057,0.9877221324717286,0.9999622378270655
d93b8458c6fe139d85cfa5eadbf55bd2,19.9,3058,0.9880452342487883,0.9999637019619736
e174dc2de86d60fee178170a154c05e7,19.8,3059,0.9883683360258482,0.9999651587394199
bd65d163ded559eb90a10cd09fec178f,19.8,3060,0.9886914378029079,0.9999666155168663
8501d82f68d23148b6d78bb7c4a42037,19.7,3061,0.9890145395799677,0.9999680649368506
9d69ba0a7a626a64dc5db08e529559cf,19.3,3062,0.9893376413570275,0.9999694849269878
82921991ff5b557b045605b8bbf08d49,18.9,3063,0.9896607431340873,0.9999708754872774
6c77cd583b36a13aacccf2b3ee23e233,18.9,3064,0.989983844911147,0.9999722660475671
ce4755084bc097113867e6454f8f5e52,18.9,3065,0.9903069466882067,0.9999736566078568
804287717b9156fb7a787acd9af4fac1,18.8,3066,0.9906300484652666,0.9999750398106846
13e85aac53340018b40c2af68001b7e0,17.8,3067,0.9909531502423263,0.9999763494388939
eae9af4811c294c56795d70e715b7337,15.9,3068,0.9912762520193861,0.9999775192753281
f3862c2188522d89860c38a3ea8b550d,15.5,3069,0.9915993537964459,0.9999786596819148
c3e2398fcc7e581cda2e546557bf6968,14.9,3070,0.9919224555735057,0.9999797559437305
20f0aeea30bc3b8c4420be8ced4226c0,14.9,3071,0.9922455573505654,0.9999808522055461
b2f4d63c7203f539a78252565ca32257,14.9,3072,0.9925686591276252,0.9999819484673618
a61cc04793308395a840807104365121,14.63,3073,0.992891760904685,0.9999830248640305
6576fd3e23c88f0e5d4d23f39bba0542,14.5,3074,0.9932148626817447,0.9999840916959987
5b92bfa4120daa27c574daa2e386c693,14.0,3075,0.9935379644588045,0.9999851217406577
fb503a924a0b9db19d83dd0ac6dbef8c,13.9,3076,0.9938610662358643,0.9999861444278548
6614814a00d344b846ae209f95ee7e3f,13.0,3077,0.9941841680129241,0.9999871008978953
b5f0712d22a873b6797ab6cc65c3fcba,12.99,3078,0.9945072697899838,0.9999880566321896
c1dde11f12d05c478f5de2d7319ad3b2,12.5,3079,0.9948303715670436,0.9999889763149209
9e25199f6ef7e7c347120ff175652c3b,12.5,3080,0.9951534733441034,0.9999898959976521
7ab0dd5487bab2dc835337b244f689fb,12.5,3081,0.9954765751211632,0.9999908156803833
3d62f86afa7c73be2628a3be1423f5a0,12.0,3082,0.9957996768982229,0.9999916985758053
3ac588cd562971392504a9e17130c40b,11.9,3083,0.9961227786752828,0.9999925741137655
cc1f04647be106ba74e62b21f358af25,11.9,3084,0.9964458804523425,0.9999934496517257
344223b2a90784f64136a8a5da012e7f,10.9,3085,0.9967689822294022,0.9999942516150673
95cca791657aabeff15a07eb152d7841,9.99,3086,0.997092084006462,0.9999949866255061
c18309219e789960add0b2255ca4b091,9.9,3087,0.9974151857835218,0.9999957150142293
0f94588695d71662beec8d883ffacf09,9.0,3088,0.9977382875605816,0.9999963771857958
4965a7002cca77301c82d3f91b82e1a9,8.49,3089,0.9980613893376413,0.9999970018343068
ad14615bdd492b01b0d97922e87cb87f,8.25,3090,0.9983844911147012,0.9999976088249095
34aefe746cd81b7f3b23253ea28bef39,8.0,3091,0.9987075928917609,0.9999981974218575
702835e4b785b67a084280efca355756,7.6,3092,0.9990306946688207,0.999998756588958
1fa2d3def6adfa70e58c276bb64fe5bb,6.9,3093,0.9993537964458804,0.9999992642538257
77128dec4bec4878c37ab7d6169d6f26,6.5,3094,0.9996768982229403,0.9999997424888459
cf6f6bc4df3999b9c6440f124fb2f687,3.5,3095,1.0,1.0000000000000107
