seller_id,total_gmv_proxy,total_orders,total_items,active_months,avg_review_score,first_sale_month,last_sale_month,avg_order_value,seller_rank,seller_share,cumulative_gmv_share,cumulative_seller_share
4869f7a5dfa277a7dca6462dcf3b52b2,229472.63,1132,1156,17,4.148996221637509,2017-03,2018-08,202.7143374558304,1,0.016883361208181173,0.016883361208181173,0.00032310177705977385
53243585a1d6dc2643021fd1853d8905,222776.05,358,410,12,4.109542816932523,2017-08,2018-08,622.279469273743,2,0.016390662889434044,0.03327402409761522,0.0006462035541195477
4a3ca9315b744ce9f8e9374361493884,200472.92,1806,1987,20,3.8335087950662676,2017-01,2018-08,111.00383167220377,3,0.014749718608353456,0.04802374270596868,0.0009693053311793214
fa1c13f2614d7b5c4749cbc52fecda94,194042.03,585,586,20,4.436971776002758,2017-01,2018-08,331.6957777777778,4,0.01427656832999529,0.06230031103596397,0.0012924071082390954
7c67e1448b00f6e969d365cea6b010ab,187923.89,982,1364,20,3.4584934277855552,2017-01,2018-08,191.3685234215886,5,0.013826428513572646,0.07612673954953662,0.0016155088852988692
7e93a43ef30c4f03f38b393420bc753a,176431.87,336,340,20,4.124279222831854,2016-10,2018-07,525.0948511904762,6,0.01298090752629132,0.08910764707582794,0.0019386106623586429
da8622b14eb17ae2831f4ac5b9dab84a,160236.57,1314,1551,19,4.082002166480054,2017-02,2018-08,121.9456392694064,7,0.011789344507316654,0.1008969915831446,0.002261712439418417
7a67c85e85bb2ce8582c35f2203ad736,141745.53,1160,1171,20,4.161723371302008,2017-01,2018-08,122.1944224137931,8,0.010428873293669405,0.11132586487681399,0.002584814216478191
1025f0e2d44d7041d6cf58b6550e0bfa,138968.55,915,1428,14,3.8312016832022016,2017-07,2018-08,151.87819672131147,9,0.010224558049590425,0.12155042292640442,0.0029079159935379646
955fee9216a65b617aa5c0531780ce60,135171.7,1287,1499,14,4.091993585897893,2017-07,2018-08,105.02851592851594,10,0.009945206259343012,0.13149562918574742,0.0032310177705977385
46dc3b2cc0980fb8ec44634e21d2718e,128111.19,521,542,21,4.157553160329943,2016-10,2018-08,245.89479846449137,11,0.009425731929685592,0.14092136111543302,0.003554119547657512
6560211a19b47992c3666cc44a7e94c0,123304.83,1854,2033,19,3.9141673419679166,2017-02,2018-08,66.50745954692557,12,0.009072105826317386,0.14999346694175042,0.0038772213247172858
620c87c171fb2a6dd6e8bb4dec959fc6,114774.5,740,798,21,4.224998360771611,2016-10,2018-08,155.1006756756757,13,0.008444490050897965,0.1584379569926484,0.00420032310177706
7d13fca15225358621be4086e1eb0964,113628.97,565,578,7,3.924643894200597,2018-02,2018-08,201.11322123893805,14,0.00836020811816896,0.16679816511081735,0.004523424878836834
5dceca129747e92ff8ef7a997dc4f8ca,112155.53,325,346,18,3.9739300287076245,2017-01,2018-06,345.09393846153847,15,0.008251800332287992,0.17504996544310536,0.004846526655896607
1f50f920176fa81dab994f9023523100,106939.21,1404,1931,17,4.156640707918526,2017-04,2018-08,76.16752849002849,16,0.007868011578319995,0.18291797702142534,0.005169628432956382
cc419e0650a3c5ba77189a1882b7556a,104288.42,1706,1775,20,4.123171279760094,2017-01,2018-08,61.13037514654162,17,0.0076729807153493885,0.19059095773677473,0.005492730210016155
a1043bafd471dff536d0c462352beb48,101901.16,718,770,19,4.187790571943121,2017-02,2018-08,141.92362116991643,18,0.007497338971591788,0.19808829670836653,0.005815831987075929
3d871de0142ce09b7081e2b9d1733cb1,94914.2,1080,1147,18,4.1822500046674,2017-03,2018-08,87.88351851851851,19,0.006983276055124959,0.2050715727634915,0.006138933764135703
edb1ef5e36e0c8cd84eb3c9b003e486d,79284.55,166,175,12,4.3849468189380465,2017-09,2018-08,477.6177710843374,20,0.005833330519104177,0.21090490328259567,0.006462035541195477
ccc4bbb5f32a6ab2b7066a4130f114e3,74004.62,187,192,20,4.333979068317303,2017-01,2018-08,395.7466310160428,21,0.005444861683653464,0.21634976496624914,0.00678513731825525
f7ba60f8c3f99e7ee4042fdef03b70c4,68395.0,219,230,14,3.991516880456973,2017-07,2018-08,312.30593607305934,22,0.005032136032229862,0.221381900998479,0.007108239095315024
fe2032dab1a61af8794248c8196565c9,65959.61,294,306,18,4.388279981303717,2017-03,2018-08,224.35241496598638,23,0.004852953142083912,0.2262348541405629,0.007431340872374798
8581055ce74af1daba164fdbd55a40de,64925.3,387,435,16,4.266094467166024,2017-01,2018-04,167.7656330749354,24,0.004776854178424351,0.23101170831898726,0.0077544426494345715
cca3071e3e9bb7d12640c9fbe2301306,64009.89,712,830,21,3.8787900070068457,2016-10,2018-08,89.9015308988764,25,0.004709503236904305,0.23572121155589157,0.008077544426494346
04308b1ee57b6625f47df1d56f00eedf,60130.6,94,94,9,4.157033295922185,2017-11,2018-08,639.6872340425532,26,0.004424085955107843,0.24014529751099942,0.00840064620355412
522620dcb18a6b31cd7bdf73665113a9,57168.49,174,180,20,3.848978475228475,2016-10,2018-08,328.55454022988505,27,0.004206149841906171,0.2443514473529056,0.008723747980613893
17e34d8224d27a541263c4c64b11a56b,56363.24,255,268,19,4.183495453089007,2017-02,2018-08,221.03231372549018,28,0.00414690388035996,0.24849835123326555,0.009046849757673668
7ddcbb64b5bc1ef36ca8c151f6ec77df,55578.57,334,343,12,3.795469161106477,2017-07,2018-06,166.40290419161676,29,0.0040891720844624556,0.252587523317728,0.009369951534733441
de722cd6dad950a92b7d4f82673f8833,55426.1,339,379,8,4.184627844476443,2018-01,2018-08,163.49882005899704,30,0.004077954162379933,0.25666547748010793,0.009693053311793215
37be5a7c751166fbc5f8ccba4119e043,55350.55,272,281,11,4.199765346467169,2017-05,2018-05,203.49466911764708,31,0.004072395599952345,0.2607378730800603,0.010016155088852988
218d46b86c1881d022bce9c68a7d4b15,55093.28,388,427,20,4.185535813796533,2017-01,2018-08,141.99298969072166,32,0.004053467057851141,0.26479134013791145,0.010339256865912763
25c5c91f63607446a97b143d2d535d31,54679.22,158,269,13,3.7591585916663317,2017-03,2018-03,346.07101265822786,33,0.0040230027513155015,0.26881434288922695,0.010662358642972537
f5a590cf36251cf1162ea35bef76fe84,53201.78,117,122,17,4.284083889966243,2017-03,2018-08,454.7160683760684,34,0.003914300666960539,0.2727286435561875,0.01098546042003231
ceaec5548eefc6e23e6607c5435102e7,52917.18,203,211,8,4.155094565760327,2018-01,2018-08,260.675763546798,35,0.0038933613305357617,0.2766220048867232,0.011308562197092083
b2ba3715d723d245138f291a6fe42594,51676.880000000005,337,363,21,3.9301398270767978,2016-10,2018-08,153.3438575667656,36,0.00380210673121162,0.28042411161793485,0.011631663974151859
966cb4760537b1404caedd472cc610a5,51286.05,75,75,6,3.884235916588858,2018-03,2018-08,683.8140000000001,37,0.0037733515630637084,0.28419746318099853,0.011954765751211632
e882b2a25a10b9c057cc49695f222c19,51057.54,57,58,8,4.721498599439776,2018-01,2018-08,895.7463157894737,38,0.003756539026990533,0.28795400220798906,0.012277867528271405
2bf6a2c1e71bbd29a4ad64e6d3c3629f,50628.9,30,31,8,4.162202380952381,2017-11,2018-08,1687.63,39,0.0037250020025171794,0.29167900421050624,0.012600969305331179
f8db351d8c4c4c22c6835c19a46f01b0,50525.6,667,724,20,4.189796325774992,2017-01,2018-08,75.75052473763118,40,0.0037174017444262463,0.2953964059549325,0.012924071082390954
17f51e7198701186712e53a39c564617,48019.0,56,61,19,4.216165413533835,2017-02,2018-08,857.4821428571429,41,0.0035329796056969916,0.2989293855606295,0.013247172859450727
8160255418d5aaa7dbdc9f4c64ebda44,47017.69,385,431,11,4.0329180917676775,2017-10,2018-08,122.12387012987014,42,0.0034593086044478936,0.30238869416507735,0.0135702746365105
77530e9772f57a62c906e1c21538ab82,46610.4,320,389,21,4.162803604347722,2016-10,2018-08,145.6575,43,0.003429342398079491,0.30581803656315687,0.013893376413570274
4e922959ae960d389249c378d1c939f5,46030.37,420,454,21,3.8344065678827057,2016-10,2018-08,109.59611904761906,44,0.0033866669121115946,0.30920470347526846,0.014216478190630048
c826c40d7b19f62a09e2d7c5e7295ee2,45643.74,354,373,13,3.993133397054935,2017-08,2018-08,128.9371186440678,45,0.003358220757361378,0.3125629242326298,0.014539579967689823
850f4f8af5ea87287ac68de36e29107f,45355.36,187,192,15,4.372131572131573,2017-04,2018-06,242.5420320855615,46,0.0033370033088786755,0.3158999275415085,0.014862681744749596
b33e7c55446eabf8fe1a42d037ac7d6d,44985.17,152,155,11,4.1392861329515105,2017-10,2018-08,295.9550657894737,47,0.0033097667208565806,0.31920969426236506,0.01518578352180937
ba90964cff9b9e0e6f32b23b82465f7b,44212.5,38,38,7,4.330952380952381,2018-02,2018-08,1163.4868421052631,48,0.0032529178203810627,0.3224626120827461,0.015508885298869143
eeb6de78f79159600292e314a77cbd18,43739.84,83,84,19,4.4222848788638265,2017-02,2018-08,526.9860240963854,49,0.003218142041201389,0.32568075412394754,0.015831987075928918
4d6d651bd7684af3fffabd5f08d12e5a,43587.4,369,395,17,4.178238118006973,2017-04,2018-08,118.1230352303523,50,0.0032069263263574226,0.328887680450305,0.01615508885298869
e9779976487b77c6d4ac45f75ec7afe9,43162.95,657,750,18,4.181937247436623,2017-03,2018-08,65.69703196347031,51,0.0031756975795355787,0.33206337802984054,0.016478190630048465
c3cfdc648177fdbbbb35635a37472c53,43048.18,278,307,20,4.3036560851429275,2017-01,2018-08,154.84956834532375,52,0.0031672534205704644,0.335230631450411,0.01680129240710824
b839e41795b7f3ad94cc2014a52f6796,42829.0,33,36,6,4.226851851851852,2018-03,2018-08,1297.8484848484848,53,0.003151127335687883,0.3383817587860989,0.017124394184168012
2eb70248d66e0e3ef83659f71b244378,42628.61,202,212,6,2.66985331653561,2018-02,2018-07,211.03272277227722,54,0.0031363837178868957,0.34151814250398577,0.017447495961227785
d91fb3b7d041e83b64a00a3edfb37e4f,40889.74,535,536,18,3.8974870937198247,2017-02,2018-08,76.42942056074766,55,0.0030084470210177744,0.34452658952500353,0.017770597738287562
17a053fcb14bd219540cbde0df490be0,40703.14,125,149,14,4.183183599526767,2017-07,2018-08,325.62512,56,0.0029947179972058865,0.34752130752220944,0.018093699515347336
391fc6631aebcf3004804e51b40bcf1e,39951.95,526,613,20,3.954279830641698,2016-10,2018-08,75.95427756653991,57,0.002939449479535724,0.35046075700174517,0.01841680129240711
834f3294fba9f932f56edc879193f925,39907.5,66,66,12,4.472413003663004,2017-05,2018-08,604.6590909090909,58,0.0029361790877434494,0.35339693608948863,0.018739903069466882
712e6ed8aa4aa1fa65dab41fed5737e4,39815.0,79,87,14,4.0092966040171,2017-02,2018-05,503.9873417721519,59,0.0029293734355323045,0.3563263095250209,0.019063004846526656
634964b17796e64304cadf1ad3050fb7,39465.1,268,326,10,3.98412923157863,2017-11,2018-08,147.2578358208955,60,0.0029036296765195513,0.35922993920154045,0.01938610662358643
7142540dd4c91e2237acb7e911c4eba2,37373.56,319,331,18,4.113530004228898,2017-03,2018-08,117.15849529780563,61,0.0027497454189444356,0.3619796846204849,0.019709208400646203
ea8482cd71df3c1969d7b9473ff13abc,37177.52,1146,1203,13,4.100080293614152,2017-08,2018-08,32.44111692844677,62,0.002735321850733918,0.36471500647121885,0.020032310177705976
c3867b4666c7d76867627c2f7fb22e21,37153.4,245,259,16,4.004686285936286,2017-03,2018-07,151.6465306122449,63,0.002733547230935726,0.36744855370215457,0.020355411954765753
7178f9f4dd81dcef02f62acdf8151e01,37070.4,203,216,18,4.127688292793175,2017-03,2018-08,182.6128078817734,64,0.00272744053760032,0.3701759942397549,0.020678513731825526
c70c1b0d8ca86052f45a432a38b73958,36537.369999999995,261,338,5,4.266905962687053,2018-04,2018-08,139.98992337164748,65,0.0026882230587018698,0.37286421729845676,0.0210016155088853
59417c56835dd8e2e72f91f809cd4092,36459.0,18,18,8,4.416666666666667,2017-01,2017-10,2025.5,66,0.002682457015850114,0.3755466743143069,0.021324717285945073
06a2c3af7b3aee5d69171b0e14f0ee87,36408.95,392,405,8,4.048736985104119,2018-01,2018-08,92.87997448979591,67,0.0026787746061942455,0.37822544892050114,0.021647819063004847
7299e27ed73d2ad986de7f7c77d919fa,34725.43,338,361,18,4.470273771741163,2017-03,2018-08,102.73795857988166,68,0.0025549102644590368,0.38078035918496017,0.02197092084006462
e9bc59e7b60fc3063eb2290deda4cced,34343.06,216,269,18,4.026874589775745,2017-03,2018-08,158.99564814814815,69,0.0025267775375836256,0.3833071367225438,0.022294022617124393
dbc22125167c298ef99da25668e1011f,33776.78,406,429,17,4.185368835513196,2017-04,2018-08,83.194039408867,70,0.0024851137026200886,0.3857922504251639,0.022617124394184167
9c0e69c7bf2619675bbadf47b43f655a,33702.78,157,206,13,3.619336148182302,2017-05,2018-06,214.66738853503185,71,0.0024796691808511725,0.3882719196060151,0.02294022617124394
76d5af76d0271110f9af36c92573f765,33461.6,131,159,21,4.127422723475355,2016-10,2018-08,255.43206106870227,72,0.0024619244543616164,0.3907338440603767,0.023263327948303717
1835b56ce799e6a4dc4eddc053f04066,33344.21,423,558,12,3.6568338417857795,2017-09,2018-08,78.8279196217494,73,0.0024532875298960348,0.39318713159027274,0.02358642972536349
5c243662ce92d84573bfaff24c3e3700,32862.020000000004,98,100,14,4.183328637174791,2017-01,2018-02,335.3267346938776,74,0.0024178105846020675,0.3956049421748748,0.023909531502423264
2528513dd95219a6013d4d05176e391a,32689.1,161,167,18,3.929918708646779,2017-03,2018-08,203.03788819875774,75,0.0024050880615712434,0.39801003023644604,0.024232633279483037
855668e0971d4dfd7bef1b6a4133b41b,32208.16,312,327,16,3.744670657322554,2017-05,2018-08,103.23128205128205,76,0.002369703084550399,0.40037973332099647,0.02455573505654281
70eea00b476a314817cefde4aad4f89a,31994.649999999998,108,114,19,4.476233475846479,2017-02,2018-08,296.24675925925925,77,0.0023539941677547063,0.4027337274887512,0.024878836833602584
7681ef142fd2c19048da7430856b5588,31941.81,59,77,7,4.123523093447906,2018-02,2018-08,541.3866101694915,78,0.0023501064849132266,0.40508383397366443,0.025201938610662358
e59aa562b9f8076dd550fcddf0e73491,31574.3,70,84,11,4.245578982421088,2017-09,2018-08,451.06142857142856,79,0.0023230670768687087,0.4074069010505331,0.02552504038772213
88460e8ebdecbfecb5f9601833981930,31546.55,248,302,9,3.3464814083049914,2017-11,2018-08,127.20383064516129,80,0.0023210253812053654,0.4097279264317385,0.025848142164781908
0241d4d5d36f10f80c644447315af0bd,31397.7,238,246,11,4.1964678441396535,2017-10,2018-08,131.9231092436975,81,0.002310073799241809,0.4120380002309803,0.02617124394184168
87142160b41353c4e5fca2360caf6f92,31095.98,305,339,19,4.33692094330478,2017-02,2018-08,101.95403278688525,82,0.0022878748653483317,0.4143258750963286,0.026494345718901455
70a12e78e608ac31179aea7f8422044b,30858.53,315,328,19,3.8804544190361816,2017-01,2018-08,97.9635873015873,83,0.0022704045721857764,0.4165962796685144,0.026817447495961228
53e4c6e0f4312d4d2107a8c9cddf45cd,30148.95,473,522,19,4.088004463909033,2017-02,2018-08,63.73985200845666,84,0.002218197494391352,0.41881447716290576,0.027140549273021
d23019c84ffae2d5ef2270367b8605fc,29205.100000000002,39,39,10,4.394166666666666,2017-10,2018-08,748.848717948718,85,0.0021487540907211985,0.42096323125362695,0.027463651050080775
900ba814c251a692506d7834c1218441,29099.69,88,88,14,4.23289270253556,2017-07,2018-08,330.67829545454543,86,0.0021409985901852326,0.4231042298438122,0.02778675282714055
1554a68530182680ad5c8b042c3ab563,29052.53,247,269,22,4.125692199956905,2016-09,2018-08,117.62157894736842,87,0.0021375288111768263,0.42524175865498903,0.028109854604200322
0b90b6df587eb83608a64ea8b390cf07,28592.32,164,210,11,4.054739058552446,2017-10,2018-08,174.34341463414634,88,0.0021036690359974635,0.4273454276909865,0.028432956381260095
7e1fb0a3ebfb01ffb3a7dae98bf3238d,27349.53,159,174,19,4.220695824643194,2017-02,2018-08,172.00962264150942,89,0.0020122312358732595,0.42935765892685973,0.028756058158319872
59b22a78efb79a4797979612b885db36,27184.5,125,133,14,4.006818181818182,2017-07,2018-08,217.476,90,0.002000089216582392,0.43135774814344213,0.029079159935379646
d1c281d3ae149232351cd8c8cc885f0d,26942.600000000002,215,240,19,3.761237953356561,2017-02,2018-08,125.31441860465117,91,0.0019822915163675166,0.43334003965980966,0.02940226171243942
b32be1695eb7ec5f10f72d9610a12527,26874.0,45,46,10,3.867142857142857,2017-11,2018-08,597.2,92,0.0019772442975384942,0.43531728395734814,0.029725363489499192
12b9676b00f60f3b700e83af21824c0e,26774.0,135,135,18,4.438647771981105,2017-03,2018-08,198.32592592592593,93,0.001969886835688608,0.43728717079303675,0.030048465266558966
a3a38f4affed601eb87a97788c949667,26533.32,254,263,21,4.409114934193255,2016-10,2018-08,104.46188976377952,94,0.001952178896508301,0.43923934968954503,0.03037156704361874
de23c3b98a88888289c6f5cc1209054a,26399.670000000002,164,181,15,4.380571095571096,2017-05,2018-08,160.97359756097563,95,0.001942345648745928,0.44118169533829094,0.030694668820678513
9f505651f4a6abe901a56cdc21508025,26361.82,397,430,11,4.266946655197302,2017-10,2018-08,66.40256926952141,96,0.0019395608494357456,0.4431212561877267,0.031017770597738286
16090f2ca825584b5a147ab24aa30c86,25716.44,402,410,20,4.145536874632934,2017-01,2018-08,63.97124378109452,97,0.0018920772621489482,0.44501333344987565,0.03134087237479806
a416b6a846a11724393025641d4edd5e,25670.72,162,181,20,4.177363261738262,2017-01,2018-08,158.46123456790124,98,0.0018887134305911803,0.4469020468804668,0.031663974151857836
b94cc9f10ddc85e4ba73a6f7974e7101,25346.1,39,39,5,3.7095238095238097,2017-11,2018-06,649.9,99,0.0018648296379340785,0.44876687651840086,0.031987075928917606
c003204e1ab016dfa150abc119207b24,25108.09,197,202,11,4.399935976638763,2017-10,2018-08,127.45223350253808,100,0.0018473181429851638,0.450614194661386,0.03231017770597738
001cca7ae9ae17fb1caed9dfb1094831,25080.03,200,239,17,3.938432898904917,2017-02,2018-07,125.40015,101,0.0018452536391900857,0.4524594483005761,0.03263327948303716
1900267e848ceeba8fa32d80c1a5f5a8,24982.53,411,529,16,3.919637843851894,2017-05,2018-08,60.784744525547445,102,0.0018380801138864462,0.4542975284144625,0.03295638126009693
1c68394e931a64f90ea236c5ea590300,24832.75,142,171,12,3.9516744829244828,2017-07,2018-08,174.87852112676057,103,0.0018270601075276863,0.4561245885219902,0.03327948303715671
b1b3948701c5c72445495bd161b83a4c,24699.19,18,18,3,1.5393939393939393,2017-06,2017-08,1372.177222222222,104,0.0018172334814809778,0.4579418220034712,0.03360258481421648
f62d7bb4a613ec758a03342d46b580b2,24665.0,32,32,8,4.439583333333333,2018-01,2018-08,770.78125,105,0.0018147179652745018,0.4597565399687457,0.033925686591276254
dc4a0fc896dc34b0d5bfec8438291c80,24180.77,231,249,19,3.8786715629565953,2017-02,2018-08,104.678658008658,106,0.0017790909277587965,0.4615356308965045,0.034248788368336024
b37c4c02bda3161a7546a4e6d222d5b2,24075.0,4,15,4,2.25,2017-04,2018-07,6018.75,107,0.0017713089403601715,0.46330693983686466,0.0345718901453958
710e3548e02bc1d2831dfc4f1b5b14d4,23979.11,136,142,20,3.558990747814277,2016-10,2018-08,176.31698529411764,108,0.0017642538701923155,0.46507119370705696,0.03489499192245557
2b3e4a2a3ea8e01938cabda2a3e5cc79,23629.15,52,54,14,4.348484848484849,2017-05,2018-07,454.4067307692308,109,0.0017385056967024527,0.46680969940375944,0.03521809369951535
1a3df491d1c4f1589fc2b934ada68bf2,23302.7,167,178,17,4.164391164391164,2017-04,2018-08,139.537125748503,110,0.0017144872624934983,0.46852418666625295,0.035541195476575124
40db9e9aa57f7bb151bcda6b0f9bdbb7,23168.0,12,12,5,2.1333333333333337,2018-02,2018-08,1930.6666666666667,111,0.0017045767613817011,0.47022876342763464,0.035864297253634894
612170e34b97004b3ba37eae81836b4c,23065.02,107,110,3,4.59006734006734,2018-06,2018-08,215.56093457943925,112,0.001697000047168688,0.4719257634748033,0.03618739903069467
897060da8b9a21f655304d50fd935913,23023.92,317,430,17,3.537844697069225,2016-10,2018-06,72.63066246056782,113,0.0016939761303483845,0.4736197396051517,0.03651050080775444
8444e55c1f13cd5c179851e5ca5ebd00,22873.21,99,109,17,3.0985276161746746,2017-03,2018-07,231.04252525252525,114,0.0016828876995944207,0.4753026273047461,0.03683360258481422
7b0df942f46435babab05d49b744b2c4,22600.63,32,32,14,4.307142857142857,2017-02,2018-06,706.2696875,115,0.0016628327300840001,0.4769654600348301,0.03715670436187399
7ad32824caee82087b3e2e5f33b1bf32,22505.1,151,184,8,3.528913624249167,2018-01,2018-08,149.04039735099337,116,0.0016558041467788034,0.4786212641816089,0.037479806138933765
744dac408745240a2c2528fb1b6028f3,22490.6,79,84,16,4.660410943223443,2017-04,2018-08,284.6911392405063,117,0.0016547373148105698,0.48027600149641947,0.037802907915993535
06e5eefc71ec47ae763c5c6f8db7064f,22188.56,92,95,17,3.831026612276612,2017-04,2018-08,241.18,118,0.001632514837039173,0.48190851633345866,0.03812600969305331
f45122a9ab94eb4f3f8953578bc0c560,22078.29,187,200,19,3.796508519771037,2017-02,2018-08,118.0657219251337,119,0.001624401763857303,0.48353291809731597,0.03844911147011309
05ff92fedb5be47920fea08e501238b9,21992.78,59,62,19,4.2821637426900585,2016-10,2018-08,372.75898305084746,120,0.001618110398229465,0.4851510284955454,0.03877221324717286
ff69aa92bb6b1bf9b8b7a51c2ed9cf8b,21940.8,20,20,7,4.023809523809524,2017-12,2018-06,1097.04,121,0.0016142859895598941,0.4867653144851053,0.039095315024232635
8f2ce03f928b567e3d56181ae20ae952,21712.9,153,175,16,4.1982654671717174,2017-04,2018-08,141.91437908496732,122,0.0015975183340040029,0.4883628328191093,0.039418416801292405
59fb871bf6f4522a87ba567b42dafecf,21708.57,126,128,16,4.08230580693816,2016-10,2018-04,172.2902380952381,123,0.0015971997559059026,0.4899600325750152,0.03974151857835218
d2374cbcbb3ca4ab1086534108cc3ab7,21223.92,524,631,19,3.6570065198734065,2017-02,2018-08,40.5036641221374,124,0.0015615418170504278,0.4915215743920656,0.04006462035541195
48162d548f5b1b11b9d29d1e01f75a61,20510.14,68,91,19,3.7509626338573705,2017-01,2018-08,301.61970588235295,125,0.0015090257258583081,0.49303060011792393,0.04038772213247173
729f06993dac8e860d4f02d7088ca48a,20485.079999999998,96,115,18,4.317901234567902,2017-03,2018-08,213.38625,126,0.0015071819459187264,0.49453778206384263,0.040710823909531506
00ee68308b45bc5e2660cd833c3f81cc,20260.0,135,172,12,4.404699974088519,2017-09,2018-08,150.07407407407408,127,0.001490621770787002,0.49602840383462965,0.041033925686591276
bfd27a966d91cfaafdb25d076585f0da,19921.0,117,118,18,4.402677569344236,2017-02,2018-07,170.26495726495727,128,0.0014656799751158868,0.4974940838097455,0.04135702746365105
004c9cd9d87a3c30c522c48c4fc07416,19712.71,158,170,17,4.061399932247683,2017-01,2018-05,124.76398734177215,129,0.0014503551178287582,0.4989444389275743,0.04168012924071082
d650b663c3b5f6fb392b6326366efa9a,19242.9,60,60,8,4.327468885281386,2017-12,2018-08,320.71500000000003,130,0.0014157890263118067,0.5003602279538861,0.0420032310177706
821fb029fc6e495ca4f08a35d51e53a5,19187.42,28,29,7,3.4988662131519277,2018-01,2018-08,685.265,131,0.0014117071064774895,0.5017719350603637,0.04232633279483037
f457c46070d02cadd8a68551231220dd,19093.0,199,234,7,4.093031295949939,2017-12,2018-06,95.94472361809045,132,0.001404760190998827,0.5031766952513624,0.042649434571890146
2a5b78b41cd05baeac8df54c6606b92c,19025.36,49,60,14,4.227558750773037,2017-07,2018-08,388.2726530612245,133,0.0013997836038035637,0.504576478855166,0.042972536348949916
dc317f341ab0e22f39acbd9dbf9b4a1f,18988.4,55,58,11,3.9393939393939394,2017-01,2018-07,345.24363636363637,134,0.0013970642859038457,0.5059735431410698,0.04329563812600969
96493fab2fbb13a14d0c0e8772eef5c3,18969.0,63,64,16,4.127430555555556,2017-02,2018-06,301.0952380952381,135,0.0013956369383049676,0.5073691800793748,0.04361873990306947
44073f8b7e41514de3b7815dd0237f4f,18729.64,144,153,18,3.26057955202692,2017-02,2018-08,130.06694444444443,136,0.0013780261176210792,0.5087472061969959,0.04394184168012924
cd68562d3f44870c08922d380acae552,18569.7,125,132,13,3.590492437669857,2017-04,2018-06,148.5576,137,0.0013662585931383709,0.5101134647901342,0.04426494345718902
0dd184061fb0eaa7ca37932c68ab91c5,18446.920000000002,161,193,9,4.006587958333535,2017-12,2018-08,114.57714285714287,138,0.0013572251014790802,0.5114706898916133,0.04458804523424879
527801b552d0077ffd170872eb49683b,17942.8,90,92,11,4.612987012987013,2017-10,2018-08,199.36444444444444,139,0.0013201346648014324,0.5127908245564147,0.044911147011308564
a888faf2d1baececa6baf9c3d603ee1f,17765.8,54,55,14,4.0489177489177495,2017-01,2018-05,328.9962962962963,140,0.0013071119573271333,0.5140979365137418,0.045234248788368334
9de4643a8dbde634fe55621059d92273,17560.34,72,81,14,4.545315398886827,2017-01,2018-02,243.8936111111111,141,0.0012919953162103565,0.5153899318299522,0.04555735056542811
8b321bb669392f5163d04c59e235e066,17535.69,943,1018,11,4.04067427724522,2017-10,2018-08,18.595641569459172,142,0.0012901817018643594,0.5166801135318165,0.04588045234248788
c72de06d72748d1a0dfb2125be43ba63,17522.0,21,22,4,4.503571428571428,2018-05,2018-08,834.3809523809524,143,0.0012891744653371101,0.5179692879971537,0.04620355411954766
165fc07beebdcb6190fba8a06db2a449,17481.4,50,64,11,3.40841184958832,2017-08,2018-08,349.62800000000004,144,0.0012861873358260563,0.5192554753329798,0.046526655896607434
0c8380b62e38e8a1e6adbeba7eb9688c,17348.79,182,220,18,3.788059462532642,2016-10,2018-08,95.32302197802198,145,0.0012764306056669218,0.5205319059386467,0.046849757673667204
1e8b33f18b4f7598d87f5cbee2282cc2,17309.06,123,140,10,4.389667048637636,2017-11,2018-08,140.72406504065043,146,0.001273507486073962,0.5218054134247206,0.04717285945072698
94144541854e298c2d976cb893b81343,17286.280000000002,68,76,13,3.8466962524654837,2017-02,2018-02,254.21000000000004,147,0.0012718314562645578,0.5230772448809852,0.04749596122778675
54a1852d1b8f10312c55e906355666ee,17226.44,200,204,20,4.4236016761016765,2017-01,2018-08,86.1322,148,0.0012674287510935855,0.5243446736320787,0.04781906300484653
abe42c5d03695b4257b5c6cbf4e6784e,17159.0,50,50,13,3.8750915750915746,2017-08,2018-08,343.18,149,0.0012624668788220222,0.5256071405109007,0.0481421647819063
41b39e28db005d9731d9d485a83b4c38,17112.55,195,231,20,4.029661029098554,2017-01,2018-08,87.75666666666666,150,0.0012590493377927499,0.5268661898486935,0.048465266558966075
4a3ccda38b2129705f3fb522db62ca31,17062.59,66,78,12,3.733134920634921,2017-09,2018-08,258.5240909090909,151,0.0012553735498525467,0.528121563398546,0.04878836833602585
76d64c4aca3a7baf218bf93ef7fa768d,16911.8,64,69,14,4.470238095238096,2017-05,2018-08,264.246875,152,0.0012442792331291027,0.5293658426316751,0.04911147011308562
c3acdfac4e3e97ff87529454fbc03642,16788.0,12,12,6,4.166666666666667,2018-03,2018-08,1399.0,153,0.0012351706953589432,0.530601013327034,0.0494345718901454
86ccac0b835037332a596a33b6949ee1,16619.93,180,210,17,4.102511459129106,2017-03,2018-07,92.33294444444445,154,0.0012228050092278392,0.5318238183362619,0.04975767366720517
8ae520247981aa06bc94abddf5f46d34,16320.99,65,65,10,4.46452380952381,2017-11,2018-08,251.09215384615385,155,0.0012008106127737884,0.5330246289490357,0.050080775444264945
7aa4334be125fcdd2ba64b3180029f14,16234.81,217,240,11,4.395020617601262,2017-02,2017-12,74.8147926267281,156,0.0011944699521515563,0.5342190989011872,0.050403877221324715
ef0ace09169ac090589d85746e3e036f,16223.300000000001,129,140,10,4.432992368742369,2017-11,2018-08,125.76201550387597,157,0.0011936231082926344,0.5354127220094799,0.05072697899838449
fa40cc5b934574b62717c68f3d678b6d,16055.87,307,340,18,4.487462757146972,2016-10,2018-05,52.29925081433225,158,0.0011813045099173694,0.5365940265193972,0.05105008077544426
1f1bb1f0859883505541bdd6606193e5,16040.84,27,29,13,4.5,2017-04,2018-07,594.1051851851852,159,0.0011801986834013315,0.5377742252027986,0.05137318255250404
0adac9fbd9a2b63cccaac4f8756c1ca8,15960.949999999999,110,142,19,4.01701571743123,2017-01,2018-08,145.09954545454545,160,0.001174320807129457,0.538948546009928,0.051696284329563816
4b9750c8ad28220fe6702d4ecb7c898f,15915.3,218,222,11,4.3168152302243215,2017-10,2018-08,73.00596330275229,161,0.0011709621257949838,0.5401195081357231,0.052019386106623586
2a84855fd20af891be03bc5924d2b453,15819.099999999999,164,168,9,4.2907437333907925,2017-12,2018-08,96.45792682926829,162,0.0011638842474953931,0.5412833923832184,0.05234248788368336
229c3efbfb0ea2058de4ccdfbc3d784a,15744.0,121,148,18,3.6487774105022166,2016-10,2018-08,130.11570247933884,163,0.0011583587936461284,0.5424417511768646,0.05266558966074313
f9244d45189d3a3605499abddeade7d5,15731.429999999998,21,21,13,4.17948717948718,2017-02,2018-08,749.1157142857143,164,0.0011574339606915975,0.5435991851375561,0.05298869143780291
d921b68bf747894be13a97ae52b0f386,15645.8,77,77,5,4.651593137254902,2018-04,2018-08,203.1922077922078,165,0.0011511337661095399,0.5447503189036657,0.05331179321486268
6061155addc1e54b4cfb51c1c2a32ad8,15633.4,28,33,3,4.827898550724638,2018-06,2018-08,558.3357142857143,166,0.001150221440840154,0.5459005403445059,0.053634894991922456
c33847515fa6305ce6feb1e818569f13,15519.85,114,128,4,3.916721524268694,2018-05,2018-08,136.1390350877193,167,0.001141867042909608,0.5470424073874155,0.053957996768982226
85d9eb9ddc5d00ca9336a2219c97bb13,15415.24,509,522,21,4.178532300839016,2016-10,2018-08,30.285343811394892,168,0.0011341704020684416,0.5481765777894839,0.054281098546042
213b25e6f54661939f11710a6fddb871,15379.5,155,194,9,3.534381371770544,2017-11,2018-08,99.22258064516129,169,0.0011315408452032922,0.5493081186346872,0.05460420032310178
e5a38146df062edaf55c38afa99e42dc,15360.070000000002,121,125,20,3.9196699134199138,2016-10,2018-08,126.94272727272728,170,0.0011301112903658592,0.5504382299250531,0.05492730210016155
c847e075301870dd144a116762eaff9a,15348.7,42,43,9,4.1912698412698415,2017-02,2018-01,365.4452380952381,171,0.0011292747469535272,0.5515675046720067,0.05525040387722133
ce248b21cb2adc36282ede306b7660e5,15230.06,65,66,14,4.457142857142857,2017-07,2018-08,234.30861538461536,172,0.0011205458542148218,0.5526880505262215,0.0555735056542811
79ebd9a61bac3eaf882805ed4ecfa12a,15092.79,136,143,11,3.9843221172766623,2017-10,2018-08,110.97639705882354,173,0.0011104462663334826,0.553798496792555,0.055896607431340874
75d34ebb1bd0bd7dde40dd507b8169c3,15048.28,62,72,13,3.6869047619047617,2017-01,2018-02,242.7141935483871,174,0.0011071714600640983,0.5549056682526191,0.056219709208400644
e2a1ac9bf33e5549a2a4f834e70df2f8,14999.45,5,5,3,4.888888888888889,2017-03,2017-07,2999.8900000000003,175,0.0011035788114427986,0.556009247064062,0.05654281098546042
01fdefa7697d26ad920e9e0346d4bd1b,14921.43,129,131,17,4.345027060597994,2017-04,2018-08,115.67,176,0.001097838519707517,0.5571070855837695,0.05686591276252019
1b4c3a6f53068f0b6944d2d005c9fc89,14760.3,113,117,18,4.24709342801448,2017-02,2018-07,130.6221238938053,177,0.001085983441428795,0.5581930690251984,0.05718901453957997
a5cba26a62b8b4d0145b68b841e62e7f,14737.84,54,55,13,4.669625246548323,2017-07,2018-08,272.92296296296297,178,0.0010843309554973105,0.5592773999806957,0.057512116316639744
87b740daf17b5d1be335a64164ec6842,14699.87,13,13,9,3.5555555555555554,2016-10,2018-03,1130.7592307692307,179,0.0010815373272329088,0.5603589373079286,0.057835218093699514
4c2b230173bb36f9b240f2b8ac11786e,14592.27,261,346,17,4.008380686299815,2017-02,2018-08,55.90908045977012,180,0.0010736206982824307,0.5614325580062111,0.05815831987075929
080199a181c46c657dc5aa235411be3b,14504.2,79,83,12,4.721380008880009,2017-09,2018-08,183.5974683544304,181,0.0010671409816312358,0.5624996989878422,0.05848142164781906
8e6d7754bc7e0f22c96d255ebda59eba,14497.27,85,130,5,3.2985470085470086,2017-12,2018-08,170.55611764705884,182,0.0010666311095250385,0.5635663300973672,0.05880452342487884
cf8ab1616079e2793aa29d524df01bb1,14391.0,9,9,3,3.055555555555556,2017-12,2018-03,1599.0,183,0.0010588123348171641,0.5646251424321844,0.05912762520193861
5cf13accae3222c70a9cac40818ae839,14383.2,149,156,19,4.394862155388471,2017-01,2018-08,96.53154362416107,184,0.001058238452792873,0.5656833808849773,0.059450726978998385
a6bd7d1ccdac48c6b33b28596b7eb122,14368.61,16,16,9,3.111111111111111,2017-06,2018-07,898.038125,185,0.0010571649991089748,0.5667405458840863,0.05977382875605816
66922902710d126a0e7d26b0e3805106,14362.3,151,156,16,4.372096653346653,2017-05,2018-08,95.11456953642383,186,0.0010567007432662468,0.5677972466273525,0.06009693053311793
aba1721a889e04decc910aa13b768ef4,14103.3,83,92,19,4.502297410192147,2017-02,2018-08,169.91927710843373,187,0.0010376449170750408,0.5688348915444276,0.06042003231017771
f08a5b9dd6767129688d001acafc21e5,14069.630000000001,11,18,4,3.9833333333333334,2017-10,2018-01,1279.057272727273,188,0.0010351676596701842,0.5698700592040977,0.06074313408723748
3b15288545f8928d3e65a8f949a28291,14061.79,104,121,18,3.8855858420809404,2017-03,2018-08,135.20951923076925,189,0.001034590834661153,0.5709046500387589,0.061066235864297255
c6bda72e4dbf5c5866b13cb1810c6d03,14059.380000000001,59,59,12,4.534358465608466,2017-07,2018-08,238.29457627118646,190,0.0010344135198305708,0.5719390635585895,0.061389337641357025
2e90cb1677d35cfe24eef47d441b7c87,13894.710000000001,127,137,17,4.178762414056531,2017-03,2018-08,109.40716535433071,191,0.0010222979874023627,0.5729613615459919,0.0617124394184168
a673821011d0cec28146ea42f5ab767f,13863.69,129,146,19,3.8938489565220866,2017-02,2018-08,107.47046511627907,192,0.0010200157027365278,0.5739813772487284,0.06203554119547657
d94a40fd42351c259927028d163af842,13823.8,101,110,14,4.162758769008769,2017-07,2018-08,136.86930693069306,193,0.0010170808112046081,0.5749984580599331,0.06235864297253635
05f51e13da97139648b8125c31e5f51b,13769.01,60,63,8,4.0,2017-07,2018-03,229.4835,194,0.0010130496578570553,0.5760115077177902,0.06268174474959612
440dd6ab244315c632130ecfb63827b1,13696.9,94,95,21,3.9558956916099777,2016-10,2018-08,145.71170212765958,195,0.001007744192117102,0.5770192519099073,0.0630048465266559
b8bc237ba3788b23da09c0f1f3a3288c,13685.710000000001,45,47,11,4.139944903581267,2017-08,2018-06,304.1268888888889,196,0.0010069208921361,0.5780261728020434,0.06332794830371567
6039e27294dc75811c0d8a39069f52c0,13670.7,64,75,19,4.150375939849624,2017-02,2018-08,213.6046875,197,0.0010058165371124319,0.5790319893391558,0.06365105008077544
1f9ab4708f3056ede07124aad39a2554,13602.73,78,79,17,4.162464985994397,2017-01,2018-06,174.39397435897436,198,0.001000815670293064,0.5800328050094489,0.06397415185783521
6d66611d7c44cc30ce351abc49a68421,13593.4,166,176,18,3.961224582425563,2017-02,2018-08,81.88795180722892,199,0.0010001292191024697,0.5810329342285513,0.064297253634895
240b9776d844d37535668549a396af32,13592.08,36,36,2,4.149090909090909,2018-07,2018-08,377.5577777777778,200,0.0010000321006060511,0.5820329663291574,0.06462035541195477
610f72e407cdd7caaa2f8167b0163fd8,13585.16,16,17,5,3.866666666666667,2018-04,2018-08,849.0725,201,0.000999522964246039,0.5830324892934033,0.06494345718901454
289cdb325fb7e7f891c38608bf9e0962,13544.95,110,126,7,4.559800357283195,2018-02,2018-08,123.1359090909091,202,0.0009965645288361996,0.5840290538222396,0.06526655896607432
0b35c634521043bf4b47e21547b99ab5,13533.65,51,78,9,3.5567901234567905,2017-12,2018-08,265.3656862745098,203,0.0009957331356471625,0.5850247869578867,0.06558966074313409
a3e9a2c700480d9bb01fba070ba80a0e,13440.8,130,144,16,4.102637987012987,2017-05,2018-08,103.39076923076922,204,0.0009889017323195428,0.5860136886902063,0.06591276252019386
d05ae8f7a5bd1d2a690a44cd079e4e27,13436.0,78,81,13,4.07531635031635,2017-04,2018-08,172.25641025641025,205,0.0009885485741507483,0.5870022372643571,0.06623586429725363
34d1ca11b242c0fee2c834ae8d788566,13422.24,40,41,17,4.370833333333334,2017-03,2018-08,335.556,206,0.0009875361874002039,0.5879897734517573,0.06655896607431341
1ca7077d890b907f89be8c954a02686a,13341.57,115,137,7,3.319391647393546,2017-09,2018-04,116.01365217391304,207,0.0009816009229259004,0.5889713743746832,0.06688206785137318
8cc6a0e5738e61a87b03c78b2ba9db4b,13312.4,24,26,3,4.033333333333333,2017-02,2017-04,554.6833333333333,208,0.0009794547513042886,0.5899508291259875,0.06720516962843295
669ae81880e08f269a64487cfb287169,13248.87,162,186,20,4.1212727591036415,2017-01,2018-08,81.78314814814816,209,0.0009747805557910557,0.5909256096817785,0.06752827140549272
5d378b73ab7dd6f0418d743e5dcb0bd1,13243.0,7,7,2,4.05,2017-10,2017-11,1891.857142857143,210,0.0009743486727804674,0.591899958354559,0.06785137318255251
ad97a199236354e53fcd91a5a913e9a2,13205.9,17,18,8,4.604166666666667,2017-11,2018-07,776.8176470588235,211,0.0009716190544341595,0.5928715774089932,0.06817447495961228
c31eff8334d6b3047ed34bebd4d62c36,13191.5,122,123,9,3.819484527817861,2017-11,2018-08,108.12704918032787,212,0.0009705595799277758,0.593842136988921,0.06849757673667205
e8b3a3a38279a82f0e5d006d5e5b7d2c,13154.7,87,92,6,3.772782007264766,2017-10,2018-03,151.2034482758621,213,0.0009678520339670176,0.594809989022888,0.06882067851373183
6edacfd9f9074789dad6d62ba7950b9c,13147.1,208,219,20,4.3546330646477704,2017-01,2018-08,63.20721153846154,214,0.0009672928668664262,0.5957772818897544,0.0691437802907916
99eaacc9e6046db1c82b163c5f84869f,13139.17,66,70,12,3.776736111111111,2016-10,2018-02,199.07833333333335,215,0.0009667094201417303,0.5967439913098962,0.06946688206785137
9e6229250fedbe05838fef417b74e7fb,13132.2,74,78,10,4.225758145363409,2017-09,2018-08,177.46216216216217,216,0.0009661966050507932,0.597710187914947,0.06978998384491114
431af27f296bc6519d890aa5a05fdb11,13109.5,117,125,16,3.963483309990663,2017-04,2018-07,112.04700854700855,217,0.0009645264612108689,0.5986747143761579,0.07011308562197092
d50d79cb34e38265a8649c383dcffd48,13012.42,70,70,18,4.296296296296296,2016-10,2018-08,185.8917142857143,218,0.0009573838372469991,0.5996320982134049,0.0704361873990307
530ec6109d11eaaf87999465c6afee01,12983.810000000001,97,104,14,4.140259740259741,2017-05,2018-08,133.8537113402062,219,0.0009552788674117466,0.6005873770808167,0.07075928917609046
6e386f64c84e482f0b9abf960797ee1b,12938.3,30,30,6,4.501111111111111,2018-03,2018-08,431.27666666666664,220,0.0009519304865238632,0.6015393075673405,0.07108239095315025
e24fc9fcd865784fb25705606fe3dfe7,12936.0,52,56,16,4.274404761904762,2016-10,2018-03,248.76923076923077,221,0.0009517612649013158,0.6024910688322418,0.07140549273021002
039e6ad9dae79614493083e241147386,12925.0,5,5,3,4.166666666666667,2018-04,2018-07,2585.0,222,0.0009509519440978284,0.6034420207763396,0.07172859450726979
c60b801f2d52c7f7f91de00870882a75,12913.5,41,41,8,3.2729166666666667,2018-01,2018-08,314.9634146341463,223,0.0009501058359850914,0.6043921266123247,0.07205169628432956
cfb1a033743668a192316f3c6d1d2671,12803.64,147,184,18,3.9849418827360004,2017-02,2018-08,87.09959183673469,224,0.0009420229283968061,0.6053341495407215,0.07237479806138934
ac3508719a1d8f5b7614b798f70af136,12775.84,103,104,16,4.551074966699967,2017-05,2018-08,124.03728155339806,225,0.0009399775540025377,0.6062741270947241,0.07269789983844911
ed4acab38528488b65a9a9c603ff024a,12759.449999999999,32,40,14,3.892857142857143,2017-03,2018-07,398.73281249999997,226,0.0009387716660053412,0.6072128987607294,0.07302100161550888
7202e2ba20579a9bd1acb29e61fe71f6,12750.5,53,55,14,3.7950549450549453,2017-07,2018-08,240.5754716981132,227,0.0009381131731697764,0.6081510119338992,0.07334410339256867
2b1a40c1daabc6ca280c4b815c101841,12732.6,23,35,14,3.542857142857143,2016-10,2018-06,553.591304347826,228,0.0009367961874986468,0.6090878081213978,0.07366720516962844
c66dccfb3f109511246da627dd5a2498,12708.55,45,45,8,4.457738095238096,2018-01,2018-08,282.4122222222222,229,0.000935026717923749,0.6100228348393216,0.0739903069466882
2e1c9f22be269ef4643f826c9e650a52,12687.68,167,173,14,4.174476416440702,2017-07,2018-08,75.97413173652694,230,0.0009334912156356778,0.6109563260549573,0.07431340872374798
00fc707aaaad2d31347cf883cd2dfe10,12684.9,103,135,6,4.234343434343434,2018-01,2018-06,123.15436893203884,231,0.0009332866781962509,0.6118896127331536,0.07463651050080776
b372ee768ed69e46ca8cdbd267aa7a38,12630.0,63,69,15,4.2346031746031745,2017-03,2018-08,200.47619047619048,232,0.0009292474316406632,0.6128188601647943,0.07495961227786753
66e0557ecc2b4dbea057e93f215f68d8,12480.0,31,31,10,4.286309523809524,2017-05,2018-02,402.5806451612903,233,0.0009182112388658335,0.6137370714036601,0.0752827140549273
a7f13822ceb966b076af67121f87b063,12477.64,75,86,5,2.9394824016563144,2016-10,2017-05,166.36853333333332,234,0.0009180376027661761,0.6146551090064263,0.07560581583198707
2138ccb85b11a4ec1e37afbd1c8eda1f,12357.03,396,429,21,3.913610744256954,2016-10,2018-08,31.204621212121214,235,0.0009091637680290281,0.6155642727744554,0.07592891760904685
056b4ada5bbc2c50cc7842547dda6b51,12333.390000000001,65,66,9,4.013973063973064,2017-12,2018-08,189.74446153846156,236,0.000907424464047715,0.616471697238503,0.07625201938610662
d6b1ce66b035a475f00c017792ff9769,12277.4,92,108,6,3.8645622895622895,2018-03,2018-08,133.45,237,0.0009033050211579634,0.617375002259661,0.07657512116316639
48436dade18ac8b2bce089ec2a041202,12271.710000000001,138,151,15,4.093373907138613,2017-03,2018-08,88.9254347826087,238,0.0009028863815787049,0.6182778886412398,0.07689822294022618
c510bc1718f0f2961eaa42a23330681a,12251.0,13,13,4,4.354166666666666,2018-04,2018-08,942.3846153846154,239,0.0009013626512295934,0.6191792512924694,0.07722132471728595
fbc14c0cf93505ef89f64665ffa4a7b5,12227.82,18,18,10,3.8583333333333334,2017-08,2018-08,679.3233333333333,240,0.0008996571915727897,0.6200789084840422,0.07754442649434572
c8b0e2b0a7095e5d8219575d5e7e1181,12170.210000000001,84,85,13,4.21195054945055,2017-07,2018-08,144.8834523809524,241,0.0008954185578010702,0.6209743270418433,0.07786752827140549
70c27847eca8195c983ed7e798c56743,12077.52,77,98,5,4.031632850241546,2018-04,2018-08,156.85090909090908,242,0.0008885989264124104,0.6218629259682558,0.07819063004846527
ff063b022a9a0aab91bad2c9088760b7,12076.5,94,96,16,4.238525883838384,2017-02,2018-08,128.47340425531914,243,0.0008885238803015415,0.6227514498485573,0.07851373182552504
e26901d5ab434ce92fd9b5c256820a4e,11990.9,202,221,9,3.9885192802546694,2017-01,2017-09,59.36089108910891,244,0.0008822258929580386,0.6236336757415154,0.07883683360258481
701938c450705b8ae65fc923b70f35c7,11983.279999999999,75,112,15,3.718981481481481,2017-01,2018-04,159.77706666666666,245,0.0008816652543650772,0.6245153409958805,0.0791599353796446
c4f7fee5b0db50e87766f5a4d1b1b758,11961.829999999998,8,9,2,2.5,2018-04,2018-07,1495.2287499999998,246,0.0008800870787982765,0.6253954280746787,0.07948303715670436
128639473a139ac0f3e5f5ade55873a5,11908.85,533,560,16,4.2887888508860135,2017-05,2018-08,22.343058161350847,247,0.0008761890955102068,0.626271617170189,0.07980613893376413
d71d863e5ef30d94e440c11be17dcd8f,11900.9,29,36,5,3.12,2017-10,2018-05,410.3758620689655,248,0.0008756041772931408,0.6271472213474821,0.0801292407108239
8b8cfc8305aa441e4239358c9f6f2485,11892.0,15,15,10,4.125,2017-01,2018-04,792.8,249,0.000874949363188501,0.6280221707106707,0.08045234248788369
7901646fdd36a55f564ffaf2dbccaaf7,11857.08,22,27,12,4.5,2017-03,2018-08,538.9581818181819,250,0.0008723801375105206,0.6288945508481812,0.08077544426494346
09f952a5f58d2285b0372551ae8f9b01,11821.5,50,56,12,4.030555555555556,2017-09,2018-08,236.43,251,0.0008697623525843309,0.6297643132007655,0.08109854604200323
adbc26658d6c7b4b6219f9d934598091,11806.4,88,92,13,4.201669769858625,2017-08,2018-08,134.16363636363636,252,0.000868651375844998,0.6306329645766106,0.08142164781906301
0be8ff43f22e456b4e0371b2245e4d01,11805.5,161,180,16,4.097434959800878,2017-05,2018-08,73.32608695652173,253,0.0008685851586883491,0.6315015497352989,0.08174474959612278
72c5da29406b4234927b81855e7b64f6,11798.69,31,31,5,4.178809523809524,2018-04,2018-08,380.6029032258065,254,0.0008680841155363719,0.6323696338508353,0.08206785137318255
ce7d1888639e6fb06b2749cbfdac1ff7,11793.89,78,84,13,4.250676246830093,2017-08,2018-08,151.20371794871795,255,0.0008677309573675773,0.6332373648082029,0.08239095315024232
23d7c96d4a1160db1c726b248601b25a,11766.94,53,55,14,3.886904761904762,2017-07,2018-08,222.0177358490566,256,0.0008657481213990329,0.634103112929602,0.0827140549273021
d1b65fc7debc3361ea86b5f14c68d2e2,11703.07,40,41,12,4.588690476190476,2017-03,2018-06,292.57675,257,0.0008610489105155104,0.6349641618401175,0.08303715670436188
bba3293d6f5d5af2f415e004e8b93ae3,11702.1,17,17,7,4.038095238095238,2017-09,2018-06,688.3588235294118,258,0.0008609775431355665,0.635825139383253,0.08336025848142165
25e6ffe976bd75618accfe16cefcbd0d,11691.61,108,117,19,4.268880680722786,2016-10,2018-06,108.25564814814815,259,0.0008602057453875135,0.6366853451286405,0.08368336025848142
c4d51195486dc781531876a7d00453d8,11468.98,17,17,4,3.96875,2018-03,2018-06,674.6458823529412,260,0.0008438258280711111,0.6375291709567116,0.0840064620355412
80e6699fe29150b372a0c8a1ebf7dcc8,11441.56,98,100,18,4.3412938912938905,2016-10,2018-05,116.75061224489795,261,0.0008418084120318723,0.6383709793687434,0.08432956381260097
b4f8921fcc4ff77b66bea6dda43dcd51,11395.05,18,20,3,4.794871794871795,2018-05,2018-08,633.0583333333333,262,0.00083838645652549,0.6392093658252689,0.08465266558966074
cab85505710c7cb9b720bceb52b01cee,11389.1,206,209,21,4.293977409390943,2016-10,2018-08,55.286893203883494,263,0.0008379486875454218,0.6400473145128143,0.08497576736672052
1d8dbc4f32378d715c717c1c1fc57bae,11315.89,92,98,16,4.020123106060606,2017-03,2018-06,122.99880434782608,264,0.0008325622897251199,0.6408798768025394,0.08529886914378029
813348c996469b40f2e028d5429d3495,11205.83,179,202,12,3.982343877384242,2017-05,2018-04,62.60240223463687,265,0.0008244646672131348,0.6417043414697525,0.08562197092084006
6cd68b3ed6d59aaa9fece558ad360c0a,11188.57,149,157,16,4.462625915750916,2017-01,2018-04,75.09107382550336,266,0.0008231947692978444,0.6425275362390503,0.08594507269789983
5a8e7d5003a1f221f9e1d6e411de7c23,11171.9,139,181,21,4.097416122626207,2016-10,2018-08,80.37338129496402,267,0.0008219682804074684,0.6433495045194578,0.08626817447495962
ccb83a794700270fde70898fe9ff368b,11062.0,12,12,6,4.355555555555555,2017-02,2017-08,921.8333333333334,268,0.0008138824298344431,0.6441633869492923,0.08659127625201939
8d956fec2e4337affcb520f56fd8cbfd,11015.19,211,228,11,4.313239959720004,2017-10,2018-08,52.20469194312796,269,0.0008104384019425113,0.6449738253512348,0.08691437802907916
6973a06f484aacf400ece213dbf3d946,11011.05,95,115,6,2.840626695199409,2018-01,2018-07,115.90578947368421,270,0.0008101338030219259,0.6457839591542568,0.08723747980613894
95e03ca3d4146e4011985981aeb959b9,11009.96,175,193,16,4.037385531135532,2017-05,2018-08,62.91405714285714,271,0.0008100536066877621,0.6465940127609445,0.08756058158319871
7ea5bfa6c340f58f8e71fc1f0412b0d6,11002.89,98,104,10,4.18976869535693,2017-11,2018-08,112.27438775510204,272,0.0008095334341349751,0.6474035461950794,0.08788368336025848
54965bbe3e4f07ae045b90b0b8541f52,10961.3,78,86,5,3.616018407362945,2017-10,2018-07,140.52948717948718,273,0.0008064734657516074,0.648210019660831,0.08820678513731825
82e0a475a88cc9595229d8029273f045,10930.02,42,80,11,3.4347464736220714,2017-02,2018-01,260.23857142857145,274,0.000804172051684963,0.649014191712516,0.08852988691437803
dd2bdf855a9172734fbc3744021ae9b9,10816.7,108,113,14,4.076287105751391,2016-10,2018-01,100.15462962962964,275,0.0007958345759166716,0.6498100262884327,0.0888529886914378
0ea22c1cfbdc755f86b9b54b39c16043,10711.699999999999,237,269,20,4.27774346740291,2016-10,2018-08,45.19704641350211,276,0.0007881092409742907,0.6505981355294069,0.08917609046849757
ce27a3cc3c8cc1ea79d11e561e9bebb6,10682.65,135,164,12,3.566249151175622,2016-10,2018-08,79.13074074074073,277,0.0007859718983068987,0.6513841074277138,0.08949919224555736
c9c7905cffc4ef9ff9f113554423e671,10657.18,127,139,15,4.163383838383838,2017-06,2018-08,83.9148031496063,278,0.0007840979527737326,0.6521682053804876,0.08982229402261713
bd23da7354813347129d751591d1a6e2,10544.300000000001,89,90,14,4.158163265306123,2017-07,2018-08,118.47528089887642,279,0.0007757928498375808,0.6529439982303251,0.0901453957996769
f3b80352b986ab4d1057a4b724be19d0,10505.1,87,92,17,4.255907491201609,2017-02,2018-07,120.74827586206897,280,0.0007729087247924253,0.6537169069551175,0.09046849757673667
f262cbc1c910c83959f849465454ddd3,10482.83,192,207,10,3.9824366731591794,2017-11,2018-08,54.598072916666666,281,0.0007712702180384556,0.654488177173156,0.09079159935379645
c864036feaab8c1659f65ea4faebe1da,10454.2,58,58,14,4.581972789115646,2017-07,2018-08,180.2448275862069,282,0.0007691637767108331,0.6552573409498669,0.09111470113085622
b499c00f28f4b7069ff6550af8c1348a,10327.13,152,187,16,3.9416953348938644,2016-10,2018-08,67.9416447368421,283,0.0007598146499381822,0.656017155599805,0.09143780290791599
ea566164622c6b439516ab18062c42cd,10309.42,50,52,10,3.8960897435897435,2017-11,2018-08,206.1884,284,0.0007585116434445674,0.6567756672432495,0.09176090468497576
33a6f4b1e7cdc205511e76ba1b6e0186,10295.009999999998,105,126,8,4.419565048241519,2018-01,2018-08,98.04771428571426,285,0.0007574514331919986,0.6575331186764415,0.09208400646203554
9d5a9018aee56acb367ba9c3f05d1d6a,10292.31,67,79,12,4.016895604395605,2017-03,2018-03,153.6165671641791,286,0.0007572527817220518,0.6582903714581635,0.09240710823909531
06532f10282704ef4c69168b914b77be,10220.5,8,9,6,4.0,2017-03,2017-08,1277.5625,287,0.0007519693883676483,0.6590423408465311,0.09273021001615508
1c5e4e49b9079480255b49d50aac1aa9,10173.11,12,12,11,4.318181818181818,2017-03,2018-08,847.7591666666667,288,0.0007484826871969871,0.6597908235337281,0.09305331179321487
7b1222c3624aa89b9558b50a2594188c,10103.52,22,22,11,4.53030303030303,2017-02,2018-06,459.2509090909091,289,0.0007433626294956512,0.6605341861632238,0.09337641357027464
5058e8c1e82653974541e83690655b4a,10022.82,63,78,11,2.76267217630854,2017-10,2018-08,159.09238095238095,290,0.0007374251577827927,0.6612716113210065,0.09369951534733441
0df3984f9dfb3d49ac6366acbd3bbb85,10021.49,87,89,16,4.326552795031056,2017-03,2018-06,115.18954022988505,291,0.0007373273035401892,0.6620089386245467,0.09402261712439418
5343d0649eca2a983820bfe93fc4d17e,10000.64,71,111,8,3.9453582875457878,2017-12,2018-07,140.85408450704224,292,0.0007357932727444878,0.6627447318972912,0.09434571890145396
054694fa03fe82cec4b7551487331d74,9983.1,21,22,10,3.0714285714285716,2017-01,2018-04,475.3857142857143,293,0.0007345027739360179,0.6634792346712273,0.09466882067851373
9d4db00d65d7760644ac0c14edb5fd86,9979.7,98,100,9,4.534014837819186,2017-12,2018-08,101.83367346938776,294,0.0007342526202331217,0.6642134872914603,0.0949919224555735
961dff0a659b4561334372337dd897d9,9946.0,4,4,3,3.5,2017-04,2017-08,2486.5,295,0.00073177315558971,0.66494526044705,0.09531502423263329
5882820ef11c4c068eea0677a7a879b4,9925.5,14,14,8,4.3125,2017-04,2018-07,708.9642857142857,296,0.0007302648759104831,0.6656755253229605,0.09563812600969306
4830e40640734fc1c52cd21127c341d4,9843.470000000001,210,219,14,4.179066171923315,2017-07,2018-08,46.87366666666667,297,0.0007242295499550214,0.6663997548729155,0.09596122778675283
ef506c96320abeedfb894c34db06f478,9771.43,324,340,20,3.9643000964367245,2017-01,2018-08,30.158734567901234,298,0.0007189292344383631,0.6671186841073539,0.0962843295638126
17ca9b9e9b9ef8fdb529001b49ebb50f,9754.83,116,129,14,4.021191371285356,2017-07,2018-08,84.09336206896552,299,0.000717707895771282,0.6678363920031252,0.09660743134087238
7040e82f899a04d1b434b795a43b4617,9738.2,212,228,12,3.5400545634920633,2017-09,2018-08,45.93490566037736,300,0.0007164843498656459,0.6685528763529908,0.09693053311793215
ca3bd7cd9f149df75950150d010fe4a2,9731.85,71,138,18,3.833597883597884,2017-01,2018-08,137.06830985915494,302,0.0007160171510381781,0.669268893504029,0.09725363489499192
7b07b3c7487f0ea825fc6df75abd658b,9731.85,93,98,19,4.554072681704261,2017-01,2018-08,104.64354838709677,301,0.0007160171510381781,0.6699849106550672,0.0975767366720517
01cf7e3d21494c41fb86034f2e714fa1,9729.36,61,67,10,4.320757575757575,2016-10,2018-02,159.4977049180328,303,0.0007158339502381159,0.6707007446053053,0.09789983844911147
17306570e772e7718c92a562d33f5f1d,9669.8,29,32,13,3.66959706959707,2017-02,2018-04,333.4413793103448,304,0.0007114518459603234,0.6714121964512656,0.09822294022617124
e96498ed8daaa3e9c23f7a62da76591c,9619.09,34,34,10,3.8583333333333334,2017-10,2018-07,282.9144117647059,305,0.000707720877056246,0.6721199173283219,0.09854604200323101
31344c16881c08a8a72c6d2eb29918c1,9615.7,43,43,16,4.319791666666667,2017-01,2018-08,223.62093023255815,306,0.0007074714590995349,0.6728273887874214,0.0988691437802908
e7df4cd29ab5abab70fb0783ddb53987,9608.7,23,24,14,4.313095238095238,2017-02,2018-08,417.76956521739135,307,0.0007069564367700429,0.6735343452241914,0.09919224555735057
73a63f72308aa20a46f4b1632018f196,9606.8,29,41,13,4.156410256410256,2017-03,2018-08,331.2689655172413,308,0.0007068166449948949,0.6742411618691864,0.09951534733441034
b2ac621f0d0322434d04a12b078b9369,9575.5,30,30,11,4.25,2017-08,2018-08,319.18333333333334,309,0.0007045137594358805,0.6749456756286223,0.0998384491114701
1c129092bf23f28a5930387c980c0dfc,9553.62,201,220,11,4.1991361310141215,2017-10,2018-08,47.53044776119403,310,0.0007029039467831254,0.6756485795754054,0.10016155088852989
36a968b544695394e4e9d7572688598f,9482.87,154,162,17,3.49306885924533,2017-02,2018-08,61.577077922077926,311,0.0006976985425243306,0.6763462781179297,0.10048465266558966
3db66a856d18a9cba7c9241fc5221c50,9478.300000000001,94,97,14,4.196235312306741,2017-04,2018-08,100.83297872340427,312,0.000697362306517791,0.6770436404244475,0.10080775444264943
270297ead4c65a6cd2593960d2af6b21,9422.4,18,20,11,3.909090909090909,2017-03,2018-08,523.4666666666667,313,0.0006932494853437042,0.6777368899097912,0.10113085621970921
81a1104df0f08b59c68aa5b03cfe398e,9420.880000000001,73,73,10,4.488053221288515,2017-05,2018-04,129.05315068493152,314,0.0006931376519235861,0.6784300275617148,0.10145395799676898
066a6914e1ebf3ea95a216c73a986b91,9410.380000000001,68,74,19,4.032706766917293,2016-10,2018-08,138.3879411764706,315,0.0006923651184293479,0.6791223926801441,0.10177705977382875
cb8bcce248bb1fb274ba762d8b971456,9402.2,68,69,19,4.196950710108605,2017-01,2018-08,138.26764705882354,316,0.0006917632780500273,0.679814155958194,0.10210016155088852
a00824eb9093d40e589b940ec45c4eb0,9399.97,3,3,2,4.5,2017-10,2018-04,3133.3233333333333,317,0.0006915992066507747,0.6805057551648448,0.10242326332794831
5b8154610ebb21fb90eb587365e673df,9397.54,38,41,13,4.244230769230769,2017-07,2018-07,247.30368421052634,318,0.0006914204203278226,0.6811971755851726,0.10274636510500808
3c487ae8f8d7542beff5788e2e0aea83,9385.7,30,33,12,4.1309523809523805,2017-08,2018-08,312.8566666666667,319,0.000690549296844796,0.6818877248820173,0.10306946688206785
aaed1309374718fdd995ee4c58c9dfcd,9376.95,105,112,21,4.250917336631622,2016-10,2018-08,89.30428571428573,320,0.0006899055189329309,0.6825776304009502,0.10339256865912763
8b28d096634035667e8263d57ba3368c,9375.699999999999,143,155,18,3.972455095262113,2017-02,2018-07,65.56433566433566,321,0.0006898135506598072,0.68326744395161,0.1037156704361874
05feb94f19d094d4b0f9281f0b1d4c99,9353.0,6,6,6,4.5,2017-08,2018-02,1558.8333333333333,322,0.000688143406819883,0.6839555873584299,0.10403877221324717
048c2757535328e0d7dac690ad3c0aae,9264.779999999999,51,51,17,4.324509803921568,2017-03,2018-08,181.66235294117644,323,0.0006816526539759131,0.6846372400124058,0.10436187399030694
aafe36600ce604f205b86b5084d3d767,9251.4,129,131,19,4.412375077622755,2017-02,2018-08,71.71627906976744,324,0.0006806682255803984,0.6853179082379862,0.10468497576736673
624f4ece8da4aafb77699233d480f8ef,9205.0,53,55,18,4.163822751322751,2016-10,2018-08,173.67924528301887,325,0.000677254363282051,0.6859951626012682,0.1050080775444265
dd7ddc04e1b6c2c614352b383efe2d36,9178.51,122,143,15,3.778087468087468,2017-04,2018-07,75.23368852459016,326,0.0006753053716380161,0.6866704679729063,0.10533117932148627
4e7c18b98d84e05cbae3ff0ff03846c2,9177.9,82,89,17,3.960512689924455,2017-02,2018-07,111.92560975609756,327,0.0006752604911207318,0.6873457284640271,0.10565428109854604
6c12e40690c335dbc2f68a4134d30dc1,9139.199999999999,16,18,10,4.05,2017-02,2018-08,571.1999999999999,328,0.0006724131533848256,0.6880181416174119,0.10597738287560582
f80edd2c5aaa505cc4b0a3b219abf4b8,9108.2,119,128,17,4.072307104660046,2017-04,2018-08,76.53949579831934,329,0.000670132340211361,0.6886882739576233,0.10630048465266559
8e8a7ce9f2f970dc00e2acf6f6e199f6,9101.0,65,66,10,4.109523809523809,2017-11,2018-08,140.01538461538462,330,0.0006696026029581691,0.6893578765605815,0.10662358642972536
0db783cfcd3b73998abc6e10e59a102f,9077.4,132,137,17,4.0611457170280705,2016-10,2018-04,68.76818181818182,331,0.0006678662419615959,0.690025742802543,0.10694668820678514
06df0c10d34e459d9672bc77388742eb,9070.0,26,30,6,4.481481481481482,2018-03,2018-08,348.84615384615387,332,0.0006673217897847043,0.6906930645923277,0.10726978998384491
fffd5413c0700ac820c7069d66d98c89,9062.3,60,61,14,3.730187074829932,2017-07,2018-08,151.03833333333333,333,0.000666755265222263,0.69135981985755,0.10759289176090468
9b013e03b2ab786505a1d3b5c0756754,9027.4,174,225,11,3.870650480373209,2017-10,2018-08,51.8816091954023,334,0.0006641875110366527,0.6920240073685867,0.10791599353796445
5f2684dab12e59f83bef73ae57724e45,9000.87,68,74,19,3.946169772256729,2016-10,2018-08,132.36573529411766,335,0.0006622355764078779,0.6926862429449946,0.10823909531502424
403aa86912527d730337ffcb0fb096ab,8959.89,11,11,7,4.0,2017-01,2017-11,814.5354545454545,336,0.0006592204885417942,0.6933454634335364,0.108562197092084
f27e33c6d29b5138fa9967bcd445b6d5,8888.3,93,98,14,4.1636784842141985,2017-07,2018-08,95.57311827956988,337,0.0006539532816034605,0.6939994167151399,0.10888529886914378
32b8764b4ef628b53608fc34011fcc13,8884.0,36,38,6,4.111111111111111,2018-03,2018-08,246.77777777777777,338,0.0006536369107439155,0.6946530536258838,0.10920840064620356
d03698c2efd04a549382afa6623e27fb,8865.47,18,21,13,4.576923076923077,2016-10,2018-07,492.52611111111105,339,0.0006522735730631314,0.6953053271989469,0.10953150242326333
2089a6d640999f9b9141ac719b2af596,8830.82,44,44,16,3.7517857142857145,2017-04,2018-07,200.70045454545453,340,0.0006497242125321458,0.6959550514114791,0.1098546042003231
1da3aeb70d7989d1e6d9b0e887f97c23,8823.52,265,328,18,4.1290571049202764,2017-03,2018-08,33.296301886792456,341,0.0006491871178171041,0.6966042385292962,0.11017770597738287
a49928bcdf77c55c6d6e05e09a9b4ca5,8816.7,98,106,12,2.6603167641325536,2017-06,2018-05,89.96632653061225,342,0.0006486853389189419,0.6972529238682151,0.11050080775444265
562fc2f2c2863ab7e79a9e4388a58a14,8814.199999999999,260,270,8,4.2199473206121905,2018-01,2018-08,33.90076923076923,343,0.0006485014023726946,0.6979014252705878,0.11082390953150242
af4a0e4cfe1d9c26b6712b1be25a72e5,8757.98,21,26,7,3.642857142857143,2017-08,2018-03,417.0466666666666,344,0.0006443650373206885,0.6985457903079085,0.1111470113085622
18a349e75d307f4b4cc646a691ed4216,8711.53,121,148,12,3.6498332685832686,2017-08,2018-08,71.99611570247934,345,0.0006409474962914163,0.6991867378041999,0.11147011308562198
6d803cb79cc31c41c4c789a75933b3c7,8711.4,58,66,12,4.250231481481482,2017-07,2018-06,150.19655172413792,346,0.0006409379315910113,0.699827675735791,0.11179321486268175
6c7d50c24b3ccd2fd83b44d8bb34e073,8699.34,114,128,13,4.155764374514375,2017-07,2018-08,76.31,347,0.000640050621691915,0.7004677263574829,0.11211631663974152
b1a81260566c1bac3114a6d124413f27,8684.69,51,54,6,4.243464052287582,2018-03,2018-08,170.2880392156863,348,0.0006389727535309067,0.7011066991110138,0.11243941841680129
9596c870880d900012f2e8e6e30d06d7,8606.25,22,24,11,4.2272727272727275,2017-04,2018-08,391.1931818181818,349,0.0006332015604558557,0.7017399006714696,0.11276252019386107
db2956745b3a8e9f3785c99f34b5d25e,8599.0,47,48,5,3.8638672438672437,2018-04,2018-08,182.95744680851064,350,0.0006326681444717389,0.7023725688159413,0.11308562197092084
259f7b5e6e482c230e5bfaa670b6bb8f,8526.039999999999,138,165,16,4.172501978566893,2017-03,2018-08,61.78289855072463,351,0.0006273001403060617,0.7029998689562474,0.11340872374798061
93dc87703c046b603023e75222018b45,8517.35,35,36,9,3.882716049382716,2017-11,2018-07,243.35285714285715,352,0.0006266607768713067,0.7036265297331188,0.11373182552504038
cbd996ad3c1b7dc71fd0e5f5df9087e2,8411.039999999999,165,196,18,4.132618035559212,2017-02,2018-08,50.97599999999999,353,0.0006188390591786923,0.7042453687922975,0.11405492730210016
b18dc380845b24038cfc48006478f099,8353.3,44,54,10,3.9698484848484847,2017-10,2018-08,189.84772727272727,354,0.0006145908607065678,0.7048599596530041,0.11437802907915993
6c177e38df6d3f34182b1f1d427231bf,8341.89,55,56,16,4.091741071428571,2017-02,2018-08,151.67072727272725,355,0.0006137513743094958,0.7054737110273136,0.1147011308562197
7d456afc660226829370f3173d14520c,8338.25,56,91,15,4.290279812779813,2016-10,2018-08,148.89732142857142,356,0.0006134835626981599,0.7060871945900118,0.11502423263327949
fcb5ace8bcc92f75707dc0f01a27d269,8318.630000000001,62,73,10,3.7926190476190476,2017-11,2018-08,134.17145161290324,357,0.0006120400286832123,0.706699234618695,0.11534733441033926
784ba75dd9d20200c4caed3d7a77141a,8295.13,21,24,10,3.6399999999999997,2017-03,2018-01,395.00619047619045,358,0.0006103110251484889,0.7073095456438435,0.11567043618739903
3078096983cf766a32a06257648502d1,8285.42,59,64,13,4.179154179154179,2017-05,2018-05,140.43084745762712,359,0.0006095966156028649,0.7079191422594464,0.1159935379644588
26d8a1c7c75d513045798992ead43aa2,8244.12,36,38,12,4.322222222222222,2017-08,2018-08,229.00333333333336,360,0.0006065579838588619,0.7085257002433053,0.11631663974151858
b92e3c8f9738272ff7c59e111e108d7c,8231.09,62,70,19,4.289974937343358,2017-01,2018-08,132.75951612903225,361,0.0006055993065798216,0.7091312995498851,0.11663974151857835
4371b634e0efc0e22b09b52907d9d469,8194.0,102,112,14,4.438376504447933,2017-06,2018-08,80.33333333333333,362,0.0006028704239796987,0.7097341699738647,0.11696284329563812
397c4d0c005b6f41f90098ac724e28cb,8177.0,5,5,3,4.333333333333333,2018-04,2018-08,1635.4,363,0.000601619655465218,0.71033578962933,0.1172859450726979
67883baaae6134ee81b271a542613728,8167.9,19,19,2,4.2023809523809526,2018-07,2018-08,429.8894736842105,364,0.0006009501264368783,0.7109367397557669,0.11760904684975768
86bb7c4b535e49a541baf3266b1c95b1,8162.4,16,16,7,3.392857142857143,2016-10,2018-02,510.15,365,0.0006005454660351345,0.711537285221802,0.11793214862681745
fdb9095204a334cd8872252ffec6f2db,8156.0,46,61,9,3.7711328976034855,2017-06,2018-05,177.30434782608697,366,0.0006000745884767419,0.7121373598102788,0.11825525040387722
52d76513f0c4d97f3b99570e2c94ee31,8153.1,19,28,10,3.7875,2017-07,2018-08,429.1105263157895,367,0.0005998612220830951,0.7127372210323619,0.118578352180937
33a17d60c64393351ebf1ef860f4e0f2,8152.4800000000005,43,47,13,4.7494505494505495,2017-07,2018-08,189.5925581395349,368,0.0005998156058196259,0.7133370366381816,0.11890145395799677
4bfc7a4a1cf8d4d2121c27422d9e50b5,8124.4,26,40,6,4.559259259259259,2018-03,2018-08,312.4769230769231,369,0.0005977496305321776,0.7139347862687138,0.11922455573505654
8fb791022c1fc8909664f48ab7dc636d,8119.95,5,5,1,4.2,2018-07,2018-07,1623.99,370,0.0005974222234798577,0.7145322084921936,0.11954765751211632
972d0f9cf61b499a4812cf0bfa3ad3c4,8089.29,83,88,11,2.824891774891775,2017-10,2018-08,97.46132530120482,371,0.0005951664256766825,0.7151273749178703,0.1198707592891761
750303a20e9c56b2a6bc45cdce0b897d,8085.0,54,57,12,4.185019841269841,2017-09,2018-08,149.72222222222223,372,0.0005948507905633224,0.7157222257084336,0.12019386106623586
a2e874074c877c5a05abae80ad6e488f,8071.98,44,46,13,4.130769230769231,2017-03,2018-08,183.4540909090909,373,0.0005938928490304672,0.716316118557464,0.12051696284329563
6bd69102ab48df500790a8cecfc285c2,8070.0,5,5,5,3.0,2017-06,2018-05,1614.0,374,0.0005937471712858394,0.7169098657287498,0.12084006462035542
5656537e588803a555b8eb41f07a944b,8065.929999999999,174,188,17,3.8747556107463232,2016-10,2018-08,46.355919540229884,375,0.000593447722588549,0.7175033134513383,0.12116316639741519
7a241947449cc45dbfda4f9d0798d9d0,8027.63,62,72,17,3.4813958916900094,2017-03,2018-08,129.47790322580644,376,0.0005906298147000425,0.7180939432660384,0.12148626817447496
54065e9aef7e9e9c2dc23b7594db021a,8003.0,14,14,6,3.380952380952381,2017-03,2018-03,571.6428571428571,377,0.0005888176718464155,0.7186827609378847,0.12180936995153473
b1fc4f64df5a0e8b6913ab38803c57a9,7994.740000000001,107,121,15,3.8165578865578866,2017-05,2018-08,74.71719626168225,378,0.0005882099454976149,0.7192709708833823,0.12213247172859451
903037660cf848a717166eb7a06d616e,7991.509999999999,45,60,16,3.824404761904762,2017-01,2018-08,177.5891111111111,379,0.0005879722994798635,0.7198589431828621,0.12245557350565428
ebd2d60905fb58271facef5596b620d3,7941.72,84,88,17,4.025210084033613,2017-02,2018-08,94.54428571428572,380,0.0005843090192248051,0.7204432522020869,0.12277867528271405
bbf9ad41dca6603e614efcdad7aab8c4,7846.0,14,14,10,4.425,2017-02,2018-06,560.4285714285714,381,0.0005772664567420937,0.721020518658829,0.12310177705977383
989becdce12ebc39863c2bceab6f3ca1,7840.88,18,18,10,4.533333333333333,2016-10,2018-07,435.6044444444444,382,0.0005768897546953796,0.7215974084135244,0.1234248788368336
725c32fa80c2faacc4fc88450d27314e,7838.88,89,93,20,4.602721861471862,2017-01,2018-08,88.07730337078652,383,0.0005767426054583818,0.7221741510189827,0.12374798061389337
8476243f92442881ddd5b578975cf115,7838.0,12,12,5,4.166666666666667,2018-03,2018-08,653.1666666666666,384,0.0005766778597941028,0.7227508288787768,0.12407108239095314
0432ead42b6c8a0bdf68154add917fdf,7792.1,85,90,14,4.367063492063492,2017-04,2018-07,91.67176470588235,385,0.000573300784805005,0.7233241296635818,0.12439418416801293
d51e0a403fe2e689ece6c73359d96e12,7790.0,19,26,11,4.1060606060606055,2017-08,2018-07,410.0,386,0.0005731462781061573,0.723897275941688,0.1247172859450727
2dee2ce60de9709b1a24083217181a1f,7784.5,54,55,7,4.506632653061224,2017-07,2018-06,144.15740740740742,387,0.0005727416177044135,0.7244700175593923,0.12504038772213247
7008613ea464bad5cb9b83456e1e6a8f,7777.0,127,156,20,4.401051377028544,2016-10,2018-08,61.23622047244095,388,0.0005721898080656721,0.7250422073674581,0.12536348949919224
7bac63f6603d382cc8d0832eb6c100a8,7751.95,19,19,7,4.345238095238095,2017-11,2018-08,407.9973684210526,389,0.0005703467638722754,0.7256125541313303,0.125686591276252
5b925e1d006e9476d738aa200751b73b,7748.5,63,63,10,4.572671568627451,2017-10,2018-08,122.9920634920635,390,0.0005700929314384544,0.7261826470627688,0.1260096930533118
6fd52c528dcb38be2eea044946b811f8,7743.0199999999995,67,84,13,3.4478021978021975,2017-08,2018-08,115.56746268656715,391,0.0005696897425290806,0.7267523368052979,0.12633279483037158
e5a3438891c0bfdb9394643f95273d8e,7738.349999999999,224,255,12,4.0149650236438665,2017-05,2018-04,34.54620535714285,392,0.0005693461490606909,0.7273216829543586,0.12665589660743135
257e61d3251fb5efb9daadddbc2cf7ca,7729.0,12,12,5,4.85,2018-04,2018-08,644.0833333333334,393,0.0005686582263777266,0.7278903411807364,0.12697899838449112
b410bdd36d5db7a65dcd42b7ead933b8,7726.9,44,44,8,4.516666666666667,2018-01,2018-08,175.61136363636362,394,0.0005685037196788789,0.7284588449004152,0.12730210016155089
42bde9fef835393bb8a8849cb6b7f245,7703.0,35,40,9,4.2421652421652425,2017-07,2018-08,220.0857142857143,395,0.0005667452862967561,0.729025590186712,0.12762520193861066
3bb548e3cb7f70f28e3f11ee9dce0e59,7690.02,46,53,14,4.214370748299319,2017-03,2018-08,167.17434782608697,396,0.0005657902877486408,0.7295913804744606,0.12794830371567043
058fd0aa2bfdb2274e05e1ae971dabb6,7667.9,61,64,11,4.12200956937799,2017-08,2018-06,125.70327868852459,397,0.0005641628171874459,0.730155543291648,0.12827140549273022
08633c14ef2db992c11f840f04fad4cd,7644.3,74,97,9,4.3236331569664905,2017-12,2018-08,103.30135135135136,398,0.0005624264561908727,0.7307179697478389,0.12859450726979
4e17c65a516f69d023a2ae78b84f28d6,7639.26,61,74,16,4.081060606060606,2017-03,2018-08,125.23377049180328,399,0.0005620556401136384,0.7312800253879526,0.12891760904684976
52f976b17ea7f2f087f56dcc419328f6,7630.0,6,6,4,3.333333333333333,2017-10,2018-07,1271.6666666666667,400,0.0005613743391463388,0.7318413997270989,0.12924071082390953
640e21a7d01df7614a3b4923e990d40c,7598.88,116,137,6,4.26095467032967,2018-03,2018-08,65.50758620689655,401,0.0005590846970186542,0.7324004844241176,0.1295638126009693
4aba391bc3b88717ce08eb11e44937b2,7595.87,29,30,16,4.104166666666667,2017-02,2018-08,261.92655172413794,402,0.0005588632374169726,0.7329593476615346,0.12988691437802907
6a51fc556dab5f766ced6fbc860bc613,7577.67,26,33,14,3.8714285714285714,2017-04,2018-08,291.44884615384615,403,0.0005575241793602933,0.7335168718408949,0.13021001615508884
8a432f4e5b471f8da497d7dc517666e2,7555.0,95,106,5,4.201966205837174,2018-04,2018-08,79.52631578947368,404,0.000555856242758924,0.7340727280836538,0.13053311793214864
062ce95fa2ad4dfaedfc79260130565f,7521.0,55,60,9,3.5790283790283786,2017-01,2017-09,136.74545454545455,405,0.0005533547057299626,0.7346260827893837,0.1308562197092084
0bae85eb84b9fb3bd773911e89288d54,7482.21,137,146,17,4.1021454036159914,2017-03,2018-08,54.614671532846714,406,0.0005505007462783916,0.7351765835356621,0.13117932148626818
c26a2be5b53b7db6b276280da212a779,7482.0,13,18,9,3.185185185185185,2017-08,2018-08,575.5384615384615,407,0.0005504852956085069,0.7357270688312706,0.13150242326332795
87e24fc7052259b1f7f607d61c10d8be,7473.49,8,8,4,2.5625,2018-05,2018-08,934.18625,408,0.0005498591756050816,0.7362769280068757,0.13182552504038772
bd0389da23d89b726abf911cccc54596,7472.160000000001,87,90,16,4.269891046453546,2017-03,2018-08,85.88689655172415,409,0.0005497613213624781,0.7368266893282382,0.1321486268174475
a420f60ff1aa9acc80d0e42959f2b313,7443.3,67,69,13,4.044184981684982,2017-08,2018-08,111.09402985074627,410,0.0005476379578726008,0.7373743272861109,0.13247172859450726
8648b1e89e9b349e32d3741b30ec737e,7442.55,95,103,12,3.9553780914075034,2017-09,2018-08,78.34263157894738,411,0.0005475827769087267,0.7379219100630195,0.13279483037156706
512d298ac2a96d1931b6bd30aa21f61d,7401.9400000000005,11,12,6,4.194444444444444,2018-01,2018-08,672.9036363636365,412,0.0005445949116514878,0.738466504974671,0.13311793214862683
e0a366315b1b726b6c7832d664c0f530,7400.09,43,51,13,3.8514957264957266,2017-06,2018-08,172.09511627906977,413,0.0005444587986072649,0.7390109637732784,0.1334410339256866
f25e239052084705e17a982bc600ab2a,7380.0,8,8,8,4.25,2017-03,2018-08,922.5,414,0.0005429806845216226,0.7395539444578,0.13376413570274637
381c83fdca332ea6afd896da20bf6e4a,7355.8,46,46,13,4.367399267399268,2017-08,2018-08,159.90869565217392,415,0.0005412001787539502,0.7400951446365539,0.13408723747980614
b347677812ea483b0f528eaf8cbc09b7,7288.99,21,21,8,4.545833333333333,2017-11,2018-06,347.09476190476187,416,0.000536284658492041,0.740631429295046,0.1344103392568659
febab0275244b9a49a623f0bd613ca2f,7272.42,109,129,19,4.33922305764411,2017-02,2018-08,66.7194495412844,417,0.0005350655270635148,0.7411664948221095,0.13473344103392568
aced59e9b31ef866a94f9e7f29d8d418,7268.5,61,67,19,4.5091896407685885,2017-02,2018-08,119.15573770491804,418,0.0005347771145589993,0.7417012719366685,0.13505654281098545
e333046ce6517bd8bb510291d44f0130,7268.0,68,74,14,4.41312358276644,2017-07,2018-08,106.88235294117646,419,0.0005347403272497498,0.7422360122639182,0.13537964458804524
0873d9f8f36123f8d910f4760e788cfb,7265.59,6,6,4,2.875,2018-05,2018-08,1210.9316666666666,420,0.0005345630124191675,0.7427705752763374,0.13570274636510501
cee48807215b30a12ca2ca10ffb5f250,7212.2300000000005,39,40,13,3.726923076923077,2017-08,2018-08,184.92897435897436,421,0.0005306370707760682,0.7433012123471134,0.13602584814216478
d624126b9206f595fb3fbb6ba03b28a8,7198.8,23,28,13,4.4051282051282055,2017-05,2018-08,312.9913043478261,422,0.0005296489636496284,0.743830861310763,0.13634894991922455
ade45994b717ccee333492330fbf037b,7196.0,10,10,3,4.5,2018-06,2018-08,719.6,423,0.0005294429547178316,0.7443603042654808,0.13667205169628432
dbb9b48c841a0e39e21f98e1a6b2ec3e,7186.85,108,118,18,4.199109147025814,2017-01,2018-06,66.54490740740741,424,0.0005287697469585669,0.7448890740124394,0.1369951534733441
d13e50eaa47b4cbe9eb81465865d8cfc,7155.05,67,69,1,4.811594202898551,2018-08,2018-08,106.79179104477612,425,0.000526430074090303,0.7454155040865297,0.13731825525040386
a4b6b9b992b46e9ef863637af96e04bc,7147.0,7,14,5,3.6,2017-02,2017-07,1021.0,426,0.0005258377984113872,0.7459413418849411,0.13764135702746366
cc63f0dd2acba93ffed4fe9f8e0321fa,7096.71,55,63,4,4.10322906940554,2018-05,2018-08,129.03109090909092,427,0.0005221377308470792,0.7464634796157882,0.13796445880452343
7722b1df1b0e383e000397b2c11e3e19,7094.09,134,145,20,4.260277222777223,2017-01,2018-08,52.94097014925373,428,0.0005219449653466122,0.7469854245811348,0.1382875605815832
014c0679dd340a0e338872e7ec85666a,7058.0,14,15,12,3.8333333333333335,2017-01,2018-07,504.14285714285717,429,0.0005192896573649882,0.7475047142384998,0.13861066235864297
f1fd5ab1181f827ffad998c1a5de7d74,7045.99,15,15,9,4.62962962962963,2017-11,2018-08,469.73266666666666,430,0.0005184060261968169,0.7480231202646966,0.13893376413570274
dd55f1bb788714a40e7954c3be6df745,7041.76,35,37,7,3.942460317460317,2017-11,2018-07,201.19314285714287,431,0.0005180948055605667,0.7485412150702572,0.1392568659127625
679769a98cfcc6da877c8486ff1c13f3,7029.0,21,21,11,4.590909090909091,2017-03,2018-08,334.7142857142857,432,0.0005171559934285211,0.7490583710636857,0.13957996768982228
ff4ea69c2a729e83e63c7579e4ef8170,7017.0,9,9,5,4.2,2017-02,2017-07,779.6666666666666,433,0.0005162730980065348,0.7495746441616922,0.13990306946688208
6fa9202c10491e472dffd59a3e82b2a3,7014.24,3,3,2,4.25,2018-07,2018-08,2338.08,434,0.0005160700320594779,0.7500907141937516,0.14022617124394185
b8630e1121437d41cb08e3c749c2c2e2,6988.0,12,12,7,3.857142857142857,2017-11,2018-08,582.3333333333334,435,0.0005141394340700677,0.7506048536278217,0.14054927302100162
d98eec89afa3380e14463da2aabaea72,6968.53,168,183,20,4.253838051568314,2017-01,2018-08,41.479345238095235,436,0.0005127069362478948,0.7511175605640696,0.1408723747980614
bacb1f0ed56ad24198f5810d2b3fe9a5,6940.450000000001,42,42,9,4.002637485970819,2017-04,2018-01,165.24880952380954,437,0.0005106409609604467,0.7516282015250301,0.14119547657512116
1da366cade6d8276e7d8beea7af5d4bf,6917.59,43,49,8,3.8705357142857144,2017-02,2017-12,160.87418604651162,438,0.0005089590451815626,0.7521371605702116,0.14151857835218093
30829ded4523ab9224b93bc49a62c95f,6911.71,18,31,7,3.7333333333333334,2018-01,2018-08,383.9838888888889,439,0.0005085264264247893,0.7526456869966364,0.1418416801292407
d9bd94811c3338dceb4181f3dbc0c73e,6911.02,54,61,4,4.839102564102564,2018-05,2018-08,127.98185185185186,440,0.0005084756599380251,0.7531541626565744,0.1421647819063005
ad781527c93d00d89a11eecd9dcad7c1,6899.570000000001,44,44,10,3.1023809523809525,2017-07,2018-05,156.8084090909091,441,0.0005076332305562131,0.7536617958871307,0.14248788368336027
e3b4998c7a498169dc7bce44e6bb6277,6897.9,3,3,2,3.25,2017-01,2017-02,2299.2999999999997,442,0.0005075103609433199,0.754169306248074,0.14281098546042004
1127b7f2594683f2510f1c2c834a486b,6851.33,114,132,19,4.086312702044967,2017-02,2018-08,60.09938596491228,443,0.0005040839909598278,0.7546733902390338,0.1431340872374798
b3b17aab11f273023a5f22ca52e1eb70,6850.0,7,13,4,4.875,2018-01,2018-06,978.5714285714286,444,0.0005039861367172243,0.755177376375751,0.14345718901453958
58f1a6197ed863543e0136bdedb3fce2,6833.0,44,45,4,3.9534313725490198,2018-05,2018-08,155.29545454545453,445,0.0005027353682027436,0.7556801117439538,0.14378029079159935
8e6cc767478edae941d9bd9eb778d77a,6830.58,106,114,14,3.801658163265306,2017-01,2018-06,64.43943396226415,446,0.0005025573176259763,0.7561826690615797,0.14410339256865912
5b67882648febfb6e1225e6ad7164f6b,6813.4800000000005,27,30,13,3.974358974358974,2017-07,2018-08,252.35111111111112,447,0.0005012991916496458,0.7566839682532294,0.14442649434571891
ececbfcff9804a2d6b40f589df8eef2b,6792.4,98,104,15,3.952793872793873,2017-06,2018-08,69.31020408163265,448,0.0004997482386916896,0.7571837164919211,0.14474959612277868
33dd941c27854f7625b968cc6195a552,6787.5,5,5,3,4.5,2018-05,2018-08,1357.5,449,0.0004993877230610453,0.7576831042149821,0.14507269789983845
40d54b51e962dbe09cabbcfd33298dee,6785.5599999999995,30,31,12,3.8520833333333333,2017-07,2018-08,226.18533333333332,450,0.0004992449883011574,0.7581823492032832,0.14539579967689822
63b464dbf392c7b80d12d932fa7cafed,6781.0,37,39,10,3.7160606060606063,2017-02,2018-01,183.27027027027026,451,0.0004989094880408026,0.758681258691324,0.145718901453958
a63bfbaa882c8f4542891b4e2246cc7f,6772.0,7,7,3,4.555555555555555,2018-06,2018-08,967.4285714285714,452,0.0004982473164743128,0.7591795060077983,0.14604200323101776
ff1fb4c404b2efe68b03350a8dc24122,6771.0,46,49,8,4.118675595238095,2018-01,2018-08,147.19565217391303,453,0.000498173741855814,0.7596776797496541,0.14636510500807753
aac29b1b99776be73c3049939652091d,6755.91,98,138,19,4.122744360902256,2017-01,2018-08,68.93785714285714,454,0.0004970635008626661,0.7601747432505167,0.14668820678513733
54219883e72aad869adfb2a54b7bfa0f,6750.0,5,5,5,3.2,2017-11,2018-07,1350.0,455,0.0004966286748673378,0.760671371925384,0.1470113085621971
3340ef1913fb70d28420f6ceb685c339,6731.15,32,42,9,4.462250712250712,2017-01,2017-11,210.3484375,456,0.0004952417933086342,0.7611666137186927,0.14733441033925687
455c5640e8c5bd1b2ee85c0158f85727,6729.5,8,8,4,4.5,2018-02,2018-05,841.1875,457,0.0004951203951881111,0.7616617341138807,0.14765751211631664
80ceebb4ee9b31afb6c6a916a574a1e2,6729.0,1,1,1,,2018-07,2018-07,6729.0,458,0.0004950836078788616,0.7621568177217596,0.1479806138933764
abe021b01ba992245271b9aa422032df,6720.0,2,2,2,3.5,2017-02,2017-05,3360.0,459,0.0004944214363123719,0.762651239158072,0.14830371567043618
31ae0774c17fabd06ff707cc5bde005f,6719.85,11,11,9,3.7777777777777777,2017-05,2018-08,610.8954545454545,460,0.0004944104001195971,0.7631456495581915,0.14862681744749595
e5e33c0d8e7e002f398f5dc4cbbb338f,6698.7,28,29,13,3.8025641025641024,2017-03,2018-08,239.2392857142857,461,0.000492854296938346,0.7636385038551299,0.14894991922455572
83e197e95a1bbabc8c75e883ed016c47,6693.6900000000005,47,55,13,4.739316239316239,2016-10,2018-02,142.4189361702128,462,0.0004924856880996667,0.7641309895432296,0.14927302100161552
fa1a9dec3a9940c072684a46728bf1fc,6674.0,55,60,18,4.109126984126984,2016-10,2018-08,121.34545454545454,463,0.000491037003861424,0.764622026547091,0.1495961227786753
33c51922b6e3c16b24a8f28e5833c99d,6657.87,18,20,7,3.8333333333333335,2017-12,2018-08,369.88166666666666,464,0.0004898502452650373,0.765111876792356,0.14991922455573506
b4ffb71f0cb1b1c3d63fad021ecf93e1,6656.09,144,165,17,4.208471267294796,2017-02,2018-08,46.22284722222222,465,0.0004897192824441094,0.7656015960748002,0.15024232633279483
751bdc4d83a466c7206cd42e8f426b03,6648.93,54,71,14,3.5829059829059826,2017-05,2018-07,123.12833333333334,466,0.0004891924881756576,0.7660907885629759,0.1505654281098546
516e7738bd8f735ac19a010ee5450d8d,6643.09,76,84,4,4.504126699173138,2018-05,2018-08,87.40907894736843,467,0.0004887628124036242,0.7665795513753795,0.15088852988691437
5670f4db5b62c43d542e1b2d56b0cf7c,6630.09,22,22,5,4.4383333333333335,2018-04,2018-08,301.3677272727273,468,0.00048780634236313895,0.7670673577177426,0.15121163166397414
5d0363b33554b373851fc1622e4d5f3c,6610.79,94,95,10,4.171419462890052,2017-11,2018-08,70.32755319148936,469,0.00048638635222611086,0.7675537440699687,0.15153473344103394
609e1a9a6c2539919b8205cf7c4e6ff0,6595.23,87,130,8,3.2891227788361457,2018-01,2018-08,75.80724137931034,470,0.0004852415311622685,0.7680389856011309,0.1518578352180937
92eb0f42c21942b6552362b9b114707d,6548.63,341,365,17,3.8979976961909735,2017-02,2018-08,19.204193548387096,471,0.0004818129539402214,0.7685207985550712,0.15218093699515348
11305281b50fff20ae8bb473f8e11876,6528.700000000001,35,40,15,4.455555555555555,2016-10,2018-08,186.53428571428574,472,0.0004803466117935391,0.7690011451668647,0.15250403877221325
282f23a9769b2690c5dda22e316f9941,6505.08,99,110,14,4.41684699520834,2017-07,2018-08,65.70787878787878,473,0.00047860877930459584,0.7694797539461693,0.15282714054927302
ee27a8f15b1dded4d213a468ba4eb391,6499.0,1,1,1,5.0,2017-05,2017-05,6499.0,474,0.00047816144562412273,0.7699579153917934,0.15315024232633279
4c03b9dd4c11ee2cb35c96c49efc9420,6458.6,48,48,6,3.5370370370370368,2017-05,2017-10,134.55416666666667,475,0.00047518903103676863,0.7704331044228301,0.15347334410339256
34056b8b55c1775a22af2331670a799c,6455.4,78,78,8,3.8919337606837607,2017-11,2018-08,82.76153846153845,476,0.0004749535922575722,0.7709080580150877,0.15379644588045235
6f892e20a171e98efe17fdb971ff319b,6438.7,44,53,6,3.8917582417582417,2017-07,2017-12,146.33409090909092,477,0.00047372489612864115,0.7713817829112163,0.15411954765751212
8a32e327fe2c1b3511609d81aaf9f042,6429.01,132,180,14,3.5220399675021525,2016-10,2018-02,48.70462121212121,478,0.0004730119580753872,0.7718547948692916,0.1544426494345719
7dc8c42cc750eeafea6c85712ffee9bf,6409.68,41,50,15,4.136565656565656,2016-10,2018-08,156.33365853658538,479,0.00047158976069980416,0.7723263846299915,0.15476575121163166
376a891762bbdecbc02b4b6adec3fdda,6406.23,57,58,13,4.675641025641026,2017-05,2018-05,112.38999999999999,480,0.000471335928265983,0.7727977205582575,0.15508885298869143
dbdd0ec73a4817971d962698f2fea022,6384.0,16,16,5,4.65,2018-04,2018-08,399.0,481,0.0004697003644967533,0.7732674209227542,0.1554119547657512
4b5f66b7adcf57f1ecc0d3c07dd6b177,6381.78,23,38,12,4.163194444444445,2017-03,2018-07,277.4686956521739,482,0.00046953702884368575,0.7737369579515979,0.15573505654281097
02f623a8eb246f3c5f7c2f96462654e6,6378.0,44,44,5,4.467863247863248,2018-04,2018-08,144.95454545454547,483,0.0004692589167857601,0.7742062168683836,0.15605815831987077
57e632711dec9ec14ca7546769483e7e,6350.06,62,65,19,4.449624060150376,2017-02,2018-08,102.42032258064516,484,0.00046720324194490185,0.7746734201103286,0.15638126009693054
670c26e0f1bf8d0576271d5cfaec6d2b,6341.6,78,87,10,4.262825899590605,2017-11,2018-08,81.3025641025641,485,0.00046658080067240145,0.775140000911001,0.1567043618739903
f4c4daa86e30c7e5a553a8d518ac03a5,6301.91,20,20,8,3.502083333333333,2017-03,2017-11,315.0955,486,0.0004636606240641814,0.7756036615350652,0.15702746365105008
dee656f0f566ed1aa85bd137c943f08f,6271.98,93,95,11,4.343561993561994,2017-10,2018-08,67.44064516129032,487,0.0004614585357325104,0.7760651200707978,0.15735056542810985
bd4889b5e9133b35b66e42a8665cea5c,6271.9,36,42,14,4.285714285714286,2017-04,2018-07,174.21944444444443,488,0.0004614526497630305,0.7765265727205608,0.15767366720516962
6b243f80ed07b10f0e8aa0f21a205f3c,6260.1,79,89,14,4.084615384615384,2017-07,2018-08,79.24177215189874,489,0.00046058446926474397,0.7769871571898256,0.1579967689822294
2fdde51ad3e12f297da656d4fbd5d0b5,6252.0,10,10,5,4.733333333333333,2017-04,2017-10,625.2,490,0.0004599885148549031,0.7774471457046804,0.1583198707592892
ea67327e24487bdfac5fbfa37ea124df,6250.18,32,34,6,3.232142857142857,2018-01,2018-08,195.318125,491,0.0004598546090492352,0.7779070003137296,0.15864297253634896
2528744c5ef5d955adc318720a94d2e7,6245.0,5,5,5,2.4,2017-10,2018-06,1249.0,492,0.00045947349252541104,0.778366473806255,0.15896607431340873
f12ff17ad8bbf01ec5c33b17e506649b,6241.0,29,29,5,3.7600000000000002,2018-01,2018-05,215.20689655172413,493,0.0004591791940514156,0.7788256530003064,0.1592891760904685
eb3071b9f0b0ddaa2df5ea130f09f26b,6230.0,9,11,8,4.5625,2017-02,2018-05,692.2222222222222,494,0.0004583698732479281,0.7792840228735542,0.15961227786752827
b19f3ca2ea475913750f25a5c37c8d8f,6202.91,24,24,9,2.511111111111111,2017-10,2018-08,258.45458333333335,495,0.0004563767368327938,0.779740399610387,0.15993537964458804
cfa5ab0e4d3fc212fd0b3410e7081c62,6180.8,16,21,8,3.34375,2017-10,2018-08,386.3,496,0.00045475000201778397,0.7801951496124048,0.1602584814216478
9baf5cb77970f539089d09a38bcec5c3,6129.67,32,33,18,4.361111111111111,2017-01,2018-08,191.5521875,497,0.00045098813177393696,0.7806461377441787,0.1605815831987076
dfc5fb7259bb2b599ca565e6e9448f0f,6124.63,33,34,13,4.397435897435898,2017-07,2018-08,185.59484848484848,498,0.0004506173156967027,0.7810967550598754,0.16090468497576738
ba143b05f0110f0dc71ad71b4466ce92,6110.58,85,86,5,4.543280271939642,2018-04,2018-08,71.88917647058824,499,0.00044958359230679365,0.7815463386521823,0.16122778675282715
2c9e548be18521d1c43cde1c582c6de8,6109.44,126,174,11,4.169206677161222,2017-10,2018-08,48.48761904761904,500,0.0004494997172417049,0.781995838369424,0.16155088852988692
d6b664fa0667064c6d76394e7848d790,6080.0,6,6,4,4.875,2017-05,2018-05,1013.3333333333334,501,0.00044733368047309834,0.7824431720498971,0.16187399030694669
6a8b085f816a1f75f92dbac6eb545f8f,6018.969999999999,127,135,14,4.313830532212885,2017-07,2018-08,47.393464566929126,502,0.00044284342150611257,0.7828860154714032,0.16219709208400646
bba74270a87732727b5a3b4fd9ac1c39,6001.59,36,41,8,3.7490079365079367,2017-10,2018-05,166.71083333333334,503,0.0004415646946366024,0.7833275801660399,0.16252019386106623
37515688008a7a40ac93e3b2e4ab203f,5986.599999999999,228,240,13,4.056093617292712,2017-07,2018-07,26.257017543859646,504,0.00044046181110530435,0.7837680419771452,0.16284329563812602
688756f717c462a206ad854c5027a64a,5966.54,83,101,5,3.6911839304859897,2018-04,2018-08,71.88602409638554,505,0.00043898590425821716,0.7842070278814034,0.1631663974151858
f84a00e60c73a49e7e851c9bdca3a5bb,5949.9400000000005,90,99,17,3.9150683802932935,2017-02,2018-07,66.11044444444445,506,0.00043776456559113604,0.7846447924469945,0.16348949919224556
91f848e9f4be368f4318775aac733370,5932.599999999999,63,73,7,4.351349206349206,2017-02,2017-08,94.16825396825396,507,0.0004364887817063656,0.7850812812287008,0.16381260096930533
b14db04aa7881970e83ffa9426897925,5898.599999999999,83,111,20,3.721569264069264,2016-10,2018-08,71.06746987951807,508,0.00043398724467740425,0.7855152684733782,0.1641357027463651
0691148aee60ca47977c187804f935ae,5868.51,47,53,10,3.9542857142857146,2017-11,2018-08,124.86191489361703,509,0.00043177338440677344,0.785947041857785,0.16445880452342487
f46490624488d3ff7ce78613913a7711,5802.85,83,91,4,3.8395833333333336,2018-05,2018-08,69.91385542168675,510,0.000426942474956138,0.7863739843327411,0.16478190630048464
02d35243ea2e497335cd0f076b45675d,5794.0,14,16,8,2.075,2017-04,2018-08,413.85714285714283,511,0.00042629133958242303,0.7868002756723235,0.1651050080775444
e8b4225284fbb02d16f200513f1f395d,5788.52,31,31,5,4.14,2018-04,2018-08,186.72645161290325,512,0.00042588815067304926,0.7872261638229965,0.1654281098546042
0bf0150d5b9d60d9cd2906003332f085,5774.6,39,62,14,3.9529761904761904,2017-02,2018-07,148.06666666666666,513,0.00042486399198354504,0.78765102781498,0.16575121163166398
05d2173d43ea568aa0540eba70d2ca76,5759.66,62,66,11,4.0604300006213885,2017-09,2018-08,92.89774193548386,514,0.000423764787183172,0.7880747926021632,0.16607431340872375
3ade81dab5a172b88e1871c28ae05260,5751.6,30,32,10,3.8933333333333335,2017-10,2018-08,191.72,515,0.0004231717757580712,0.7884979643779213,0.16639741518578352
b4a476fbd28de64b1e347abf9089366a,5724.04,33,38,13,3.899267399267399,2017-03,2018-06,173.4557575757576,516,0.0004211440592722424,0.7889191084371936,0.1667205169628433
080102cd0a76b09e0dcf55fcacc60e05,5716.780000000001,124,130,13,4.608366512714339,2017-07,2018-08,46.10306451612904,517,0.0004206099075419407,0.7893397183447355,0.16704361873990306
9616352088dcf83a7c06637f4ebf1c80,5703.0,92,98,13,3.8561813186813185,2017-02,2018-08,61.98913043478261,518,0.0004195960492990263,0.7897593143940345,0.16736672051696283
94e93ce877be27a515118dbfd2c2be41,5674.570000000001,30,35,6,4.093915343915344,2017-04,2017-09,189.15233333333336,519,0.00041750432289510363,0.7901768187169296,0.16768982229402263
e2aee0892199b1d92530e371abd825bf,5662.57,38,41,13,4.016666666666667,2017-01,2018-07,149.015,520,0.0004166214274731172,0.7905934401444027,0.1680129240710824
52ac6f920b7280e4c6d30dd94de6259b,5657.3,6,7,5,3.7,2017-02,2018-05,942.8833333333333,521,0.0004162336892336282,0.7910096738336363,0.16833602584814217
8c16d1f32a54d92897cc437244442e1b,5642.6,108,118,18,4.254685891450597,2016-10,2018-08,52.2462962962963,522,0.0004151521423416949,0.791424825975978,0.16865912762520194
67bf6941ba2f1fa1d02c375766bc3e53,5610.0,16,22,11,4.348484848484849,2017-09,2018-08,350.625,523,0.00041275360977863185,0.7918375795857566,0.1689822294022617
d63c73efd41eb002280e7ec831424edb,5598.0,2,2,2,4.0,2017-11,2018-05,2799.0,524,0.0004118707143566455,0.7922494503001133,0.16930533117932148
45ba18c210d42734ec52c0c1c574e9ee,5589.13,38,41,5,3.659206349206349,2018-04,2018-08,147.08236842105262,525,0.0004112181074905606,0.7926606684076039,0.16962843295638125
817245bcc3badd82bbd222e0366951a6,5580.5,29,45,9,4.054320987654321,2017-11,2018-07,192.43103448275863,526,0.0004105831585329154,0.7930712515661368,0.16995153473344105
f181738b150df1f37cb0bd72e705b193,5529.7,36,37,12,4.5055555555555555,2017-05,2018-08,153.60277777777776,527,0.000406845567913173,0.7934780971340499,0.17027463651050082
04aa0a1c5ce6b222003403a3e11c3cc0,5518.0,11,17,7,3.8448979591836734,2017-03,2018-01,501.6363636363636,528,0.0004059847448767363,0.7938840818789267,0.17059773828756059
916c9de0b5ad957346eeeb12f332687e,5480.25,23,28,10,4.320833333333334,2017-06,2018-07,238.27173913043478,529,0.00040320730302840417,0.7942872891819551,0.17092084006462036
cc3d14116804f7209f3884f6367f1152,5477.8,27,30,15,4.625396825396825,2017-05,2018-08,202.8814814814815,530,0.00040302704521308195,0.7946903162271682,0.17124394184168013
4917cee8d902e13428c3ec4b1ca6f315,5421.9,33,33,14,4.458333333333333,2017-05,2018-08,164.29999999999998,531,0.00039891422403899536,0.7950892304512073,0.1715670436187399
575df70bde3f9f2b30bf8d2e9910d725,5410.05,27,34,13,4.084615384615384,2016-10,2018-08,200.37222222222223,532,0.00039804236480978387,0.795487272816017,0.17189014539579967
3f0e48d209018b466fcd3bb4ccfeb520,5399.0,9,10,5,3.8666666666666663,2017-08,2018-01,599.8888888888889,533,0.0003972293652753714,0.7958845021812925,0.17221324717285946
c4af86330efa7a2620772227d2d670c9,5396.0,4,4,3,4.333333333333333,2018-01,2018-06,1349.0,534,0.0003970086414198748,0.7962815108227124,0.17253634894991923
23c38debaffe4a25a30fdbd9b586a13f,5382.18,41,46,5,4.296904761904761,2018-04,2018-08,131.27268292682928,535,0.0003959918401922205,0.7966775026629046,0.172859450726979
3be634553519fb6536a03e1358e9fdc7,5370.95,83,99,14,4.005829091543378,2017-07,2018-08,64.71024096385543,536,0.00039516559722647823,0.7970726682601311,0.17318255250403877
b6d44737c043328708f6749c2dbe50bd,5369.6,62,80,15,4.506005291005291,2017-03,2018-08,86.60645161290323,537,0.0003950662714915048,0.7974677345316227,0.17350565428109854
83deb69e889cf80f82be1dc6d5f2d486,5363.01,40,42,14,4.432738095238095,2017-07,2018-08,134.07525,538,0.00039458141475559724,0.7978623159463782,0.1738287560581583
2a261b5b644fa05f4f2700eb93544f2c,5355.0,51,82,11,3.7751574183392362,2017-10,2018-08,105.0,539,0.0003939920820614213,0.7982563080284396,0.17415185783521808
e62b2d6ac10570a035a30bafcf01d263,5340.39,62,71,12,3.9791666666666665,2017-09,2018-08,86.13532258064517,540,0.00039291715688515293,0.7986492251853248,0.17447495961227788
0cbcee27c791afa0cdcb08587a2013a8,5324.15,39,41,17,3.6862745098039214,2016-10,2018-07,136.51666666666665,541,0.00039172230508073135,0.7990409474904056,0.17479806138933765
c35affa65afd250151285c5917fc1c8a,5279.91,9,9,6,4.166666666666667,2017-11,2018-06,586.6566666666666,542,0.0003884673639583416,0.7994294148543639,0.17512116316639742
e06f09ec0a4aca210779cf1cfc63cf19,5279.49,29,31,7,4.176020408163265,2017-06,2017-12,182.05137931034483,543,0.000388436462618572,0.7998178513169825,0.1754442649434572
02ecc2a19303f05e59ce133fd923fff7,5264.1900000000005,21,24,11,4.681818181818182,2017-06,2018-08,250.67571428571432,544,0.00038731077095553946,0.800205162087938,0.17576736672051696
e9c6969d40e6a3d2d0f90013165c2b98,5239.98,10,10,5,4.033333333333333,2017-11,2018-06,523.9979999999999,545,0.00038552952944168186,0.8005906916173797,0.17609046849757673
5bffbafbb22daf6d3bfc216a46db8708,5239.7,21,23,5,4.683076923076923,2017-02,2017-06,249.5095238095238,546,0.0003855089285485022,0.8009762005459282,0.1764135702746365
4d0041cdbe51b4617d95c70b19decc74,5235.2,8,8,3,4.2,2018-05,2018-07,654.4,547,0.0003851778427652573,0.8013613783886935,0.1767366720516963
099095b050cfe8eb1ddff5317587e96e,5193.83,17,20,6,3.0555555555555554,2017-12,2018-08,305.51941176470586,548,0.0003821340607979593,0.8017435124494915,0.17705977382875607
b39d7fe263ef469605dbb32608aee0af,5193.1,44,49,10,3.6316017316017315,2017-09,2018-08,118.025,549,0.00038208035132645515,0.802125592800818,0.17738287560581584
f67efa3f0b6761102a7f8c6b7b571f5d,5188.679999999999,31,32,11,4.163636363636363,2016-10,2018-04,167.37677419354836,550,0.0003817551515126901,0.8025073479523307,0.1777059773828756
f680f85bee2d253556ac91be391d2c82,5183.92,45,54,12,4.3875,2017-09,2018-08,115.19822222222223,551,0.00038140493632863557,0.8028887528886594,0.17802907915993538
5b179e9e8cc7ab6fd113a46ca584da81,5173.5,34,36,8,3.4895833333333335,2016-10,2017-09,152.16176470588235,552,0.0003806382888038774,0.8032693911774632,0.17835218093699515
822bad9bc42b51213ba522fe87b7ab5d,5160.0,18,18,8,3.84375,2017-08,2018-06,286.6666666666667,553,0.0003796450314541427,0.8036490362089174,0.17867528271405492
709e16e2b25c7474d980076c6bfc4806,5151.9,60,80,11,4.608356290174472,2017-10,2018-08,85.865,554,0.00037904907704430183,0.8040280852859617,0.17899838449111471
d566c37fa119d5e66c4e9052e83ee4ea,5145.7,65,73,6,4.784650997150997,2018-03,2018-08,79.16461538461539,555,0.00037859291440960893,0.8044066782003713,0.17932148626817448
afe0067131b73e40875c9b6c10bd2e21,5130.400000000001,46,46,13,4.126373626373626,2017-02,2018-06,111.53043478260871,556,0.0003774672227465763,0.8047841454231178,0.17964458804523425
835f0f7810c76831d6c7d24c7a646d4d,5130.0,44,50,13,3.2115384615384617,2017-02,2018-02,116.5909090909091,557,0.00037743779289917676,0.805161583216017,0.17996768982229402
fad44952713764836814be105382aee5,5129.0,32,32,7,4.273469387755102,2018-01,2018-08,160.28125,558,0.00037736421828067786,0.8055389474342978,0.1802907915993538
f84fa566034f5e8e880a07ec624c56af,5093.79,91,102,9,4.698773350126919,2017-07,2018-08,55.97571428571428,559,0.0003747736559633328,0.805913721090261,0.18061389337641356
f7496d659ca9fdaf323c0aae84176632,5087.57,26,27,16,4.708333333333333,2016-10,2018-08,195.67576923076922,560,0.0003743160218362699,0.8062880371120973,0.18093699515347333
9674754b5a0cb32b638cec001178f799,5069.92,86,97,15,4.037222222222223,2017-06,2018-08,58.95255813953489,561,0.00037301742981976497,0.806661054541917,0.1812600969305331
e0878efa0e0b7e5313ac0b43bc04c081,5065.3,27,29,5,4.0424999999999995,2017-11,2018-03,187.6037037037037,562,0.0003726775150823002,0.8070337320569994,0.1815831987075929
e067ad2c1c0b48758eb1b5228bcf7a68,5042.55,54,61,18,4.030092592592593,2017-02,2018-08,93.38055555555556,563,0.00037100369251145103,0.8074047357495108,0.18190630048465267
3df020b72d3d44b3af9d110fa3940b65,5039.9,55,101,14,4.071944721944722,2017-07,2018-08,91.63454545454545,564,0.000370808719772429,0.8077755444692832,0.18222940226171244
3ab971ce71839580d2ae5b4e40fe8044,5002.9,36,38,3,3.8929292929292934,2018-06,2018-08,138.96944444444443,565,0.00036808645888797097,0.8081436309281712,0.1825525040387722
1bb2bdb95f4841f1bba2c0d2cd83d3c9,5002.71,81,85,15,4.5994708994709,2017-01,2018-08,61.76185185185185,566,0.00036807247971045625,0.8085117034078817,0.18287560581583198
4bf2f4ee540798a61f9636d12cd9cc80,4995.5599999999995,29,30,10,4.2091666666666665,2017-03,2018-08,172.2606896551724,567,0.0003675464211881893,0.8088792498290699,0.18319870759289175
45213867cefbf2cd4c6177e10216a951,4955.42,14,14,8,3.520833333333333,2017-01,2017-10,353.9585714285714,568,0.0003645931360016449,0.8092438429650716,0.18352180936995152
dbd66278cbfe1aa1000f90a217ca4695,4928.9,85,99,10,4.482493412384716,2017-11,2018-08,57.98705882352941,569,0.000362641937119055,0.8096064849021907,0.18384491114701132
e9d99831abad74458942f21e16f33f92,4922.4800000000005,130,149,20,3.934442640692641,2017-01,2018-08,37.86523076923077,570,0.0003621695880682923,0.809968654490259,0.1841680129240711
9df5750209b83567ec144eb299d7d634,4917.0,11,11,8,3.9583333333333335,2016-10,2018-07,447.0,571,0.0003617663991589185,0.810330420889418,0.18449111470113086
503c1de08ae81a2d86f17951b204db55,4906.99,22,22,12,4.388888888888888,2017-06,2018-07,223.045,572,0.0003610299172277449,0.8106914508066457,0.18481421647819063
822b63912576852aea9a8436d72317b7,4905.6900000000005,8,9,2,4.166666666666667,2016-10,2017-01,613.2112500000001,573,0.0003609342702236964,0.8110523850768694,0.1851373182552504
d66c305afaec317ebee552073a674429,4886.46,41,47,4,4.465773809523809,2017-01,2017-05,119.1819512195122,574,0.0003595194303099632,0.8114119045071794,0.18546042003231017
abcd2cb37d46c2c8fb1bf071c859fc5b,4880.22,45,52,15,4.353611111111111,2017-05,2018-08,108.44933333333334,575,0.0003590603246905303,0.81177096483187,0.18578352180936994
f789d2c4f2c2eb38fc4373e7a4b35264,4864.24,44,49,13,4.2716117216117215,2017-04,2018-08,110.55090909090909,576,0.0003578846022869184,0.8121288494341569,0.18610662358642974
0d85bbda9889ce1f7e63778d24f346eb,4845.2,51,58,12,4.188888888888889,2017-03,2018-03,95.00392156862745,577,0.0003564837415507,0.8124853331757076,0.1864297253634895
45d33f715e24d15a6ccf5c17b3a23e3c,4838.23,59,61,15,3.7930158730158734,2016-10,2018-08,82.00389830508473,578,0.0003559709264597629,0.8128413041021674,0.18675282714054928
1336efc61c316ddf92c899eb817f7cae,4837.31,74,85,19,4.029887218045113,2017-01,2018-08,65.36905405405406,579,0.000355903237810744,0.8131972073399781,0.18707592891760905
9add47bf45ce8e8c7db6b9cf670b1e09,4829.24,43,45,14,4.277380952380953,2017-02,2018-08,112.30790697674418,580,0.00035530949063945815,0.8135525168306176,0.18739903069466882
4c498c7345e89aebad651544829beca0,4819.76,48,48,9,4.225925925925925,2017-12,2018-08,100.41166666666668,581,0.00035461200325608895,0.8139071288338736,0.1877221324717286
ce69a8021d18961dd2a40269b7c2c293,4818.0,19,19,6,4.597222222222222,2018-03,2018-08,253.57894736842104,582,0.0003544825119275309,0.8142616113458011,0.18804523424878836
8f580d36c1e9d6fbce95283403c7d447,4813.25,8,8,6,4.25,2017-12,2018-08,601.65625,583,0.0003541330324896613,0.8146157443782908,0.18836833602584815
c12b92bf1c350f3e6bf88d3596219c86,4808.78,17,17,4,4.0,2018-05,2018-08,282.8694117647059,584,0.00035380415394497134,0.8149695485322357,0.18869143780290792
f6122bc84774df1b372bdb3bb88ddb9f,4799.87,3,3,3,3.6666666666666665,2017-10,2018-03,1599.9566666666667,585,0.00035314860409414647,0.8153226971363299,0.1890145395799677
2a7dc43cecabf23403078e2188437d1d,4795.91,52,54,8,3.942992424242424,2017-11,2018-06,92.22903846153847,586,0.00035285724860489095,0.8156755543849348,0.18933764135702746
fcdd820084f17e9982427971e4e9d47f,4783.99,16,27,6,3.5873015873015874,2018-03,2018-08,298.999375,587,0.0003519802391523845,0.8160275346240872,0.18966074313408723
dfa0c4c6229ab200a4a1336b4d7128ff,4777.1,77,86,4,4.03657185894028,2018-05,2018-08,62.04025974025974,588,0.00035147331003092735,0.8163790079341181,0.189983844911147
7e3f87d16fb353f408d467e74fbd8014,4754.99,92,94,14,4.002842197485054,2017-06,2018-08,51.684673913043476,589,0.0003498465752159174,0.816728854509334,0.19030694668820677
b2479f944e1b90cf8a5de1bbfde284d6,4752.51,103,131,8,3.6260385719944543,2018-01,2018-08,46.14087378640777,590,0.00034966411016204026,0.817078518619496,0.19063004846526657
acce39e832338debb07b02385cde5967,4748.1,44,44,4,4.719309462915601,2018-05,2018-08,107.91136363636365,591,0.00034933964609446026,0.8174278582655905,0.19095315024232634
0176f73cc1195f367f7b32db1e5b3aa8,4733.1,38,39,9,3.996031746031746,2017-11,2018-08,124.55526315789474,592,0.0003482360268169773,0.8177760942924075,0.1912762520193861
30a2f535bb48308f991d0b9ad4a8c4bb,4731.3,71,87,16,4.505106209150327,2017-02,2018-07,66.63802816901409,593,0.0003481035925036793,0.8181241978849112,0.19159935379644588
0307f7565ff85b299b6e5ef162b1b1a9,4728.8,7,7,4,3.0833333333333335,2016-10,2017-05,675.5428571428572,594,0.00034791965595743217,0.8184721175408687,0.19192245557350565
06579cb253ecd5a3a12a9e6eb6bf8f47,4727.2,62,72,13,3.91001221001221,2017-08,2018-08,76.24516129032257,595,0.000347801936567834,0.8188199194774365,0.19224555735056542
ad420dd0c4f92f8af951ac24b86d0cf5,4705.29,42,46,13,3.774074074074074,2017-04,2018-08,112.03071428571428,596,0.00034618991667652386,0.819166109394113,0.1925686591276252
582d4f8675b945722eda7c0cb61ba4c7,4702.96,59,71,19,4.126315789473685,2017-01,2018-08,79.71118644067796,597,0.0003460184878154215,0.8195121278819285,0.192891760904685
c004e5ea15737026cecaee0447e00b75,4700.0,2,2,1,1.0,2018-08,2018-08,2350.0,598,0.00034580070694466487,0.8198579285888732,0.19321486268174476
c9a06ece156bb057372c68718ec8909b,4688.9,14,14,3,2.407407407407407,2016-10,2017-02,334.9214285714285,599,0.0003449840286793274,0.8202029126175525,0.19353796445880453
537eb890efff034a88679788b647c564,4679.7,160,173,14,4.093672844631924,2017-07,2018-08,29.248124999999998,600,0.0003443071421891379,0.8205472197597417,0.1938610662358643
968268a686aa05d1f529fb07dff08130,4677.29,12,12,7,3.5714285714285716,2018-01,2018-08,389.77416666666664,601,0.0003441298273585556,0.8208913495871002,0.19418416801292407
8931a84a914b3fe9b1ddaa4d704947ca,4668.3,29,32,15,4.111666666666666,2017-03,2018-07,160.9758620689655,602,0.00034346839153825086,0.8212348179786384,0.19450726978998384
1a932caad4f9d804097d7f8e615baed1,4661.0,20,30,4,3.9107142857142856,2018-05,2018-08,233.05,603,0.0003429312968232091,0.8215777492754616,0.1948303715670436
ef990a83bbea832f36ebe81376335aa8,4642.59,43,44,8,4.28125,2017-11,2018-08,107.96720930232559,604,0.00034157678809664503,0.8219193260635582,0.1951534733441034
a3dd39f583bc80bd8c5901c95878921e,4607.8099999999995,34,37,8,4.716987179487179,2017-08,2018-04,135.52382352941174,605,0.00033901786286525445,0.8222583439264235,0.19547657512116318
31da954dc0855f2495c6310f70a2f931,4583.0,29,30,9,4.326719576719577,2017-09,2018-08,158.0344827586207,606,0.0003371924765802977,0.8225955364030038,0.19579967689822295
2addf05f476d0637864454e93ba673d5,4552.0,12,12,8,5.0,2017-08,2018-03,379.3333333333333,607,0.00033491166340683285,0.8229304480664106,0.19612277867528272
c68fb906c8f4b4b946d8386bfa6e5467,4541.16,45,48,16,4.479166666666667,2017-03,2018-07,100.91466666666666,608,0.00033411411454230516,0.8232645621809529,0.1964458804523425
834f8533b2ecb6598dd004ff3de7203a,4538.29,43,47,15,3.844444444444444,2017-01,2018-08,105.54162790697674,609,0.0003339029553872134,0.8235984651363402,0.19676898222940226
1fe5540d7c1c37a595fefbacd5570d9e,4537.6,20,25,1,4.28,2018-08,2018-08,226.88000000000002,610,0.0003338521889004492,0.8239323173252406,0.19709208400646203
37dd29b36c458d82f74a953c40c43645,4536.99,7,8,6,3.9166666666666665,2017-10,2018-05,648.1414285714285,611,0.00033380730838316485,0.8242661246336238,0.1974151857835218
13fa2a6c6b9d0f43cb588d7c82117a12,4528.0,9,10,3,4.055555555555555,2017-06,2017-09,503.1111111111111,612,0.0003331458725628601,0.8245992705061866,0.1977382875605816
c840d3fdbba0790404fdae73d253b253,4522.28,9,14,5,3.2333333333333334,2017-10,2018-06,502.4755555555555,613,0.0003327250257450466,0.8249319955319316,0.19806138933764136
180c3376aff0e43dd5788709df48a843,4513.0,5,10,4,4.25,2017-08,2018-01,902.6,614,0.0003320422532853771,0.8252640377852171,0.19838449111470113
6288c69c4ce638e59925e59193f98b16,4506.28,22,22,11,4.151515151515151,2017-03,2018-08,204.83090909090907,615,0.00033154783184906474,0.8255955856170661,0.1987075928917609
b561927807645834b59ef0d16ba55a24,4501.99,85,95,8,3.9189757481940144,2018-01,2018-08,52.964588235294116,616,0.0003312321967357046,0.8259268178138018,0.19903069466882067
fc906263ca5083d09dce42fe02247800,4497.7,114,119,8,4.480563533688533,2017-04,2017-12,39.453508771929826,617,0.0003309165616223445,0.8262577343754242,0.19935379644588044
55d3daac7c404d59e51c2aa2f4dc5a23,4480.6,21,28,13,4.241758241758242,2017-05,2018-08,213.36190476190478,618,0.0003296584356460139,0.8265873928110702,0.1996768982229402
2ff97219cb8622eaf3cd89b7d9c09824,4476.9,89,96,7,4.510941043083901,2018-02,2018-08,50.30224719101123,619,0.00032938620955756806,0.8269167790206278,0.2
e81e1f9c3e762e620f3fb60a51499e16,4465.99,17,18,8,4.041666666666667,2017-05,2018-04,262.70529411764704,620,0.0003285835104697455,0.8272453625310975,0.20032310177705978
4d600e08ecbe08258c79e536c5a42fee,4465.34,8,8,4,4.333333333333333,2016-10,2017-03,558.1675,621,0.00032853568696772123,0.8275738982180652,0.20064620355411955
bbad7e518d7af88a0897397ffdca1979,4462.22,69,85,15,2.9444973544973547,2017-06,2018-08,64.66985507246378,622,0.0003283061341580048,0.8279022043522232,0.20096930533117932
8bd0f31cf0a614c658f6763bd02dea69,4455.34,33,35,13,4.339743589743589,2017-01,2018-08,135.01030303030302,623,0.00032779994078273257,0.8282300042930059,0.2012924071082391
b90e891671cffd9557f33a97dc523645,4449.0,34,39,12,4.030555555555556,2017-08,2018-08,130.85294117647058,624,0.00032733347770144976,0.8285573377707073,0.20161550888529886
2e3be8a987a30d7544dbbda6861cc14e,4430.84,18,19,12,3.3194444444444446,2017-02,2018-07,246.1577777777778,625,0.0003259973626295104,0.8288833351333368,0.20193861066235863
d379f449f2a3b271bc01c0782020f705,4423.0599999999995,28,29,15,3.655555555555556,2017-01,2018-08,157.96642857142857,626,0.0003254249520975892,0.8292087600854344,0.20226171243941843
0ef83d7d83ed97cd2a0049ac8be5f88a,4421.01,48,55,10,4.443199855699856,2017-11,2018-08,92.104375,627,0.0003252741241296666,0.8295340342095641,0.2025848142164782
f021c962aaba8ef6eb527a9c2c8394d1,4398.5,5,5,3,4.555555555555555,2017-05,2017-08,879.7,628,0.0003236179594672571,0.8298576521690313,0.20290791599353797
beadbee30901a7f61d031b6b686095ad,4373.98,64,68,4,4.182236842105263,2018-05,2018-08,68.3434375,629,0.0003218139098216649,0.830179466078853,0.20323101777059774
15aac934c58d886785ac1b17953ea898,4353.9,25,26,9,4.391534391534392,2017-10,2018-06,174.15599999999998,630,0.0003203365314822077,0.8304998026103352,0.2035541195476575
eed78ac17f7f795a19a709745f00cd4e,4349.5,22,56,10,3.5215584415584416,2017-08,2018-07,197.70454545454547,631,0.0003200128031608127,0.830819815413496,0.20387722132471728
a3f0b55de503387383c7b1de3ad7f678,4348.4,24,26,7,4.485714285714286,2017-09,2018-05,181.1833333333333,632,0.0003199318710804639,0.8311397472845765,0.20420032310177705
c500367424994318b9e779ff1ae9a330,4346.4,9,9,4,3.5625,2017-09,2017-12,482.9333333333333,633,0.0003197847218434662,0.83145953200642,0.20452342487883685
65febd49fd28ec955651299159b1f527,4319.700000000001,35,40,5,4.194444444444445,2018-04,2018-08,123.42000000000002,634,0.0003178202795295466,0.8317773522859495,0.20484652665589662
23613d49c3ac2bd302259e55c06c050c,4293.0,70,80,19,3.938512949039265,2016-10,2018-08,61.32857142857143,635,0.0003158558372156268,0.8320932081231651,0.20516962843295639
9803a40e82e45418ab7fb84091af5231,4278.75,11,18,4,3.675,2018-05,2018-08,388.97727272727275,636,0.00031480739890201804,0.8324080155220671,0.20549273021001616
282c7480173bb9c01dd41cc739fec010,4274.2,5,8,1,4.428571428571429,2017-08,2017-08,854.8399999999999,637,0.0003144726343878482,0.832722488156455,0.20581583198707593
cc5a78bbad32776dc4e3af205218368c,4269.18,33,38,4,4.524906015037594,2018-05,2018-08,129.36909090909091,638,0.0003141032898029839,0.833036591446258,0.2061389337641357
1fdc574883ef3b33ad41562d93f3a74a,4251.0,18,18,9,4.462962962962963,2017-11,2018-07,236.16666666666666,639,0.00031276570323867455,0.8333493571494967,0.20646203554119547
43f8c9950d11ecd03a0304a49e010da6,4249.59,41,41,9,4.453342953342953,2017-07,2018-05,103.64853658536586,640,0.00031266196302659114,0.8336620191125232,0.20678513731825526
9b1585752613ec342d03bbab9997ec48,4248.98,3,3,1,3.6666666666666665,2018-08,2018-08,1416.3266666666666,641,0.0003126170825093068,0.8339746361950325,0.20710823909531503
6ec1a01e866584bb679eb9b098345919,4248.91,31,32,13,4.3076923076923075,2017-07,2018-08,137.0616129032258,642,0.00031261193228601186,0.8342872481273186,0.2074313408723748
3c03b12bab54d8b37d79d914bfdb1aa0,4236.34,37,43,9,3.980952380952381,2017-12,2018-08,114.49567567567568,643,0.0003116870993314812,0.8345989352266501,0.20775444264943457
98dac6635aee4995d501a3972e047414,4235.85,91,195,16,3.9984598484357443,2017-04,2018-08,46.5478021978022,644,0.00031165104776841675,0.8349105862744185,0.20807754442649434
8b9d6eec4a7eb7d0f9d579ce0b38324d,4232.54,49,53,4,4.065384615384615,2018-05,2018-08,86.37836734693877,645,0.0003114075157811855,0.8352219937901997,0.2084006462035541
8a130737016f838139d31878787a39c9,4222.03,56,62,8,4.442518939393939,2017-12,2018-07,75.39339285714286,646,0.00031063424654076237,0.8355326280367404,0.20872374798061388
6b3bd31ad8fcda4b2635ec9f3ff2ecdf,4198.9,36,43,6,3.866904337492573,2018-03,2018-08,116.6361111111111,647,0.00030893246561488366,0.8358415605023554,0.20904684975767368
8bb48dc19fccaa8613b6229bf7f452a2,4190.72,82,95,10,4.401666666666666,2017-10,2018-07,51.10634146341464,648,0.000308330625235563,0.836149891127591,0.20936995153473345
891071be6ba827b591264c90c2ae8a63,4177.28,92,98,14,4.0321428571428575,2017-01,2018-08,45.40521739130435,649,0.0003073417823629382,0.8364572329099539,0.20969305331179322
cac4c8e7b1ca6252d8f20b2fc1a2e4af,4168.18,75,83,18,3.4059764309764313,2016-10,2018-08,55.57573333333334,650,0.00030667225333459855,0.8367639051632885,0.210016155088853
5c030029b5916fed0986310385ec9009,4164.4,7,10,3,4.916666666666667,2018-06,2018-08,594.9142857142857,651,0.0003063941412766728,0.8370702993045651,0.21033925686591276
bccf933e006e9b94a6184af782963e77,4162.74,45,46,9,4.584615384615385,2017-10,2018-08,92.50533333333333,652,0.0003062720074099647,0.8373765713119751,0.21066235864297253
f76a3b1349b6df1ee875d1f3fa4340f0,4160.79,24,24,7,3.849206349206349,2018-01,2018-08,173.36625,653,0.0003061285369038919,0.837682699848879,0.2109854604200323
cd6efc47efaabf134f8bdb654e10b4f1,4158.55,31,32,9,4.425252525252525,2017-11,2018-08,134.1467741935484,654,0.0003059637297584545,0.8379886635786374,0.21130856219709207
6fc26fe110feebd80a433e1f012a84f9,4150.87,35,72,17,4.083660130718954,2017-01,2018-08,118.59628571428571,655,0.0003053986766883832,0.8382940622553258,0.21163166397415187
d20b021d3efdf267a402c402a48ea64b,4140.17,90,106,16,3.813183170995671,2017-02,2018-07,46.00188888888889,656,0.00030461142827044535,0.8385986736835962,0.21195476575121164
681fce914360217db47784ae28905a96,4127.33,23,24,8,3.908333333333333,2017-10,2018-07,179.4491304347826,657,0.0003036667301689199,0.8389023404137651,0.2122778675282714
42b729f859728f5079499127a9c2ef37,4118.86,104,132,8,4.20799803617099,2018-01,2018-08,39.60442307692308,658,0.0003030435531502345,0.8392053839669154,0.21260096930533118
e883aa812c37a7413226856f4579fe91,4097.1,26,29,7,3.852040816326531,2018-02,2018-08,157.58076923076925,659,0.00030144256945169925,0.8395068265363671,0.21292407108239095
2a167ca73899c85001a837d8fb4962f6,4097.0,2,3,1,4.333333333333333,2018-07,2018-07,2048.5,660,0.00030143521198984936,0.839808261748357,0.21324717285945072
382229d1e840115ffe3dbf5ff460e417,4096.96,46,49,5,4.246666666666667,2018-04,2018-08,89.06434782608696,661,0.0003014322690051094,0.8401096940173621,0.2135702746365105
951e8cef368f09bb3f3d03c00ca4702c,4092.29,64,71,5,4.148930481283423,2018-04,2018-08,63.94203125,662,0.0003010886755367197,0.8404107826928988,0.21389337641357029
99002261c568a84cce14d43fcffb43ea,4088.0,36,36,10,4.033333333333333,2017-10,2018-08,113.55555555555556,663,0.00030077304042335954,0.8407115557333221,0.21421647819063006
b17b679f4f5ce2e03ce6968c62648246,4084.75,55,57,13,3.591208791208791,2016-10,2018-05,74.26818181818182,664,0.00030053392291323825,0.8410120896562354,0.21453957996768983
2199e7fe213c16213bf5d6a7eadc9a5d,4078.29,25,31,17,4.137254901960784,2016-10,2018-08,163.1316,665,0.0003000586308777356,0.8413121482871132,0.2148626817447496
ec8879960bd2221d5c32f8e12f7da711,4062.4,36,36,12,4.469444444444444,2017-05,2018-04,112.84444444444445,666,0.0002988895301897886,0.841611037817303,0.21518578352180937
d5ba419e26d246a0719437cf37d9b46d,4061.4,34,35,10,3.7649999999999997,2017-05,2018-08,119.45294117647059,667,0.00029881595557128976,0.8419098537728742,0.21550888529886914
f35b3c613c4f7b2275f4185d0a3c59ec,4047.25,9,9,5,4.2,2018-02,2018-06,449.69444444444446,668,0.0002977748747195308,0.8422076286475937,0.2158319870759289
a0415d9b25ede3c4b1e477e9916ffc03,4044.1,10,10,5,4.1,2017-04,2018-01,404.40999999999997,669,0.0002975431146712594,0.8425051717622649,0.2161550888529887
715bbd5ba4e6b74cb0d2f29eb45058b0,4043.3,62,64,12,4.417277167277168,2017-09,2018-08,65.21451612903226,670,0.0002974842549764603,0.8428026560172414,0.21647819063004847
3c7c4a49ec3c6550809089c6a2ca9370,4033.6400000000003,141,160,12,3.8450583659635384,2017-09,2018-08,28.607375886524824,671,0.00029677352416176126,0.8430994295414032,0.21680129240710824
e70053bf73d1b5863932e53a9fa47496,4025.0,7,7,5,4.266666666666667,2018-02,2018-08,575.0,672,0.0002961378394579311,0.8433955673808611,0.217124394184168
55a5b51f93f2b70ea513f5a047b0262a,4002.2999999999997,39,41,7,4.375056689342403,2017-04,2017-10,102.62307692307692,673,0.0002944676956180068,0.8436900350764791,0.21744749596122778
cb41bfbcbda0aea354a834ab222f9a59,4002.0,12,12,7,3.1142857142857143,2017-11,2018-07,333.5,674,0.0002944456232324572,0.8439844806997115,0.21777059773828755
6b333a05bf188ef3e1f1662a86bd9855,3990.91,12,13,6,4.611111111111111,2018-01,2018-08,332.5758333333333,675,0.00029362968071330474,0.8442781103804249,0.21809369951534732
1b938a7ec6ac5061a66a3766e0e75f90,3987.6,30,33,10,4.294761904761905,2017-09,2018-08,132.92,676,0.00029338614872607353,0.844571496529151,0.21841680129240712
bede56095ba33c42038fb85f707b8a42,3973.9,2,2,2,4.5,2017-08,2017-12,1986.95,677,0.0002923781764526391,0.8448638747056036,0.2187399030694669
50c9975695009e5e6473912e83a6d1da,3964.4,50,68,16,3.9345238095238093,2017-02,2018-07,79.288,678,0.00029167921757689984,0.8451555539231805,0.21906300484652666
bf3c6d2a28b2b5501e6c15448982dcc9,3956.5,35,43,10,4.381868131868132,2017-05,2018-05,113.04285714285714,679,0.0002910979780907588,0.8454466519012713,0.21938610662358643
3f995f07c49d0d55a99d5c54957f7d81,3955.7,43,43,12,4.123412698412698,2017-04,2018-08,91.99302325581395,680,0.00029103911839595975,0.8457376910196673,0.2197092084006462
81f89e42267213cb94da7ddc301651da,3955.0,46,52,1,3.5384615384615383,2018-08,2018-08,85.97826086956522,681,0.0002909876161630105,0.8460286786358303,0.22003231017770597
d12c926d74ceff0a90a21184466ce161,3944.1800000000003,78,99,18,4.050054534484358,2016-10,2018-05,50.56641025641026,682,0.00029019153879085284,0.8463188701746212,0.22035541195476574
11bfa66332777660bd0640ee84d47006,3925.87,76,102,12,4.1419922669922675,2017-09,2018-08,51.65618421052631,683,0.0002888443875261386,0.8466077145621473,0.22067851373182554
fde0cc9ea29c8ccfc0a2c22256a58c71,3922.0,35,35,11,4.251298701298701,2017-10,2018-08,112.05714285714286,684,0.000288559653752548,0.8468962742158999,0.2210016155088853
232a6014e7b10cba61c6c2b2ea6bb4b0,3919.87,33,36,13,4.108333333333333,2017-02,2018-07,118.78393939393939,685,0.0002884029398151454,0.847184677155715,0.22132471728594508
7f152321c60a266edc53af1925ef96c1,3919.8,20,20,10,4.18,2017-08,2018-08,195.99,686,0.0002883977895918505,0.8474730749453069,0.22164781906300485
d673a59aac7a70d8b01e6902bf090a11,3908.9399999999996,79,84,11,4.092532467532467,2017-10,2018-08,49.480253164556956,687,0.0002875987692349528,0.8477606737145418,0.22197092084006462
79ed755314cfe6df0daef2c6cd3022cd,3907.5,23,25,9,4.796296296296296,2017-02,2018-08,169.8913043478261,688,0.00028749282178431446,0.8480481665363261,0.2222940226171244
3361277dc30b7cccdb0c286b24219756,3905.0499999999997,29,42,16,4.375,2017-02,2018-08,134.65689655172412,689,0.0002873125639689922,0.848335479100295,0.22261712439418416
f00e21b1e91a79653163b7fd8f293ff1,3900.09,31,31,10,4.152380952380953,2017-03,2017-12,125.80935483870968,690,0.0002869476338612379,0.8486224267341563,0.22294022617124395
271c58a1d139c45eaf3316107c6d3a3b,3897.5200000000004,29,29,4,4.275252525252525,2018-05,2018-08,134.39724137931037,691,0.0002867585470916958,0.848909185281248,0.22326332794830372
6a0cbc8af2e8abd1bdfb777943d174c6,3894.05,35,35,12,4.249503968253968,2017-05,2018-07,111.25857142857143,692,0.00028650324316550473,0.8491956885244135,0.2235864297253635
14d7985702e72162bbf13b6beb74ab2b,3887.0,37,38,15,4.402222222222222,2017-03,2018-08,105.05405405405405,693,0.00028598454210508774,0.8494816730665186,0.22390953150242326
02f5837340d7eb4f653d676c7256523a,3883.05,30,30,8,4.482142857142857,2017-11,2018-08,129.435,694,0.0002856939223620172,0.8497673669888806,0.22423263327948303
8090490573c6c0aa343a7231ebcb8c86,3871.12,26,26,10,4.121428571428572,2017-09,2018-08,148.88923076923078,695,0.00028481617716332575,0.8500521831660439,0.2245557350565428
42fa4ee7240e9b8eb4576358ec142ba7,3845.7000000000003,22,22,6,4.809523809523809,2018-02,2018-07,174.80454545454546,696,0.00028294591036108463,0.850335129076405,0.22487883683360257
7d76b645482be4a332374e8223836592,3843.93,176,187,14,3.9125808840282525,2017-07,2018-08,21.840511363636363,697,0.0002828156832863416,0.8506179447596913,0.22520193861066237
8ed8ea9a57c862f2c18c2fe41f601d56,3831.9,19,19,3,4.277777777777778,2018-04,2018-06,201.67894736842106,698,0.00028193058062580027,0.8508998753403171,0.22552504038772214
13d058e4eeac2ce8217660b2f8a05812,3829.77,23,23,9,4.377777777777777,2017-05,2018-07,166.5117391304348,699,0.00028177386668839767,0.8511816492070055,0.2258481421647819
3f3486b61f45078d4f31ee5e43d8c5bb,3829.7300000000005,40,40,9,4.2444444444444445,2017-12,2018-08,95.74325000000002,700,0.00028177092370365776,0.8514634201307091,0.22617124394184168
6860153b69cc696d5dcfe1cdaaafcf62,3827.63,74,84,9,4.242665450018391,2017-11,2018-08,51.72472972972973,701,0.0002816164170048101,0.8517450365477139,0.22649434571890145
f0b47fbbc6dee9aafe415a6e33051b3f,3795.91,68,86,8,4.179861111111111,2017-07,2018-08,55.82220588235294,702,0.0002792826301060261,0.85202431917782,0.22681744749596122
2e13c71026e1a39ba5cc1b86dcb679aa,3793.0,24,28,9,4.3656084656084655,2017-12,2018-08,158.04166666666666,703,0.0002790685279661944,0.8523033877057862,0.227140549273021
38874e327ce94d11390b96eb42d61928,3779.94,6,6,4,3.666666666666667,2016-10,2017-10,629.99,704,0.00027810764344859924,0.8525814953492348,0.22746365105008076
5d9dc90a686a8fddacffab6bab5653a3,3761.94,12,12,9,4.166666666666667,2017-10,2018-08,313.495,705,0.00027678330031561966,0.8528582786495504,0.22778675282714056
edf96ef93ed595084bbcbd9224bd2894,3757.0,25,28,14,3.869047619047619,2017-02,2018-08,150.28,706,0.0002764198417002353,0.8531346984912507,0.22810985460420033
2d2c62bef4c8ba0dd74e0e228e808539,3749.0,16,16,8,4.321428571428571,2017-11,2018-08,234.3125,707,0.0002758312447522444,0.853410529736003,0.2284329563812601
1d0997ff06b524ce9289ffd75114ecd3,3747.0,3,3,3,3.6666666666666665,2017-01,2017-11,1249.0,708,0.00027568409551524664,0.8536862138315182,0.22875605815831987
3c4e0452bff7a2a788179488d3d77032,3746.4,32,36,4,3.7134920634920636,2017-12,2018-03,117.075,709,0.0002756399507441473,0.8539618537822624,0.22907915993537964
eb4df17aed01d918c65f0f8d650900c0,3739.87,11,11,6,3.694444444444444,2017-11,2018-08,339.98818181818183,710,0.0002751595084853497,0.8542370132907477,0.2294022617124394
602044f2c16190c2c6e45eb35c2e21cb,3739.16,50,57,10,3.1439743589743587,2017-10,2018-08,74.7832,711,0.00027510727050621554,0.8545121205612539,0.22972536348949918
0509040ea3fe50071181bbc359eb7738,3737.95,89,98,16,4.415491973304473,2017-05,2018-08,41.99943820224719,712,0.0002750182452178319,0.8547871388064717,0.23004846526655898
77e4abfd739aed9c46480f90f81c0eb4,3736.99,18,18,8,4.875,2018-01,2018-08,207.61055555555555,713,0.000274947613584073,0.8550620864200558,0.23037156704361875
8f119a0aee85c0c8fc534629734e94fd,3733.68,77,83,18,4.17936507936508,2017-01,2018-08,48.48935064935065,714,0.00027470408159684177,0.8553367905016526,0.23069466882067852
66dc1b1632bd6a3e508510c5b3492107,3721.39,37,42,11,3.347186147186147,2017-07,2018-08,100.57810810810811,715,0.0002737998495354907,0.855610590351188,0.2310177705977383
23a0ffca143a15b9b5bbdb7d552f626a,3718.51,23,24,6,4.2064814814814815,2018-03,2018-08,161.67434782608697,716,0.000273587954634214,0.8558841783058222,0.23134087237479806
822166ed1e47908f7cfb49946d03c726,3714.83,69,108,14,4.27005772005772,2017-05,2018-07,53.838115942028985,717,0.00027331720003813815,0.8561574955058603,0.23166397415185783
ec80e49e69745ab6c14f984bf2149423,3709.0,12,12,6,4.388888888888888,2018-02,2018-08,309.0833333333333,718,0.0002728882600122898,0.8564303837658725,0.2319870759289176
99a54764c341d5dc80b4a8fac4eba3fb,3708.7599999999998,45,67,5,3.5424786324786326,2018-04,2018-08,82.41688888888888,719,0.00027287060210385005,0.8567032543679765,0.2323101777059774
a44fb5a447105f8469bdf16bf9159f25,3706.1,19,19,8,4.145833333333333,2017-11,2018-08,195.0578947368421,720,0.00027267489361864304,0.856975929261595,0.23263327948303716
f3da5b2ff499efb8d4a6d371d175d7dd,3702.29,79,84,9,3.7319586845902637,2017-11,2018-07,46.864430379746835,721,0.0002723945743221624,0.8572483238359172,0.23295638126009693
520b493b57809f446cb0a233bb3e25c7,3698.9,63,73,10,4.546111111111111,2017-03,2017-12,58.712698412698415,722,0.00027214515636545124,0.8575204689922826,0.2332794830371567
c0563dd588b775f2e37747ef6ad6c92c,3697.2000000000003,28,28,15,4.383333333333334,2017-02,2018-08,132.04285714285714,723,0.00027202007951400317,0.8577924890717966,0.23360258481421647
4559697a8f7e637227c2eeaed843baff,3696.0000000000005,42,42,12,3.9950396825396823,2017-02,2018-06,88.00000000000001,724,0.00027193178997180455,0.8580644208617684,0.23392568659127624
38e679b9e0064cd94c6f035707344dae,3694.5099999999998,28,30,10,3.9166666666666665,2016-10,2018-01,131.9467857142857,725,0.0002718221637902412,0.8583362430255587,0.23424878836833601
5f5b43b2bffa8656e4bc6efeb13cc649,3677.2,27,29,6,4.771241830065359,2017-11,2018-06,136.19259259259258,726,0.00027054858714402585,0.8586067916127027,0.2345718901453958
b1fecf4da1fa2689bccffa0121953643,3669.6400000000003,19,20,5,4.96,2016-10,2017-05,193.13894736842107,727,0.00026999236302817446,0.8588767839757309,0.23489499192245558
2745f798279e0ed033addcc1474776d7,3668.53,32,32,10,3.9716666666666667,2017-08,2018-05,114.6415625,728,0.0002699106952016407,0.8591466946709325,0.23521809369951535
c731d18cea9bf687ffee82a241c25b11,3662.0,24,26,14,4.0,2017-02,2018-08,152.58333333333334,729,0.00026943025294284313,0.8594161249238753,0.23554119547657512
df560393f3a51e74553ab94004ba5c87,3661.1800000000003,28,29,13,3.6474358974358974,2016-10,2018-03,130.7564285714286,730,0.00026936992175567406,0.859685494845631,0.2358642972536349
33ac3e28642ab8bda860a2f693000e78,3661.03,34,35,17,4.338235294117647,2017-02,2018-07,107.67735294117648,731,0.00026935888556289925,0.8599548537311938,0.23618739903069466
8b2492b7ff4468839593fafeed55bad9,3660.08,29,45,12,3.9236111111111107,2017-08,2018-07,126.20965517241379,732,0.0002692889896753253,0.8602241427208692,0.23651050080775443
56642bcb79900e777d68e91915cb4267,3657.64,48,56,16,4.105133928571428,2016-10,2018-07,76.20083333333334,733,0.00026910946760618805,0.8604932521884754,0.23683360258481423
7f2617c58d5d06806987308b45654351,3656.8,22,23,11,3.9545454545454546,2017-04,2018-06,166.21818181818182,734,0.000269047664926649,0.860762299853402,0.237156704361874
5d3bb11474a06bdc23fb9e89f1164ee0,3654.6,31,32,11,4.107575757575758,2017-07,2018-08,117.89032258064516,735,0.0002688858007659515,0.861031185654168,0.23747980613893377
e49c26c3edfa46d227d5121a6b6e4d37,3654.25,35,36,13,4.448717948717949,2017-02,2018-07,104.40714285714286,736,0.0002688600496494769,0.8613000457038175,0.23780290791599354
f97e2b0650c2068227e1d366140eb62f,3654.0,16,21,10,3.7,2017-06,2018-08,228.375,737,0.0002688416559948522,0.8615688873598123,0.2381260096930533
6bb0724edf0b62fb91ac404873a97241,3653.0,17,18,10,4.425,2017-02,2018-04,214.88235294117646,738,0.0002687680813763533,0.8618376554411886,0.23844911147011308
406822777a0b9eb5c50e442dd4cd3ec5,3648.08,45,47,11,4.459595959595959,2017-10,2018-08,81.06844444444444,739,0.0002684060942533389,0.862106061535442,0.23877221324717285
ed4311e67debd72b8610a5347a743087,3636.0,25,26,5,4.066666666666666,2017-12,2018-08,145.44,740,0.00026751731286187263,0.8623735788483039,0.23909531502423265
1eade46fba20122dc4aefb379f8c636b,3635.37,58,75,15,4.333968253968254,2017-02,2018-07,62.67879310344827,741,0.00026747096085221833,0.8626410498091561,0.23941841680129242
96804ea39d96eb908e7c3afdb671bb9e,3610.7,38,40,14,4.049319727891157,2017-02,2018-04,95.01842105263158,742,0.00026565587501385136,0.8629067056841699,0.2397415185783522
21e83881401b92b49fb09a16d3852291,3588.05,14,15,7,4.178571428571429,2017-03,2018-01,256.2892857142857,743,0.0002639894099048521,0.8631706950940747,0.24006462035541196
3364a91ec4d56c98e44174de954b94f6,3579.9399999999996,6,6,4,3.625,2017-04,2017-08,596.6566666666666,744,0.00026339271974882623,0.8634340878138236,0.24038772213247173
3c010235b7345c92f125d14ee232a76b,3578.0,15,15,2,4.550000000000001,2018-07,2018-08,238.53333333333333,745,0.00026324998498893846,0.8636973377988125,0.2407108239095315
3d8fa2f5b647373c8620330c4e077a9f,3571.73,43,48,5,3.5810714285714282,2018-04,2018-08,83.06348837209302,746,0.0002627886721309506,0.8639601264709434,0.24103392568659127
f2336e113377dd21c744d9c4fc8293a9,3563.0,4,4,3,4.333333333333333,2017-02,2017-09,890.75,747,0.0002621463657114555,0.8642222728366549,0.24135702746365106
218f991754f360af9c2daa5e0b8e990c,3554.32,14,17,7,4.128571428571428,2017-12,2018-08,253.88000000000002,748,0.0002615077380228854,0.8644837805746778,0.24168012924071083
585175ec331ea177fa47199e39a6170a,3549.0,1,1,1,5.0,2017-02,2017-02,3549.0,749,0.0002611163210524714,0.8647448968957303,0.2420032310177706
71039d19d4303bf9054d69e9a9236699,3537.2,35,38,10,3.46,2017-10,2018-08,101.06285714285714,750,0.00026024814055418475,0.8650051450362845,0.24232633279483037
276677b5d08786d5dce7c2149dcce48b,3522.0,33,47,7,4.041125541125541,2018-02,2018-08,106.72727272727273,751,0.00025912980635300203,0.8652642748426375,0.24264943457189014
6750d71153f00fc58829af2a8ef1bcf1,3514.0,6,6,6,4.166666666666667,2017-03,2017-08,585.6666666666666,752,0.0002585412094050111,0.8655228160520425,0.2429725363489499
e7d5b006eb624f13074497221eb37807,3478.9300000000003,28,63,7,3.6885281385281385,2017-08,2018-07,124.24750000000002,753,0.000255960947534256,0.8657787769995767,0.24329563812600968
244b04680fdbded0acf5aebd9c92b44a,3477.7000000000003,3,3,2,1.0,2017-12,2018-03,1159.2333333333333,754,0.00025587045075350234,0.8660346474503302,0.24361873990306945
8ff38bc3969e67c36c48343a07090f66,3472.0,2,8,2,2.5,2017-08,2017-09,1736.0,755,0.0002554510754280588,0.8662900985257582,0.24394184168012925
ed46f1eb4a638113deb2a1137b5f22e9,3470.0,4,4,2,4.0,2018-07,2018-08,867.5,756,0.0002553039261910611,0.8665454024519493,0.24426494345718902
bce6a5ecf98e99fd2a8868b15c51f04b,3464.9,14,15,3,4.055555555555555,2018-06,2018-08,247.49285714285716,757,0.00025492869563671687,0.866800331147586,0.2445880452342488
f0837c8d71434931d9e38e7b79234797,3446.9,22,23,7,4.628571428571428,2017-11,2018-08,156.67727272727274,758,0.0002536043525037373,0.8670539355000898,0.24491114701130856
994f04b3718c2bab35c2adfa8afecd2a,3445.7,49,57,10,4.195506993006993,2017-11,2018-08,70.3204081632653,759,0.0002535160629615386,0.8673074515630513,0.24523424878836833
1b8356dabde1d35e17cef975c3f82730,3426.39,56,61,10,4.261031746031746,2017-02,2017-11,61.18553571428571,760,0.00025209533707832557,0.8675595469001297,0.2455573505654281
c394e193cda3b4225ff2094d32184849,3419.88,3,12,2,4.0,2018-04,2018-05,1139.96,761,0.000251616366311898,0.8678111632664416,0.24588045234248787
4677a5437afda5fa7140b927b07be1cc,3415.7000000000003,11,11,4,4.275,2018-04,2018-08,310.51818181818186,762,0.00025130882440657274,0.8680624720908482,0.24620355411954767
f4db9b37944bcb8873e6b456ee190bbf,3409.78,21,22,10,4.535,2017-04,2018-08,162.3704761904762,763,0.00025087326266505944,0.8683133453535132,0.24652665589660744
827f8f69dfa529c561901c4f2e0f332f,3408.39,91,104,15,4.272063492063492,2016-10,2018-03,37.45483516483517,764,0.000250770993945346,0.8685641163474586,0.2468497576736672
070d165398b553f3b4b851c216b8a358,3393.16,32,39,12,3.331349206349206,2017-08,2018-08,106.03625,765,0.00024965045250560826,0.8688137667999641,0.24717285945072698
cfd7ddab722b902f7ac5b5f3ba6d723d,3385.0299999999997,12,13,3,4.0,2018-06,2018-08,282.0858333333333,766,0.0002490522908572125,0.8690628190908214,0.24749596122778675
960945e1a9535cbc0cd6ddd35fbe7ae8,3381.7300000000005,28,29,4,4.71875,2018-05,2018-08,120.77607142857144,767,0.0002488094946161663,0.8693116285854375,0.24781906300484652
2d50d6282f8aa2257819a77bfaa0efe0,3353.48,44,45,12,3.5006613756613754,2017-08,2018-08,76.21545454545455,768,0.00024673101164357335,0.869558359597081,0.2481421647819063
db4350fd57ae30082dec7acbaacc17f9,3331.31,137,146,17,4.1922146996450405,2017-03,2018-08,24.316131386861315,769,0.0002450998623514535,0.8698034594594325,0.24846526655896609
6481e96574816ead57975da2c0f6d80d,3324.8999999999996,32,43,7,4.472619047619047,2017-12,2018-07,103.90312499999999,770,0.0002446282490468758,0.8700480877084794,0.24878836833602586
6b90f847357d8981edd79a1eb1bf0acb,3322.08,45,47,3,4.390491452991453,2018-06,2018-08,73.824,771,0.00024442076862270896,0.8702925084771022,0.24911147011308563
8c3b533c63cca56240f94f1e3a6b18ef,3312.16,5,8,4,1.6666666666666667,2017-02,2017-08,662.432,772,0.00024369090840720023,0.8705361993855093,0.2494345718901454
a2b5b6105ea5942300631d2e76f4ffe0,3286.6899999999996,16,16,4,4.795238095238095,2018-05,2018-08,205.41812499999997,773,0.00024181696287403412,0.8707780163483834,0.24975767366720517
54c04bdb5ec46762f8f08c7e8f86ed4a,3281.6600000000003,18,19,7,4.380952380952381,2018-02,2018-08,182.31444444444446,774,0.00024144688254298488,0.8710194632309264,0.25008077544426494
5b51032eddd242adc84c38acab88f23d,3280.0,12,14,7,3.7142857142857144,2017-10,2018-06,273.3333333333333,775,0.00024132474867627674,0.8712607879796027,0.25040387722132473
643214e62b870443ccbe55ab29a4dccf,3270.13,66,68,12,4.259722222222222,2017-09,2018-08,49.54742424242424,776,0.00024059856719169296,0.8715013865467944,0.2507269789983845
52562a9f449c3dc3d53f5f5b9ed74903,3266.6,14,14,10,4.8,2017-04,2018-04,233.32857142857142,777,0.00024033884878839196,0.8717417253955828,0.2510500807754443
aeb36d67f1414f234d42a29e27cf1f17,3263.8,4,4,3,4.666666666666667,2018-05,2018-08,815.95,778,0.00024013283985659516,0.8719818582354394,0.251373182552504
594f9aaa48e5bf431f011ddc5669b0d5,3248.8,37,38,5,4.6952380952380945,2018-04,2018-08,87.80540540540541,779,0.00023902922057911216,0.8722208874560184,0.2516962843295638
a938325a4b357fd23a6a4d5bb126408e,3231.0,24,25,10,4.11,2017-09,2018-08,134.625,780,0.00023771959236983236,0.8724586070483883,0.2520193861066236
c64a2aec32cc408a8a4c6d7c46017f91,3221.5,9,9,4,4.25,2017-11,2018-02,357.94444444444446,781,0.00023702063349409315,0.8726956276818824,0.25234248788368335
afa6714acee029b2dfdf357e5579cc03,3220.76,16,17,10,4.15,2016-10,2018-08,201.2975,782,0.000236966188276404,0.8729325938701588,0.25266558966074315
95f83f51203c626648c875dd41874c7f,3217.46,52,67,10,3.3611111111111116,2017-11,2018-08,61.87423076923077,783,0.00023672339203535775,0.8731693172621942,0.2529886914378029
4c18691b6037662be2df78a765d98ab5,3195.52,63,67,7,3.646655130583702,2018-02,2018-08,50.72253968253968,784,0.00023510916490549264,0.8734044264270997,0.2533117932148627
bb7a14e229b1c95156719c3d9552eeee,3190.1,11,11,5,3.7,2017-10,2018-04,290.0090909090909,785,0.0002347103904732288,0.8736391368175729,0.25363489499192243
d57e18d5f73c7ccb7f7339b61166898d,3187.7,61,63,12,4.244574175824176,2017-09,2018-08,52.25737704918033,786,0.00023453381138883152,0.8738736706289617,0.25395799676898223
e48b04bf1aa1ef711caebeb7aede6180,3187.1,25,25,15,4.55,2017-01,2018-07,127.484,787,0.0002344896666177322,0.8741081602955795,0.25428109854604203
e89c4adbe7b1d0819dbb636e16461cf1,3181.3,24,25,8,4.295833333333333,2018-01,2018-08,132.55416666666667,788,0.0002340629338304388,0.8743422232294099,0.25460420032310177
5c6d4016c2a288f074fa0848a2b653d2,3159.0,32,35,12,4.211111111111111,2017-09,2018-08,98.71875,789,0.0002324222198379141,0.8745746454492478,0.25492730210016157
870d0118f7a9d85960f29ad89d5d989a,3157.2000000000003,45,61,16,3.9787202380952382,2017-04,2018-08,70.16000000000001,790,0.00023228978552461616,0.8748069352347724,0.2552504038772213
c8b3445d737de6befde0c88ede534a5e,3149.04,30,36,8,4.241666666666667,2017-11,2018-06,104.968,791,0.0002316894166376654,0.87503862465141,0.2555735056542811
5bc24d989e71e93c33e50a7782431b0e,3148.0,17,17,4,4.526785714285714,2018-05,2018-08,185.1764705882353,792,0.0002316128990344266,0.8752702375504444,0.25589660743134085
f326006815956455b2859abd58fe7e39,3147.16,9,30,6,4.638888888888889,2017-11,2018-08,349.6844444444444,793,0.00023155109635488754,0.8755017886467993,0.25621970920840065
3cfa1358a6caa965278721344c8d76f2,3140.28,5,5,3,4.833333333333333,2018-04,2018-06,628.056,794,0.00023104490297961536,0.8757328335497789,0.25654281098546045
b1ac6ea7895bc3dd6f0f6f4abbdd2821,3139.0,40,41,11,3.903030303030303,2017-03,2018-01,78.475,795,0.0002309507274679368,0.8759637842772469,0.2568659127625202
238fac594e170b59c6d228f5a4f4f1d9,3126.0,29,30,11,3.8939393939393936,2017-10,2018-08,107.79310344827586,796,0.00022999425742745156,0.8761937785346743,0.25718901453958
430315b7bb4b6e4b3c978f9dfa9b0558,3118.4,20,21,7,4.1571428571428575,2018-01,2018-08,155.92000000000002,797,0.0002294350903268602,0.8764232136250012,0.2575121163166397
3bdff180c7e1f6551a643b99c265a120,3114.9,59,61,15,3.9755555555555557,2017-02,2018-04,52.79491525423729,798,0.00022917757916211416,0.8766523912041633,0.2578352180936995
5b35136197710e16ac5e7b7c2bd4ea85,3104.2000000000003,7,9,6,2.5,2017-08,2018-03,443.4571428571429,799,0.00022839033074417632,0.8768807815349074,0.25815831987075927
08cdbae123ff67ca4e36d9d641ce0119,3098.99,4,6,2,3.5,2018-02,2018-07,774.7475,800,0.0002280070069817972,0.8771087885418892,0.25848142164781907
f61c63d13f7cd800549d5acdd390ae72,3072.2999999999997,26,26,11,4.090909090909091,2017-09,2018-08,118.16538461538461,801,0.00022604330041406249,0.8773348318423033,0.25880452342487886
bd697db56ff8e7c9cd1abeb7f72029b2,3069.78,22,22,12,3.9,2017-02,2018-08,139.53545454545454,802,0.0002258578923754454,0.8775606897346787,0.2591276252019386
aae3bfea055532c57fb453ed3ec80b30,3057.92,48,50,13,3.398168498168498,2017-01,2018-05,63.70666666666667,803,0.00022498529740004884,0.8777856750320787,0.2594507269789984
612a743d294c27884fb7b80d2b19ba35,3057.7000000000003,2,3,2,4.5,2017-01,2018-08,1528.8500000000001,804,0.0002249691109839791,0.8780106441430627,0.25977382875605814
d9e8c084b68fe958861d8f2c21202e6b,3050.0,9,12,6,4.083333333333333,2017-10,2018-07,338.8888888888889,805,0.00022440258642153783,0.8782350467294843,0.26009693053311794
b8555308bfdb4ca1ed54325a58da9a97,3047.2000000000003,26,28,9,4.094444444444445,2017-12,2018-08,117.20000000000002,806,0.00022419657748974102,0.878459243306974,0.2604200323101777
0ebd97a106433a45a4aebe57c1799778,3046.8,31,32,14,4.482142857142857,2017-05,2018-07,98.28387096774195,807,0.00022416714764234146,0.8786834104546164,0.2607431340872375
9646c3513289980f17226a2fc4720dbd,3039.3,71,78,19,4.244360902255639,2017-01,2018-08,42.80704225352113,808,0.0002236153380036,0.87890702579262,0.2610662358642973
4da0e408c99d2fdc2126dc9fce518060,3026.0,44,54,17,4.294957983193278,2017-01,2018-08,68.77272727272727,809,0.00022263679557756508,0.8791296625881976,0.261389337641357
d17f467e4bf608a510c20d82f4ba3b6b,3021.66,12,12,1,4.0,2018-07,2018-07,251.80499999999998,810,0.00022231748173327998,0.8793519800699309,0.2617124394184168
4c8545742faaf58fafd5fd14d25d75cf,3020.0,4,4,3,4.666666666666667,2018-03,2018-05,755.0,811,0.00022219534786657188,0.8795741754177975,0.26203554119547656
55f7a3319d80f7fdf078b8f03e6725fe,3013.78,22,22,2,3.767857142857143,2018-07,2018-08,136.99,812,0.00022173771373950896,0.8797959131315369,0.26235864297253636
f4aba7c0bca51484c30ab7bdc34bcdd1,3009.79,110,117,8,3.929464285714286,2016-10,2017-07,27.361727272727272,813,0.00022144415101169848,0.8800173572825486,0.2626817447495961
49e7217cfe4e427191c378ec626d8737,3002.7,13,14,7,4.095238095238095,2017-05,2018-05,230.97692307692307,814,0.0002209225069665415,0.8802382797895152,0.2630048465266559
c9aafcd0621b2207c10e32c649cada4d,2997.25,44,52,2,3.977726574500768,2018-07,2018-08,68.11931818181819,815,0.00022052152529572272,0.8804588013148109,0.2633279483037157
5bc55dbe2f12b6af6d83ed46023e0dc8,2992.1,17,21,6,2.5185185185185186,2018-02,2018-08,176.00588235294117,816,0.00022014261601045355,0.8806789439308214,0.26365105008077544
8cbac7e12637ed9cffa18c7875207478,2990.98,67,82,18,4.186127144460477,2017-01,2018-08,44.64149253731343,817,0.00022006021243773483,0.8808990041432591,0.26397415185783524
0c7533c71df861ec58ad7ff999ed0e8d,2989.3,61,73,12,4.158597883597884,2017-07,2018-07,49.00491803278689,818,0.00021993660707865674,0.8811189407503377,0.264297253634895
974cf2cb8f4b7add98709c30df02fe10,2982.67,33,33,11,4.015151515151515,2017-10,2018-08,90.3839393939394,819,0.00021944880735800927,0.8813383895576957,0.2646203554119548
2156f2671501a81034d7d07f217609d0,2981.5,22,22,10,3.8833333333333337,2017-08,2018-07,135.52272727272728,820,0.00021936272505436558,0.8815577522827501,0.2649434571890145
fce62094ffe6a4009188ec44e681dfdd,2969.7,4,11,4,4.0,2017-02,2018-03,742.425,821,0.00021849454455607895,0.8817762468273062,0.2652665589660743
432c37c9dfba871172ec162e20118b8c,2968.87,46,57,14,4.1,2017-03,2018-04,64.54065217391305,822,0.00021843347762272493,0.8819946803049289,0.2655896607431341
b494891378bd8f4560abe576c52deacd,2958.9,20,22,3,4.7555555555555555,2018-06,2018-08,147.945,823,0.00021769993867629125,0.8822123802436052,0.26591276252019386
e908c0f3646e8b60375734a350d95d71,2951.0,1,1,1,4.0,2017-04,2017-04,2951.0,824,0.0002171186991901502,0.8824294989427953,0.26623586429725365
dd58ee93286b0821565574c570e9e1dc,2948.0,2,2,2,5.0,2017-01,2017-05,1474.0,825,0.0002168979753346536,0.88264639691813,0.2665589660743134
1996942dc085d7773ba77a529b163cd0,2943.51,10,10,4,4.083333333333334,2018-05,2018-08,294.351,826,0.00021656762529759373,0.8828629645434276,0.2668820678513732
60562ab00b8054280520d390c8c0045c,2943.0,17,17,10,4.766666666666667,2017-10,2018-08,173.11764705882354,827,0.00021653010224215928,0.8830794946456698,0.26720516962843294
cb5df0dcb9e280b1780e9d589889f2c7,2934.72,16,19,5,2.8285714285714283,2017-01,2017-06,183.42,828,0.00021592090440098868,0.8832954155500709,0.26752827140549273
be9a160a9011f627c3e121d076c1ec7b,2934.0,7,7,6,3.3333333333333335,2017-03,2017-12,419.14285714285717,829,0.00021586793067566952,0.8835112834807465,0.2678513731825525
f44b6f775a2b390380e0e30b5c9d3eee,2930.0,10,10,8,4.875,2017-06,2018-08,293.0,830,0.00021557363220167403,0.8837268571129482,0.2681744749596123
606ce7768feac12c5e8bd58db8b08f0f,2916.6,5,5,4,4.75,2018-04,2018-08,583.3199999999999,831,0.00021458773231378925,0.8839414448452619,0.2684975767366721
a6fe7de3d16f6149ffe280349a8535a0,2904.7999999999997,51,52,14,3.7573129251700683,2017-07,2018-08,56.956862745098036,832,0.00021371955181550263,0.8841551643970774,0.2688206785137318
b1204cfda1d4948679db3cfc0d3cb95c,2903.7000000000003,7,11,6,3.8333333333333335,2017-01,2018-07,414.81428571428575,833,0.00021363861973515392,0.8843688030168125,0.2691437802907916
20d83f3ef0e6925fd74bfd59170babf7,2903.6,40,54,17,4.419187675070027,2017-03,2018-08,72.59,834,0.000213631262273304,0.8845824342790858,0.26946688206785135
d3dcf0604eabf0224fbd5948b5e02f69,2902.3,9,9,5,3.9333333333333327,2018-02,2018-07,322.4777777777778,835,0.00021353561526925551,0.884795969894355,0.26978998384491115
4305fe92735c8a43d154ff6dd2b8d927,2885.9,19,21,6,3.736111111111111,2017-07,2018-08,151.88947368421054,836,0.00021232899152587412,0.885008298885881,0.2701130856219709
1771297ac436903d1dd6b0e9279aa505,2881.27,28,36,13,4.711309523809524,2017-01,2018-08,102.9025,837,0.00021198834104222436,0.8852202872269231,0.2704361873990307
cb3dd9ce66268c7a3ca7241ac70ab58c,2879.7599999999998,50,52,15,4.084920634920635,2017-02,2018-04,57.5952,838,0.00021187724336829106,0.8854321644702914,0.2707592891760905
1987cd4be10fe09ee50454f9c354d1c6,2877.7,14,16,5,3.8,2017-10,2018-03,205.54999999999998,839,0.0002117256796541834,0.8856438901499456,0.27108239095315023
b335c59ab742f751a85db9c411a86739,2873.34,33,35,9,3.4518518518518517,2016-10,2017-12,87.0709090909091,840,0.00021140489431752837,0.8858552950442631,0.27140549273021003
4342d4b2ba6b161468c63a7e7cfce593,2867.1,20,20,4,1.1357142857142857,2017-12,2018-07,143.355,841,0.00021094578869809545,0.8860662408329611,0.27172859450726977
977f9f63dd360c2a32ece2f93ad6d306,2858.8700000000003,24,25,11,3.4621212121212124,2017-09,2018-08,119.11958333333335,842,0.00021034026958784981,0.886276581102549,0.27205169628432957
2a1348e9addc1af5aaa619b1a3679d6b,2843.0,52,55,15,2.884074074074074,2017-01,2018-08,54.67307692307692,843,0.0002091726403922728,0.8864857537429413,0.2723747980613893
491a5ada3aa1678414e990262c4bbdc1,2840.0,2,2,2,3.0,2017-03,2017-04,1420.0,844,0.00020895191653677621,0.886694705659478,0.2726978998384491
fec6275253471ace26d209bbaa64cd0f,2840.0,9,10,5,4.2,2018-01,2018-07,315.55555555555554,845,0.00020895191653677621,0.8869036575760149,0.2730210016155089
d32e3909cfb714fb2a6cb092c85b9c5f,2827.8999999999996,10,11,6,3.6944444444444446,2017-08,2018-04,282.78999999999996,846,0.00020806166365293992,0.8871117192396678,0.27334410339256865
730937bf88cb151eb2eb849f642fc213,2821.2,22,26,4,4.588235294117647,2018-04,2018-08,128.23636363636362,847,0.00020756871370899754,0.8873192879533768,0.27366720516962845
1838dd9b8977065acf51d95e0053ea7a,2820.3,64,67,13,4.50503663003663,2017-07,2018-08,44.0671875,848,0.0002075024965523486,0.8875267904499291,0.2739903069466882
dd533b429f380718b70ad9922c294bae,2819.77,41,45,11,3.690909090909091,2017-03,2018-03,68.7748780487805,849,0.00020746350200454418,0.8877342539519336,0.274313408723748
f593898ec748b7a8cb81fc04edafd98a,2813.04,20,23,6,3.346825396825397,2017-09,2018-02,140.652,850,0.0002069683448220468,0.8879412222967557,0.27463651050080773
5f1dc28029d2c244352a68107ec2b542,2807.3,62,78,15,4.49452380952381,2017-01,2018-06,45.27903225806452,851,0.00020654602651186334,0.8881477683232675,0.2749596122778675
3fd1e727ba94cfe122d165e176ce7967,2805.2000000000003,37,38,5,3.7439682539682537,2017-12,2018-04,75.81621621621622,852,0.00020639151981301573,0.8883541598430805,0.2752827140549273
820cc752a266cdc6c1a1e61dd4583330,2802.8,15,15,11,4.196969696969696,2017-01,2018-04,186.85333333333335,853,0.00020621494072861846,0.8885603747838091,0.27560581583198707
df56d7b40d437f88407c5f78b63bc328,2791.2799999999997,22,25,5,4.1,2017-10,2018-03,126.87636363636362,854,0.0002053673611235115,0.8887657421449326,0.27592891760904686
f7ccf836d21b2fb1de37564105216cc1,2787.4,70,74,9,3.6689113355780023,2017-12,2018-08,39.82,855,0.00020508189160373593,0.8889708240365364,0.2762520193861066
62c50c1af4dfdc4149d25c5222043d39,2785.7200000000003,14,19,6,3.4166666666666665,2016-10,2017-09,198.98000000000002,856,0.00020495828624465784,0.889175782322781,0.2765751211631664
ae7ab174effdead6c241e547e4ca13f0,2778.6000000000004,6,7,3,4.333333333333333,2018-06,2018-08,463.1000000000001,857,0.00020443443496094592,0.889380216757742,0.27689822294022615
a17f621c590ea0fab3d5d883e1630ec6,2778.58,65,80,14,3.7137188208616783,2017-03,2018-04,42.74738461538461,858,0.00020443296346857591,0.8895846497212107,0.27722132471728594
8d79c8a04e42d722a75097ce5cbcf2ef,2777.7200000000003,27,28,11,4.43001443001443,2017-01,2018-03,102.87851851851853,859,0.00020436968929666693,0.8897890194105074,0.27754442649434574
f125f3a310c2e5f822d116147de1e474,2761.4,16,22,8,4.463541666666667,2018-01,2018-08,172.5875,860,0.00020316895152276544,0.8899921883620301,0.2778675282714055
8f54d64f28a993550aa7943f12572959,2755.5,15,16,9,3.962962962962963,2017-11,2018-08,183.7,861,0.00020273486127362212,0.8901949232233037,0.2781906300484653
a1474fd46fd3430168f7ec202da39408,2752.5,12,14,6,4.058333333333334,2017-02,2017-10,229.375,862,0.00020251413741812554,0.8903974373607219,0.278513731825525
1444c08e64d55fb3c25f0f09c07ffcf2,2749.0,1,1,1,1.0,2018-04,2018-04,2749.0,863,0.0002022566262533795,0.8905996939869752,0.2788368336025848
052577151711aec5c744fe12e66db3e1,2748.0,4,4,3,2.6666666666666665,2017-10,2017-12,687.0,864,0.00020218305163488063,0.8908018770386101,0.27915993537964456
f805b96fa705ba7995a221f1749dc141,2744.44,7,7,6,4.333333333333333,2017-06,2018-03,392.0628571428571,865,0.0002019211259930247,0.8910037981646032,0.27948303715670436
3b872fd4747f01cc56206f2934198618,2726.7400000000002,25,27,8,3.9583333333333335,2017-11,2018-08,109.06960000000001,866,0.00020061885524559479,0.8912044170198488,0.27980613893376416
5cbbd5a299cab112b7bf23862255e43e,2726.06,36,38,12,4.441666666666666,2017-09,2018-08,75.7238888888889,867,0.00020056882450501554,0.8914049858443538,0.2801292407108239
33576ec5412fb5905d876f12f33bfde6,2718.0,31,32,9,3.9185185185185185,2017-07,2018-06,87.6774193548387,868,0.0001999758130799147,0.8916049616574337,0.2804523424878837
458d868c9642f55f18f04e951a3fdde6,2718.0,2,2,2,5.0,2017-05,2017-08,1359.0,869,0.0001999758130799147,0.8918049374705137,0.28077544426494344
78744a20ee2f80ba64f6804c25def2b8,2715.0,6,6,5,4.5,2017-09,2018-08,452.5,870,0.0001997550892244181,0.8920046925597381,0.28109854604200324
fe26f3ecb51a15e6d8335cd92da42562,2708.96,7,7,3,4.583333333333333,2017-11,2018-02,386.9942857142857,871,0.00019931069852868497,0.8922040032582668,0.281421647819063
d93844a9c55ba7ce353388bcf849ea56,2708.5,12,14,10,4.25,2017-03,2018-04,225.70833333333334,872,0.00019927685420417549,0.8924032801124709,0.2817447495961228
51702dc2a3e106c76dbff722b5bf0726,2705.1,13,14,9,4.277777777777778,2017-02,2018-04,208.08461538461538,873,0.00019902670050127934,0.8926023068129723,0.2820678513731826
e99e927c81e3f51739c94fcdfca9f10f,2702.83,22,25,12,3.8055555555555554,2017-01,2018-03,122.8559090909091,874,0.00019885968611728692,0.8928011664990896,0.2823909531502423
31561f325664a8a7aba4c8d0c3a9b3db,2702.19,36,38,3,4.583957219251336,2018-06,2018-08,75.06083333333333,875,0.00019881259836144764,0.892999979097451,0.2827140549273021
82bd0703a4aefd6b599e5bfdaed378fb,2692.28,21,24,8,3.9895833333333335,2016-10,2017-08,128.20380952380953,876,0.00019808347389212391,0.8931980625713432,0.28303715670436186
850913d59ce317156b00f3705f1c3edb,2690.0,32,34,5,3.719047619047619,2018-03,2018-07,84.0625,877,0.00019791572376194648,0.8933959782951051,0.28336025848142166
0015a82c2db000af6aaaf3ae2ecb0532,2685.0,3,3,2,4.0,2017-09,2017-10,895.0,878,0.00019754785066945215,0.8935935261457746,0.2836833602584814
ffa6adafb71b807dc13159e26431354c,2669.9,18,18,5,3.7700000000000005,2018-03,2018-08,148.32777777777778,879,0.0001964368739301193,0.8937899630197047,0.2840064620355412
d93919c944be9cff128f6c9cb899eacb,2666.7000000000003,33,33,8,4.241369047619048,2017-11,2018-07,80.80909090909091,880,0.00019620143515092296,0.8939861644548557,0.284329563812601
9c068d10aca38e85c50202e17b4a7e88,2658.9,17,17,6,3.827777777777778,2017-10,2018-07,156.40588235294118,881,0.0001956275531266318,0.8941817920079823,0.28465266558966074
d25aa0aaacb370e912f8cf6efeba38b3,2658.4500000000003,17,21,6,4.272222222222222,2018-03,2018-08,156.3794117647059,882,0.00019559444454830732,0.8943773864525306,0.28497576736672053
6f229cc508fc6915ed5c499efd93baa4,2654.8,13,14,6,4.2,2017-08,2018-08,204.21538461538464,883,0.00019532589719078644,0.8945727123497214,0.2852988691437803
0885aaf116795758dfeb5f1032487bcd,2648.0,28,30,8,4.179861111111111,2017-12,2018-08,94.57142857142857,884,0.00019482558978499415,0.8947675379395064,0.2856219709208401
4e8dacf3d38f281ae26c3e0321d92d88,2644.95,10,15,5,2.5,2017-01,2017-06,264.495,885,0.0001946011871985726,0.894962139126705,0.2859450726978998
bc302730ea8cf49b5c74f579febb5bbf,2640.9,11,11,8,3.6041666666666665,2017-08,2018-08,240.0818181818182,886,0.00019430320999365221,0.8951564423366987,0.2862681744749596
f1b93673502375d491780bb49d615dbc,2638.93,8,10,5,2.966666666666667,2018-03,2018-08,329.86625,887,0.00019415826799520943,0.8953506006046938,0.2865912762520194
1b7e5006cb25dd23ce8686691013b121,2636.74,11,11,7,4.095238095238096,2017-09,2018-08,239.70363636363635,888,0.00019399713958069691,0.8955445977442745,0.28691437802907915
ccf8813e5a7d6c84d865cd38bfc2b130,2635.5,26,26,10,4.485,2017-08,2018-08,101.36538461538461,889,0.00019390590705375835,0.8957385036513282,0.28723747980613895
ea6b12bf9ffe2bac34602ec631d97a47,2625.8,11,11,5,3.8571428571428568,2016-10,2017-05,238.70909090909092,890,0.00019319223325431936,0.8959316958845825,0.2875605815831987
9906e7aa42a3c067b7c9a564d01c4320,2619.0,12,16,7,4.419047619047619,2018-02,2018-08,218.25,891,0.00019269192584852707,0.896124387810431,0.2878836833602585
8ab42aa58097fd4668d60cc648225d5f,2616.75,20,26,10,4.33,2017-10,2018-08,130.8375,892,0.00019252638295690462,0.8963169141933879,0.28820678513731823
a369d693961cb93b61ca2cc518872a85,2597.0,11,18,8,3.6625,2017-11,2018-07,236.0909090909091,893,0.00019107328424155205,0.8965079874776294,0.28852988691437803
fdaaf5bfda82b7b80535610c831b8d09,2588.8999999999996,10,15,6,4.266666666666667,2017-09,2018-05,258.89,894,0.00019047732983171122,0.8966984648074611,0.28885298869143783
cd06602b43d8800bd0afad514919d35c,2588.07,44,53,15,3.8910052910052912,2017-01,2018-08,58.81977272727273,895,0.0001904162628983572,0.8968888810703595,0.28917609046849757
244c2f1bff6afe1f2eaf9bfe9b2aed38,2580.0,23,27,9,3.9111111111111114,2017-02,2018-02,112.17391304347827,896,0.00018982251572707135,0.8970787035860865,0.28949919224555737
2c4c47cb51acd5ea5db5e0ae0e26542a,2575.9,12,15,9,4.666666666666667,2017-09,2018-07,214.65833333333333,898,0.000189520859791226,0.8972682244458777,0.2898222940226171
04aba03279157f6d4e0fe8ccaf21963c,2575.9,16,16,11,4.363636363636363,2017-05,2018-08,160.99375,897,0.000189520859791226,0.8974577453056689,0.2901453957996769
b76dba6c951ab00dc4edf0a1aa88037e,2574.7799999999997,159,169,19,4.121345570494178,2017-01,2018-08,16.193584905660376,899,0.00018943845621850725,0.8976471837618875,0.29046849757673665
41ab63a91b8b264e8c8780368bf1dd5b,2571.95,12,13,7,4.071428571428571,2017-10,2018-07,214.32916666666665,900,0.00018923024004815546,0.8978364140019356,0.29079159935379645
1ce3ae5a399804d1a87e706f8a813c3e,2563.0,40,44,13,3.948717948717949,2017-08,2018-08,64.075,901,0.00018857174721259064,0.8980249857491481,0.29111470113085625
f1c1ac3f3efc07e659c035008e615e66,2561.96,4,14,4,3.75,2017-03,2017-09,640.49,902,0.00018849522960935183,0.8982134809787575,0.291437802907916
323ce52b5b81df2cd804b017b7f09aa7,2554.2000000000003,30,30,8,4.347222222222222,2018-01,2018-08,85.14000000000001,903,0.00018792429056980065,0.8984014052693273,0.2917609046849758
157c3e4b42f81ac4a44e8b1ca2fe9876,2548.5,23,31,10,3.956666666666666,2017-10,2018-08,110.80434782608695,904,0.0001875049152443571,0.8985889101845717,0.29208400646203553
bb5bd94c8f59cc050072d2930c869cac,2543.87,16,17,11,4.431818181818182,2017-02,2018-06,158.991875,905,0.00018716426476070733,0.8987760744493324,0.2924071082390953
fe49ee029e61e789a1f3a5525f57ba8d,2527.59,17,17,5,3.96,2017-11,2018-03,148.68176470588236,906,0.00018596646997154584,0.898962040919304,0.29273021001615507
cce6ab8d1682639fe45ab70234f1665f,2522.7,63,66,8,4.188141025641025,2017-05,2018-07,40.04285714285714,907,0.00018560669008708638,0.899147647609391,0.29305331179321487
47efca563408aae19bb7206c2d969ea9,2522.0,12,12,7,4.414285714285714,2018-01,2018-08,210.16666666666666,908,0.00018555518785413717,0.8993332027972452,0.29337641357027466
ede0c03645598cdfc63ca8237acbe73d,2518.37,46,50,5,3.8361497326203207,2018-02,2018-06,54.747173913043476,909,0.00018528811198898629,0.8995184909092342,0.2936995153473344
318f287a62ab7ac10b703ac37435a231,2517.48,52,62,17,4.00672268907563,2017-02,2018-08,48.41307692307692,910,0.0001852226305785223,0.8997037135398127,0.2940226171243942
3d39fbf22a665714baf62fae36029e23,2504.2,8,8,6,4.666666666666667,2017-01,2017-11,313.025,911,0.00018424555964485737,0.8998879590994575,0.29434571890145395
de0c78824586e9a5f5f04fd84e25df39,2489.3,14,16,5,4.55,2018-04,2018-08,177.80714285714288,912,0.00018314929782922433,0.9000711083972868,0.29466882067851374
cea729054f157f5870bdd321a958d994,2482.1,24,26,6,4.325925925925926,2018-03,2018-08,103.42083333333333,913,0.00018261956057603247,0.9002537279578628,0.2949919224555735
6989574bd97d9773f10d232b6c07da59,2478.3999999999996,7,7,6,4.833333333333333,2017-03,2018-07,354.0571428571428,914,0.00018234733448758666,0.9004360752923505,0.2953150242326333
5eeb9c756d9780b96283e5a2ac6da334,2471.0,9,9,7,4.071428571428571,2017-10,2018-07,274.55555555555554,915,0.00018180288231069508,0.9006178781746612,0.2956381260096931
c2d70ce2c5d0a2eb75e78668236e6dc8,2470.9,13,15,7,4.5,2017-09,2018-08,190.06923076923078,916,0.0001817955248488452,0.9007996736995101,0.2959612277867528
3a734b715d333a2588a3d54a0c9b8746,2463.52,18,24,5,3.275,2017-08,2018-01,136.86222222222221,917,0.00018125254416432357,0.9009809262436744,0.2962843295638126
1c40343cc5d18c2d8248ac2f3366de34,2461.41,21,22,4,4.557142857142857,2018-05,2018-08,117.21,918,0.00018109730171929095,0.9011620235453938,0.29660743134087236
fa74b2f3287d296e9fbd2cc80f2d1cf1,2459.89,11,11,3,3.111111111111111,2017-07,2017-12,223.62636363636364,919,0.00018098546829917268,0.9013430090136929,0.29693053311793216
a08692680c77d30a0b4280da5df01c5a,2433.0,6,17,5,5.0,2017-04,2018-01,405.5,920,0.0001790070468077382,0.9015220160605006,0.2972536348949919
5160d23075764e18e07c1f4a87fad743,2429.0,34,39,5,4.646428571428571,2017-08,2017-12,71.44117647058823,921,0.00017871274833374274,0.9017007288088343,0.2975767366720517
efcd8d2104f1a05d028af7bad20d974b,2424.78,47,51,16,4.261607142857143,2017-04,2018-08,51.59106382978724,922,0.00017840226344367755,0.901879131072278,0.29789983844911144
ed859002ad59dbf8cf3602696a6c3000,2421.7,7,13,2,4.233333333333333,2016-10,2017-01,345.95714285714286,923,0.00017817565361870103,0.9020573067258967,0.29822294022617124
4b0fdb526525f9890eb145bf1534640e,2419.0,18,20,7,4.301587301587301,2018-02,2018-08,134.38888888888889,924,0.0001779770021487541,0.9022352837280454,0.29854604200323104
888faa8bfb0b159c37de6d898b961c31,2418.3,19,23,6,3.7976190476190474,2017-08,2018-08,127.27894736842106,925,0.0001779254999158049,0.9024132092279612,0.2988691437802908
d06d019f72a04e5497a0b64190af170c,2415.93,17,17,5,4.533333333333333,2018-03,2018-08,142.1135294117647,926,0.00017775112806996257,0.9025909603560311,0.2991922455573506
d3f39f05462b79a4562d35893a28f159,2411.3,34,38,10,3.6616666666666666,2017-06,2018-06,70.92058823529412,927,0.00017741047758631286,0.9027683708336175,0.2995153473344103
1354d51653f645349064725ed204e85e,2410.0,18,20,12,4.041666666666667,2017-06,2018-08,133.88888888888889,928,0.00017731483058226432,0.9029456856641997,0.2998384491114701
76833248bbc0e65a0293ec62023e4396,2399.98,2,2,2,5.0,2017-10,2017-11,1199.99,929,0.0001765776129049057,0.9031222632771047,0.30016155088852986
0bb738e4d789e63e2267697c42d35a2d,2388.3,30,31,13,4.538461538461538,2017-02,2018-06,79.61,930,0.00017571826136083895,0.9032979815384655,0.30048465266558966
6bbcb8924baf70b7fe2fe2097e8cd407,2382.5,10,11,7,4.642857142857143,2017-11,2018-08,238.25,931,0.00017529152857354553,0.9034732730670391,0.30080775444264946
acadd4d36859671cb635527c6c977533,2381.0,12,12,7,4.440476190476191,2017-12,2018-08,198.41666666666666,932,0.00017518116664579723,0.9036484542336849,0.3011308562197092
cfe94489ddd337d1e29e12f2a7205d10,2376.0,20,24,7,4.152380952380953,2018-02,2018-08,118.8,933,0.0001748132935533029,0.9038232675272382,0.301453957996769
8a87611c08849ffeeccab52aa798b6c7,2369.8,13,14,3,2.5416666666666665,2017-01,2017-03,182.2923076923077,934,0.00017435713091860998,0.9039976246581568,0.30177705977382874
120476eb7a04c149d14772edaf5d9bf2,2368.8,4,6,2,4.3,2018-07,2018-08,592.2,935,0.0001742835563001111,0.9041719082144569,0.30210016155088854
f615fe7efbef0f4f08fd3086bc7a3e60,2359.27,23,24,4,4.05,2017-07,2017-10,102.57695652173913,936,0.0001735823901858169,0.9043454906046428,0.3024232633279483
4978a02ea9c8be7a9b5480680f40334e,2356.61,18,19,6,3.5972222222222228,2018-03,2018-08,130.92277777777778,937,0.00017338668170060993,0.9045188772863434,0.3027463651050081
8603f0038fe0e52fedd3382d266723de,2355.0,10,10,6,4.133333333333334,2017-04,2018-01,235.5,938,0.00017326822656482674,0.9046921455129082,0.3030694668820679
3504c0cb71d7fa48d967e0e4c94d59d9,2349.94,53,53,5,4.472294372294373,2017-07,2017-11,44.338490566037734,939,0.0001728959389952225,0.9048650414519035,0.3033925686591276
4391ea5c5990502176a1dcda44a2373d,2349.0,3,5,3,4.666666666666667,2017-10,2018-05,783.0,940,0.00017282677885383356,0.9050378682307574,0.3037156704361874
5a93f3ab0ef4c84ed5e1b5dbf23978bc,2338.25,39,44,11,4.84040404040404,2017-05,2018-03,59.955128205128204,941,0.00017203585170497075,0.9052099040824624,0.30403877221324715
34f563c82a85b99ae9e6d60db5fc2e28,2332.3,8,8,4,4.625,2018-04,2018-08,291.5375,942,0.00017159808272490252,0.9053815021651873,0.30436187399030695
8bdd8e3fd58bafa48af76b2c5fd71974,2324.82,11,11,5,4.75,2018-01,2018-08,211.34727272727275,943,0.000171047744578531,0.9055525499097659,0.3046849757673667
1d4587203296c8f4ad134dc286fa6db0,2323.3,42,43,9,4.22067901234568,2017-12,2018-08,55.31666666666667,944,0.00017093591115841273,0.9057234858209243,0.3050080775444265
df91910b6a03bb2e3358fa6a35e32f6f,2312.1000000000004,14,14,3,4.233333333333333,2018-06,2018-08,165.15000000000003,945,0.00017011187543122547,0.9058935976963556,0.3053311793214863
daeb5653dd96c1b11860f72209795012,2305.9,40,41,12,4.0095238095238095,2017-09,2018-08,57.6475,946,0.0001696557127965325,0.9060632534091521,0.30565428109854603
fd386aa7bed2af3c7035c65506c9b4a3,2304.15,69,76,7,3.9711915535444944,2018-02,2018-08,33.393478260869564,947,0.00016952695721415947,0.9062327803663662,0.30597738287560583
6338ea67c41078a46ad99cc009654956,2286.09,37,44,17,4.627450980392157,2017-02,2018-08,61.78621621621622,948,0.00016819819960406997,0.9064009785659703,0.30630048465266557
9a84ba99f5367fdbd4598363496f1ea2,2284.98,16,16,9,3.611111111111111,2017-03,2018-07,142.81125,949,0.00016811653177753623,0.9065690950977479,0.30662358642972537
7238a95bb63ef7e498389fb863b834a1,2265.7,15,15,5,4.677777777777778,2018-04,2018-08,151.04666666666665,950,0.0001666980131328781,0.9067357931108807,0.3069466882067851
e8f6dc8e6a1dcde89d20e3995c8d90b3,2256.34,36,48,9,3.811287477954145,2016-10,2017-11,62.67611111111111,951,0.00016600935470372874,0.9069018024655844,0.3072697899838449
8fe8786ee000001ab51d030dfd4a7bf1,2255.0,5,5,4,4.5,2017-11,2018-06,451.0,952,0.00016591076471494026,0.9070677132302993,0.3075928917609047
655220df33262c7e0c4949a147366f94,2245.0,13,15,5,4.083333333333334,2018-01,2018-05,172.69230769230768,953,0.00016517501852995162,0.9072328882488293,0.30791599353796445
7b8e8ec35bad4b0ef7e3963650b0a87b,2244.2799999999997,5,5,3,4.833333333333333,2018-04,2018-07,448.85599999999994,954,0.0001651220448046324,0.907398010293634,0.30823909531502425
1b1ae47a313a825a7ccceb8e2e30fa9d,2243.9,11,11,5,3.2,2017-10,2018-05,203.9909090909091,955,0.00016509408644960286,0.9075631043800836,0.308562197092084
3e8bd881d92466e63ba9e3e809cd3c50,2242.28,9,10,3,3.9166666666666665,2018-02,2018-04,249.14222222222224,956,0.00016497489556763472,0.9077280792756512,0.3088852988691438
5abb8ea023c77787f2c15da891c8d384,2241.0,13,13,7,3.9642857142857144,2017-02,2017-12,172.3846153846154,957,0.00016488072005595617,0.9078929599957072,0.30920840064620353
54583ab379489add547fe47b628db589,2240.0,10,10,2,4.666666666666666,2018-07,2018-08,224.0,958,0.0001648071454374573,0.9080577671411446,0.3095315024232633
e5f9e61ceb5f523cc966e0f34095032f,2238.0,4,4,3,4.333333333333333,2017-07,2018-02,559.5,959,0.00016465999620045955,0.908222427137345,0.3098546042003231
cac876b37d3abcd6bd76caca30277996,2229.77,27,33,6,4.491071428571428,2018-02,2018-07,82.58407407407407,960,0.0001640544770902139,0.9083864816144352,0.31017770597738287
b83cedfb587e7911540e3f576d6917ce,2224.95,24,25,11,4.1805194805194805,2017-06,2018-05,92.70625,961,0.00016369984742904936,0.9085501814618643,0.31050080775444266
b74d1c09cb380e1d03a6f859c6f4224b,2221.6,31,39,7,4.190476190476191,2018-02,2018-08,71.66451612903225,962,0.00016345337245707818,0.9087136348343213,0.3108239095315024
fb89df7f89fd1b8f03fa2acca1ba7364,2220.0,22,25,8,4.059523809523809,2017-10,2018-08,100.9090909090909,963,0.00016333565306748,0.9088769704873888,0.3111470113085622
3a4127e1ba7208ea37044c5092aae170,2219.6,6,6,5,3.3,2018-04,2018-08,369.93333333333334,964,0.00016330622322008044,0.9090402767106088,0.31147011308562195
747e73c01a4593d4cf60dcf970fd2689,2217.99,3,3,2,4.5,2018-03,2018-04,739.3299999999999,965,0.00016318776808429725,0.9092034644786932,0.31179321486268174
77a515caa36327151d1cc6c32a9f00e1,2217.3900000000003,26,26,6,3.8666666666666667,2018-02,2018-08,85.28423076923079,966,0.000163143623313198,0.9093666081020063,0.31211631663974154
abbf6046bbdf1028606a5bc7f00c99e7,2217.15,7,7,5,4.3,2018-01,2018-05,316.7357142857143,967,0.00016312596540475825,0.9095297340674111,0.3124394184168013
f214d28e8d8e3ef068748498ccc2f813,2212.41,54,59,11,4.061033411033411,2017-08,2018-08,40.970555555555556,968,0.0001627772217130736,0.9096925112891242,0.3127625201938611
4992e76a42cb3aad7a7047e0d3d7e729,2211.1,57,74,16,3.876407967032967,2017-05,2018-08,38.791228070175436,969,0.0001626808389628401,0.9098551921280871,0.3130856219709208
e5475dcab1e07b63d7f6e902d8f5eda8,2192.0,19,19,11,4.121212121212121,2017-09,2018-08,115.36842105263158,970,0.00016127556374951178,0.9100164676918366,0.3134087237479806
91f0eec23d4a61d7d7caeefa3f0ad1ca,2190.8,11,11,7,3.5,2017-02,2018-07,199.16363636363639,971,0.00016118727420731316,0.910177654966044,0.31373182552504036
0725b8c0f3f906e58f70cbe76b7c748c,2190.3,17,37,7,3.6142857142857143,2017-01,2018-08,128.84117647058824,972,0.0001611504868980637,0.910338805452942,0.31405492730210016
14a08204d03bb6b6bde8029f801ae0eb,2185.4,28,38,6,4.113888888888889,2018-03,2018-08,78.05,973,0.00016078997126741927,0.9104995954242094,0.31437802907915996
30c7f28fd3a5897b2c82d152bb760c17,2178.27,7,7,4,1.6666666666666667,2017-04,2017-11,311.18142857142857,974,0.00016026538423752237,0.910659860808447,0.3147011308562197
8ca1551acf9832a4cf467bbbac15851f,2176.4,11,12,5,3.65,2018-02,2018-08,197.85454545454547,975,0.00016012779970092948,0.910819988608148,0.3150242326332795
53d00c40e32aeb924a84ce72b1af869d,2165.85,17,17,5,4.45,2018-01,2018-08,127.40294117647058,976,0.00015935158747576645,0.9109793401956238,0.31534733441033924
2be17df1c49978426251562096c3cc09,2165.0,16,16,11,4.318181818181818,2017-01,2018-06,135.3125,977,0.00015928904905004241,0.9111386292446738,0.31567043618739904
0ffa40d54288e4f3499b8780dd0f144f,2162.8,33,35,5,4.578888888888889,2018-01,2018-05,65.53939393939395,978,0.00015912718488934495,0.9112977564295631,0.3159935379644588
7fc87cc3e89b3d1d5cabdca32f8485aa,2153.9,14,14,4,3.3333333333333335,2018-05,2018-08,153.85,979,0.00015847237078470502,0.9114562288003478,0.3163166397415186
72bc2cce903c872fe376a8faaa81d237,2149.2,17,18,8,4.708333333333333,2017-09,2018-08,126.42352941176469,980,0.00015812657007776036,0.9116143553704256,0.3166397415185784
b56906f7fd1696e043f1bcce164c487b,2148.49,40,42,17,4.156582633053222,2016-10,2018-08,53.71225,981,0.00015807433209862615,0.9117724297025241,0.3169628432956381
373ee4a3a775a733770ca3f790b8b9ac,2141.4900000000002,13,22,10,4.033333333333333,2017-02,2018-05,164.73000000000002,982,0.00015755930976913413,0.9119299890122933,0.3172859450726979
0ed6ce5d87fd9c69eaacaeb778d67235,2141.42,43,43,11,4.422294372294372,2017-10,2018-08,49.80046511627907,983,0.0001575541595458392,0.9120875431718392,0.31760904684975766
723cd880edaacdb998898b67c8f9da30,2136.5299999999997,11,12,5,3.8166666666666664,2018-03,2018-08,194.23,984,0.0001571943796613797,0.9122447375515005,0.31793214862681746
f5f2ab9bdb6b30c14c61be68c5ed37da,2134.6800000000003,18,18,9,4.111111111111111,2016-10,2017-12,118.59333333333335,985,0.00015705826661715686,0.9124017958181176,0.3182552504038772
87d30a6a0cbf89356e49324971ab1d24,2134.13,17,17,7,4.4523809523809526,2017-12,2018-06,125.53705882352942,986,0.00015701780057698246,0.9125588136186946,0.318578352180937
9bcdfa7b615b3abb9461d9e3ad9886ae,2126.07,14,20,9,4.2407407407407405,2017-01,2018-04,151.86214285714286,987,0.00015642478915188162,0.9127152384078465,0.3189014539579968
13074f016982ff2bd6c58ced8682f000,2116.0,14,15,7,4.163265306122449,2017-11,2018-07,151.14285714285714,988,0.00015568389274359803,0.9128709223005901,0.31922455573505654
8f78f0903005064036736c7173a5c2ed,2113.7,13,21,10,3.725,2017-04,2018-07,162.59230769230768,989,0.00015551467112105065,0.9130264369717112,0.31954765751211633
cf2384dd2f1dddea3f838efed0945e65,2101.5,16,16,8,3.5625,2017-03,2018-08,131.34375,990,0.00015461706077536452,0.9131810540324865,0.3198707592891761
ffdd9f82b9a447f6f8d4b91554cc7dd3,2101.2,18,20,11,4.378787878787879,2017-03,2018-08,116.73333333333332,991,0.00015459498838981482,0.9133356490208763,0.3201938610662359
e9511df20ccd82658a30c37b7fb343af,2096.6,22,30,9,4.2407407407407405,2017-11,2018-08,95.3,992,0.00015425654514472005,0.9134899055660209,0.3205169628432956
3bfba5a77604f6dfae7e6dd7aaf65821,2095.5,4,4,1,5.0,2018-08,2018-08,523.875,993,0.00015417561306437132,0.9136440811790854,0.3208400646203554
7f7b8245c336066a1f9933c359f11d77,2094.36,38,43,5,4.6873015873015875,2018-04,2018-08,55.114736842105266,994,0.00015409173799928262,0.9137981729170847,0.3211631663974152
8de8fe3af4449ed695d2434c933ed73e,2090.0,1,1,1,5.0,2018-08,2018-08,2090.0,995,0.00015377095266262756,0.9139519438697473,0.32148626817447495
165b1235e9e9942cb5fae67103576fb0,2085.15,11,16,4,4.491666666666667,2018-05,2018-08,189.5590909090909,996,0.00015341411576290807,0.9141053579855102,0.32180936995153475
f7720c4fa8e3aba4546301ab80ea1f1b,2083.45,60,78,16,4.105208333333334,2017-03,2018-08,34.72416666666666,997,0.00015328903891146,0.9142586470244216,0.3221324717285945
e6a69c4a27dfdd98ffe5aa757ad744bc,2076.2,24,29,12,4.001388888888889,2017-02,2018-06,86.50833333333333,998,0.00015275562292734322,0.914411402647349,0.3224555735056543
6aa3928696eab49a19a466e665a649fd,2075.0,18,22,5,4.497777777777777,2018-03,2018-08,115.27777777777777,999,0.0001526673333851446,0.9145640699807341,0.32277867528271403
082e0bf4cb865a6533b1e8e498cc0255,2073.3,11,23,7,3.642857142857143,2017-10,2018-08,188.4818181818182,1000,0.00015254225653369652,0.9147166122372679,0.32310177705977383
6b536a23086fba0d58c08d68814397f6,2068.8,19,23,8,3.742857142857143,2017-10,2018-07,108.8842105263158,1001,0.00015221117075045164,0.9148688234080183,0.32342487883683363
e38db885400cd35c71dfd162f2c1dbcf,2066.8,30,32,11,4.443181818181818,2017-08,2018-08,68.89333333333335,1002,0.0001520640215134539,0.9150208874295318,0.32374798061389337
ea65d8b58316a6f2362f2a9e4b3e86ad,2061.4,9,16,4,3.375,2018-03,2018-08,229.04444444444445,1003,0.00015166671857356004,0.9151725541481054,0.32407108239095317
412a4720f3e9431b4afa1476a1acddbe,2058.1,21,22,10,4.3,2017-09,2018-08,98.0047619047619,1004,0.00015142392233251375,0.9153239780704379,0.3243941841680129
dc8798cbf453b7e0f98745e396cc5616,2056.3,41,51,10,3.3707142857142856,2016-10,2017-11,50.15365853658537,1005,0.00015129148801921582,0.915475269558457,0.3247172859450727
9449f25aeaf531019b76999ea49a6949,2046.4500000000003,10,10,5,4.433333333333333,2017-06,2018-04,204.64500000000004,1006,0.00015056677802700202,0.9156258363364841,0.32504038772213245
bc2ac6b95e1accce9858528ee566c17e,2045.0,18,22,8,4.7625,2017-08,2018-05,113.61111111111111,1007,0.00015046009483017864,0.9157762964313143,0.32536348949919225
c6381d2d013342748761e906d45aff76,2042.98,15,28,9,3.685185185185185,2017-10,2018-07,136.19866666666667,1008,0.00015031147410081094,0.9159266079054151,0.32568659127625205
f41ce2e25237f9092cd8e6e7516c7a2f,2030.9,27,28,11,4.408008658008658,2016-10,2017-12,75.21851851851852,1009,0.00014942269270934466,0.9160760305981245,0.3260096930533118
78c99c6dff4eeae5be99bf635ed21e3f,2030.88,31,39,7,4.247619047619048,2017-02,2017-08,65.51225806451613,1010,0.00014942122121697467,0.9162254518193415,0.3263327948303716
71592660bbcb6a4664e97b6f8b68babc,2027.18,6,7,5,4.3,2018-02,2018-07,337.86333333333334,1011,0.00014914899512852889,0.91637460081447,0.32665589660743133
bf84056e679dbe9c69929847a40e338f,2024.04,36,40,3,3.4460317460317462,2018-02,2018-04,56.22333333333333,1012,0.00014891797082644244,0.9165235187852964,0.3269789983844911
4c8b8048e33af2bf94f2eb547746a916,2020.73,23,27,7,3.2357142857142853,2017-08,2018-08,87.85782608695652,1013,0.0001486744388392112,0.9166721932241356,0.32730210016155087
fac1a9017ade7bdc94058fc1c969f355,2010.8400000000001,9,10,3,4.666666666666667,2018-05,2018-08,223.42666666666668,1014,0.00014794678586225744,0.9168201400099979,0.32762520193861067
1782ce2db72c3dda627d5e7c898104e1,2010.8,9,10,7,4.428571428571429,2017-02,2018-05,223.42222222222222,1015,0.00014794384287751747,0.9169680838528754,0.32794830371567046
3a1a1fec38dd360f15fc912e821e169d,2007.3799999999999,15,15,7,3.9523809523809526,2017-10,2018-05,133.82533333333333,1016,0.00014769221768225134,0.9171157760705577,0.3282714054927302
2f09f7d37a97956d11cc1a7cadd5262b,2005.0,11,12,6,3.2916666666666665,2017-02,2017-09,182.27272727272728,1017,0.00014751711009022405,0.9172632931806479,0.32859450726979
116ccb1a1604bc88e4d234a8c23f33de,2004.8899999999999,61,73,10,4.685462454212454,2017-11,2018-08,32.86704918032787,1018,0.00014750901688218916,0.9174108021975301,0.32891760904684975
d6ab728cf30867cf3f1a2e216ae2f9b7,2002.0,12,14,6,4.611111111111111,2018-03,2018-08,166.83333333333334,1019,0.00014729638623472746,0.9175580985837648,0.32924071082390954
3d2531eccfbde1d7c8db7a3a12fb267a,1999.54,10,10,5,4.354166666666667,2018-04,2018-08,199.954,1020,0.00014711539267322024,0.917705213976438,0.3295638126009693
8ec76bb0965af3f007692b26fa9d6623,1999.0,1,1,1,5.0,2017-11,2017-11,1999.0,1021,0.00014707566237923085,0.9178522896388173,0.3298869143780291
17908cf9b444ee34047cadd5c0f4a516,1993.99,11,11,7,4.714285714285714,2017-09,2018-08,181.2718181818182,1022,0.00014670705354055154,0.9179989966923578,0.3302100161550888
bf100ecb7997df312b285358fb32f92c,1991.9,20,21,10,4.625,2017-01,2018-02,99.595,1023,0.0001465532825878889,0.9181455499749457,0.3305331179321486
c013e57c075a06e5b5c48ee03c525719,1971.5500000000002,42,45,7,4.344557823129252,2018-02,2018-08,46.94166666666667,1024,0.00014505603910143703,0.9182906060140471,0.3308562197092084
91f5779a8731baca4809fdeade81803f,1971.46,6,6,4,4.125,2017-11,2018-04,328.57666666666665,1025,0.00014504941738577212,0.9184356554314329,0.33117932148626816
1690cada046eb7e92c12f98b1f8a8167,1959.0,11,11,4,4.375,2018-04,2018-08,178.0909090909091,1026,0.00014413267763927626,0.9185797881090721,0.33150242326332796
93b9a99027bd8bd6af682aff18dd19bf,1953.0,20,21,14,4.142857142857143,2017-01,2018-08,97.65,1027,0.00014369122992828308,0.9187234793390004,0.3318255250403877
6df688df543f90e9b38f4319e75a9d88,1949.96,40,56,11,4.456818181818182,2017-01,2017-11,48.749,1028,0.00014346756308804653,0.9188669469020885,0.3321486268174475
272f092de69afedd4d2969440b37f18f,1935.33,26,40,10,3.512932900432901,2017-02,2017-11,74.43576923076922,1029,0.00014239116641940813,0.9190093380685079,0.33247172859450724
4e5725ba188db8252977a4f0227bd462,1930.5900000000001,22,25,4,3.5277777777777777,2018-02,2018-05,87.75409090909092,1030,0.00014204242272772353,0.9191513804912357,0.33279483037156704
cd843d4cf8ef32827de0396605163ba3,1915.0,5,5,5,3.8,2017-07,2018-08,383.0,1031,0.0001408953944253262,0.919292275885661,0.33311793214862684
1b8b75e227c9a9c100d0c210fb6176ce,1914.8300000000002,19,19,6,3.352777777777778,2017-01,2017-11,100.78052631578949,1032,0.00014088288674018142,0.9194331587724012,0.3334410339256866
9dda5bbacd45e18d6485fee649205d09,1912.6000000000001,19,22,13,4.230769230769231,2017-03,2018-08,100.66315789473686,1033,0.00014071881534092893,0.9195738775877421,0.3337641357027464
f5f1f2c5f923f36ad79ea1d07185ddc9,1912.15,12,13,3,2.433333333333333,2018-02,2018-04,159.34583333333333,1034,0.00014068570676260445,0.9197145632945047,0.3340872374798061
901b460cdce0c64e471230d7f2f9f3a3,1904.0,5,5,4,4.25,2017-10,2018-07,380.8,1035,0.0001400860736218387,0.9198546493681266,0.3344103392568659
e2c92f9c1c7746d899d18f2e158bbff7,1894.7,14,14,5,3.9666666666666672,2018-04,2018-08,135.3357142857143,1036,0.00013940182966979927,0.9199940511977963,0.33473344103392566
112453736dbe3889cfb74e1aaa0ba0c1,1890.0,7,14,3,3.8333333333333335,2018-06,2018-08,270.0,1037,0.00013905602896285458,0.9201331072267591,0.33505654281098546
5ab05b6d86d417796c69ffd6774ec832,1886.1,10,12,9,3.888888888888889,2017-01,2018-08,188.60999999999999,1038,0.000138769087950709,0.9202718763147099,0.33537964458804526
65b081a070633e057c462abdd6fb9dd8,1885.0900000000001,19,20,8,4.46875,2017-10,2018-05,99.21526315789474,1039,0.00013869477758602516,0.9204105710922958,0.335702746365105
5debea795b07621e1f90532e18f96145,1883.78,25,33,11,4.257142857142857,2017-10,2018-08,75.3512,1040,0.00013859839483579164,0.9205491694871316,0.3360258481421648
7ade73f1b9b4e965f9009a4c3a7e2c15,1880.3000000000002,27,28,5,4.860606060606061,2018-04,2018-08,69.64074074074075,1041,0.00013834235516341562,0.920687511842295,0.33634894991922454
e24d3429d294b2eb200b064ebb035879,1878.58,19,22,3,4.33015873015873,2018-06,2018-08,98.87263157894736,1042,0.00013821580681959756,0.9208257276491146,0.33667205169628434
5b33b527da3c5b969cc99dc435cad09a,1872.79,16,17,8,4.239583333333333,2017-01,2018-08,117.049375,1043,0.00013778980977848911,0.9209635174588932,0.3369951534733441
392e0502231ae2f8b29994ef6398cd77,1871.7,20,20,8,4.3,2017-01,2018-07,93.58500000000001,1044,0.00013770961344432536,0.9211012270723374,0.3373182552504039
95ec4458365c4d11f452ccf538377619,1866.76,27,31,7,4.539965986394558,2018-01,2018-08,69.13925925925926,1045,0.00013734615482894098,0.9212385732271664,0.3376413570274637
0417b067eeab773d2f7061a726dc477f,1859.18,13,13,5,4.216666666666667,2018-03,2018-08,143.01384615384615,1046,0.00013678845922071958,0.9213753616863871,0.3379644588045234
c8467937e403e76a8ee9f0ab13f6f5ef,1853.79,30,33,8,4.195238095238095,2017-09,2018-08,61.793,1047,0.0001363918920270107,0.9215117535784141,0.3382875605815832
4b1eaadf791bdbbad8c4a35b65236d52,1849.79,8,8,2,2.3333333333333335,2016-10,2017-03,231.22375,1048,0.00013609759355301523,0.9216478511719671,0.33861066235864296
a4bd6e9adf39b63f43dc545d3ca1f53d,1848.59,4,5,4,4.5,2017-04,2018-05,462.1475,1049,0.00013600930401081658,0.9217838604759779,0.33893376413570275
74bafed391319577bce6f4d2acc0589a,1847.0,3,3,3,2.6666666666666665,2017-09,2018-04,615.6666666666666,1050,0.0001358923203674034,0.9219197527963453,0.3392568659127625
d97df38225e5abadaff1e72cb72b823c,1846.0,29,29,9,3.8981481481481484,2017-11,2018-08,63.6551724137931,1051,0.00013581874574890453,0.9220555715420942,0.3395799676898223
a36b125ac6d5fdbc7f50de85c9157bdc,1843.64,24,26,14,3.857142857142857,2016-10,2018-08,76.81833333333334,1052,0.00013564510964924722,0.9221912166517434,0.3399030694668821
ffeee66ac5d5a62fe688b9d26f83f534,1839.8600000000001,14,14,7,3.892857142857143,2017-09,2018-05,131.41857142857143,1053,0.00013536699759132153,0.9223265836493347,0.34022617124394183
6a38087bc8ad4f89ff453561005f6dea,1833.43,15,22,4,4.401785714285714,2018-05,2018-08,122.22866666666667,1054,0.0001348939127943738,0.9224614775621292,0.34054927302100163
c679fb69a36e1d8349e8c50a217b4d58,1825.68,14,17,2,3.875,2018-07,2018-08,130.40571428571428,1055,0.0001343237095010076,0.9225958012716302,0.3408723747980614
5075aaa8404020ae6aa8bf4792099b41,1822.8,13,23,9,3.7222222222222223,2017-03,2018-01,140.2153846153846,1056,0.00013411181459973087,0.92272991308623,0.34119547657512117
729b2d09b2a0bdab221076327f13d050,1822.11,49,61,9,4.594045025417575,2017-11,2018-08,37.185918367346936,1057,0.00013406104811296664,0.922863974134343,0.3415185783521809
55bb6fe5bebe5012e2d7d9928e1128ff,1816.55,15,16,6,3.6666666666666665,2018-01,2018-07,121.10333333333332,1058,0.00013365197323411297,0.9229976261075771,0.3418416801292407
a5a1bfcf728ab0e19182959cf0771ee4,1812.96,21,24,7,4.297619047619048,2018-01,2018-08,86.33142857142857,1059,0.00013338784035370205,0.9231310139479307,0.3421647819063005
5b85809efd0d0e4dea1a9544e1280ed9,1804.6000000000001,12,14,4,4.208333333333334,2018-05,2018-08,150.38333333333335,1060,0.00013277275654305154,0.9232637867044737,0.34248788368336025
411f3b52d857390502ee4e4d5ceabc2d,1804.01,21,30,5,4.094444444444444,2018-04,2018-08,85.90523809523809,1061,0.0001327293475181372,0.9233965160519919,0.34281098546042005
7fdb0720c8d7c9075538b365dc8c3a22,1804.0,9,10,4,2.5416666666666665,2018-04,2018-07,200.44444444444446,1062,0.00013272861177195222,0.9235292446637638,0.3431340872374798
2ff6b7bff164ef05590a52734e1296da,1803.59,7,7,5,4.7,2017-11,2018-05,257.6557142857143,1063,0.00013269844617836766,0.9236619431099422,0.3434571890145396
15fa791d5e017f66402dc28c44480657,1802.0,8,8,3,3.4333333333333336,2018-02,2018-06,225.25,1064,0.00013258146253495448,0.9237945245724771,0.34378029079159933
c3e1abd72a42fe690fcd89cf5720fe29,1798.61,13,13,4,4.291666666666667,2018-05,2018-08,138.35461538461539,1065,0.0001323320445782433,0.9239268566170554,0.3441033925686591
1976a05ecf2996d6ffb7b5430e635fe7,1796.2,8,9,5,4.0,2017-02,2017-09,224.525,1066,0.00013215472974766106,0.9240590113468031,0.3444264943457189
dfc475d54e1b6dbeeb7d7d9bdaa63827,1793.76,19,21,7,4.421428571428572,2018-02,2018-08,94.40842105263158,1067,0.00013197520767852384,0.9241909865544816,0.34474959612277867
5b581417df4480f632484ba681e53944,1790.6,12,13,7,3.0476190476190474,2017-07,2018-02,149.21666666666667,1068,0.00013174271188406741,0.9243227292663657,0.34507269789983847
406740ee611378a662d274c7d8c43c4a,1790.0,8,10,2,4.208333333333333,2018-03,2018-04,223.75,1069,0.0001316985671129681,0.9244544278334786,0.3453957996768982
fa3a0b5aabb344b9a92e3524b0202123,1789.0,7,7,4,4.291666666666667,2018-01,2018-06,255.57142857142858,1070,0.00013162499249446923,0.9245860528259731,0.345718901453958
81783131d2a97c8d44d406a4be81b5d9,1782.54,13,15,2,3.6,2018-07,2018-08,137.11846153846153,1071,0.00013114970045896657,0.9247172025264321,0.34604200323101775
293dee954235e4e4e43f129313625ebe,1778.92,8,8,3,5.0,2017-10,2018-01,222.365,1072,0.0001308833603400007,0.924848085886772,0.34636510500807755
07bf9669d84d1f11be443a9dd938f698,1776.0,18,24,10,3.513333333333333,2017-03,2018-06,98.66666666666667,1073,0.00013066852245398398,0.9249787544092261,0.34668820678513734
3481aa57cd91f9f9d3fa1fa12d9a3bf7,1773.03,25,25,7,4.071428571428571,2016-10,2017-08,70.9212,1074,0.00013045000583704236,0.9251092044150631,0.3470113085621971
ca4b77513ac2040591b0d8fae6958380,1772.45,14,15,2,4.666666666666666,2018-07,2018-08,126.60357142857143,1075,0.00013040733255831303,0.9252396117476214,0.3473344103392569
d5b9a084373da994a6e37f732169a853,1769.0,7,7,4,2.791666666666667,2018-01,2018-05,252.71428571428572,1076,0.00013015350012449194,0.9253697652477458,0.3476575121163166
3ca08eeb8d5595949fed424bd3677742,1768.87,14,14,8,4.5,2017-05,2018-01,126.34785714285714,1077,0.00013014393542408708,0.9254999091831699,0.3479806138933764
c8417879a15366a17c30af34c798c332,1767.9,26,36,8,4.082291666666666,2017-02,2017-09,67.99615384615385,1078,0.0001300725680441432,0.925629981751214,0.34830371567043616
f63d8f293af3a6454377546bd9dd19ff,1751.8200000000002,17,28,9,4.172222222222222,2017-05,2018-02,103.04823529411766,1079,0.00012888948817868146,0.9257588712393927,0.34862681744749596
cb810bd318f51b3dc3c753944d61a1fa,1750.0,1,1,1,4.0,2018-08,2018-08,1750.0,1080,0.0001287555823730135,0.9258876268217657,0.34894991922455576
dd4d95ba2d15c071e6c695e2ef6ce169,1748.0,4,4,2,4.25,2018-07,2018-08,437.0,1081,0.00012860843313601577,0.9260162352549017,0.3492730210016155
4bf658053d453036c70976bccb2c31b2,1742.99,2,2,2,4.5,2017-04,2017-05,871.495,1082,0.00012823982429733646,0.9261444750791991,0.3495961227786753
198c7ea11960a9844b544d9bcdca860c,1733.75,25,25,7,3.707142857142857,2017-01,2017-08,69.35,1083,0.00012755999482240695,0.9262720350740214,0.34991922455573504
6ddc28b61be28373b4503a1f61cf98a9,1732.9,11,11,3,4.222222222222222,2018-06,2018-08,157.53636363636363,1084,0.00012749745639668291,0.9263995325304182,0.35024232633279484
c5f7feb04a6a1fb3596322bfc3cf1917,1720.6,11,11,3,4.466666666666667,2018-06,2018-08,156.4181818181818,1085,0.00012659248858914687,0.9265261250190073,0.3505654281098546
d3674f271c91f824f82d24d92011f669,1718.3000000000002,20,20,11,4.0,2017-07,2018-08,85.915,1086,0.0001264232669665995,0.9266525482859739,0.3508885298869144
a70e9066dbfd10b6b97a3f54a1356762,1716.0,2,4,2,5.0,2017-04,2017-11,858.0,1087,0.0001262540453440521,0.9267788023313179,0.3512116316639742
8378eb36b6b70c5734e83ad7b8cdc3b7,1714.8,7,13,5,4.05,2017-12,2018-07,244.97142857142856,1088,0.00012616575580185347,0.9269049680871198,0.3515347334410339
7139dc5186aa238b006e066d8fbab2e4,1712.0,22,24,8,4.222448979591837,2018-01,2018-08,77.81818181818181,1089,0.00012595974687005664,0.9270309278339898,0.3518578352180937
656591be56071d4c9ef4e5fee78a578a,1702.0,7,11,3,4.708333333333333,2017-03,2017-05,243.14285714285714,1090,0.000125224000685068,0.9271561518346748,0.35218093699515346
6b1c4d4d9ccf0be3d8544eb0e71e5318,1699.0,1,1,1,5.0,2018-03,2018-03,1699.0,1091,0.0001250032768295714,0.9272811551115043,0.35250403877221326
f235413f677777a0738ff215d0184901,1696.7,3,3,2,3.0,2017-01,2017-02,565.5666666666667,1092,0.000124834055207024,0.9274059891667114,0.352827140549273
1dfe5347016252a7884b694d4f10f5c4,1693.5,21,27,6,3.3495370370370368,2017-10,2018-04,80.64285714285714,1093,0.00012459861642782763,0.9275305877831391,0.3531502423263328
731ef20c231d9a7103a425e83fd91271,1692.0,2,3,1,3.6666666666666665,2017-10,2017-10,846.0,1094,0.00012448825450007934,0.9276550760376392,0.3534733441033926
f9903dd0f812c7e771fcad47b6fff231,1684.8500000000001,10,15,7,3.0,2017-11,2018-08,168.485,1095,0.00012396219597781246,0.927779038233617,0.35379644588045234
3935fe5fe0f82787a9dcb8deb62be09d,1681.69,16,17,5,4.3047619047619055,2018-04,2018-08,105.105625,1096,0.00012372970018335606,0.9279027679338003,0.35411954765751213
44f091b5abab8018f682fce8124b85e5,1680.1,6,6,3,2.9444444444444446,2017-09,2017-11,280.01666666666665,1097,0.00012361271653994285,0.9280263806503403,0.3544426494345719
bafc5aa11e413978be29040f51342e70,1679.55,9,9,2,3.7,2017-12,2018-01,186.61666666666667,1098,0.00012357225049976849,0.92814995290084,0.3547657512116317
e64d65bc8dbec2accda90c58de5d1246,1678.8000000000002,12,12,3,3.611111111111111,2017-11,2018-03,139.9,1099,0.00012351706953589434,0.9282734699703759,0.3550888529886914
0b18d63d0cd1d723567903fd34a07df2,1678.14,9,14,6,4.75,2017-04,2018-06,186.46,1100,0.00012346851028768508,0.9283969384806635,0.3554119547657512
0ac4201fda2c68ebc0e47cb9423cf3c9,1676.88,13,14,8,4.3125,2017-06,2018-06,128.99076923076925,1101,0.00012337580626837653,0.9285203142869319,0.355735056542811
1dc2de47ee26a0a5b12dc14fd6dc0dea,1670.3,25,27,7,4.547619047619048,2018-02,2018-08,66.812,1102,0.00012289168527865397,0.9286432059722106,0.35605815831987075
77fccaae319668a8ab6cd0fd16aec48c,1667.0,11,12,2,4.0625,2018-05,2018-07,151.54545454545453,1103,0.00012264888903760771,0.9287658548612482,0.35638126009693055
7586919161935337bf6b6d7ff5779648,1664.71,11,18,6,3.5,2017-06,2018-03,151.33727272727273,1104,0.00012248040316124533,0.9288883352644094,0.3567043618739903
5f67c6082caacb26e431a7b17940cece,1662.6,13,14,4,4.0,2018-02,2018-08,127.89230769230768,1105,0.00012232516071621272,0.9290106604251256,0.3570274636510501
53b0300ca793f9834cd69c0678d35ee8,1662.15,5,10,5,5.0,2017-11,2018-07,332.43,1106,0.00012229205213788825,0.9291329524772635,0.35735056542810983
a1040efe9ff4a6f93c28b0499eada8f5,1658.83,1,1,1,5.0,2018-02,2018-02,1658.83,1107,0.00012204778440447199,0.929255000261668,0.35767366720516963
25cf099de44674fde97473224f9d59ab,1654.3600000000001,50,50,14,4.247363945578231,2017-06,2018-08,33.0872,1108,0.00012171890585978209,0.9293767191675277,0.35799676898222943
df0f42bc4c2142eacf0eaf2cffd0cfbb,1654.0,14,16,7,4.128571428571428,2017-11,2018-07,118.14285714285714,1109,0.00012169241899712248,0.9294984115865249,0.35831987075928917
b2a6d334e2833acea353624840e25a0e,1650.9800000000002,25,26,6,4.3,2017-08,2018-06,66.03920000000001,1110,0.00012147022364925592,0.9296198818101742,0.35864297253634897
26e2c91ef821e1ff8985f408788fe35b,1649.4,12,14,6,2.6666666666666665,2018-02,2018-07,137.45000000000002,1111,0.00012135397575202771,0.9297412357859263,0.3589660743134087
ffc470761de7d0232558ba5e786e57b7,1649.01,28,31,7,4.247619047619048,2018-02,2018-08,58.893214285714286,1112,0.00012132528165081314,0.929862561067577,0.3592891760904685
edc518ba25576a0188a0e8f2c3af186f,1647.3899999999999,6,8,3,4.1000000000000005,2018-06,2018-08,274.565,1113,0.00012120609076884497,0.9299837671583459,0.35961227786752825
0887a9f087bcd5d9f6642b52f897fc6c,1642.0,12,12,7,4.476190476190476,2017-02,2017-08,136.83333333333334,1114,0.0001208095235751361,0.930104576681921,0.35993537964458805
7a2d2949aea47fab95fd98d6c9f618b1,1638.99,11,12,9,4.185185185185185,2017-02,2018-06,148.9990909090909,1115,0.00012058806397345452,0.9302251647458945,0.3602584814216478
2a6fbeaa7ab9e5d59a35841a8da71ce4,1632.79,30,30,13,3.8333333333333335,2017-03,2018-07,54.42633333333333,1116,0.00012013190133876155,0.9303452966472332,0.3605815831987076
9b00ed88b7fdb95d6ff76e27c1b52d16,1627.88,47,51,12,4.17962962962963,2017-08,2018-08,34.63574468085107,1117,0.00011977064996193214,0.9304650672971951,0.3609046849757674
3092c0b297aacfb4bb6e056ebe13b9b8,1623.9,19,21,5,3.495238095238095,2018-01,2018-06,85.46842105263158,1118,0.00011947782298030666,0.9305845451201754,0.36122778675282713
f1ed6bd0a9b11b581f16c851c6a5a527,1622.77,17,18,11,4.424242424242424,2017-03,2018-05,95.45705882352941,1119,0.00011939468366140294,0.9307039398038368,0.3615508885298869
15cd6eefe58588619aaed41dfa6621b1,1622.7399999999998,16,18,6,4.033333333333333,2017-07,2018-05,101.42124999999999,1120,0.00011939247642284795,0.9308233322802597,0.36187399030694667
b0f2a6122a90a93eb03e68653dd960e3,1620.3,6,7,4,4.916666666666667,2018-04,2018-08,270.05,1121,0.00011921295435371073,0.9309425452346134,0.36219709208400647
013900e863eace745d3ec7614cab5b1a,1619.7,23,26,7,4.819047619047619,2017-03,2018-04,70.42173913043479,1122,0.00011916880958261142,0.931061714044196,0.3625201938610662
02c988090b766852e088c69d7fb3b551,1618.65,13,17,12,4.583333333333333,2017-07,2018-08,124.51153846153846,1123,0.00011909155623318762,0.9311808056004293,0.362843295638126
d354c38a7182125a748cb10474fe963b,1610.33,18,20,9,4.338888888888889,2017-05,2018-03,89.46277777777777,1124,0.00011847941540727705,0.9312992850158366,0.3631663974151858
8daab2245ebdc277c51098d01c5ad8ef,1604.59,16,16,5,4.583333333333334,2018-04,2018-08,100.286875,1125,0.00011805709709709356,0.9314173421129337,0.36348949919224555
427165bf50f8ca07efc7bdc2bfcf1688,1603.5,5,5,1,3.2,2018-04,2018-04,320.7,1126,0.0001179769007629298,0.9315353190136967,0.36381260096930534
7813ea3ebd9411dc600b4dd01f7a97b9,1599.4,9,9,5,3.96,2017-08,2018-06,177.7111111111111,1127,0.00011767524482708447,0.9316529942585238,0.3641357027463651
850857dfac77488c307e2b1cbd84ab5a,1599.0,1,1,1,5.0,2018-06,2018-06,1599.0,1128,0.00011764581497968491,0.9317706400735034,0.3644588045234249
8a1ff5c35f6595a73fef4c7b96e4908a,1598.0,2,2,2,5.0,2018-06,2018-08,799.0,1129,0.00011757224036118605,0.9318882123138647,0.3647819063004846
081acf3de680d554796c9cf041be7bc2,1597.3,4,8,4,3.25,2017-11,2018-05,399.325,1130,0.00011752073812823684,0.9320057330519929,0.3651050080775444
41b86b552e54e3a7009596125aa8b167,1595.3000000000002,10,11,2,4.285714285714286,2017-03,2017-04,159.53000000000003,1131,0.00011737358889123913,0.932123106640884,0.3654281098546042
8a2d12a90e92f012ce5226fc6592b653,1594.65,18,18,9,4.407407407407407,2017-12,2018-08,88.59166666666667,1132,0.00011732576538921486,0.9322404324062733,0.36575121163166396
39d54ff918774174706fb065d7f9dc07,1593.59,23,25,8,4.031547619047619,2017-11,2018-07,69.28652173913044,1133,0.00011724777629360605,0.9323576801825669,0.36607431340872376
70f84699be677ec988d1fa824aef7d90,1588.3,5,5,5,4.6,2017-04,2018-07,317.65999999999997,1134,0.00011685856656174706,0.9324745387491287,0.3663974151857835
845e8036c3f7bf62099352f5ed910240,1584.6000000000001,21,24,4,3.5464285714285717,2018-05,2018-08,75.45714285714287,1135,0.00011658634047330127,0.932591125089602,0.3667205169628433
f3c38ab652836d21de61fb8314b69182,1581.0,15,15,5,4.433333333333334,2018-04,2018-08,105.4,1136,0.00011632147184670534,0.9327074465614487,0.36704361873990304
134285d1f41da5c13a756ee8142c8a4e,1572.6999999999998,3,4,2,3.166666666666667,2018-06,2018-08,524.2333333333332,1137,0.00011571080251316476,0.9328231573639618,0.36736672051696284
1660ad786c27fd935378b6192a90b417,1570.0,12,13,5,4.5600000000000005,2017-08,2018-07,130.83333333333334,1138,0.00011551215104321784,0.932938669515005,0.36768982229402264
c4fb51fb1c5b7c07bc5e67be6e7e8f6e,1567.9,15,16,10,3.7166666666666663,2017-07,2018-08,104.52666666666667,1139,0.00011535764434437022,0.9330540271593494,0.3680129240710824
47648caee88ccfe951fbb27fbf7b4cbe,1564.99,3,3,2,4.0,2018-04,2018-05,521.6633333333333,1140,0.00011514354220453852,0.9331691707015539,0.3683360258481422
8b87cd0d43d49b9bdf40f56229364d59,1552.9,5,5,3,2.777777777777778,2017-10,2017-12,310.58000000000004,1141,0.00011425402506688725,0.9332834247266208,0.3686591276252019
817f85dbb65aa3e70831d90fe75cdf89,1552.27,11,11,4,4.708333333333333,2016-10,2017-03,141.11545454545455,1142,0.00011420767305723295,0.9333976323996781,0.3689822294022617
0eaa7e33d73809f1f925f7d07c506cbd,1552.0,15,15,11,4.818181818181818,2017-04,2018-08,103.46666666666667,1143,0.00011418780791023827,0.9335118202075884,0.36930533117932146
3785b653b1b82de85ab47dd139938091,1552.0,21,24,10,4.716666666666667,2017-08,2018-08,73.9047619047619,1144,0.00011418780791023827,0.9336260080154987,0.36962843295638126
fe701d88b67eaca109dffd464d1be9f9,1548.9,11,11,6,4.125,2017-11,2018-07,140.8090909090909,1145,0.0001139597265928918,0.9337399677420916,0.36995153473344106
78a4d36f65a019172c6154468831a69f,1545.5,7,7,3,4.3999999999999995,2017-10,2017-12,220.78571428571428,1146,0.00011370957288999565,0.9338536773149816,0.3702746365105008
49cdc90518a4f82676b38b3c1aa43ff6,1539.5,5,5,3,4.0,2018-06,2018-08,307.9,1147,0.00011326812517900246,0.9339669454401606,0.3705977382875606
06bb3a2fe5e7b7a845b13e8fb91bd944,1536.19,17,18,10,4.45,2017-09,2018-07,90.36411764705883,1148,0.00011302459319177121,0.9340799700333523,0.37092084006462034
cbf09e831b0c11f6f23ffb51004db972,1535.2,10,10,4,4.375,2018-05,2018-08,153.52,1149,0.00011295175431945734,0.9341929217876718,0.37124394184168014
3a490ba60afa30ece0e7d50cfe74a4f0,1529.2,8,8,5,4.7,2017-04,2017-12,191.15,1150,0.00011251030660846415,0.9343054320942802,0.3715670436187399
5bf397d04035b5f45cc41e82ec106803,1525.0,3,4,2,4.5,2018-05,2018-07,508.3333333333333,1151,0.00011220129321076892,0.934417633387491,0.3718901453957997
3586b8580d9c917874e053a1bb37b5ff,1524.6999999999998,36,43,14,4.364285714285715,2017-05,2018-08,42.352777777777774,1152,0.00011217922082521925,0.9345298126083161,0.3722132471728595
01bcc9d254a0143f0ce9791b960b2a47,1521.21,11,11,5,4.54,2017-08,2018-02,138.29181818181817,1153,0.00011192244540665821,0.9346417350537228,0.3725363489499192
1ca4bdb0cd7fc48e949bac066188ed26,1520.0,4,4,2,4.5,2018-03,2018-07,380.0,1154,0.00011183342011827459,0.9347535684738411,0.372859450726979
a7c88262832dfc683781d6a421edefae,1520.0,5,5,3,3.8888888888888893,2017-03,2018-02,304.0,1155,0.00011183342011827459,0.9348654018939593,0.37318255250403876
5b97c06a046398e7005b2b7c0d707a92,1519.96,4,4,3,3.3333333333333335,2017-05,2017-07,379.99,1156,0.00011183047713353463,0.9349772323710929,0.37350565428109855
866558b3bccef2dbc6d29a2b5995016f,1519.4,5,6,4,4.75,2017-10,2018-07,303.88,1157,0.00011178927534717527,0.93508902164644,0.3738287560581583
094ced053e257ae8cae57205592d6712,1519.2,19,19,4,3.9863095238095236,2018-04,2018-07,79.9578947368421,1158,0.00011177456042347551,0.9352007962068635,0.3741518578352181
2a61c271b1ac763450d846849783e922,1516.76,18,23,5,3.8472222222222223,2017-09,2018-02,84.26444444444445,1159,0.00011159503835433826,0.9353123912452178,0.3744749596122779
1dd33b8119b3cb1056ed5dc88cd0aaf4,1513.0,8,8,4,3.7916666666666665,2017-11,2018-02,189.125,1160,0.00011131839778878254,0.9354237096430066,0.37479806138933763
a23266650e7c84bb93fbbba502137478,1512.4,11,16,5,3.4466666666666668,2017-08,2017-12,137.4909090909091,1161,0.00011127425301768323,0.9355349838960243,0.37512116316639743
6eb94e1466490d327a09abf8f3552a50,1511.95,10,10,4,3.916666666666667,2018-04,2018-08,151.195,1162,0.00011124114443935874,0.9356462250404637,0.3754442649434572
9b522ba7eae9e1d04082f267144583cc,1507.6,4,6,4,4.25,2017-05,2018-04,376.9,1163,0.00011092109484888866,0.9357571461353126,0.37576736672051697
b33aaadd1a8891d2dfef0c4c3bdf0371,1504.0,16,17,6,4.055555555555556,2018-01,2018-06,94.0,1164,0.00011065622622229275,0.9358678023615349,0.3760904684975767
714b9a1332840f257b49f476bea4e341,1499.94,6,6,3,3.3333333333333335,2018-01,2018-03,249.99,1165,0.00011035751327118737,0.935978159874806,0.3764135702746365
9a03a4e9eb0b947652fae4f6121a3f5e,1497.0,7,7,5,4.2,2018-01,2018-08,213.85714285714286,1166,0.0001101412038928007,0.9360883010786989,0.3767366720516963
02dcd3e8e25bee036e32512bcf175493,1491.9,14,17,6,3.533333333333333,2017-10,2018-08,106.56428571428572,1167,0.0001097659733384565,0.9361980670520373,0.37705977382875605
c7b7db6c8f3c64a7cc1afa634db21d50,1489.0,1,1,1,1.0,2018-03,2018-03,1489.0,1168,0.00010955260694480978,0.9363076196589821,0.37738287560581585
431050a06a317f2b38168dec3dcd2b46,1487.8,12,12,5,4.08,2018-04,2018-08,123.98333333333333,1169,0.00010946431740261113,0.9364170839763848,0.3777059773828756
659e8466eb3ff1b0e8740d74fb7bbedd,1486.8,11,14,8,4.25,2017-05,2018-05,135.16363636363636,1170,0.00010939074278411227,0.9365264747191689,0.3780290791599354
b6e1504972665f739dec4facb9943775,1484.48,14,14,8,4.208333333333333,2017-05,2018-03,106.03428571428572,1171,0.0001092200496691949,0.9366356947688381,0.37835218093699513
9da1ca0bef29ee170e541927a5aeabdc,1484.3999999999999,6,6,3,3.3333333333333335,2017-06,2017-09,247.39999999999998,1172,0.00010921416369971499,0.9367449089325378,0.37867528271405493
52f0fe436a347ddad7ed5f9aa4e27eaa,1484.3700000000001,21,23,5,3.4266666666666667,2018-01,2018-05,70.68428571428572,1173,0.00010921195646116004,0.936854120888999,0.3789983844911147
f918546be4bec7104d117789ba758b2b,1483.0,20,23,6,4.046031746031746,2017-12,2018-06,74.15,1174,0.0001091111592338166,0.9369632320482328,0.37932148626817447
6806dad1da97bfb5a9038eac6881f706,1477.0,10,14,6,4.194444444444444,2017-12,2018-08,147.7,1175,0.0001086697115228234,0.9370719017597556,0.37964458804523427
4d232b78ab7ef10393dc3807d827bc0d,1475.0,5,5,2,4.416666666666666,2018-07,2018-08,295.0,1176,0.00010852256228582568,0.9371804243220414,0.379967689822294
e256a62e0ac58c0edfba09966142d561,1474.1100000000001,12,14,4,4.416666666666667,2018-04,2018-07,122.84250000000002,1177,0.00010845708087536169,0.9372888814029168,0.3802907915993538
5e105f5c9f63f5f1fd75d6cb942e55b1,1471.9,8,8,4,4.5625,2018-05,2018-08,183.9875,1178,0.0001082944809684792,0.9373971758838853,0.38061389337641355
e7f3bf1ecd8526eb7f3b18059e6716e5,1471.54,18,19,6,4.368055555555556,2017-02,2017-09,81.75222222222222,1179,0.0001082679941058196,0.9375054438779911,0.38093699515347335
d1ef48b38baca7e831711c4a0aeb398f,1469.12,29,35,6,4.510683760683761,2018-02,2018-07,50.65931034482758,1180,0.00010808994352905233,0.9376135338215201,0.38126009693053314
7ecd59e5e20407131822c1a68ac59c1f,1466.71,24,29,10,4.366666666666666,2017-11,2018-08,61.11291666666667,1181,0.00010791262869847008,0.9377214464502186,0.3815831987075929
01ed254b9ff8407dfb9d99ba1e17d923,1465.99,5,5,4,5.0,2017-08,2017-11,293.198,1182,0.0001078596549731509,0.9378293061051918,0.3819063004846527
4ba52dfeba874da5b9ee7b17c7494f04,1463.0,11,11,4,4.520833333333334,2017-07,2017-10,133.0,1183,0.00010763966686383929,0.9379369457720557,0.3822294022617124
1284de4ae8aa26997e748c851557cf0e,1459.97,3,3,3,2.6666666666666665,2017-05,2017-10,486.6566666666667,1184,0.00010741673576978774,0.9380443625078254,0.3825525040387722
5145090ab595c0d0b8557199f5701fbf,1459.6,4,4,3,4.166666666666667,2018-03,2018-06,364.9,1185,0.00010738951316094314,0.9381517520209863,0.38287560581583197
97512d3fc193b2d1dfcdba0f9d1f0f8a,1458.87,12,13,6,4.277777777777778,2018-03,2018-08,121.57249999999999,1186,0.00010733580368943898,0.9382590878246758,0.38319870759289176
d7827b2af99326a03b0ed9c7a24db0d3,1455.0,1,1,1,5.0,2018-04,2018-04,1455.0,1187,0.00010705106991584837,0.9383661388945916,0.38352180936995156
a414555ce331b8c8aea4a9cb8395194d,1450.95,7,8,3,3.222222222222222,2018-03,2018-05,207.27857142857144,1188,0.00010675309271092798,0.9384728919873025,0.3838449111470113
0ad80de75c811326389cfb1daba7d45e,1449.4,6,6,4,5.0,2017-10,2018-01,241.5666666666667,1189,0.00010663905205225474,0.9385795310393548,0.3841680129240711
2dcf93836ae3ce0d7c93e2f10876467a,1443.8,9,12,3,4.309523809523809,2018-06,2018-08,160.42222222222222,1190,0.00010622703418866108,0.9386857580735434,0.38449111470113084
dace965ca58120f92f8d742a9fa1864b,1442.0,8,8,3,4.8,2018-03,2018-05,180.25,1191,0.00010609459987536313,0.9387918526734187,0.38481421647819064
66fd84ee7528c0c0de85d0f44a73d5ab,1438.11,11,21,4,2.70625,2017-03,2017-07,130.7372727272727,1192,0.00010580839460940254,0.9388976610680281,0.3851373182552504
5b0cc932433fa5184b5b94bfe6bcc256,1437.8,12,17,3,3.533333333333333,2018-06,2018-08,119.81666666666666,1193,0.0001057855864776679,0.9390034466545057,0.3854604200323102
3771c85bac139d2344864ede5d9341e3,1433.3,26,30,8,4.019791666666666,2017-05,2017-12,55.12692307692308,1194,0.000105454500694423,0.9391089011552002,0.38578352180937
ec933281fb017b5020d06df29c3f77e8,1432.0,8,8,6,5.0,2017-10,2018-07,179.0,1195,0.00010535885369037448,0.9392142600088905,0.3861066235864297
c5f7e746b7e6d07def6c0dae9903279b,1429.0,10,11,4,4.525,2018-04,2018-08,142.9,1196,0.00010513812983487788,0.9393193981387254,0.3864297253634895
0aea4c6ae1505b3228ddf3dd7822ee5b,1427.91,8,8,6,3.9166666666666665,2017-10,2018-04,178.48875,1197,0.00010505793350071413,0.9394244560722261,0.38675282714054926
ffff564a4f9085cd26170f4732393726,1426.3,20,20,4,2.1742424242424243,2016-10,2017-04,71.315,1198,0.00010493947836493095,0.9395293955505911,0.38707592891760906
d9a84e1403de8da0c3aa531d6d108ba6,1425.2,54,59,7,4.606462585034014,2018-02,2018-08,26.392592592592592,1199,0.0001048585462845822,0.9396342540968757,0.3873990306946688
adcf50477d6a1f5d91bb9d54c4903cb5,1425.14,19,38,6,3.2484126984126984,2017-02,2018-06,75.00736842105263,1200,0.00010485413180747228,0.9397391082286832,0.3877221324717286
f5f46307a4d15880ca14fab4ad9dfc9b,1422.94,9,10,4,4.270833333333334,2017-07,2017-11,158.10444444444445,1201,0.00010469226764677477,0.93984380049633,0.3880452342487884
89c127985a8b130cfa45c1d36764017a,1419.57,7,7,6,3.0,2017-06,2018-02,202.79571428571427,1202,0.00010444432118243359,0.9399482448175124,0.38836833602584814
0b0ddbc7b9d9584f442c7ac92b0ff6c9,1416.76,3,3,3,4.666666666666667,2018-03,2018-06,472.25333333333333,1203,0.00010423757650445179,0.9400524823940168,0.38869143780290794
010543a62bd80aa422851e79a3bc7540,1416.0,2,2,2,4.5,2017-07,2017-08,708.0,1204,0.00010418165979439265,0.9401566640538113,0.3890145395799677
17eea220a40cc0d2c0c5346379682398,1414.98,4,4,2,3.833333333333333,2017-09,2017-10,353.745,1205,0.00010410661368352381,0.9402607706674948,0.3893376413570275
af3ef48d0e13835e529c29ac573c63e5,1405.63,21,21,4,3.7928571428571427,2018-05,2018-08,66.93476190476191,1206,0.00010341869100055943,0.9403641893584954,0.3896607431340872
921323538c9f1c4e816f2720eac02bea,1401.8400000000001,15,17,6,3.558333333333333,2017-11,2018-08,93.456,1207,0.00010313984319644873,0.9404673292016918,0.389983844911147
8ff1a9df749e454105c55cda13e79143,1400.6000000000001,13,14,6,3.5555555555555554,2017-11,2018-06,107.73846153846155,1208,0.00010304861066951014,0.9405703778123614,0.3903069466882068
d4ffeb15b67e81ff9af2b4252d99fb7e,1400.3999999999999,11,12,4,4.383333333333333,2018-04,2018-07,127.3090909090909,1209,0.00010303389574581034,0.9406734117081073,0.39063004846526656
04843805947f0fc584fc1969b6e50fe7,1400.0,1,2,1,5.0,2018-08,2018-08,1400.0,1210,0.00010300446589841081,0.9407764161740056,0.39095315024232635
d4e12e7884759a14fa0f5f896c791cae,1400.0,29,32,11,4.694805194805195,2017-09,2018-07,48.275862068965516,1211,0.00010300446589841081,0.940879420639904,0.3912762520193861
b8114f2f589a6804810f04f99b36b498,1399.62,8,11,5,4.733333333333333,2018-04,2018-08,174.9525,1212,0.00010297650754338124,0.9409823971474475,0.3915993537964459
2e1a7d075abe038c1b2743005fe42ff1,1396.7,19,23,8,3.8802083333333335,2017-08,2018-08,73.51052631578948,1213,0.00010276166965736455,0.9410851588171049,0.39192245557350563
8e2b3afb420011ef0c88c9d5f11ea526,1384.5000000000002,11,11,2,4.15,2017-11,2018-01,125.86363636363639,1214,0.00010186405931167841,0.9411870228764165,0.39224555735056543
863d2ebcd347ce4922de7a0f9a5581d6,1382.36,18,19,9,4.207407407407407,2017-07,2018-08,76.79777777777777,1215,0.00010170660962809083,0.9412887294860446,0.3925686591276252
81336a0f57a33776419727a300249e90,1374.8500000000001,16,19,9,3.7925925925925927,2017-07,2018-04,85.92812500000001,1216,0.00010115406424316436,0.9413898835502877,0.392891760904685
88cf19ec1fc2c58f161aee259d57142c,1372.97,14,14,3,4.388888888888889,2018-05,2018-08,98.06928571428571,1217,0.0001010157439603865,0.9414908992942481,0.39321486268174477
8185694b58b2ba6de20fd41ae608bbea,1372.3,8,8,4,4.25,2018-03,2018-08,171.5375,1218,0.00010096644896599224,0.9415918657432141,0.3935379644588045
985c92cc412091f8529c12d7f23d3fef,1368.5,12,12,3,4.666666666666667,2018-05,2018-08,114.04166666666667,1219,0.00010068686541569656,0.9416925526086297,0.3938610662358643
0bebbb2cea103a4a020c95d43fd7d754,1367.2,9,9,3,4.833333333333333,2018-06,2018-08,151.91111111111113,1220,0.00010059121841164805,0.9417931438270414,0.39418416801292405
556a6409838156ea299c9d1f9e2dde43,1362.8,4,4,2,2.5,2018-06,2018-08,340.7,1221,0.00010026749009025303,0.9418934113171317,0.39450726978998385
36890be00bbfc1cdb9a4a38a6af05a69,1361.3,13,13,3,4.388888888888888,2018-06,2018-08,104.71538461538461,1222,0.00010015712816250473,0.9419935684452941,0.3948303715670436
5a425cc503b39b262a847fd6212bf53b,1360.5900000000001,15,15,5,4.328571428571428,2018-04,2018-08,90.706,1223,0.00010010489018337055,0.9420936733354776,0.3951534733441034
a36ac007a4d18f865c8d32c3b2402c2d,1359.7800000000002,9,9,4,2.225,2017-01,2017-09,151.0866666666667,1224,0.00010004529474238647,0.94219371863022,0.3954765751211632
2f73e04d12cdf0c945ded66bb3fcf6c7,1359.0,3,3,3,3.3333333333333335,2017-02,2018-08,453.0,1226,9.998790653995735e-05,0.9422937065367599,0.39579967689822293
091065b789659bc3cd9af9cb3a6253ff,1359.0,2,2,2,3.5,2017-10,2018-01,679.5,1225,9.998790653995735e-05,0.9423936944432999,0.3961227786752827
42ef3192a9ff87a22d1867b74b3ee205,1354.09,23,23,7,4.678571428571429,2018-01,2018-08,58.87347826086956,1227,9.962665516312792e-05,0.9424933210984631,0.39644588045234247
9f50216bfd01913736a55a11b55ea842,1354.0,17,19,3,4.511111111111111,2018-06,2018-08,79.6470588235294,1228,9.962003344746302e-05,0.9425929411319105,0.39676898222940227
04e38a233f726ef161074ab1c9b0399a,1352.2,23,28,7,4.032051282051282,2017-09,2018-05,58.79130434782609,1229,9.948759913416507e-05,0.9426924287310446,0.397092084006462
b9a03475e6447e631b6799ec8274800f,1349.1,10,11,5,4.3,2017-11,2018-07,134.91,1230,9.925951781681858e-05,0.9427916882488615,0.3974151857835218
e439f7176d763f92de325271111b2fd5,1348.4,7,7,3,5.0,2018-05,2018-08,192.62857142857143,1231,9.920801558386939e-05,0.9428908962644453,0.3977382875605816
c3ee2331a724e6fc02c4b698b57a73f3,1347.0,2,3,2,3.0,2017-11,2017-12,673.5,1232,9.910501111797097e-05,0.9429900012755633,0.39806138933764135
7e26c750b4cb9f6766f58265ff9ebe95,1344.3,23,27,9,4.624074074074074,2017-02,2017-10,58.44782608695652,1233,9.890635964802403e-05,0.9430889076352114,0.39838449111470114
20b54c376b794ed028df09a3cd88e8dc,1342.95,11,11,8,2.8333333333333335,2017-09,2018-07,122.08636363636364,1234,9.880703391305057e-05,0.9431877146691244,0.3987075928917609
b43d8b707f887a30f4675391098354a0,1342.0,3,4,2,3.3333333333333335,2018-04,2018-07,447.3333333333333,1235,9.873713802547664e-05,0.9432864518071499,0.3990306946688207
186cdd1b2df32caa72cfb410bba768d3,1341.45,6,6,3,5.0,2018-05,2018-08,223.57500000000002,1236,9.869667198530227e-05,0.9433851484791351,0.3993537964458804
8ea394aed8138685abe1eb9f25e1021d,1340.0,2,2,2,4.0,2017-12,2018-06,670.0,1237,9.858998878847891e-05,0.9434837384679237,0.3996768982229402
ecccfa2bb93b34a3bf033cc5d1dcdc69,1338.64,15,19,2,1.8,2016-09,2016-10,89.24266666666668,1238,9.848992730732046e-05,0.943582228395231,0.4
7357b52d27cbaa90f81a96cbc1279396,1328.02,12,12,4,4.5,2018-05,2018-08,110.66833333333334,1239,9.770856485886252e-05,0.9436799369600899,0.40032310177705976
058cb5aeb36d7c0fcae20fc85d5e0a59,1328.0,12,13,7,3.5285714285714285,2017-09,2018-08,110.66666666666667,1240,9.770709336649253e-05,0.9437776440534564,0.40064620355411956
3faf68a3b0af94b10bac70d86077be49,1322.93,7,7,4,4.708333333333333,2017-02,2017-05,188.99,1241,9.73340700507033e-05,0.9438749781235072,0.4009693053311793
5d9f3746e112e696f98ea22c56b3e912,1322.64,1,1,1,5.0,2018-07,2018-07,1322.64,1242,9.731273341133862e-05,0.9439722908569185,0.4012924071082391
d2e753bb80b7d4faa77483ed00edc8ca,1320.7,14,15,6,3.466666666666667,2017-10,2018-05,94.33571428571429,1243,9.716999865145083e-05,0.94406946085557,0.40161550888529884
718539d38d07dd351c76db862760e2e2,1318.9,37,45,8,4.243971306471306,2017-04,2018-02,35.64594594594595,1244,9.703756433815287e-05,0.9441664984199081,0.40193861066235864
2bd05d410a8fd26dc4184a15f4f2f588,1316.73,6,7,5,5.0,2017-01,2017-10,219.455,1245,9.687790741601033e-05,0.944263376327324,0.40226171243941844
5151aea44289d6c6b090ee31c2132508,1315.3,7,7,1,1.8333333333333333,2017-02,2017-02,187.9,1246,9.677269571155696e-05,0.9443601490230356,0.4025848142164782
3f8034bfc6b8b4135534975d49f04c63,1313.9,12,16,5,4.08,2017-01,2017-05,109.49166666666667,1247,9.666969124565855e-05,0.9444568187142812,0.402907915993538
4eb61f060e7dcc1d5a80d806c35cc541,1313.0,8,8,4,3.4375,2018-03,2018-08,164.125,1248,9.660347408900957e-05,0.9445534221883702,0.4032310177705977
c794dab4928dd97beb41d05514441e86,1312.4,16,16,7,3.9666666666666663,2017-12,2018-06,82.025,1249,9.655932931791026e-05,0.9446499815176882,0.4035541195476575
f4a04f7be452aa3bb31760bf00055dd0,1312.1,18,18,6,4.803571428571428,2017-10,2018-08,72.89444444444445,1250,9.653725693236057e-05,0.9447465187746206,0.40387722132471726
e63e8bfa530fb16910dd6956e592bb81,1311.6999999999998,42,43,12,4.251388888888889,2017-08,2018-08,31.230952380952377,1251,9.650782708496103e-05,0.9448430266017055,0.40420032310177706
626ab1cd96932367f0eeec2e47046c12,1310.0,3,3,2,4.5,2018-01,2018-07,436.6666666666667,1252,9.638275023351297e-05,0.944939409351939,0.40452342487883686
7f40d06aa0b5f1aa4f41af8c0480e2ef,1309.94,6,6,1,4.833333333333333,2018-08,2018-08,218.32333333333335,1253,9.637833575640305e-05,0.9450357876876954,0.4048465266558966
9a1aea68d3efa00862ec88c0768037d0,1309.2,7,8,3,4.25,2018-02,2018-07,187.02857142857144,1254,9.632389053871388e-05,0.9451321115782341,0.4051696284329564
0e982cff76cc0579f632cea8a0e38c9d,1307.34,7,12,5,4.0,2017-09,2018-04,186.76285714285714,1255,9.618704174830598e-05,0.9452282986199824,0.40549273021001614
a13580f0e8f782b7a543885a0ef99f08,1304.9,10,10,4,4.666666666666667,2017-08,2018-05,130.49,1256,9.600751967916876e-05,0.9453243061396616,0.40581583198707594
4dbd95a08b31ede5c82d3f861cb1ce1a,1304.67,6,6,4,3.375,2017-05,2017-11,217.44500000000002,1257,9.599059751691402e-05,0.9454202967371784,0.4061389337641357
83b08de96980757220871b31bf6cffca,1304.1699999999998,5,7,4,3.75,2017-10,2018-05,260.83399999999995,1258,9.595381020766457e-05,0.9455162505473861,0.4064620355411955
542917da124346b47ea1ac79a93ce454,1303.9,20,20,5,4.076190476190476,2017-03,2017-08,65.19500000000001,1259,9.59339450606699e-05,0.9456121844924468,0.4067851373182553
90d4125885ab6c86e8820a722be71974,1299.5500000000002,3,5,1,1.0,2018-04,2018-04,433.1833333333334,1260,9.561389547019984e-05,0.945707798387917,0.407108239095315
45a3d05fb00435e52a28859dd03703b3,1299.0,1,1,1,5.0,2017-02,2017-02,1299.0,1261,9.557342943002545e-05,0.945803371817347,0.4074313408723748
56e361f411e38dcef17cdc2a3d99628b,1298.0,5,10,2,4.166666666666667,2018-07,2018-08,259.6,1262,9.549985481152659e-05,0.9458988716721585,0.40775444264943456
d101c6da914ae3d53f7bee42283f2fe2,1297.4,13,16,2,3.8968253968253967,2016-10,2017-05,99.80000000000001,1263,9.545571004042728e-05,0.9459943273821989,0.40807754442649435
10ff823eda2b032e2c93d17a7d294736,1294.97,9,9,8,3.75,2017-06,2018-04,143.88555555555556,1264,9.527692371747503e-05,0.9460896043059164,0.4084006462035541
51ed72984a04e5dd35c2b27e77179038,1294.3,7,7,3,3.4166666666666665,2017-11,2018-04,184.9,1265,9.522762872308079e-05,0.9461848319346394,0.4087237479806139
f08c008c8a8d31417763738a1788a2a8,1291.72,22,23,4,3.00625,2017-10,2018-01,58.71454545454546,1266,9.503780620735372e-05,0.9462798697408468,0.4090468497576737
b9ca8e8baa5d4aa038394a700f63e69f,1289.77,14,14,5,4.283333333333333,2018-04,2018-08,92.12642857142858,1267,9.489433570128093e-05,0.9463747640765481,0.40936995153473343
25e47381a6c510ddeb36084e33b89f0c,1289.6,16,17,2,3.9214285714285717,2017-05,2017-06,80.6,1268,9.488182801613611e-05,0.9464696459045642,0.40969305331179323
141440cad9341e553f8401c574a2aa38,1288.2,11,12,4,4.416666666666666,2018-05,2018-08,117.10909090909091,1269,9.477882355023772e-05,0.9465644247281144,0.410016155088853
bc07d855eac23aab5ac8a120f21d16b2,1283.1100000000001,12,13,5,4.426666666666667,2018-03,2018-08,106.92583333333334,1270,9.440432874207851e-05,0.9466588290568565,0.41033925686591277
e3d3b3efac954a60d61be70b7e05b49b,1282.05,3,3,1,4.333333333333333,2018-06,2018-06,427.34999999999997,1271,9.432633964646969e-05,0.946753155396503,0.4106623586429725
4eeb99008a0f59d2c7759c59f9a346eb,1282.0,2,2,2,4.5,2018-04,2018-06,641.0,1272,9.432266091554475e-05,0.9468474780574185,0.4109854604200323
269cff2d3c8d205c11f37a52402ea93b,1281.59,4,5,3,4.5,2018-06,2018-08,320.3975,1273,9.429249532196022e-05,0.9469417705527405,0.4113085621970921
a478c7961d6a992065b24e63b366f90b,1281.5,8,9,5,4.9,2017-02,2018-02,160.1875,1274,9.428587360629532e-05,0.9470360564263468,0.41163166397415185
fec8cd45395b3cb0c2b173d7739706a1,1280.0,4,4,3,3.8333333333333335,2018-01,2018-04,320.0,1276,9.417551167854702e-05,0.9471302319380254,0.41195476575121165
5795aebfe331fbcd02a2c4b679fb7952,1280.0,6,6,3,4.416666666666667,2018-02,2018-08,213.33333333333334,1275,9.417551167854702e-05,0.9472244074497039,0.4122778675282714
2709af9587499e95e803a6498a5a56e9,1279.56,26,47,13,3.7703962703962706,2017-02,2018-08,49.21384615384615,1277,9.414313884640751e-05,0.9473185505885503,0.4126009693053312
1dcfa3835714681d4ba4a93bc1e0fd41,1278.5,13,15,6,3.444444444444444,2017-07,2018-04,98.34615384615384,1278,9.406514975079873e-05,0.947412615738301,0.41292407108239093
bb5d956dece964a06c12bceb66b923ae,1278.36,2,2,2,5.0,2018-01,2018-02,639.18,1279,9.405484930420887e-05,0.9475066705876053,0.41324717285945073
128f9bfbe4c7d5185033914b1de3d39a,1277.29,14,16,9,4.7407407407407405,2017-09,2018-06,91.235,1280,9.39761244624151e-05,0.9476006467120677,0.4135702746365105
52f9db5cfb423382a2fa5c9e39303202,1269.77,22,23,9,3.638888888888889,2017-11,2018-08,57.716818181818184,1281,9.342284333130364e-05,0.947694069555399,0.41389337641357027
c8c1bea22194a4eefa2dc9a9fa89f536,1266.0,7,13,2,5.0,2018-06,2018-08,180.85714285714286,1282,9.314546701956292e-05,0.9477872150224186,0.41421647819063007
2646baaf662d4d92ac48f047e35db92d,1263.05,15,18,5,4.533333333333333,2018-04,2018-08,84.20333333333333,1283,9.292842189499126e-05,0.9478801434443136,0.4145395799676898
9ed65337433adfbedefd23dd76eaa494,1262.6,6,6,5,4.8,2017-12,2018-08,210.4333333333333,1284,9.289531331666677e-05,0.9479730387576303,0.4148626817447496
da7039f29f90ce5b4846ffc0fcc93beb,1259.1,17,18,5,4.03030303030303,2018-04,2018-08,74.06470588235294,1285,9.263780215192073e-05,0.9480656765597822,0.41518578352180935
9140bd1d9de28b197dce077bdd687438,1258.87,6,8,4,3.916666666666667,2018-05,2018-08,209.81166666666664,1286,9.2620879989666e-05,0.9481582974397719,0.41550888529886915
8a9260f2b0340411d6d2a56bcf4f7378,1256.0,8,9,4,4.8125,2018-02,2018-08,157.0,1287,9.240972083457427e-05,0.9482507071606064,0.41583198707592894
b8578d2d823bd8e251f6fdd02b40902d,1255.6,9,9,4,3.916666666666667,2018-04,2018-07,139.5111111111111,1288,9.238029098717471e-05,0.9483430874515936,0.4161550888529887
4cf490a58259286ada5ba8525ba9e84a,1254.2,8,8,5,3.3,2017-03,2017-11,156.775,1289,9.227728652127631e-05,0.9484353647381148,0.4164781906300485
734def04b237117a09321dd6d8f3f2a2,1252.43,2,2,2,5.0,2018-04,2018-06,626.215,1290,9.214705944653332e-05,0.9485275117975613,0.4168012924071082
402916f742e5c740cc751493d9cf5053,1252.0,9,10,1,4.7,2018-08,2018-08,139.11111111111111,1291,9.211542236057881e-05,0.9486196272199219,0.417124394184168
b5abf4f36adc043117b4fca82c22984c,1247.8,11,12,8,2.3125,2017-04,2018-08,113.43636363636364,1292,9.180640896288357e-05,0.9487114336288848,0.41744749596122777
30a81d8cf85fb2ada1b1b094c9583a95,1245.42,17,20,5,4.838095238095238,2018-02,2018-08,73.26,1293,9.163130137085628e-05,0.9488030649302557,0.41777059773828756
3fac58ce0ad699020c7944d53c41329c,1244.95,10,16,4,4.104166666666667,2018-05,2018-08,124.495,1294,9.159672130016182e-05,0.9488946616515559,0.41809369951534736
671585f5a2af58b6e276bc01003c0d2b,1244.0,27,27,2,4.609999999999999,2018-07,2018-08,46.074074074074076,1295,9.152682541258789e-05,0.9489861884769685,0.4184168012924071
5d76d80a2f5f39c891b996a1bf4c9853,1238.5,6,6,2,4.875,2018-07,2018-08,206.41666666666666,1296,9.112216501084413e-05,0.9490773106419793,0.4187399030694669
67225bff54a172ff67579aaf583efd78,1238.0,8,8,5,4.666666666666666,2017-09,2018-02,154.75,1297,9.10853777015947e-05,0.949168396019681,0.41906300484652664
002100f778ceb8431b7a1020ff7ab48f,1234.5,51,55,8,3.8179450757575757,2017-09,2018-04,24.205882352941178,1298,9.082786653684867e-05,0.9492592238862178,0.41938610662358644
4fb41dff7c50136976d1a5cf004a42e2,1230.0,3,3,3,4.0,2017-11,2018-02,410.0,1299,9.049678075360379e-05,0.9493497206669713,0.4197092084006462
7daca0837f033a41a6f3428c18657533,1228.98,7,7,3,4.0,2018-04,2018-06,175.56857142857143,1300,9.042173464273494e-05,0.949440142401614,0.420032310177706
0afccdb8a34ee5c79f7c06faf2b4d56e,1225.5,25,25,10,4.028333333333333,2017-04,2018-04,49.02,1301,9.016569497035889e-05,0.9495303080965843,0.4203554119547658
2d518637f53161b973e01f56ea4bb88e,1219.8899999999999,13,13,4,4.95,2018-04,2018-07,93.8376923076923,1302,8.975294136058024e-05,0.9496200610379449,0.4206785137318255
9c4d31c7e46ab03a43fc06e3142afd4e,1218.9,2,2,1,4.5,2018-08,2018-08,609.45,1303,8.968010248826639e-05,0.9497097411404332,0.4210016155088853
7a425d299613df3e613bcf9d2eaf5c49,1218.8,18,18,7,4.209183673469388,2017-11,2018-08,67.71111111111111,1304,8.967274502641649e-05,0.9497994138854596,0.42132471728594506
2cb6eb1b7185064167657fa09f541105,1217.9,6,7,5,4.7,2018-02,2018-08,202.98333333333335,1305,8.960652786976752e-05,0.9498890204133293,0.42164781906300486
093805f8f2aeb63881444571e1f48f30,1215.79,22,27,6,4.464285714285714,2017-08,2018-01,55.26318181818181,1306,8.945128542473491e-05,0.949978471698754,0.4219709208400646
f9d010e39375d9c91dce3f40b73a2f84,1212.0,4,5,4,3.5,2018-02,2018-07,303.0,1307,8.91724376206242e-05,0.9500676441363747,0.4222940226171244
57c764b4a836300be881e2ff86e449f9,1211.0,29,30,14,4.1,2017-02,2018-08,41.758620689655174,1308,8.909886300212535e-05,0.9501567429993768,0.42261712439418414
788e857f317e53de488d393e65a80f45,1210.0,11,11,3,4.958333333333333,2018-05,2018-08,110.0,1309,8.902528838362648e-05,0.9502457682877604,0.42294022617124394
6426d21aca402a131fc0a5d0960a3c90,1209.6399999999999,23,23,6,4.141666666666667,2017-05,2017-10,52.59304347826087,1310,8.899880152096688e-05,0.9503347670892813,0.42326332794830374
b566ab0ef88016e00422755e305103c6,1208.0,5,5,4,3.25,2018-03,2018-07,241.6,1312,8.887813914662875e-05,0.9504236452284279,0.4235864297253635
01fd077212124329bac32490e8ef80d9,1208.0,31,39,5,4.185103785103785,2018-04,2018-08,38.96774193548387,1311,8.887813914662875e-05,0.9505125233675745,0.4239095315024233
7238f877570096ae403c51898fa64566,1200.0,3,3,2,5.0,2018-04,2018-05,400.0,1313,8.828954219863783e-05,0.9506008129097732,0.424232633279483
f0563bacf40c311f1c4d3d6b67b8a7a7,1199.0,1,1,1,1.0,2016-10,2016-10,1199.0,1314,8.821596758013897e-05,0.9506890288773533,0.4245557350565428
6bef34c5be6f2bbd70aa5165f6df94b1,1198.0,2,2,1,2.0,2018-07,2018-07,599.0,1315,8.81423929616401e-05,0.9507771712703149,0.42487883683360256
11fb6f6d341adbe19e81733701704635,1197.0,3,3,1,5.0,2018-08,2018-08,399.0,1316,8.806881834314124e-05,0.950865240088658,0.42520193861066236
a20d8058c866dbaeca014d2cd20ac62e,1194.0,2,2,2,5.0,2017-12,2018-05,597.0,1317,8.784809448764464e-05,0.9509530881831457,0.42552504038772215
d8c7ba53e7e38711eaef8c2849d6d2e1,1190.87,22,22,4,4.46875,2018-05,2018-08,54.13045454545454,1318,8.761780593174319e-05,0.9510407059890774,0.4258481421647819
700f03c207639c22d933381ff60b35c2,1189.8600000000001,4,4,2,4.333333333333333,2016-10,2017-11,297.46500000000003,1319,8.754349556705935e-05,0.9511282494846445,0.4261712439418417
c0098efcf800861dcae589affca31408,1189.28,9,9,5,4.7,2017-12,2018-07,132.14222222222222,1320,8.750082228833e-05,0.9512157503069328,0.42649434571890144
1710c3aaa9c6b44ec3883ee0fe300e21,1188.9,2,2,2,5.0,2018-04,2018-05,594.45,1321,8.747286393330045e-05,0.9513032231708661,0.42681744749596123
e504a4e2efaa45cbff7e268a2c58c956,1188.8000000000002,11,12,4,4.0,2018-05,2018-08,108.07272727272729,1322,8.746550647145056e-05,0.9513906886773376,0.427140549273021
c273175f7c6c80fb02f051e2fc6d0d72,1188.23,14,14,4,3.4583333333333335,2017-01,2017-07,84.87357142857142,1323,8.742356893890619e-05,0.9514781122462764,0.4274636510500808
439a47cc365d6e3bd526812ea9de3c29,1186.5,8,13,6,4.083333333333333,2017-08,2018-07,148.3125,1324,8.729628484890316e-05,0.9515654085311254,0.42778675282714057
a5259c149128e82c9d6d46e0c1c812bb,1182.26,8,8,5,3.4333333333333336,2017-07,2018-03,147.7825,1325,8.698432846646797e-05,0.9516523928595918,0.4281098546042003
7ff588a03c2aeae4fbd23f9ae64b760d,1182.2,14,16,3,4.383333333333334,2018-06,2018-08,84.44285714285715,1326,8.697991398935804e-05,0.9517393727735811,0.4284329563812601
ec4608a1f76453166bb312b2968aeaf4,1181.75,18,35,10,3.236904761904762,2017-02,2018-08,65.65277777777777,1327,8.694680541103355e-05,0.9518263195789921,0.42875605815831985
725af026f869236a8dd0ceb98564d156,1177.71,7,8,6,3.5,2017-10,2018-08,168.24428571428572,1328,8.664956395229814e-05,0.9519129691429444,0.42907915993537965
327b89b872c14d1c0be7235ef4871685,1177.0,3,3,2,2.0,2017-02,2017-03,392.3333333333333,1329,8.659732597316395e-05,0.9519995664689176,0.4294022617124394
b1aaae6b66ad3c40f54b389d7ea4bee0,1176.5,15,17,5,4.32,2017-01,2017-05,78.43333333333334,1330,8.656053866391451e-05,0.9520861270075816,0.4297253634894992
dbec9a0a7efeff029d4d9dce7dc4cc95,1170.0,3,3,2,4.25,2018-06,2018-08,390.0,1331,8.608230364367189e-05,0.9521722093112253,0.430048465266559
f1b854361f4e15d5851b494df66f22b2,1168.8,3,4,2,2.75,2018-04,2018-07,389.59999999999997,1332,8.599401410147325e-05,0.9522582033253267,0.43037156704361873
8629c241b3622ac12cd4118afdc8d394,1167.66,13,13,5,3.85,2018-03,2018-07,89.82000000000001,1333,8.591013903638455e-05,0.9523441134643631,0.43069466882067853
a425f92c199eb576938df686728acd20,1165.8,17,19,8,4.083333333333333,2016-09,2018-07,68.5764705882353,1334,8.577329024597665e-05,0.952429886754609,0.43101777059773827
5ee7fd217d08dfe5d3e2f51f96a12c9a,1165.5,9,9,7,3.5714285714285716,2017-06,2018-08,129.5,1335,8.575121786042699e-05,0.9525156379724695,0.43134087237479807
c8e135e7b21ecbc36c1153a29d2f5a06,1165.5,7,7,3,4.888888888888889,2017-02,2017-05,166.5,1336,8.575121786042699e-05,0.95260138919033,0.4316639741518578
5f3ae9136c875522250f8184f253413a,1158.0,43,46,8,4.552083333333333,2018-01,2018-08,26.930232558139537,1337,8.519940822168551e-05,0.9526865885985517,0.4319870759289176
d1c7fa84e48cfa21a0e595167c1c500e,1156.03,12,12,5,4.7333333333333325,2018-03,2018-07,96.33583333333333,1338,8.505446622324274e-05,0.9527716430647749,0.4323101777059774
d1b9d4be4b6f9ebd85f8acd6745ba612,1154.35,11,11,8,4.041666666666667,2017-10,2018-08,104.94090909090909,1339,8.493086086416465e-05,0.952856573925639,0.43263327948303715
2d378dbb39815785238c0139c7647fb7,1154.0,2,2,2,5.0,2017-04,2017-05,577.0,1340,8.490510974769005e-05,0.9529414790353867,0.43295638126009695
432c67955c0acd1fd6b0b5d678766a71,1151.0,3,3,2,2.0,2016-10,2017-02,383.6666666666667,1341,8.468438589219346e-05,0.9530261634212789,0.4332794830371567
c35672b10ad50968f567ea3f4b91e877,1150.57,18,22,9,4.711111111111111,2017-08,2018-08,63.92055555555555,1342,8.465274880623894e-05,0.9531108161700851,0.4336025848142165
5fd924b4836098a5be0ecf81ba054ce0,1148.8,7,8,3,3.8333333333333335,2017-01,2017-03,164.1142857142857,1343,8.452252173149595e-05,0.9531953386918166,0.4339256865912762
1d2732ef8321502ee8488e8bed1ab8cd,1148.0,4,5,4,3.0,2017-04,2018-05,287.0,1344,8.446366203669686e-05,0.9532798023538533,0.434248788368336
d4910f1cdcfdabd48d6b316e395d4a23,1146.8799999999999,11,12,2,4.954545454545455,2018-07,2018-08,104.26181818181817,1345,8.438125846397813e-05,0.9533641836123173,0.4345718901453958
10089e9f2fd0c668a8fd4e52e1698888,1139.9,3,3,2,4.5,2017-03,2017-11,379.9666666666667,1346,8.386770762685607e-05,0.9534480513199441,0.43489499192245556
5f26c1408a65b42a7224cd463bdf3292,1139.8000000000002,10,10,3,4.611111111111111,2018-06,2018-08,113.98000000000002,1347,8.386035016500618e-05,0.9535319116701092,0.43521809369951536
6562efe88ce0826a4ca4f189f03b4b84,1135.9,9,21,5,4.025,2017-03,2018-01,126.21111111111112,1348,8.357340915286061e-05,0.9536154850792621,0.4355411954765751
6b89abe95848c850399130d149a39b63,1135.2,8,8,3,4.583333333333333,2018-02,2018-04,141.9,1349,8.352190691991139e-05,0.953699006986182,0.4358642972536349
5b07547f10dd980738a1a27f685af669,1134.6000000000001,13,14,1,4.5,2018-08,2018-08,87.27692307692308,1350,8.347776214881208e-05,0.9537824847483308,0.43618739903069464
75fbb52eda0cbc24f479d3b2fbfa8d3e,1130.99,40,43,17,4.580392156862746,2017-01,2018-06,28.27475,1351,8.321215777603117e-05,0.9538656969061069,0.43651050080775444
9485a23c0430ba1d58d359391606fce6,1129.9,5,5,4,3.125,2017-03,2017-12,225.98000000000002,1352,8.313196144186742e-05,0.9539488288675487,0.43683360258481424
713e3a23ca5e47786eb6f0d99f94cfac,1126.0,4,4,3,4.666666666666667,2018-02,2018-06,281.5,1353,8.284502042972184e-05,0.9540316738879785,0.437156704361874
138dbe45fc62f1e244378131a6801526,1125.56,49,58,4,3.895833333333333,2018-05,2018-08,22.970612244897957,1354,8.281264759758234e-05,0.9541144865355761,0.4374798061389338
9bc484c87d79cd4874e05ca182658045,1120.0,9,9,5,4.1,2017-11,2018-05,124.44444444444444,1355,8.240357271872865e-05,0.9541968901082948,0.4378029079159935
c878515173c84a492ebe50d6b493230b,1118.8400000000001,9,10,5,4.2,2017-03,2017-11,124.31555555555558,1356,8.231822616126998e-05,0.954279208334456,0.4381260096930533
cda598c48d7c614bc1cad7d8ff6f0010,1118.6000000000001,17,18,6,4.097222222222222,2018-03,2018-08,65.80000000000001,1357,8.230056825283024e-05,0.9543615089027089,0.43844911147011306
365e445f796710c3431557e85caa25db,1115.0,4,5,3,4.666666666666667,2017-02,2017-06,278.75,1358,8.203569962623432e-05,0.9544435446023352,0.43877221324717286
1b65c144b17e607c0f37f10bb7dfec8d,1109.5,5,5,3,2.1666666666666665,2018-04,2018-06,221.9,1359,8.163103922449056e-05,0.9545251756415597,0.43909531502423266
b586cd24c010a13916af621b0325fbba,1108.94,6,7,3,3.1333333333333333,2018-06,2018-08,184.82333333333335,1360,8.15898374381312e-05,0.9546067654789978,0.4394184168012924
6c6cc59a5c00cacc5054ca06d65cc282,1107.0,1,1,1,5.0,2018-08,2018-08,1107.0,1361,8.14471026782434e-05,0.954688212581676,0.4397415185783522
abc015ebac1d283a323ca9db35ede4b9,1106.8,12,13,8,4.1875,2017-02,2017-12,92.23333333333333,1362,8.143238775454363e-05,0.9547696449694306,0.44006462035541194
457fe919b032a3f7dadba6fb92cf7855,1104.89,9,12,3,4.766666666666667,2018-05,2018-08,122.76555555555557,1363,8.12918602332108e-05,0.9548509368296638,0.44038772213247174
596849622429351f47b32e6cae1055ff,1104.7,14,14,3,3.7738095238095237,2018-06,2018-08,78.90714285714286,1364,8.127788105569601e-05,0.9549322147107195,0.4407108239095315
48328ec9a579151d9cc6a86d4a59336c,1099.0,1,1,1,2.0,2017-09,2017-09,1099.0,1365,8.085850573025248e-05,0.9550130732164498,0.4410339256865913
c88f62b4c386a59281014d677864d016,1099.0,1,1,1,1.0,2017-03,2017-03,1099.0,1366,8.085850573025248e-05,0.95509393172218,0.4413570274636511
4b39558c138930b9e5489c93b6df5fe3,1096.7,4,5,2,4.75,2017-11,2018-01,274.175,1367,8.06892841077051e-05,0.9551746210062878,0.4416801292407108
b55638ad525e906c698fa2ce742c1742,1094.8,11,12,6,4.083333333333333,2017-11,2018-08,99.52727272727272,1368,8.054949233255724e-05,0.9552551704986204,0.4420032310177706
119d1aef1b4144adba89163f6cd9f5d4,1094.0,4,4,3,4.833333333333333,2017-05,2017-11,273.5,1369,8.049063263775816e-05,0.9553356611312581,0.44232633279483036
8b655f0855926bcb49f5835d38dfddf6,1089.5,5,5,3,4.666666666666667,2018-05,2018-08,217.9,1370,8.015954685451327e-05,0.9554158206781126,0.44264943457189015
f205b1a3ca9a34e0f8a228bae6e4c7b3,1088.0,8,8,2,4.916666666666666,2018-07,2018-08,136.0,1371,8.004918492676497e-05,0.9554958698630394,0.4429725363489499
76ea5315acb3f5f7ade3cd261faf922a,1087.06,15,15,4,3.5428571428571427,2018-05,2018-08,72.47066666666666,1372,7.998002478537604e-05,0.9555758498878247,0.4432956381260097
fe87f472055fbcf1d7e691c00b1560dc,1085.8,6,6,2,4.375,2018-05,2018-08,180.96666666666667,1373,7.988732076606746e-05,0.9556557372085908,0.4436187399030695
e48cc16ab70bfa09e1401740dce0b3d7,1084.83,14,17,10,3.5,2017-05,2018-06,77.48785714285714,1374,7.981595338612357e-05,0.9557355531619769,0.44394184168012923
39f776d2974049026ff531fc42ef2a3e,1084.04,3,4,2,4.333333333333333,2018-01,2018-04,361.34666666666664,1375,7.975782943750947e-05,0.9558153109914144,0.44426494345718903
71dc18fd8cbf5fd77f45dd8b427abb34,1080.0,4,9,3,5.0,2017-02,2017-12,270.0,1376,7.946058797877406e-05,0.9558947715793932,0.4445880452342488
4091f77d8c768fc3e81c20761471761d,1079.0,8,8,4,3.3,2018-01,2018-08,134.875,1377,7.938701336027518e-05,0.9559741585927535,0.44491114701130857
4736e9d642ef4257cd7622516931eb51,1078.8700000000001,16,20,7,4.083333333333334,2017-11,2018-08,67.42937500000001,1378,7.937744865987035e-05,0.9560535360414133,0.4452342487883683
03a2a6dcbe45d639c4dc2a0d24769c40,1078.4099999999999,9,9,4,4.291666666666666,2018-03,2018-08,119.82333333333332,1379,7.934360433536085e-05,0.9561328796457487,0.4455573505654281
a066df7361163e7ddc5d7452dd17448b,1078.3,15,17,6,4.626984126984127,2017-12,2018-05,71.88666666666667,1380,7.933551112732598e-05,0.956212215156876,0.4458804523424879
278b6e0b20c4f61fefaa0577943d7a35,1078.0,1,2,1,1.0,2018-05,2018-05,1078.0,1381,7.931343874177633e-05,0.9562915285956178,0.44620355411954765
577719699805dd125d5b6fdde5943bba,1077.8,8,8,5,4.133333333333334,2018-04,2018-08,134.725,1382,7.929872381807655e-05,0.9563708273194359,0.44652665589660745
167fd940acebc789debd6eb418c46e38,1077.58,5,5,5,3.0,2017-11,2018-06,215.516,1383,7.92825374020068e-05,0.9564501098568379,0.4468497576736672
3d4b1ae7539303b5704493798893e82c,1076.0,6,9,2,4.785714285714286,2017-12,2018-02,179.33333333333334,1384,7.91662895047786e-05,0.9565292761463426,0.447172859450727
334cab711dee080b079fa5779b584783,1069.7,11,26,5,4.9799999999999995,2018-04,2018-08,97.24545454545455,1385,7.870276940823575e-05,0.9566079789157509,0.44749596122778673
b18871c324516afa228a13e8f1ef0ae9,1064.6000000000001,9,23,5,2.933333333333333,2018-02,2018-06,118.2888888888889,1386,7.832753885389154e-05,0.9566863064546047,0.44781906300484653
eb72802c83dc7547529c9546d1a9b8ef,1063.92,8,8,3,4.666666666666667,2018-05,2018-07,132.99,1387,7.827750811331231e-05,0.956764583962718,0.4481421647819063
8fbd63429be6d3e5e6d1a709b6464802,1061.4,6,8,3,4.75,2018-04,2018-06,176.9,1388,7.809210007469518e-05,0.9568426760627927,0.44846526655896607
b2eecf5ea250510da76590ca79d60e5d,1060.0,9,11,7,5.0,2017-03,2017-11,117.77777777777777,1389,7.798909560879676e-05,0.9569206651584015,0.44878836833602587
f5fea3ffed6c2e889bab72705557c63a,1059.9,3,3,2,3.0,2017-02,2017-04,353.3,1390,7.798173814694687e-05,0.9569986468965485,0.4491114701130856
1464afc72f696af775557a821c2e253f,1059.36,29,30,14,4.0476190476190474,2017-04,2018-08,36.52965517241379,1391,7.794200785295747e-05,0.9570765889044014,0.4494345718901454
de9727ca376d1be6ec121b110aa7954c,1058.7,10,12,4,4.291666666666666,2018-05,2018-08,105.87,1392,7.789344860474823e-05,0.9571544823530062,0.44975767366720515
226b05fe067266c59c15dae208213d06,1056.9,10,11,2,4.5,2018-03,2018-04,105.69000000000001,1393,7.776101429145028e-05,0.9572322433672976,0.45008077544426495
55dedd83e501d8248880557d9073cbfd,1055.3,8,9,1,4.888888888888889,2018-08,2018-08,131.9125,1394,7.764329490185209e-05,0.9573098866621995,0.45040387722132474
04fdea0c111866e6cf812f1570d6b5bd,1055.0,10,10,4,3.6666666666666665,2017-10,2018-01,105.5,1395,7.762122251630243e-05,0.9573875078847158,0.4507269789983845
9d7a1d34a5052409006425275ba1c2b4,1054.82,13,16,6,4.188888888888889,2017-07,2018-08,81.14,1396,7.760797908497263e-05,0.9574651158638008,0.4510500807754443
fcf16b7a8697e559f0123190bb30177d,1052.8000000000002,3,7,3,3.3333333333333335,2018-02,2018-08,350.9333333333334,1397,7.745935835560493e-05,0.9575425752221564,0.451373182552504
4324dd16853115efb0fd9d0d131ba6f4,1052.25,12,18,6,4.444444444444445,2017-05,2018-03,87.6875,1398,7.741889231543055e-05,0.9576199941144717,0.4516962843295638
bb135baca94c82fcb731335ad5b04a03,1049.8,18,38,12,3.369047619047619,2017-01,2018-08,58.32222222222222,1399,7.723863450010833e-05,0.9576972327489719,0.45201938610662357
b7d5b4b87af9d42b601865d3f3810bff,1049.0,2,2,2,2.0,2017-05,2017-11,524.5,1400,7.717977480530924e-05,0.9577744125237772,0.45234248788368336
49067458c68f7701fd334ce326accbe0,1047.65,17,37,8,3.2339285714285717,2017-09,2018-08,61.6264705882353,1401,7.708044907033578e-05,0.9578514929728474,0.45266558966074316
1cbd32d00d01bb8087a5eb088612fd9c,1045.47,11,12,4,4.4625,2018-05,2018-08,95.04272727272728,1402,7.692005640200824e-05,0.9579284130292495,0.4529886914378029
c03121937e54a93fcc1825c3098bbb6e,1043.0,7,7,6,5.0,2017-03,2018-05,149.0,1403,7.673832709431605e-05,0.9580051513563438,0.4533117932148627
89f69225956f951295ca4c7fb1266553,1041.3,11,12,4,4.479166666666667,2018-05,2018-08,94.66363636363636,1404,7.661325024286798e-05,0.9580817646065867,0.45363489499192244
3d4824f20035949c710eaf111f869d39,1041.04,9,10,3,4.083333333333333,2018-06,2018-08,115.6711111111111,1405,7.659412084205828e-05,0.9581583587274287,0.45395799676898224
1bc2e21de46adfea6b98cc96b00f3b40,1039.95,3,5,3,3.3333333333333335,2017-02,2017-05,346.65000000000003,1406,7.651392450789452e-05,0.9582348726519366,0.454281098546042
7c5b05cbdb5542049f38d90d7815b97d,1038.96,22,24,4,4.290178571428571,2018-04,2018-07,47.22545454545455,1407,7.644108563558064e-05,0.9583113137375722,0.4546042003231018
633ecdf879b94b5337cca303328e4a25,1037.6000000000001,6,6,1,1.8,2017-09,2017-09,172.93333333333337,1408,7.634102415442219e-05,0.9583876547617266,0.4549273021001615
7df1fc11cc5cbc518b39faa60cf5d67c,1037.6,5,5,4,4.0,2018-04,2018-07,207.51999999999998,1409,7.634102415442218e-05,0.958463995785881,0.4552504038772213
c54679b132454625907c773d273d4126,1032.0,7,8,5,4.9,2018-03,2018-07,147.42857142857142,1410,7.592900629082853e-05,0.9585399247921719,0.4555735056542811
8c5e007d7bd5693fa1386ffefbc99f6c,1029.1100000000001,9,24,3,4.346153846153846,2018-06,2018-08,114.34555555555556,1411,7.571637564336683e-05,0.9586156411678153,0.45589660743134086
8f2b51a30523cdecddc2f179f351c7d6,1027.9,7,8,4,3.916666666666667,2017-04,2017-07,146.84285714285716,1412,7.56273503549832e-05,0.9586912685181702,0.45621970920840066
76c47a299e4a8fe992316a85865acbe9,1024.46,6,10,4,4.75,2017-06,2018-06,170.74333333333334,1413,7.53742536673471e-05,0.9587666427718375,0.4565428109854604
e58a5b390e28abc0b216cfb0e07d27d7,1022.6,7,7,3,4.888888888888889,2018-04,2018-08,146.0857142857143,1414,7.523740487693921e-05,0.9588418801767145,0.4568659127625202
7994081388d55b9cf976c050653dd359,1020.0,2,6,2,3.0,2017-02,2017-11,510.0,1415,7.504611086884216e-05,0.9589169262875833,0.45718901453957994
26785a546900236d66f2e4197c211158,1019.2,15,15,5,4.666666666666666,2017-11,2018-07,67.94666666666667,1416,7.498725117404308e-05,0.9589919135387573,0.45751211631663974
7aa538dd6e114e503a2e6154ea352253,1016.6800000000001,5,5,3,4.222222222222222,2018-04,2018-08,203.336,1417,7.480184313542593e-05,0.9590667153818928,0.45783521809369954
a13aaf2d2886ab9fb30fb9a920160b8f,1011.52,4,4,2,4.333333333333334,2018-07,2018-08,252.88,1418,7.442219810397178e-05,0.9591411375799967,0.4581583198707593
28872dc528e978a639754bc8c2ce5a4c,1009.9,1,1,1,5.0,2018-06,2018-06,1009.9,1419,7.430300722200362e-05,0.9592154405872187,0.4584814216478191
5011f0d93373a4c5753adf58ca77af8d,1009.4200000000001,12,22,5,3.1,2017-08,2018-05,84.11833333333334,1420,7.426769140512418e-05,0.9592897082786239,0.4588045234248788
5b664594895aefb418afaee6d40a9a23,1008.8,16,22,11,3.7212121212121216,2017-01,2018-08,63.05,1421,7.422207514165487e-05,0.9593639303537655,0.4591276252019386
00720abe85ba0859807595bbf045a33b,1007.5,13,26,8,3.4625,2018-01,2018-08,77.5,1422,7.412642813760634e-05,0.9594380567819032,0.45945072697899836
b45d7ebfb7378630f1bcd74b6ff86ff7,1007.4999999999999,5,5,3,4.0,2017-09,2018-02,201.49999999999997,1423,7.412642813760634e-05,0.9595121832100408,0.45977382875605816
fb3cfbc8a86f5d7fbb4d36b8df63f60d,1007.3,10,15,2,3.833333333333333,2018-06,2018-08,100.72999999999999,1424,7.411171321390658e-05,0.9595862949232548,0.46009693053311795
bc47d5d1490df2b36add65d733eafaba,1004.8,24,25,8,3.44375,2018-01,2018-08,41.86666666666667,1425,7.392777666765941e-05,0.9596602226999225,0.4604200323101777
980640c45d7a4635885491d077167e4d,1004.29,14,14,2,4.53030303030303,2018-07,2018-08,71.735,1426,7.389025361222498e-05,0.9597341129535347,0.4607431340872375
ef9952469137ff190bacafe117f51537,1002.6600000000001,5,5,3,4.833333333333333,2017-03,2017-05,200.532,1427,7.377032698407185e-05,0.9598078832805188,0.46106623586429724
515d781150feed28a6ac091bb0e3cb8c,1002.35,6,6,3,4.583333333333333,2016-10,2017-05,167.05833333333334,1428,7.374751885233719e-05,0.9598816307993712,0.46138933764135703
2379bdc3888025689a9deb7b141507d5,999.5,9,9,6,4.638888888888889,2018-01,2018-08,111.05555555555556,1429,7.353783118961542e-05,0.9599551686305607,0.4617124394184168
41c9d3997dd3c072c31139dc5bb5761f,998.8,3,3,3,4.333333333333333,2017-01,2017-03,332.93333333333334,1430,7.348632895666622e-05,0.9600286549595174,0.4620355411954766
cb4a705d00e100b9732d0ca34817d441,998.0,1,2,1,1.0,2017-11,2017-11,998.0,1431,7.342746926186713e-05,0.9601020824287793,0.46235864297253637
dff87e4de60c9736ce8df835951b09bc,998.0,2,2,1,2.5,2017-11,2017-11,499.0,1432,7.342746926186713e-05,0.9601755098980411,0.4626817447495961
b5e3e38609125694d2ea2417522a60b7,995.04,16,17,6,4.277777777777778,2017-04,2017-09,62.19,1433,7.32096883911105e-05,0.9602487195864322,0.4630048465266559
8a43128d7f9a3db592b866e6861a6cce,990.5999999999999,3,4,2,1.6666666666666667,2018-06,2018-08,330.2,1434,7.288301708497552e-05,0.9603216026035172,0.46332794830371565
7ecef8194babfec876ca720714327841,990.5,7,8,5,4.3,2017-10,2018-07,141.5,1435,7.287565962312565e-05,0.9603944782631403,0.46365105008077545
d1582f4043306e6b91afa6a8a884f898,990.0,9,9,4,3.833333333333333,2017-11,2018-02,110.0,1436,7.283887231387621e-05,0.9604673171354542,0.4639741518578352
6025c79c035c3d772133b8b8238463b2,989.74,2,4,2,5.0,2018-07,2018-08,494.87,1437,7.281974291306651e-05,0.9605401368783673,0.464297253634895
8fdca8e349553f99bc738833a62c8802,989.3399999999999,22,29,8,3.9017857142857144,2016-10,2017-08,44.97,1438,7.279031306566695e-05,0.9606129271914329,0.4646203554119548
edd066cd02126d7800f9b66e980e9931,987.7,6,6,5,5.0,2017-06,2018-06,164.61666666666667,1439,7.266965069132883e-05,0.9606855968421242,0.46494345718901453
e84ad2127668df3aafc6b73531a0beb8,987.0,19,23,7,4.505952380952381,2017-12,2018-08,51.94736842105263,1440,7.261814845837962e-05,0.9607582149905826,0.46526655896607433
77dcbb67ccb3659bd58eaf5661560a30,984.0,2,2,1,1.0,2017-02,2017-02,492.0,1441,7.239742460288302e-05,0.9608306124151854,0.46558966074313407
7a9c12e235c36247c3c81f50d6ea9cea,983.9000000000001,5,5,3,4.777777777777778,2017-03,2017-05,196.78000000000003,1442,7.239006714103315e-05,0.9609030024823264,0.46591276252019387
325f3178fb58e2a9778334621eecdbf9,981.6999999999999,36,46,11,4.563311688311688,2017-03,2018-01,27.269444444444442,1443,7.222820298033562e-05,0.9609752306853068,0.4662358642972536
83645b1645cdee8953ee54c29ceed564,978.9000000000001,14,14,8,4.3125,2017-03,2018-08,69.92142857142858,1444,7.202219404853882e-05,0.9610472528793553,0.4665589660743134
e0eabded302882513ced4ea3eb0c7059,978.4,8,8,3,4.7,2018-04,2018-06,122.3,1445,7.198540673928938e-05,0.9611192382860946,0.4668820678513732
a99504ac23ed125aaf5302af6cc30af9,978.0,1,1,1,5.0,2017-10,2017-10,978.0,1446,7.195597689188983e-05,0.9611911942629865,0.46720516962843295
8e670472e453ba34a379331513d6aab1,975.0,1,1,1,1.0,2017-09,2017-09,975.0,1447,7.173525303639323e-05,0.9612629295160229,0.46752827140549275
3f2af2670e104d1bcb54022274daeac5,973.5999999999999,6,7,4,3.75,2017-09,2018-05,162.26666666666665,1448,7.163224857049482e-05,0.9613345617645934,0.4678513731825525
c1ed9e3daf6154542826a6996af0fb8c,971.25,9,17,7,3.952380952380952,2017-08,2018-03,107.91666666666667,1449,7.14593482170225e-05,0.9614060211128105,0.4681744749596123
ef2fbc2b607d8492bcffe657a4645434,970.8,20,22,2,4.041666666666666,2018-07,2018-08,48.54,1450,7.142623963869801e-05,0.9614774473524492,0.46849757673667203
528bcf6680c36dddf07620bd35b33a6f,969.98,2,2,2,4.5,2017-06,2017-10,484.99,1451,7.136590845152895e-05,0.9615488132609008,0.4688206785137318
3c3017960b2dbd72711a61f0400aab8f,968.8000000000001,10,10,4,4.366666666666666,2017-01,2017-04,96.88000000000001,1452,7.127909040170028e-05,0.9616200923513025,0.4691437802907916
9261d76c62caaf0b24677c2ceb7f8f20,968.7,6,7,2,3.416666666666667,2018-07,2018-08,161.45000000000002,1453,7.127173293985039e-05,0.9616913640842424,0.46946688206785137
9e9b539eb2806acee3f5c28085c1db9f,967.0,3,3,2,4.0,2017-11,2017-12,322.3333333333333,1454,7.114665608840232e-05,0.9617625107403308,0.46978998384491116
b19c48688808720822399ffa9f2dbe2f,959.99,1,1,1,5.0,2018-08,2018-08,959.99,1455,7.063089801272528e-05,0.9618331416383435,0.4701130856219709
05730013efda596306417c3b09302475,952.0,4,4,2,5.0,2018-07,2018-08,238.0,1456,7.004303681091935e-05,0.9619031846751545,0.4704361873990307
05a940b4ecae36cadfd8e93bd9c43257,952.0,10,10,6,4.027777777777778,2017-07,2018-02,95.2,1457,7.004303681091935e-05,0.9619732277119654,0.47075928917609045
f0e103c63864d5405b958d984b6e94c9,951.7,11,11,4,4.75,2017-04,2017-08,86.51818181818182,1458,7.00209644253697e-05,0.9620432486763907,0.47108239095315024
5b2e94f2c22b39ccc24d34ad0f669672,949.78,10,10,4,4.75,2018-05,2018-08,94.978,1459,6.987970115785187e-05,0.9621131283775486,0.47140549273021004
07017df32dc5f2f1d2801e579548d620,946.49,8,9,3,4.222222222222222,2017-03,2018-07,118.31125,1460,6.96376406629906e-05,0.9621827660182116,0.4717285945072698
4f1f1c8666cdb6442f775c4e8caed465,944.98,2,2,2,5.0,2018-07,2018-08,472.49,1461,6.952654298905732e-05,0.9622522925612007,0.4720516962843296
4e06067cc08b3f41d837768d392c3ee3,941.72,31,46,10,3.9811965811965813,2017-07,2018-08,30.378064516129033,1462,6.928668973275102e-05,0.9623215792509334,0.4723747980613893
6cf476a4ca74498db55cbccdaa9dcfb6,939.9300000000001,6,7,5,2.8666666666666667,2016-10,2017-05,156.655,1463,6.915499116563806e-05,0.9623907342420991,0.4726978998384491
69b5eaa096c3f9d1e5c398c597f567d6,938.0,2,2,1,5.0,2018-08,2018-08,469.0,1464,6.901299215193524e-05,0.962459747234251,0.47302100161550886
79a679c36c08d606b3fd47ead9de109b,935.0,3,7,3,2.0,2018-03,2018-05,311.6666666666667,1465,6.879226829643864e-05,0.9625285395025475,0.47334410339256866
db46ca7bce82b11f7e247539271fc390,933.97,16,16,5,4.076190476190476,2017-03,2017-07,58.373125,1466,6.871648643938482e-05,0.9625972559889868,0.47366720516962846
3d621842b2ed28e2b474132480edac3c,928.9100000000001,10,10,4,3.625,2017-05,2017-11,92.891,1467,6.834419886978057e-05,0.9626656001878566,0.4739903069466882
4ebdc7e6cd6102a022dadc49156d4ea8,928.7,29,32,18,3.662037037037037,2017-02,2018-07,32.02413793103448,1468,6.83287481998958e-05,0.9627339289360565,0.474313408723748
c8025364abeecb115431bf95c11a747f,928.0,2,2,2,4.5,2018-05,2018-08,464.0,1469,6.82772459669466e-05,0.9628022061820234,0.47463651050080774
bfd938b22bc99bce1ae60dc602889f52,922.8,6,12,3,3.3888888888888893,2017-01,2017-04,153.79999999999998,1470,6.789465795075249e-05,0.9628701008399742,0.47495961227786754
343e716476e3748b069f980efbaa294e,922.5999999999999,17,24,12,4.270833333333333,2017-04,2018-08,54.27058823529411,1471,6.787994302705272e-05,0.9629379807830012,0.4752827140549273
2d42ebcda99fd55f6f4bc2f1ca035d50,921.5,10,11,3,4.016666666666667,2018-06,2018-08,92.15,1472,6.779901094670397e-05,0.9630057797939479,0.4756058158319871
670a9dda115b5a88b18cfadee8de2332,918.9000000000001,11,11,6,4.305555555555555,2017-08,2018-08,83.53636363636365,1473,6.760771693860693e-05,0.9630733875108864,0.4759289176090469
7d7d2b7a51328016102d4528c411d630,918.8,7,7,3,4.111111111111111,2018-04,2018-08,131.25714285714284,1474,6.760035947675703e-05,0.9631409878703632,0.4762520193861066
1caf283236cd69af44cbc09a0a1e7d32,917.6,33,37,14,4.482142857142857,2017-04,2018-07,27.80606060606061,1475,6.75120699345584e-05,0.9632084999402978,0.4765751211631664
dc7192adf8ba09569261f4a8d576afe0,917.0,7,8,2,2.5,2018-07,2018-08,131.0,1476,6.746792516345908e-05,0.9632759678654612,0.47689822294022616
e9729944ba65dc3ce425e0c5a22ae7b2,916.7,4,4,2,3.75,2018-05,2018-06,229.175,1477,6.744585277790942e-05,0.9633434137182392,0.47722132471728596
08d2d642cf72b622b14dde1d2f5eb2f5,914.0,17,21,8,4.651041666666667,2017-02,2017-12,53.76470588235294,1478,6.724720130796249e-05,0.9634106609195471,0.4775444264943457
32e5635e63cb374eb63afdd242fb6134,910.0,1,1,1,5.0,2017-08,2017-08,910.0,1479,6.695290283396703e-05,0.9634776138223811,0.4778675282714055
70849ca4f400aaabb62cb7462a6f1428,909.5799999999999,12,12,7,4.523809523809524,2017-12,2018-08,75.79833333333333,1480,6.69220014941975e-05,0.9635445358238752,0.4781906300484653
3f9c56764fabca627406093dcb3ef0b4,909.3000000000001,7,7,3,4.722222222222222,2018-01,2018-04,129.9,1481,6.690140060101783e-05,0.9636114372244763,0.47851373182552503
973f21788dfab357250f69a8dcb7ddee,909.0,10,21,8,2.25,2017-01,2018-06,90.9,1482,6.687932821546816e-05,0.9636783165526918,0.47883683360258483
e5cbe890e679490127e9a390b46bbd20,908.99,2,2,2,4.5,2018-06,2018-08,454.495,1483,6.687859246928317e-05,0.963745195145161,0.4791599353796446
9198786624eaeb375793215cad26cfa6,908.3,9,10,4,3.625,2017-02,2018-04,100.92222222222222,1484,6.682782598251896e-05,0.9638120229711435,0.4794830371567044
4a1f694197d05fe70026b016a7316b41,907.7700000000001,14,23,5,4.626666666666667,2018-02,2018-08,64.8407142857143,1485,6.678883143471456e-05,0.9638788118025783,0.4798061389337641
e250d617a0ad591ba9bd663e584a895d,904.12,8,20,5,2.814285714285714,2018-02,2018-08,113.015,1486,6.65202840771937e-05,0.9639453320866554,0.4801292407108239
ae45df84722b1d15c5f32b23a095746c,901.83,9,12,4,4.928571428571429,2018-02,2018-08,100.20333333333333,1487,6.635179820083131e-05,0.9640116838848563,0.4804523424878837
e1c76f339ebd5460999f25a2aa8c92c5,899.9,1,1,1,5.0,2018-05,2018-05,899.9,1488,6.620979918712849e-05,0.9640778936840434,0.48077544426494345
7dc9a3355bae96dd82008b313d3a456c,899.0,1,1,1,5.0,2018-06,2018-06,899.0,1489,6.614358203047951e-05,0.9641440372660739,0.48109854604200325
e51f22821f0c12a16ad5c020cdcd55e9,898.71,4,4,3,4.666666666666667,2018-05,2018-08,224.6775,1490,6.612224539111485e-05,0.964210159511465,0.481421647819063
1961c3e1272bfeceb05d0b78b5bbfdaf,896.0,3,4,2,3.833333333333333,2018-07,2018-08,298.6666666666667,1491,6.592285817498291e-05,0.96427608236964,0.4817447495961228
4ef4c39cf3c24f326434cf0b2e48046a,891.0,8,9,6,3.3611111111111107,2018-01,2018-08,111.375,1492,6.555498508248859e-05,0.9643416373547226,0.48206785137318253
f8201cab383e484733266d1906e2fdfa,889.0,10,10,7,4.285714285714286,2017-06,2018-08,88.9,1493,6.540783584549086e-05,0.9644070451905681,0.48239095315024233
160e4f13fd3a64b1b86807be88b5ffb0,886.0,4,4,3,4.5,2017-11,2018-02,221.5,1494,6.518711198999426e-05,0.9644722323025581,0.4827140549273021
e1dc0754bada9ee4cfe9713f22f61292,885.0,12,12,3,3.6666666666666665,2018-06,2018-08,73.75,1495,6.51135373714954e-05,0.9645373458399296,0.48303715670436187
ffad1e7127fb622cb64a900751590acd,884.3,10,15,5,4.8933333333333335,2018-03,2018-07,88.42999999999999,1496,6.506203513854619e-05,0.9646024078750681,0.48336025848142167
6b9b80d53ba3676eafe60268a810b5a1,882.7,10,10,6,3.75,2017-02,2017-08,88.27000000000001,1497,6.494431574894802e-05,0.9646673521908171,0.4836833602584814
48985c61529077fa4f1e38bcff0f2ed3,879.3,7,7,6,4.5,2017-01,2017-08,125.61428571428571,1498,6.469416204605187e-05,0.9647320463528631,0.4840064620355412
e644cbadf7eeb30d0d29f335ce7d52ec,878.8999999999999,8,10,2,3.625,2018-07,2018-08,109.86249999999998,1499,6.466473219865231e-05,0.9647967110850618,0.48432956381260095
134a288e7de827ec5ec62e3ec9c3a295,877.45,9,9,4,4.8125,2017-05,2017-09,97.49444444444445,1500,6.455804900182898e-05,0.9648612691340637,0.48465266558966075
68f86ba270525243e68ae74044f992b9,876.5,11,12,9,4.277777777777778,2017-08,2018-08,79.68181818181819,1501,6.448815311425505e-05,0.9649257572871779,0.4849757673667205
1f867308a0ce13133a4e639ff4de0c02,875.1,7,13,5,3.96,2017-09,2018-06,125.01428571428572,1502,6.438514864835665e-05,0.9649901424358263,0.4852988691437803
cac63f48c38cd7d002a7e846dcd99a23,874.0,10,10,8,4.75,2017-11,2018-08,87.4,1503,6.430421656800788e-05,0.9650544466523943,0.4856219709208401
efff9341f3f8f5237b44ff67ed36a7bf,872.99,5,5,2,4.416666666666666,2018-05,2018-08,174.598,1504,6.422990620332403e-05,0.9651186765585976,0.4859450726978998
9c690ceacd5c66731bf443ea810195cb,871.8,10,12,7,4.476190476190476,2017-08,2018-08,87.17999999999999,1505,6.414235240731039e-05,0.9651828189110049,0.4862681744749596
bf00385a5f7fc1ef39a13c2e9ee50a5f,870.3,29,29,2,4.353365384615385,2018-07,2018-08,30.010344827586206,1506,6.403199047956208e-05,0.9652468509014844,0.48659127625201937
eddd1991bd6d9309995a480c39b95137,866.0,3,3,2,2.25,2017-10,2017-11,288.6666666666667,1507,6.371561962001697e-05,0.9653105665211045,0.48691437802907916
557f22c76691849db52d2abccf0015d0,865.8599999999999,13,14,4,3.025,2017-05,2017-09,66.60461538461537,1508,6.370531917342712e-05,0.9653742718402779,0.4872374798061389
400f221ab83037c0ea78f1267da9624d,865.0,1,1,1,,2017-10,2017-10,865.0,1509,6.364204500151811e-05,0.9654379138852794,0.4875605815831987
ab3e0c171fe84a7ba7de130f19cfb485,863.42,7,10,5,3.72,2017-04,2018-04,123.34571428571428,1510,6.35257971042899e-05,0.9655014396823838,0.4878836833602585
a67780aba9dd436e7ac0aa1f889e73ec,863.0,6,6,5,3.8,2017-11,2018-08,143.83333333333334,1511,6.349489576452038e-05,0.9655649345781483,0.48820678513731824
41da412d33e8da4f22baf55cb1bde82c,862.9,15,21,6,4.677777777777778,2018-01,2018-06,57.526666666666664,1512,6.348753830267049e-05,0.965628422116451,0.48852988691437804
20cb7c2fde3e5bf10f0bbe7394e1c6a9,861.9,32,51,14,4.089285714285714,2017-03,2018-08,26.934375,1513,6.341396368417162e-05,0.9656918360801351,0.4888529886914378
6a8a889bde935bafa76d7848782dfaf9,860.8199999999999,26,30,4,4.238095238095238,2018-03,2018-06,33.10846153846153,1514,6.333450309619284e-05,0.9657551705832312,0.4891760904684976
c4fabeea6e569d42d02993bb1f4f1cbc,859.3,11,11,7,3.880952380952381,2018-01,2018-08,78.11818181818181,1515,6.322266967607458e-05,0.9658183932529073,0.4894991922455573
2c43fb513632d29b3b58df74816f1b06,858.0,3,3,2,3.0,2018-06,2018-07,286.0,1516,6.312702267202605e-05,0.9658815202755793,0.4898222940226171
e8dba4d70f7f2b20e775d09cae01142d,855.91,9,9,4,4.458333333333333,2018-05,2018-08,95.10111111111111,1517,6.297325171936342e-05,0.9659444935272986,0.4901453957996769
0aa124728afc1131dff5655f4c6f487b,850.92,2,2,2,1.0,2018-07,2018-08,425.46,1518,6.260611437305408e-05,0.9660070996416716,0.49046849757673666
f783a638e9c6af4a7d0dbfde811e7a81,849.8,5,5,3,4.444444444444445,2018-02,2018-04,169.95999999999998,1519,6.252371080033535e-05,0.9660696233524719,0.49079159935379646
1099a00e0ee3a50935e6c2447ca090c5,849.6999999999999,3,3,3,3.6666666666666665,2017-11,2018-01,283.2333333333333,1520,6.251635333848547e-05,0.9661321397058105,0.4911147011308562
010da0602d7774602cd1b3f5fb7b709e,849.5,1,5,1,1.0,2018-06,2018-06,849.5,1521,6.25016384147857e-05,0.9661946413442253,0.491437802907916
4221a7df464f1fe2955934e30ff3a5a1,849.5,5,5,3,4.833333333333333,2018-06,2018-08,169.9,1522,6.25016384147857e-05,0.9662571429826401,0.49176090468497574
a0d7fbb07bb5ebc3b05980e750db56f3,848.99,3,4,2,1.6666666666666667,2018-05,2018-08,282.99666666666667,1523,6.246411535935128e-05,0.9663196070979995,0.49208400646203554
3dbbce181edfaa4a597ec858c382d2ec,848.3,17,20,7,4.309523809523809,2017-04,2017-12,49.9,1524,6.241334887258706e-05,0.966382020446872,0.49240710823909534
fe1b067411b8c5066e962aa146ccee03,847.78,8,8,2,4.583333333333334,2018-07,2018-08,105.9725,1525,6.237509007096765e-05,0.9664443955369431,0.4927302100161551
113e3a788b935f48aad63e1c41dac1bd,847.35,39,48,11,4.473737373737373,2017-07,2018-08,21.72692307692308,1526,6.234345298501314e-05,0.9665067389899281,0.4930533117932149
2dd1fb6f0e42a2243b8a01e40cd41216,845.89,4,5,2,3.5,2017-02,2017-04,211.4725,1527,6.22360340420048e-05,0.9665689750239701,0.4933764135702746
2b03ac196f5ed62ac483960fe0fa3b65,843.1,7,7,4,4.25,2017-11,2018-05,120.44285714285715,1528,6.203076085639297e-05,0.9666310057848265,0.4936995153473344
ddd51ae8cda92f3995a51fc0f0f3eec7,842.6999999999999,8,25,5,4.514285714285714,2017-01,2018-01,105.33749999999999,1529,6.200133100899341e-05,0.9666930071158355,0.49402261712439416
0791d9fc1e30678ecf03d3e55fa108d3,842.0,5,11,3,3.5,2018-05,2018-07,168.4,1530,6.194982877604421e-05,0.9667549569446116,0.49434571890145396
a1544b9ea0b2390e020537d4daa89049,841.2,8,8,8,3.875,2017-02,2018-08,105.15,1531,6.189096908124512e-05,0.9668168479136928,0.49466882067851375
a3b42d266fa8afc874b909422ce88582,839.4000000000001,1,6,1,5.0,2018-07,2018-07,839.4000000000001,1532,6.175853476794717e-05,0.9668786064484608,0.4949919224555735
c37b2059d4f90d4feead554e5246565e,839.3,12,16,7,3.2857142857142856,2017-11,2018-07,69.94166666666666,1533,6.175117730609728e-05,0.9669403576257669,0.4953150242326333
6e4f5ff6b086632ba8dcb558fb10249e,838.9,5,5,5,3.4,2018-02,2018-07,167.78,1534,6.172174745869773e-05,0.9670020793732256,0.49563812600969304
82cb9f452fe8334df74b22d37824b431,838.2,14,18,5,4.685714285714286,2018-04,2018-08,59.871428571428574,1535,6.167024522574853e-05,0.9670637496184513,0.49596122778675283
eba88037e1dca898cd02881f67ced679,838.0999999999999,6,6,5,4.6,2017-04,2018-03,139.6833333333333,1536,6.166288776389863e-05,0.9671254125062152,0.4962843295638126
b81e3a6c866a764974fe849821abeebd,836.1500000000001,8,11,2,4.589285714285714,2018-07,2018-08,104.51875000000001,1537,6.151941725782586e-05,0.967186931923473,0.4966074313408724
28f10b1c5e5abb9d4857745bede6147c,835.0,28,28,5,4.145555555555555,2018-04,2018-08,29.821428571428573,1538,6.143480644655216e-05,0.9672483667299197,0.49693053311793217
297d5eccd19fa9a83b2630071ff105e4,834.97,8,8,2,5.0,2018-07,2018-08,104.37125,1539,6.143259920799719e-05,0.9673097993291276,0.4972536348949919
1bb3812d5f0747a3ab7348f199001a10,834.4,9,9,6,4.916666666666667,2017-11,2018-08,92.71111111111111,1540,6.139066167545284e-05,0.9673711899908031,0.4975767366720517
91543f9849d68d023e17194926598543,834.0,4,6,3,4.416666666666667,2017-08,2018-02,208.5,1541,6.136123182805329e-05,0.9674325512226312,0.49789983844911145
c00396cbdd2e088fe4281baa5920aef1,832.4100000000001,1,3,1,5.0,2018-04,2018-04,832.4100000000001,1542,6.12442481846401e-05,0.9674937954708158,0.49822294022617125
a2deecd5398f5df4987110c80a1972a3,827.4300000000001,16,16,5,3.8899999999999997,2018-04,2018-08,51.714375000000004,1543,6.0877846584515754e-05,0.9675546733174003,0.498546042003231
8602a61d680a10a82cceeeda0d99ea3d,826.99,17,19,11,4.5,2017-08,2018-08,48.646470588235296,1544,6.0845473752376255e-05,0.9676155187911527,0.4988691437802908
1cd9e0cc1839d55516843def5600816d,825.0,5,5,3,5.0,2018-06,2018-08,165.0,1545,6.069906026156351e-05,0.9676762178514142,0.4991922455573506
340636a908b13bbe0f4fb63fbe1d0c03,823.2,5,6,3,3.0,2018-02,2018-05,164.64000000000001,1546,6.056662594826556e-05,0.9677367844773624,0.49951534733441033
51e4e89242cbb846c2deff3dc015650e,822.58,16,16,5,4.7333333333333325,2018-04,2018-08,51.41125,1547,6.052100968479626e-05,0.9677973054870472,0.49983844911147013
10076e5788b8ee532724bcd460baf762,821.48,23,26,11,4.345454545454545,2017-05,2018-07,35.716521739130435,1548,6.044007760444751e-05,0.9678577455646517,0.5001615508885299
28ea411b354f14b1a494be4e79f0ce02,820.0,6,6,5,4.6,2017-02,2018-01,136.66666666666666,1549,6.0331187169069186e-05,0.9679180767518207,0.5004846526655896
0aa2205ca24f113f4658a5c536667426,815.62,4,11,3,3.6666666666666665,2018-04,2018-08,203.905,1550,6.000893034004416e-05,0.9679780856821608,0.5008077544426495
63a79f5a7eb5cb48a7e5787b141c7993,815.1000000000001,11,11,4,4.607142857142858,2018-04,2018-07,74.10000000000001,1551,5.997067153842476e-05,0.9680380563536992,0.5011308562197092
daf565f087a52def0fd5c5825b3661bc,813.9,9,9,3,3.6111111111111107,2018-06,2018-08,90.43333333333334,1552,5.988238199622611e-05,0.9680979387356955,0.501453957996769
dc64d75cc406bb0697be983831430e60,813.0,4,4,3,4.666666666666667,2018-05,2018-08,203.25,1553,5.981616483957713e-05,0.9681577549005351,0.5017770597738288
a1bea7061f61f6fdd9a85a6325ba1033,810.9499999999999,9,9,3,4.583333333333333,2018-06,2018-08,90.10555555555555,1554,5.966533687165445e-05,0.9682174202374068,0.5021001615508885
5996cddab893a4652a15592fb58ab8db,810.0,1,1,1,5.0,2018-07,2018-07,810.0,1555,5.959544098408054e-05,0.9682770156783909,0.5024232633279483
17adeba047385fb0c67d8e90b4296d21,809.6999999999999,1,3,1,1.0,2017-03,2017-03,809.6999999999999,1556,5.9573368598530876e-05,0.9683365890469894,0.502746365105008
bd4431c1a8dfa744b59e1e2a8bc99b9e,809.5,7,7,3,4.5,2018-04,2018-08,115.64285714285714,1557,5.95586536748311e-05,0.9683961477006642,0.5030694668820679
14ee35374a7876217954b5fa08e50463,809.0,6,6,3,4.333333333333333,2017-10,2018-01,134.83333333333334,1558,5.9521866365581674e-05,0.9684556695670298,0.5033925686591276
ba5daa4041e1f15cdf34b76e3e18a450,806.8000000000001,15,15,7,4.4523809523809526,2018-02,2018-08,53.78666666666667,1559,5.936000220488418e-05,0.9685150295692346,0.5037156704361874
caa9bc43a9fe8cf9c564ddd8a03cc4a6,803.8699999999999,13,14,4,4.6875,2018-04,2018-08,61.836153846153834,1560,5.914442857268249e-05,0.9685741739978073,0.5040387722132472
a72c2f59332659e361d647515c698798,802.9,5,6,4,4.75,2018-01,2018-07,160.57999999999998,1561,5.9073061192738595e-05,0.9686332470590001,0.504361873990307
11eac105f3f90a9b87b19c89d91e24f3,802.89,5,5,3,3.1666666666666665,2017-05,2017-07,160.578,1562,5.907232544655361e-05,0.9686923193844467,0.5046849757673667
ba6b4a237f92479743cf0ca06b67a9ac,801.89,8,8,5,4.0,2018-01,2018-08,100.23625,1563,5.8998750828054745e-05,0.9687513181352747,0.5050080775444264
253f95b3a0e6983ae18aed49fbc2b845,799.5,5,5,3,4.333333333333333,2018-03,2018-06,159.9,1564,5.8822907489842455e-05,0.9688101410427645,0.5053311793214863
7a91bf945c6fae0779f1c61ce97fe45c,799.5,5,5,4,3.75,2017-07,2017-11,159.9,1565,5.8822907489842455e-05,0.9688689639502543,0.505654281098546
9c7fd21e0aa159b20da593371f08ff7c,798.3,7,8,4,3.5625,2018-03,2018-08,114.04285714285713,1566,5.873461794764382e-05,0.968927698568202,0.5059773828756058
a247197e2e9c19a6a53a6888cb8b660f,798.0,2,2,1,1.0,2017-12,2017-12,399.0,1568,5.871254556209416e-05,0.9689864111137642,0.5063004846526656
13511db12ac61e2f89c53b72a944a60b,798.0,6,6,5,4.0,2018-04,2018-08,133.0,1567,5.871254556209416e-05,0.9690451236593263,0.5066235864297254
365e4bce19bda0082c3d15d83fdb8bcd,796.4,6,7,5,4.7,2018-01,2018-06,132.73333333333332,1569,5.859482617249598e-05,0.9691037184854988,0.5069466882067851
5a05a16bb50629ee31afab8a6d4c2674,794.3,14,15,5,4.361904761904762,2018-03,2018-07,56.73571428571428,1570,5.844031947364836e-05,0.9691621588049725,0.5072697899838449
e3a386fc36e22064434e1fa256f6a9fa,793.9,16,17,6,4.263888888888889,2018-01,2018-08,49.61875,1571,5.841088962624881e-05,0.9692205696945987,0.5075928917609047
0d4c8269e7f0401201794deef160edd6,792.64,3,4,2,4.333333333333333,2017-10,2017-11,264.2133333333333,1572,5.8318185606940244e-05,0.9692788878802057,0.5079159935379645
52956b80ae65fda598f06f6b9943e7a9,792.0,3,3,1,4.0,2018-05,2018-05,264.0,1573,5.827109785110097e-05,0.9693371589780567,0.5082390953150242
5962468f885ea01a1b6a97a218797b0a,791.0,8,9,5,3.75,2017-07,2017-12,98.875,1574,5.819752323260211e-05,0.9693953565012893,0.5085621970920841
3d5d0dc7073a299e31fa718ce1bc00b6,790.7,23,24,3,4.102453102453103,2018-06,2018-08,34.37826086956522,1575,5.817545084705245e-05,0.9694535319521363,0.5088852988691438
134b867a0f7f8bbe6abf10f91874891e,789.89,1,1,1,4.0,2018-04,2018-04,789.89,1576,5.811585540606836e-05,0.9695116478075424,0.5092084006462035
f9eedec3129e8cc6b6429c42d0808c5b,789.8,2,2,1,4.5,2018-07,2018-07,394.9,1577,5.810923369040346e-05,0.9695697570412328,0.5095315024232633
ac6417315ae5da8f9a38ee11de6f7780,788.9000000000001,8,8,6,3.3333333333333335,2017-04,2018-04,98.61250000000001,1578,5.8043016533754495e-05,0.9696278000577666,0.5098546042003231
2305ab43e846518f58dd9d59f3f54e96,788.89,3,3,3,3.6666666666666665,2018-04,2018-06,262.9633333333333,1579,5.8042280787569496e-05,0.9696858423385541,0.5101777059773829
4c61e37f664c3c88aff092aa5ac779d7,788.31,7,8,2,4.0,2018-03,2018-04,112.61571428571428,1580,5.7999607508840154e-05,0.969743841946063,0.5105008077544426
3492e68f37fd1df87f4f2f2ea247f445,787.86,8,9,3,3.527777777777778,2018-05,2018-08,98.4825,1581,5.796649893051567e-05,0.9698018084449935,0.5108239095315025
da03c298e3999e9d828591fc2179d109,787.7,4,5,2,4.833333333333334,2017-12,2018-02,196.925,1582,5.795472699155586e-05,0.9698597631719851,0.5111470113085622
1cbd50a8c52e6cf8e315c5709fab386f,785.97,9,9,5,3.7,2018-01,2018-07,87.33,1583,5.7827442901552815e-05,0.9699175906148866,0.511470113085622
9d681c7e12db302cb261e721040dde65,785.6,13,14,4,4.9375,2018-05,2018-08,60.43076923076923,1584,5.780022029270824e-05,0.9699753908351793,0.5117932148626817
9535a841eecebed61a9fb1ac1cbb5597,784.9,2,2,2,3.0,2017-01,2017-02,392.45,1585,5.774871805975903e-05,0.970033139553239,0.5121163166397416
de09d00cfc265b8804c7df34075a68fa,784.0,3,3,3,3.3333333333333335,2017-10,2018-05,261.3333333333333,1586,5.7682500903110054e-05,0.9700908220541421,0.5124394184168013
5f06030071324cc52bf0304014ac7234,783.96,4,4,1,4.0,2017-08,2017-08,195.99,1587,5.76795579183701e-05,0.9701485016120605,0.512762520193861
d4f117125b59ce73c3302f88ee40c458,783.2900000000001,17,17,9,4.87962962962963,2017-12,2018-08,46.07588235294118,1588,5.763026292397586e-05,0.9702061318749844,0.5130856219709209
ef30892870c278497523264be1be2241,783.2,9,9,2,4.5,2017-12,2018-01,87.02222222222223,1589,5.762364120831096e-05,0.9702637555161927,0.5134087237479806
52a52b9f656520e99716f5bc40f661c8,783.1,7,8,4,4.125,2018-04,2018-07,111.87142857142858,1590,5.761628374646107e-05,0.9703213717999392,0.5137318255250404
41c2bad7229b0c25e6becf179ebf63ff,782.0,20,23,4,4.979166666666667,2017-11,2018-07,39.1,1591,5.7535351666112325e-05,0.9703789071516052,0.5140549273021001
11742f81550ac064cc9a40f67151d9ad,781.9,2,2,1,5.0,2018-08,2018-08,390.95,1592,5.7527994204262435e-05,0.9704364351458095,0.51437802907916
70bf57d811208f8923b41bbd499a67a4,780.8,7,7,3,4.333333333333333,2018-06,2018-08,111.54285714285713,1593,5.744706212391368e-05,0.9704938822079334,0.5147011308562197
e560e4022d8f7aebf155db95946c5c0f,780.0,2,2,2,5.0,2018-06,2018-07,390.0,1594,5.7388202429114595e-05,0.9705512704103625,0.5150242326332795
cb6c9f5888a7a090c75beaf615925792,779.8900000000001,11,11,5,3.2333333333333334,2018-04,2018-08,70.89909090909092,1595,5.738010922107973e-05,0.9706086505195836,0.5153473344103393
6524b847b982cd56bb5d4b02b776ee42,779.8,1,2,1,4.0,2018-02,2018-02,779.8,1596,5.7373487505414815e-05,0.970666024007089,0.515670436187399
4deebb3199eeafb282ae33229144f94b,779.7,4,5,3,4.111111111111112,2018-01,2018-07,194.925,1597,5.736613004356494e-05,0.9707233901371326,0.5159935379644588
5a413ade68e8f8d93071a7f52a64cb9e,778.9,14,14,1,4.642857142857143,2018-08,2018-08,55.635714285714286,1598,5.730727034876584e-05,0.9707806974074814,0.5163166397415185
d66c11a9572221d92fbb8c4897db5f9b,776.56,16,16,3,4.583333333333333,2018-06,2018-08,48.535,1599,5.7135105741478495e-05,0.9708378325132229,0.5166397415185784
71271995e85f5b8530be99ed54a91b89,776.0,8,8,7,2.2857142857142856,2017-11,2018-07,97.0,1600,5.7093903955119136e-05,0.970894926417178,0.5169628432956381
74636e24f01da9268b0ed88dacd8513e,776.0,4,4,3,3.6666666666666665,2018-04,2018-08,194.0,1601,5.7093903955119136e-05,0.9709520203211331,0.5172859450726979
5c3460cd3e8a984382ae254e7dd20d9f,775.76,9,10,6,4.611111111111112,2018-02,2018-08,86.19555555555556,1602,5.70762460466794e-05,0.9710090965671798,0.5176090468497577
d9442042130b7fe579d1295f9f4a248f,772.16,19,22,6,4.178571428571428,2017-04,2017-09,40.64,1603,5.681137742008349e-05,0.9710659079445999,0.5179321486268175
25be943a321c8938947bdaabca979a90,769.0,5,5,5,3.0,2018-05,2018-09,153.8,1604,5.6578881625627076e-05,0.9711224868262255,0.5182552504038772
0ff83046c3fa22efee8ecf291888b191,768.9000000000001,10,11,7,4.857142857142857,2017-04,2018-04,76.89000000000001,1605,5.65715241637772e-05,0.9711790583503893,0.518578352180937
4a1917ef994878940e1fb03eeb787ad7,768.0,2,3,2,3.0,2018-06,2018-07,384.0,1606,5.650530700712821e-05,0.9712355636573965,0.5189014539579968
562f8cfc51f265411f487d07e9c40e7f,766.9200000000001,13,13,8,4.625,2017-10,2018-05,58.99384615384616,1607,5.6425846419149446e-05,0.9712919895038157,0.5192245557350565
80f2cf9abf6b5a0e5c612b5eea6646e6,766.08,7,7,3,3.6666666666666665,2018-04,2018-07,109.44000000000001,1608,5.6364043739610395e-05,0.9713483535475553,0.5195476575121163
6f83d9e4da896daae20b9b6b2d3ff8d2,765.19,11,11,5,4.633333333333334,2018-03,2018-07,69.56272727272727,1609,5.6298562329146405e-05,0.9714046521098845,0.5198707592891761
0b36063d5818f81ccb94b54adfaebbf5,765.0,1,15,1,5.0,2017-01,2017-01,765.0,1610,5.6284583151631617e-05,0.9714609366930361,0.5201938610662359
5acd070dd3fe441bbb2ec1f1ede515ee,764.1700000000001,7,8,4,2.333333333333333,2017-11,2018-02,109.16714285714286,1611,5.622351621827757e-05,0.9715171602092544,0.5205169628432956
2063dd1b9f568df1c16741ea7d3e6adb,763.1,3,3,3,5.0,2017-03,2017-11,254.36666666666667,1612,5.614479137648378e-05,0.9715733050006309,0.5208400646203554
39c763cca83e654764b7a4a650fb9b7c,761.0,11,11,6,3.8333333333333335,2017-09,2018-07,69.18181818181819,1613,5.599028467763616e-05,0.9716292952853085,0.5211631663974152
a56e351445e5863fc8960640ba9190c7,760.9200000000001,3,4,1,4.25,2018-04,2018-04,253.64000000000001,1614,5.598439870815626e-05,0.9716852796840166,0.521486268174475
ca77545ca4d2dfd1431bf61334e2fa3c,760.0,6,10,4,4.5,2018-01,2018-04,126.66666666666667,1615,5.591671005913729e-05,0.9717411963940757,0.5218093699515347
ac51cac5e20d69ff485a54746488ef48,759.9,4,4,1,3.5,2018-01,2018-01,189.975,1616,5.590935259728741e-05,0.971797105746673,0.5221324717285946
7c51de0ab286204ce75ff42bf7c10d92,759.0,4,4,2,4.666666666666666,2018-07,2018-08,189.75,1617,5.584313544063843e-05,0.9718529488821136,0.5224555735056543
458c6fa920810ce2492da71bc26d9eec,756.76,2,2,1,2.5,2017-12,2017-12,378.38,1618,5.567832829520097e-05,0.9719086272104088,0.522778675282714
cf654707ed6a99f112c7ec3d6f314b8b,756.0,3,4,3,4.666666666666667,2018-05,2018-08,252.0,1620,5.5622411585141834e-05,0.971964249621994,0.5231017770597738
312ba1d77e9c332ef21f9598b7f64cd7,756.0,9,10,5,3.066666666666667,2018-01,2018-07,84.0,1619,5.5622411585141834e-05,0.9720198720335792,0.5234248788368336
21c62b998a043ebe31161d38f84929fc,750.49,4,4,2,4.666666666666666,2018-07,2018-08,187.6225,1621,5.521701543721309e-05,0.9720750890490164,0.5237479806138934
61c36f0fc4a47f9532e5512b66668e62,750.0,1,1,1,1.0,2018-03,2018-03,750.0,1622,5.5180963874148645e-05,0.9721302700128905,0.5240710823909531
9dc79dd988ac42f4d56c340d7048420a,749.6,4,4,1,4.75,2018-08,2018-08,187.4,1623,5.51515340267491e-05,0.9721854215469173,0.524394184168013
87d3c3aeb3ead335511b3ce315eb341e,749.35,15,15,3,3.277777777777778,2018-06,2018-08,49.95666666666667,1624,5.513314037212439e-05,0.9722405546872894,0.5247172859450727
fd435faa3c0422b60440ea3480d0e77c,749.0,1,1,1,5.0,2018-08,2018-08,749.0,1625,5.510738925564978e-05,0.972295662076545,0.5250403877221325
191d55f7edb8524d525ed01b20fe32e8,747.0,3,3,3,2.3333333333333335,2017-11,2018-01,249.0,1626,5.496024001865205e-05,0.9723506223165637,0.5253634894991922
8d46553a36e68f95350a200c12f8f2e2,746.5999999999999,13,16,4,3.458333333333333,2017-08,2018-03,57.43076923076922,1627,5.49308101712525e-05,0.9724055531267349,0.5256865912762521
c89cf7c468a48af70aada384e722f9e2,745.0,14,14,8,4.25,2017-06,2018-08,53.214285714285715,1628,5.481309078165432e-05,0.9724603662175166,0.5260096930533118
ba6ce6de456f6c11d08c17701ba5c26f,744.35,6,7,6,4.166666666666667,2018-02,2018-07,124.05833333333334,1629,5.4765267279630064e-05,0.9725151314847963,0.5263327948303715
e8a85b5f3df47be0984c55fd4064dbb4,743.0,8,14,6,4.333333333333333,2018-02,2018-08,92.875,1630,5.466594154465659e-05,0.972569797426341,0.5266558966074314
6e864f5c4669eff3d98140a07cc50202,740.59,13,13,7,4.571428571428571,2017-08,2018-05,56.96846153846154,1631,5.448862671407433e-05,0.9726242860530551,0.5269789983844911
2ba91c7ad80ff88b23b7db823b43c233,740.4,6,6,4,3.875,2018-04,2018-08,123.39999999999999,1632,5.447464753655954e-05,0.9726787607005917,0.5273021001615509
5bba18b40e8c973b0f32e748004775b0,739.98,1,1,1,5.0,2016-10,2016-10,739.98,1633,5.444374619679002e-05,0.9727332044467885,0.5276252019386106
c522be04e020c1e7b79f3acff36513d5,739.9300000000001,7,7,5,3.6,2018-04,2018-08,105.70428571428572,1634,5.444006746586508e-05,0.9727876445142544,0.5279483037156705
8a40ae794fa3f9892cee24bd5af0488b,739.8499999999999,6,6,5,3.4,2017-06,2018-06,123.30833333333332,1635,5.443418149638516e-05,0.9728420786957508,0.5282714054927302
ba6b68b55fe8704377a7d43c8e5c0185,739.77,5,5,2,3.375,2017-05,2017-06,147.954,1636,5.4428295526905256e-05,0.9728965069912777,0.52859450726979
6bb62a4912377c7bfe7cb17b406bc7e6,739.52,4,6,2,3.5,2018-07,2018-08,184.88,1637,5.440990187228054e-05,0.97295091689315,0.5289176090468498
8c91bfea4263b8fba54081460693e2a1,739.0,2,2,1,5.0,2017-02,2017-02,369.5,1638,5.437164307066113e-05,0.9730052885362207,0.5292407108239096
e73bf2cea7fe4b0b4d287a7568ed1099,737.7,4,5,2,5.0,2018-07,2018-08,184.425,1639,5.427599606661261e-05,0.9730595645322874,0.5295638126009693
89dda63a3c907c468ec88c310ed91213,734.99,2,2,1,3.0,2018-04,2018-04,367.495,1640,5.407660885048069e-05,0.9731136411411379,0.529886914378029
56db5c0782e8f7ddc9343f9576ff6d16,734.8,2,2,2,3.0,2017-01,2018-08,367.4,1642,5.40626296729659e-05,0.9731677037708109,0.5302100161550889
4200ddf1967c5e41e48db62bc6d4b5ac,734.8,22,42,9,4.4259259259259265,2017-08,2018-04,33.4,1641,5.40626296729659e-05,0.9732217664004839,0.5305331179321486
6e1862e15f33d9994bc25922a85e1efc,732.49,8,14,3,4.333333333333333,2018-06,2018-08,91.56125,1643,5.389267230423352e-05,0.9732756590727881,0.5308562197092084
808d4348b916efa08e766ebad39f61eb,731.1,21,21,2,4.427272727272728,2018-07,2018-08,34.81428571428572,1644,5.3790403584520104e-05,0.9733294494763727,0.5311793214862682
33cbbec1e7e1044aaf11d152172c776f,730.6700000000001,15,16,5,4.822857142857143,2018-04,2018-08,48.711333333333336,1645,5.3758766498565597e-05,0.9733832082428713,0.531502423263328
da4d149c0ddbac90557103ac0a0ec356,730.0,1,1,1,3.0,2018-08,2018-08,730.0,1646,5.370947150417135e-05,0.9734369177143755,0.5318255250403877
014d9a685fd57276679edd00e07089e5,729.88,11,12,5,3.0833333333333335,2017-11,2018-08,66.35272727272728,1647,5.370064254995148e-05,0.9734906183569254,0.5321486268174475
7210cd29727d674c00741e5e387b3ccd,729.0899999999999,9,13,3,4.0,2018-06,2018-08,81.00999999999999,1648,5.3642518601337376e-05,0.9735442608755267,0.5324717285945073
da6a60cc8cc724fe51be021ff8be779c,728.7900000000001,12,13,4,4.825,2018-05,2018-08,60.73250000000001,1649,5.362044621578773e-05,0.9735978813217425,0.532794830371567
aac51c486b672a9850d59f3e84b1cf88,728.28,10,13,1,4.769230769230769,2018-08,2018-08,72.828,1650,5.35829231603533e-05,0.9736514642449029,0.5331179321486268
8132b9bd16876e1b0f8808d43825dd48,727.9,2,3,2,3.0,2017-05,2017-07,363.95,1651,5.355496480532373e-05,0.9737050192097082,0.5334410339256865
f19516b9ff26bfeb091b30108db4ddbd,727.6,5,5,4,2.5,2017-08,2017-11,145.52,1652,5.3532892419774074e-05,0.973758552102128,0.5337641357027464
d29ba1220fb8634fa3a107e54497b8a4,724.94,9,9,4,3.583333333333333,2018-04,2018-08,80.5488888888889,1653,5.3337183934567096e-05,0.9738118892860625,0.5340872374798061
fe1bbc5feda5c8979a8a1b3b2512d5a6,724.72,9,10,5,3.6666666666666665,2017-02,2017-07,80.52444444444444,1654,5.3320997518497346e-05,0.9738652102835811,0.5344103392568659
6d22a1fcebb6dd08c9cd90b92a93e8d0,723.7,12,13,6,4.141666666666667,2017-08,2018-01,60.30833333333334,1655,5.3245951407628505e-05,0.9739184562349887,0.5347334410339257
d9e7e7778b32987280a6f2cb9a39c57d,722.5,11,13,4,3.6875,2018-01,2018-06,65.68181818181819,1656,5.315766186542986e-05,0.9739716138968542,0.5350565428109855
07d75e33f2750d97d467fb57e4dfdd8a,722.4,2,2,2,2.5,2018-03,2018-05,361.2,1657,5.315030440357998e-05,0.9740247642012577,0.5353796445880452
c8cc60ffd415254af5d9b9f34f32c369,722.2,8,9,3,4.533333333333333,2018-06,2018-08,90.275,1658,5.3135589479880204e-05,0.9740778997907376,0.535702746365105
b16d3dadc47d4eb18be3d88bad0775ce,722.1,10,11,4,4.45,2018-05,2018-08,72.21000000000001,1659,5.312823201803032e-05,0.9741310280227556,0.5360258481421648
94231344608e603693b0a8891143f65d,722.0,3,3,3,4.0,2018-05,2018-08,240.66666666666666,1660,5.312087455618043e-05,0.9741841488973119,0.5363489499192245
d79e8478eed9999493990b44955fb22e,721.89,5,5,3,4.333333333333333,2018-06,2018-08,144.378,1661,5.3112781348145556e-05,0.97423726167866,0.5366720516962843
68ca56ce86830f3d31b1b7ec6a54da3e,719.5899999999999,6,6,2,4.125,2018-07,2018-08,119.93166666666666,1662,5.294355972559816e-05,0.9742902052383856,0.5369951534733441
07de60b03d150fb3ea09eab5da5e4c8b,719.1,9,9,5,4.1,2018-01,2018-08,79.9,1663,5.290750816253373e-05,0.9743431127465482,0.5373182552504039
75a4764c108403a7a0575140cb22287c,716.9,5,9,3,4.888888888888889,2017-12,2018-04,143.38,1664,5.274564400183622e-05,0.97439585839055,0.5376413570274636
d558ebe531605a1285ab2b1bc3256dfb,709.0,3,3,3,4.666666666666667,2018-03,2018-06,236.33333333333334,1665,5.216440451569519e-05,0.9744480227950657,0.5379644588045234
024b564ae893ce8e9bfa02c10a401ece,706.4000000000001,2,8,2,4.5,2016-10,2017-02,353.20000000000005,1666,5.197311050759815e-05,0.9744999959055733,0.5382875605815832
e21a1e8be4715b0fcfd5385643bc49c4,703.6,21,24,10,3.424285714285714,2017-04,2018-02,33.50476190476191,1667,5.176710157580132e-05,0.9745517630071492,0.538610662358643
18e694e0e48ed6f7aa3f24aade5fd697,701.54,31,34,3,4.723809523809524,2018-06,2018-08,22.63032258064516,1668,5.161553786169365e-05,0.9746033785450109,0.5389337641357027
39d61be7a92eb77b7da367bd4845bc0e,700.59,7,14,5,4.016666666666667,2018-03,2018-08,100.08428571428571,1669,5.154564197411973e-05,0.974654924186985,0.5392568659127626
3ef37b7ca6dd2b80bd8af81a62504996,700.0,2,2,2,4.5,2017-03,2017-09,350.0,1670,5.1502232949205406e-05,0.9747064264199342,0.5395799676898223
328acb143b4a73aad6bee8e734f5d20d,699.98,2,2,1,4.0,2017-02,2017-02,349.99,1671,5.150076145683543e-05,0.9747579271813911,0.539903069466882
1b4b28463457a256e9a784ebe2a8f630,699.42,1,1,1,1.0,2018-08,2018-08,699.42,1672,5.145955967047606e-05,0.9748093867410615,0.5402261712439418
59cea8e446d3834393058e7e0666b6fb,696.5999999999999,10,10,3,4.777777777777778,2018-06,2018-08,69.66,1673,5.125207924630926e-05,0.9748606388203078,0.5405492730210016
c7fdb77fdbff3c41981bc52f787e959e,696.32,10,12,6,3.555555555555556,2018-01,2018-07,69.632,1674,5.1231478353129586e-05,0.974911870298661,0.5408723747980614
0d83f8e03188682112cc0d93523705cc,696.26,4,8,3,3.6,2017-11,2018-01,174.065,1675,5.122706387601965e-05,0.9749630973625371,0.5411954765751211
fac35d150712afb921ec59ac5f39bb11,696.0,5,6,4,4.416666666666666,2018-02,2018-07,139.2,1677,5.120793447520995e-05,0.9750143052970123,0.541518578352181
1352e06ae67b410cdae0b2a22361167b,696.0,4,4,2,2.0,2017-04,2017-06,174.0,1676,5.120793447520995e-05,0.9750655132314875,0.5418416801292407
83d7070a0b9a8b4625fa8682b819fabb,694.77,2,2,2,1.0,2018-03,2018-04,347.385,1678,5.111743769445634e-05,0.975116630669182,0.5421647819063005
73b8eb4a9a729d4019b24ed1be748cbf,692.41,8,8,3,4.444444444444445,2018-06,2018-08,86.55125,1679,5.094380159479902e-05,0.9751675744707767,0.5424878836833602
b4b447d715f9ab302a188fb43d3e96b3,685.9300000000001,5,5,2,4.833333333333334,2018-07,2018-08,137.186,1680,5.046703806692638e-05,0.9752180415088436,0.5428109854604201
b2c97074649f92197d9387d9033dda5f,684.71,10,11,5,4.566666666666666,2018-04,2018-08,68.471,1681,5.037727703235776e-05,0.975268418785876,0.5431340872374798
4e6015589b781adaa5ce7f1892d06bb1,684.0,3,3,2,3.75,2017-10,2018-01,228.0,1682,5.032503905322356e-05,0.9753187438249292,0.5434571890145395
2fb25ab44bdbeae6a4d816e0d0c9d500,683.08,5,5,3,4.833333333333333,2017-08,2018-06,136.616,1683,5.025735040420461e-05,0.9753690011753334,0.5437802907915994
9aa388272ee334b6ae07bc73706e254a,678.0,6,7,4,4.5,2018-03,2018-08,113.0,1684,4.9883591342230374e-05,0.9754188847666757,0.5441033925686591
d9cd369bffa979d1634f8e1318bf2f1b,678.0,3,3,3,5.0,2018-05,2018-08,226.0,1685,4.9883591342230374e-05,0.975468768358018,0.5444264943457189
89a51f50b8095ea78d5768f34c13a76f,677.16,10,11,4,4.741666666666667,2018-04,2018-07,67.716,1686,4.982178866269133e-05,0.9755185901466806,0.5447495961227786
a513150f33f99a06569e9cd5c4bb889b,677.0,2,2,2,4.5,2017-11,2017-12,338.5,1687,4.981001672373151e-05,0.9755684001634044,0.5450726978998385
6861de0f40cacb0602e473c51639f980,674.0,5,8,4,3.375,2017-11,2018-07,134.8,1688,4.9589292868234915e-05,0.9756179894562726,0.5453957996768982
c6218512d16fcac0af02fe92691cf274,674.0,8,8,3,4.1000000000000005,2017-04,2017-06,84.25,1689,4.9589292868234915e-05,0.9756675787491409,0.545718901453958
8c0de775f52fe41590b376a3b7c50f68,672.7,9,9,4,4.041666666666666,2018-03,2018-07,74.74444444444445,1690,4.9493645864186394e-05,0.975717072395005,0.5460420032310178
7354220fb240bde543b3c40c060d41e7,672.0,7,7,4,4.708333333333333,2018-01,2018-07,96.0,1691,4.9442143631237185e-05,0.9757665145386363,0.5463651050080776
e4ebd3f87bf70440014f07ddda7fbe03,671.5,7,7,4,4.625,2017-12,2018-03,95.92857142857143,1692,4.9405356321987756e-05,0.9758159198949583,0.5466882067851373
0a85ebe4e328db81ac9109781205e2f7,667.9,12,12,3,4.726190476190476,2018-05,2018-08,55.65833333333333,1693,4.9140487695391836e-05,0.9758650603826537,0.547011308562197
6824a69c9ea0313eba299dd4a2dba09a,666.9,6,7,2,4.833333333333334,2018-07,2018-08,111.14999999999999,1694,4.906691307689297e-05,0.9759141272957307,0.5473344103392569
7bcd7c5f8631701474db233ccf1c094b,666.0,11,11,4,4.125,2017-04,2017-08,60.54545454545455,1695,4.9000695920244e-05,0.975963127991651,0.5476575121163166
5f7300535881cef3b625fd683cf7d145,665.98,10,11,5,4.2,2017-10,2018-07,66.598,1696,4.899922442787402e-05,0.9760121272160789,0.5479806138933764
55c26bcb609f480eb7868594245febb5,664.4000000000001,6,6,3,4.222222222222222,2018-04,2018-08,110.73333333333335,1697,4.888297653064582e-05,0.9760610101926095,0.5483037156704362
bdae679a9b282249bc23b9b69dae9a99,663.15,6,12,5,3.4666666666666672,2018-02,2018-08,110.52499999999999,1698,4.879100825752223e-05,0.976109801200867,0.548626817447496
1430239a858e7682bbc43b20758af153,660.79,18,23,8,4.041666666666667,2017-08,2018-08,36.71055555555555,1699,4.861737215786491e-05,0.9761584185730249,0.5489499192245557
49383af7ab774e4e8f3000f49c83dc4b,660.0,8,12,5,4.4,2018-04,2018-08,82.5,1700,4.855924820925081e-05,0.9762069778212341,0.5492730210016155
299c89a525fee36c567f4fe72f038100,658.0,2,2,2,2.0,2018-07,2018-08,329.0,1701,4.841209897225308e-05,0.9762553899202063,0.5495961227786753
525e75a6fb1454a2325ab1734bcec221,657.0699999999999,10,11,5,4.166666666666666,2017-04,2017-10,65.707,1702,4.834367457704913e-05,0.9763037335947834,0.549919224555735
b0398568231ba5e6734af1881671a317,656.77,4,4,2,4.0,2018-03,2018-04,164.1925,1703,4.832160219149947e-05,0.9763520551969749,0.5502423263327948
c447f8dd3ed213f291d65ef074a268eb,655.0,7,8,4,3.375,2017-02,2017-06,93.57142857142857,1704,4.8191375116756484e-05,0.9764002465720917,0.5505654281098546
b7cc6c5e001441ae8cdd5c69a480cbe4,651.8,6,6,5,4.1,2017-02,2018-01,108.63333333333333,1705,4.795593633756012e-05,0.9764482025084292,0.5508885298869144
cd3d09fbe6e3e9ff0c0ac0c300e93ae7,651.04,12,12,3,4.083333333333333,2018-06,2018-08,54.25333333333333,1706,4.790001962750098e-05,0.9764961025280567,0.5512116316639741
5d043cd5512d4bd2f88e5ccdd5736c38,650.0,1,1,1,2.0,2017-03,2017-03,650.0,1707,4.782350202426216e-05,0.976543926030081,0.5515347334410339
43402bdf22aa2310e8f99e2f94f78628,649.95,4,5,2,2.75,2018-05,2018-06,162.4875,1708,4.781982329333722e-05,0.9765917458533744,0.5518578352180937
f435898e493ba0356019a0b1cb8b55b1,649.76,10,12,6,4.333333333333333,2017-02,2018-05,64.976,1709,4.7805844115822434e-05,0.9766395516974902,0.5521809369951535
236585a4ddb5fea9fa40233e2249ed91,649.53,11,11,5,4.3,2017-11,2018-08,59.04818181818182,1710,4.778892195356769e-05,0.9766873406194437,0.5525040387722132
9cad4b68bb993ee401a3c5aaa2bc26dd,649.3000000000001,5,7,5,2.8,2018-01,2018-07,129.86,1711,4.777199979131296e-05,0.9767351126192351,0.5528271405492731
54aa8463e87776b5612f4bdc4bd5d4de,649.3,7,7,2,3.5,2016-10,2017-02,92.75714285714285,1712,4.777199979131295e-05,0.9767828846190264,0.5531502423263328
95b293867b5862941c9cd74f756a3c68,648.0999999999999,9,9,3,3.511111111111111,2017-11,2018-02,72.0111111111111,1713,4.768371024911431e-05,0.9768305683292755,0.5534733441033926
b26741d31a563d769b4af0465ab20c56,648.0,2,2,2,4.0,2018-02,2018-03,324.0,1714,4.767635278726443e-05,0.9768782446820627,0.5537964458804523
72c38a04bd6a1c3dbc5298425a0db86d,647.3,4,5,3,4.0,2018-05,2018-07,161.825,1715,4.762485055431522e-05,0.9769258695326171,0.5541195476575121
2aa3443d7bf9d9bb11133f420d75e083,647.0,10,10,5,3.55,2017-11,2018-08,64.7,1716,4.7602778168765566e-05,0.9769734723107858,0.5544426494345719
13f57c12a00ed4610db646b913a7f5c6,645.2,7,13,6,4.833333333333333,2017-09,2018-05,92.17142857142858,1717,4.747034385546761e-05,0.9770209426546412,0.5547657512116316
ad273c9eb54ecb4532de4bf75bae9e4e,645.0,10,11,9,4.055555555555555,2017-03,2018-08,64.5,1719,4.7455628931767836e-05,0.977068398283573,0.5550888529886915
8d899e15a5925f097cca50faa49b15e3,645.0,4,10,3,3.5238095238095237,2018-05,2018-08,161.25,1718,4.7455628931767836e-05,0.9771158539125047,0.5554119547657512
f3295428338a40977a03f555246a70f4,644.98,7,7,5,3.6,2017-10,2018-02,92.14,1720,4.745415743939786e-05,0.9771633080699441,0.555735056542811
5882f40daf39bc2a465e0cb453ddc222,640.0,1,1,1,2.0,2017-10,2017-10,640.0,1721,4.708775583927351e-05,0.9772103958257834,0.5560581583198707
bd1d49a326abfa9b1036772e40445430,637.7,12,13,6,3.7916666666666665,2017-11,2018-06,53.14166666666667,1722,4.691853421672613e-05,0.9772573143600001,0.5563812600969306
bc503e244f187939d10c92a5c8e378ce,637.6700000000001,7,16,6,3.5416666666666665,2017-04,2018-02,91.0957142857143,1723,4.691632697817116e-05,0.9773042306869782,0.5567043618739903
7b98de631987e26dd6d803490c43a13c,634.2,8,8,4,4.75,2018-05,2018-08,79.275,1724,4.66610230519801e-05,0.9773508917100302,0.55702746365105
385799a1cddbd26dfeb9157356a42282,633.93,5,7,5,4.0,2017-03,2017-09,126.78599999999999,1725,4.6641157904985395e-05,0.9773975328679352,0.5573505654281099
be8e909810184b9b19e886129149d8e5,629.85,15,15,7,4.0476190476190474,2017-10,2018-05,41.99,1726,4.634097346151004e-05,0.9774438738413966,0.5576736672051696
c33a5c3c983090c8b78a28e65052a20d,629.1,9,9,5,3.6,2018-01,2018-06,69.9,1727,4.628579249763588e-05,0.9774901596338943,0.5579967689822294
685b870da5b52a710782c9c0fefbeb5b,627.0,2,2,2,2.0,2017-12,2018-03,313.5,1728,4.613128579878827e-05,0.9775362909196931,0.5583198707592891
8759e7aedd644f487315e5860962f162,627.0,3,3,2,4.0,2017-11,2017-12,209.0,1729,4.613128579878827e-05,0.9775824222054919,0.558642972536349
0570350b23eda5444f8d1d9544932058,626.9,6,11,2,5.0,2018-04,2018-05,104.48333333333333,1730,4.612392833693838e-05,0.9776285461338288,0.5589660743134087
d8cf3b6a2151949f930d0252b180ec42,623.6999999999999,6,19,3,3.8095238095238098,2018-04,2018-06,103.94999999999999,1731,4.5888489557742006e-05,0.9776744346233865,0.5592891760904685
3969863bb8af7f72580b3b1ffd3a17b3,623.15,12,13,7,4.0,2017-11,2018-08,51.92916666666667,1732,4.584802351756764e-05,0.9777202826469041,0.5596122778675283
26bad72add1f86e08a776ce4ffdaf1ca,622.0,7,7,5,4.4,2017-09,2018-05,88.85714285714286,1733,4.5763412706293946e-05,0.9777660460596105,0.5599353796445881
b5bb2b985208834bd5bd86c7a402bbad,621.06,2,2,2,5.0,2018-01,2018-04,310.53,1734,4.5694252564905005e-05,0.9778117403121754,0.5602584814216478
6b15924333bd1a741595fe981ea04822,614.3199999999999,21,21,6,4.727777777777778,2017-02,2017-07,29.25333333333333,1735,4.5198359636222654e-05,0.9778569386718117,0.5605815831987075
b0b346d3a89f5eb4c2968af3f083cd43,614.0,11,12,7,3.5,2017-11,2018-08,55.81818181818182,1736,4.517481575830303e-05,0.97790211348757,0.5609046849757674
1d29dfba02015238dfbe2449a5eaa361,612.8,12,12,8,4.375,2017-02,2018-05,51.06666666666666,1737,4.5086526216104384e-05,0.9779472000137861,0.5612277867528271
b44dbfbf62e52125f3c15d230569ea91,609.37,4,8,3,4.666666666666667,2018-04,2018-08,152.3425,1738,4.483416527465328e-05,0.9779920341790608,0.5615508885298869
3d3ccf2b2f8134b10dce9dd446f0e075,608.6,3,3,2,3.75,2018-06,2018-08,202.86666666666667,1739,4.477751281840916e-05,0.9780368116918792,0.5618739903069467
c6a7539d424a8402232c2228d7a03c5e,607.5,10,15,7,2.75,2017-09,2018-05,60.75,1740,4.4696580738060404e-05,0.9780815082726172,0.5621970920840065
2059c39f76271d4ca3f15b5ffaccc8b8,604.9,12,12,6,4.625,2017-02,2017-09,50.40833333333333,1741,4.4505286729963355e-05,0.9781260135593471,0.5625201938610662
aae5e7b457a3c72ee230a47d98fceda5,604.8,5,7,4,4.0625,2018-04,2018-08,120.96,1742,4.4497929268113465e-05,0.9781705114886152,0.562843295638126
5a6a02f419701fc8c605af71d4fc57a4,600.5,10,11,4,4.8125,2018-05,2018-08,60.05,1743,4.418155840856835e-05,0.9782146930470238,0.5631663974151858
6179a28a13a726c29b3bf54c070dccab,600.0,2,2,2,3.0,2017-07,2017-08,300.0,1744,4.4144771099318915e-05,0.9782588378181231,0.5634894991922456
1588ac4010787100dddef64568f0ae35,599.97,3,3,2,3.5,2017-12,2018-01,199.99,1745,4.414256386076395e-05,0.9783029803819838,0.5638126009693053
ad8ada0ffa993cb1197d102d9ab21a3e,599.8,1,2,1,1.0,2018-03,2018-03,599.8,1747,4.413005617561914e-05,0.9783471104381595,0.5641357027463652
8e29d051f810eb22959ede205b462b9f,599.8,2,2,1,4.0,2018-06,2018-06,299.9,1746,4.413005617561914e-05,0.9783912404943351,0.5644588045234249
3be5841cdcc46de4ed3f9116f104b2c5,599.6,4,4,2,4.833333333333334,2017-01,2017-02,149.9,1748,4.4115341251919375e-05,0.978435355835587,0.5647819063004846
53336f97ddbe53e2a617d07b17447b95,599.5,1,1,1,5.0,2017-10,2017-10,599.5,1749,4.4107983790069486e-05,0.9784794638193771,0.5651050080775444
d94ba08b99bedd6a5f6c875ecc4a6fac,599.0,9,10,4,4.916666666666667,2017-04,2017-07,66.55555555555556,1751,4.407119648082005e-05,0.978523535015858,0.5654281098546042
262237171f48e85819065498cac80d7b,599.0,4,10,4,4.25,2017-08,2018-08,149.75,1750,4.407119648082005e-05,0.9785676062123388,0.565751211631664
d0d70d21e2234dd7cd3cf63fe414148a,598.4,8,9,3,4.416666666666667,2018-06,2018-08,74.8,1752,4.402705170972073e-05,0.9786116332640485,0.5660743134087237
638cba8be1fb599bbb76fd6948351eb3,598.2,17,26,4,4.617559523809524,2017-05,2017-09,35.188235294117646,1753,4.4012336786020965e-05,0.9786556456008345,0.5663974151857836
8bd0e3abda539b9479c4b44a691be1ec,596.55,7,13,7,2.2857142857142856,2017-05,2018-01,85.22142857142856,1754,4.389093866549783e-05,0.9786995365395,0.5667205169628433
791cfcfe22fe4a771ece27f90017da92,596.26,2,2,2,1.5,2017-06,2017-09,298.13,1755,4.3869602026133165e-05,0.9787434061415262,0.567043618739903
38e6dada03429a47197d5d584d793b41,596.14,7,12,2,3.888888888888889,2017-09,2017-10,85.16285714285713,1756,4.38607730719133e-05,0.9787872669145982,0.5673667205169628
11938fcc75f6902fea1d0a6f72b54a57,594.98,2,2,2,3.0,2018-01,2018-05,297.49,1757,4.3775426514454614e-05,0.9788310423411126,0.5676898222940227
3d68c634a99a1ba46dbca3967a69c623,594.0,2,2,2,5.0,2018-07,2018-08,297.0,1758,4.3703323388325726e-05,0.978874745664501,0.5680129240710824
eebb3372362aa9a46975164bed19a7e7,591.9200000000001,7,8,3,2.4,2017-03,2017-05,84.56000000000002,1759,4.35502881818481e-05,0.9789182959526828,0.5683360258481421
6e0908ef4d4efadbc3cc2b74ea477cb0,589.4499999999999,8,11,6,3.5,2017-02,2017-09,73.68124999999999,1760,4.3368558874155886e-05,0.9789616645115569,0.568659127625202
768a86e36ad6aae3d03ee3c6433d61df,587.46,17,17,3,4.6818181818181825,2018-06,2018-08,34.5564705882353,1761,4.3222145383343155e-05,0.9790048866569402,0.5689822294022617
6e4a902d1054e4e17aa6eab87fac1c75,586.57,7,8,1,4.25,2018-08,2018-08,83.7957142857143,1762,4.3156663972879165e-05,0.9790480433209131,0.5693053311793215
b274baf5bbd142410eb2958cf685d684,585.9,7,7,3,4.083333333333333,2018-05,2018-07,83.7,1763,4.310736897848492e-05,0.9790911506898916,0.5696284329563812
bf961104a38e01b9062ee026bb657dee,585.56,4,4,1,4.5,2017-02,2017-02,146.39,1764,4.30823536081953e-05,0.9791342330434998,0.5699515347334411
851773c885feb5e2da3b4f82bc2b17ce,585.3000000000001,10,10,5,4.333333333333333,2018-02,2018-08,58.53000000000001,1765,4.3063224207385606e-05,0.9791772962677072,0.5702746365105008
70b52a4cfc823994561b00bad161b4ed,585.0,8,10,4,4.375,2017-02,2018-07,73.125,1766,4.304115182183594e-05,0.9792203374195291,0.5705977382875606
83353a83fd769dfafa4f21a72b15e3e5,579.5,5,5,3,3.888888888888889,2017-04,2017-12,115.9,1767,4.263649142009219e-05,0.9792629739109492,0.5709208400646204
be3b4b0f050a6aa1b2d901c4b77e979f,578.1999999999999,3,8,3,4.0,2018-04,2018-06,192.73333333333332,1768,4.2540844416043656e-05,0.9793055147553652,0.5712439418416801
f524ad65d7e0f1daab730ef2d2e86196,578.0,1,2,1,1.0,2018-01,2018-01,578.0,1769,4.252612949234389e-05,0.9793480408848575,0.5715670436187399
01c97ebb5cdac52891c0ed1c37ba0012,577.5,9,12,6,4.483333333333333,2017-04,2018-07,64.16666666666667,1770,4.248934218309446e-05,0.9793905302270406,0.5718901453957996
5ef131ac72773e5b3f6c0d63cf424657,575.79,10,11,2,3.783333333333333,2018-07,2018-08,57.57899999999999,1771,4.2363529585461395e-05,0.979432893756626,0.5722132471728595
ed8cb7b190ceb6067227478e48cf8dde,573.5,15,17,2,2.15625,2018-07,2018-08,38.233333333333334,1772,4.2195043709099e-05,0.9794750888003351,0.5725363489499192
26af45f5dfd967225a832838aa4e24a3,573.1,10,11,6,4.055555555555556,2018-01,2018-08,57.31,1773,4.2165613861699455e-05,0.9795172544141968,0.572859450726979
9599519be538b98748162a2b48248960,570.0,1,3,1,1.0,2018-04,2018-04,570.0,1775,4.193753254435297e-05,0.9795591919467411,0.5731825525040388
4e326052e5dbba8adcd512f3450a307e,570.0,3,6,2,1.5,2018-01,2018-02,190.0,1774,4.193753254435297e-05,0.9796011294792855,0.5735056542810986
a35ef466c6fd6d052f5d241240d3c5e2,569.9,3,3,2,4.75,2017-08,2017-09,189.96666666666667,1776,4.193017508250308e-05,0.9796430596543679,0.5738287560581583
3f9be91358837bff69df67edfa3e42e8,569.7,7,7,3,4.333333333333333,2018-03,2018-05,81.38571428571429,1777,4.1915460158803315e-05,0.9796849751145267,0.574151857835218
a254c682cc01e119f83530446f1df9a9,569.4000000000001,6,7,3,3.4444444444444446,2018-03,2018-08,94.90000000000002,1778,4.189338777325366e-05,0.9797268685023,0.5744749596122779
cd2169d9f31ff6fbb9ca3373b0c9e354,569.0,1,1,1,4.0,2018-06,2018-06,569.0,1779,4.1863957925854106e-05,0.9797687324602258,0.5747980613893376
4170f6a9367e6b5d6401d03ce6d54569,568.78,4,5,3,3.6666666666666665,2017-10,2017-12,142.195,1780,4.184777150978436e-05,0.9798105802317356,0.5751211631663974
89ad3263c0931c47f976d7c5778e60f6,568.2,6,6,2,3.75,2018-06,2018-07,94.7,1781,4.1805098231055015e-05,0.9798523853299667,0.5754442649434572
f52c2422904463fdd7741f99045fecb6,567.79,12,13,3,4.3999999999999995,2018-06,2018-08,47.31583333333333,1782,4.177493263747048e-05,0.9798941602626041,0.575767366720517
b7ed9fb14c8eadb37adb9c45d67ab0fb,566.0,7,11,5,3.4666666666666663,2017-07,2018-07,80.85714285714286,1783,4.164323407035751e-05,0.9799358034966745,0.5760904684975767
2f74af7a0ee5636f12c2336f9fffed47,560.6999999999999,13,13,5,4.033333333333333,2017-06,2017-11,43.130769230769225,1784,4.1253288592313525e-05,0.9799770567852668,0.5764135702746365
b12cfd255810394b60caef18ae163547,560.0,2,2,1,4.5,2017-11,2017-11,280.0,1787,4.1201786359364323e-05,0.9800182585716262,0.5767366720516963
6dc9bec584588412a6a338830946a3e4,560.0,2,2,1,1.5,2017-02,2017-02,280.0,1786,4.1201786359364323e-05,0.9800594603579855,0.5770597738287561
5f5a58930c3c35f3b5af264f34fb8c85,560.0,3,3,2,5.0,2018-06,2018-07,186.66666666666666,1785,4.1201786359364323e-05,0.9801006621443449,0.5773828756058158
820c7c9eaf76d2b226b6c242bcf3f34d,559.0,1,1,1,4.0,2017-01,2017-01,559.0,1788,4.112821174086546e-05,0.9801417903560857,0.5777059773828757
35b96509602ec4b7da831b5cd73ff2c2,558.9,2,2,2,4.5,2018-05,2018-08,279.45,1789,4.112085427901557e-05,0.9801829112103647,0.5780290791599354
6eeed17989b0ae47c9f11ece6f38ea90,557.0,3,3,2,4.0,2018-07,2018-08,185.66666666666666,1790,4.098106250386773e-05,0.9802238922728685,0.5783521809369951
48fb026ed7455a42f5d3e9390ed5088e,555.71,11,11,5,2.12,2017-05,2017-12,50.51909090909091,1791,4.088615124600419e-05,0.9802647784241145,0.5786752827140549
8a207b6080964f3c1fc9d35bd6096ba4,553.7,2,3,2,5.0,2017-09,2017-11,276.85,1792,4.073826626282148e-05,0.9803055166903774,0.5789983844911147
74871d19219c7d518d0090283e03c137,550.0400000000001,6,7,4,5.0,2018-04,2018-08,91.67333333333335,1793,4.0468983159115636e-05,0.9803459856735365,0.5793214862681745
eb9cd5b35d95206585e2185318cb5c61,550.0,2,3,2,3.0,2018-06,2018-07,275.0,1794,4.0466040174375676e-05,0.9803864517137109,0.5796445880452342
bb2afe2061d53c6968aa0cffa233a8ec,549.4000000000001,5,6,2,4.875,2018-05,2018-07,109.88000000000002,1795,4.0421895403276364e-05,0.9804268736091142,0.5799676898222941
e433f5fd4050e3352b5d83522b7fe24b,548.06,1,1,1,4.0,2018-08,2018-08,548.06,1796,4.032330541448787e-05,0.9804671969145287,0.5802907915993538
0d33a55da925bbf1ff02af5f6059fc7f,547.3,22,24,8,4.533333333333333,2017-11,2018-08,24.877272727272725,1797,4.026738870442874e-05,0.9805074643032331,0.5806138933764136
6c99c983ce3b6ba0ab813e6790e81691,546.75,9,9,4,4.125,2018-05,2018-08,60.75,1798,4.0226922664254363e-05,0.9805476912258974,0.5809369951534733
9c1c0c36cd23c20897e473901a8fb149,544.97,6,7,3,5.0,2018-05,2018-08,90.82833333333333,1799,4.0095959843326383e-05,0.9805877871857407,0.5812600969305332
af7cdac9d9897cddead9c6b08976c642,543.54,6,6,4,3.6666666666666665,2018-03,2018-08,90.58999999999999,1800,3.9990748138873004e-05,0.9806277779338796,0.5815831987075929
4cc4fd4fdd406a85bbdc1f824b731bd7,539.98,1,2,1,5.0,2018-02,2018-02,539.98,1801,3.972882249701705e-05,0.9806675067563766,0.5819063004846526
228e4c1a0be164f613d41c24345f9d2c,539.7,5,5,4,5.0,2018-05,2018-08,107.94000000000001,1802,3.970822160383737e-05,0.9807072149779804,0.5822294022617125
6c17baf138731a4aaacc3210adf2037b,538.8,4,5,1,5.0,2018-08,2018-08,134.7,1803,3.964200444718838e-05,0.9807468569824276,0.5825525040387722
79ee721b6f766066a80264402548d359,538.0,2,2,1,1.0,2017-02,2017-02,269.0,1805,3.95831447523893e-05,0.98078644012718,0.582875605815832
08d1c9478fb0d7d7fcac9c0da4e82fc7,538.0,1,1,1,5.0,2018-06,2018-06,538.0,1804,3.95831447523893e-05,0.9808260232719324,0.5831987075928917
ff314fa6033cc68ec451c47aee2d6ba4,537.9,2,2,2,5.0,2017-01,2017-05,268.95,1806,3.957578729053941e-05,0.9808655990592229,0.5835218093699516
1fe61aa5494bd3ae92a2c13e067c810f,537.76,1,2,1,4.0,2017-11,2017-11,537.76,1807,3.9565486843949565e-05,0.9809051645460668,0.5838449111470113
cb9fb4ca75d7ba8437480e8dde64fe98,532.14,10,10,5,4.166666666666667,2017-06,2017-10,53.214,1808,3.9151997487985946e-05,0.9809443165435547,0.5841680129240711
1f7fd2a6fcd5a6fa5d8a4dabc72aaae0,531.8,3,3,3,5.0,2017-04,2018-05,177.26666666666665,1809,3.912698211769633e-05,0.9809834435256725,0.5844911147011309
6650fcccd8cd2f7e55ffa524f30c4c59,529.7,3,3,3,2.6666666666666665,2017-09,2017-11,176.5666666666667,1810,3.897247541884872e-05,0.9810224160010913,0.5848142164781907
2e7ea2aafec5835e781b21d6d1faf1f1,528.4,7,7,2,4.3,2018-07,2018-08,75.48571428571428,1811,3.887682841480019e-05,0.981061292829506,0.5851373182552504
7402d13c03a7e91366337cd1de471144,528.38,4,4,3,3.1666666666666665,2017-09,2018-08,132.095,1812,3.887535692243021e-05,0.9811001681864285,0.5854604200323101
6879c4d287a8dd06b11f54ea8f78e4da,527.67,6,6,3,4.333333333333333,2018-06,2018-08,87.945,1813,3.882311894329602e-05,0.9811389913053719,0.58578352180937
979e9f8b5b39dd243a2550c8b05aecf0,525.0,3,4,3,5.0,2018-01,2018-04,175.0,1814,3.862667471190405e-05,0.9811776179800837,0.5861066235864297
3968920b9aa752ab98f7d5888c9252f2,523.3,8,10,4,4.083333333333333,2018-05,2018-08,65.4125,1815,3.8501597860455976e-05,0.9812161195779442,0.5864297253634895
02b72cdeb9cfcc429f1af6f4e3f3b737,522.65,4,4,2,4.833333333333334,2018-07,2018-08,130.6625,1816,3.845377435843172e-05,0.9812545733523026,0.5867528271405493
6e13dd869aa7185f601c941423abcc8f,522.0,5,6,4,4.916666666666667,2018-04,2018-07,104.4,1817,3.8405950856407455e-05,0.981292979303159,0.5870759289176091
c026ef0d72e9132d9fa112308090c8dc,520.0,1,1,1,4.0,2018-08,2018-08,520.0,1818,3.8258801619409725e-05,0.9813312381047784,0.5873990306946688
fc59392d66ef99377e50356ee4f3b4e1,519.99,5,5,4,3.625,2018-05,2018-08,103.998,1819,3.825806587322474e-05,0.9813694961706516,0.5877221324717286
f9ec7093df3a7b346b7bcf7864069ca3,519.2,9,9,2,4.8,2018-07,2018-08,57.6888888888889,1820,3.819994192461064e-05,0.9814076961125763,0.5880452342487884
d197aa8fbc64087f61984deef05f6227,519.0899999999999,6,7,3,4.777777777777778,2018-05,2018-08,86.51499999999999,1821,3.819184871657575e-05,0.9814458879612928,0.5883683360258481
b6dc74ed30f124f95227bed4e43a3bed,518.9599999999999,11,13,9,3.7777777777777777,2017-01,2017-12,47.17818181818181,1822,3.81822840161709e-05,0.981484070245309,0.5886914378029079
ff4e2d38692ce827b1a4f4b8196e680d,518.9,11,11,6,4.3999999999999995,2017-08,2018-07,47.17272727272727,1823,3.817786953906098e-05,0.9815222481148481,0.5890145395799677
a7dc4098e4da6e41b426269d12ae7e91,518.0,2,3,2,3.0,2018-07,2018-08,259.0,1824,3.8111652382411996e-05,0.9815603597672306,0.5893376413570275
7e79d65b5c6f1f544b7daea036acf720,517.8,4,4,4,4.5,2017-06,2017-10,129.45,1826,3.809693745871222e-05,0.9815984567046893,0.5896607431340872
3296662b1331dea51e744505065ae889,517.8,1,1,1,5.0,2018-08,2018-08,517.8,1825,3.809693745871222e-05,0.981636553642148,0.589983844911147
9e6967d3cf386d284251784b18ccb485,517.67,9,11,3,3.4222222222222225,2018-06,2018-08,57.51888888888888,1827,3.808737275830737e-05,0.9816746410149063,0.5903069466882068
64cc804291f90c81f02bfc2bb58ff55a,517.6,2,2,2,5.0,2018-04,2018-07,258.8,1828,3.808222253501246e-05,0.9817127232374413,0.5906300484652666
1d503743d2526f03f0c2c89540ee008c,516.04,12,17,7,4.13265306122449,2018-01,2018-07,43.00333333333333,1829,3.796744613015422e-05,0.9817506906835715,0.5909531502423263
b87a7ea0c30fad2dd6781b74a0064859,515.4,9,9,4,3.0,2018-01,2018-07,57.266666666666666,1830,3.792035837431495e-05,0.9817886110419458,0.5912762520193862
a06c8ff043abea0528ee44171e2140a2,514.5,8,8,6,4.666666666666667,2018-02,2018-08,64.3125,1831,3.785414121766597e-05,0.9818264651831635,0.5915993537964459
c157bdeedcbc9a8e3c8bf0d87ff24428,514.27,7,10,4,4.416666666666667,2017-05,2017-08,73.46714285714286,1832,3.783721905541123e-05,0.9818643024022189,0.5919224555735056
7e959205cebc10adefcb331f934238a4,513.9000000000001,2,2,1,1.0,2017-02,2017-02,256.95000000000005,1833,3.780999644656666e-05,0.9819021123986654,0.5922455573505654
4a82168aaef173cbb6e46ae88728f919,512.0,4,4,2,4.0,2018-07,2018-08,128.0,1834,3.767020467141881e-05,0.9819397826033368,0.5925686591276252
c84592044b180dec206770c38603814b,511.94000000000005,15,15,4,4.425,2018-02,2018-05,34.129333333333335,1835,3.7665790194308884e-05,0.9819774483935311,0.592891760904685
2b2fed75b8e5ea3a052fc4c0825da485,510.9,3,4,2,5.0,2017-04,2017-07,170.29999999999998,1836,3.758927259107006e-05,0.9820150376661222,0.5932148626817447
c3aad7dc65449ae90a5e9c3c6c1e78e0,510.0,6,6,1,4.666666666666667,2018-08,2018-08,85.0,1837,3.752305543442108e-05,0.9820525607215567,0.5935379644588046
c53bcd3be457a342a97e39e5a9f0be22,509.5,5,5,4,2.75,2017-01,2018-07,101.9,1838,3.748626812517165e-05,0.9820900469896818,0.5938610662358643
270d3ef21830ad0ecf3a6c53d08a533a,509.0,6,18,5,2.533333333333333,2017-12,2018-04,84.83333333333333,1839,3.744948081592221e-05,0.9821274964704978,0.5941841680129241
4be6b962d83299498bae2190f95d6566,508.79999999999995,11,12,4,4.291666666666666,2018-03,2018-08,46.25454545454545,1840,3.743476589222244e-05,0.98216493123639,0.5945072697899838
f650a9708fa1bab22bdd8d3a818cc415,507.75,5,5,3,3.0,2017-01,2017-08,101.55,1841,3.735751254279863e-05,0.9822022887489328,0.5948303715670437
33cbda8716511e27e556dff9d8418bf2,507.4,5,6,5,4.8,2017-03,2018-06,101.47999999999999,1842,3.733176142632403e-05,0.9822396205103591,0.5951534733441034
5e49e3a44bdeb5aab2684258bbd4f525,507.0,3,3,3,4.666666666666667,2017-12,2018-03,169.0,1843,3.730233157892448e-05,0.982276922841938,0.5954765751211631
3ea00e1dea2b0659dbaf654735929220,505.0,7,7,7,4.857142857142857,2017-02,2018-03,72.14285714285714,1844,3.7155182341926754e-05,0.98231407802428,0.5957996768982229
e627629ba868740e287800f1a9be81c2,504.5,13,13,5,4.65,2017-02,2017-07,38.80769230769231,1845,3.7118395032677325e-05,0.9823511964193127,0.5961227786752827
2493dc3f20131696a0ecdb9948051a8d,504.38,4,4,2,4.5,2017-01,2017-02,126.095,1846,3.710956607845746e-05,0.9823883059853912,0.5964458804523425
20a7efa9721046319bdde5d60b6b5365,501.2,3,6,2,5.0,2018-01,2018-02,167.06666666666666,1847,3.687559879163107e-05,0.9824251815841828,0.5967689822294022
39a5005f2605cbdb4f9ac14485cabfd1,501.07,3,8,3,5.0,2018-06,2018-08,167.02333333333334,1848,3.6866034091226216e-05,0.982462047618274,0.5970920840064621
28fb0829fd777877cdc350d25cb5bd5b,499.6,4,4,3,4.166666666666667,2017-10,2018-01,124.9,1849,3.6757879402032884e-05,0.9824988054976761,0.5974151857835218
97e995629983723d11830a829bc2b246,499.5,5,5,4,4.75,2017-11,2018-08,99.9,1850,3.6750521940183e-05,0.9825355560196163,0.5977382875605816
13c2ed7698b3ca92dad49e849219da59,498.61,8,9,5,4.4,2018-01,2018-08,62.32625,1851,3.668504052971901e-05,0.982572241060146,0.5980613893376413
265fdc289dffa9f1ad801c74f7d0de47,495.0,1,1,1,5.0,2018-08,2018-08,495.0,1852,3.6419436156938106e-05,0.9826086604963029,0.5983844911147012
e59e489e2ea74bd409b798b5daf49de3,495.0,3,5,3,1.6666666666666667,2017-09,2018-05,165.0,1854,3.6419436156938106e-05,0.9826450799324599,0.5987075928917609
ccbd753e6863fe7314dc6c0ca5a074e7,495.0,1,1,1,4.0,2018-08,2018-08,495.0,1853,3.6419436156938106e-05,0.9826814993686168,0.5990306946688206
c458e2045a8aa8964f8879af03fdcce6,494.91,4,9,3,2.055555555555556,2017-02,2017-05,123.7275,1855,3.641281444127321e-05,0.982717912183058,0.5993537964458805
fcba71d4d5db057f43249145e4eb1e27,494.55,3,3,3,4.666666666666667,2017-10,2018-02,164.85,1856,3.6386327578613615e-05,0.9827542985106367,0.5996768982229402
c286ec035ee04ba81c97508f0b5df544,493.0,2,2,2,2.5,2017-05,2017-09,246.5,1857,3.6272286919940376e-05,0.9827905707975566,0.6
0951a6e282947e09cd47969f4ed0b47f,492.3,7,7,2,4.75,2018-07,2018-08,70.32857142857144,1858,3.6220784686991175e-05,0.9828267915822436,0.6003231017770597
e601b04acf48b4576e73ddca9481f0dc,491.94,15,16,5,3.95,2018-04,2018-08,32.796,1859,3.619429782433158e-05,0.9828629858800679,0.6006462035541196
b9c0ffa92f3ff9a5a3d45ef7213c0842,490.0,3,3,3,5.0,2017-09,2017-12,163.33333333333334,1860,3.605156306444378e-05,0.9828990374431323,0.6009693053311793
64b87978a11c1ea7501a89eabe8c2c1a,489.92999999999995,7,7,2,2.0,2017-01,2017-02,69.99,1861,3.604641284114886e-05,0.9829350838559735,0.6012924071082391
7816cd9c5b1238e320545f5bf7eb80e8,489.0,1,1,1,4.0,2018-05,2018-05,489.0,1862,3.597798844594492e-05,0.9829710618444194,0.6016155088852989
f88adb15807168d3c43d71021090ce4a,488.8,3,3,2,3.75,2018-04,2018-08,162.93333333333334,1863,3.5963273522245144e-05,0.9830070251179417,0.6019386106623587
d65f31d2413268e671989503f6cf9993,488.79999999999995,2,3,2,1.0,2017-02,2017-03,244.39999999999998,1864,3.5963273522245144e-05,0.983042988391464,0.6022617124394184
6219ba2359cfb97f2e38fd4c321eb309,487.5,6,6,5,3.4,2017-09,2018-06,81.25,1866,3.586762651819662e-05,0.9830788560179822,0.6025848142164781
09bad886111255c5b5030314fc7f1a4a,487.5,5,5,1,5.0,2018-08,2018-08,97.5,1865,3.586762651819662e-05,0.9831147236445004,0.602907915993538
83a75eea11694e36e56dd0cb2240229a,487.0,3,3,3,5.0,2018-02,2018-04,162.33333333333334,1867,3.583083920894719e-05,0.9831505544837094,0.6032310177705977
b3f19518fcec265b2e97af287725f981,486.91,9,9,3,4.166666666666667,2017-03,2017-08,54.101111111111116,1868,3.582421749328229e-05,0.9831863787012026,0.6035541195476575
6ee85be3693ed79a8e80718743d80655,484.5,9,13,4,2.40625,2017-01,2017-05,53.833333333333336,1869,3.564690266270002e-05,0.9832220256038653,0.6038772213247173
c7a0a13cbcf29d5ce51c8f80afdc0b89,483.08,8,9,7,4.0,2017-10,2018-08,60.385,1870,3.5542426704431635e-05,0.9832575680305697,0.6042003231017771
70c4eedec9cb4a85cda2f3f9673557b4,479.8,2,2,2,5.0,2017-06,2017-08,239.9,1871,3.530110195575536e-05,0.9832928691325254,0.6045234248788368
c1f12f926d0ba950578b4fa41115cbb6,479.6,2,4,2,4.0,2018-02,2018-08,239.8,1872,3.528638703205559e-05,0.9833281555195575,0.6048465266558966
0c7f30ae9b147eca07affbef92832a6a,479.50000000000006,5,5,2,5.0,2017-03,2017-04,95.9,1873,3.5279029570205705e-05,0.9833634345491278,0.6051696284329564
32fdd5d44ecb43dfd6a24b9369eca144,479.2,8,8,3,4.583333333333333,2017-03,2017-05,59.9,1874,3.525695718465604e-05,0.9833986915063124,0.6054927302100162
bac692d6c0ed08467878018e6cc9c26c,477.0,1,3,1,4.0,2018-07,2018-07,477.0,1875,3.509509302395854e-05,0.9834337865993363,0.6058158319870759
f1198c871e0171278b63f40d112caeec,475.8,2,2,2,4.5,2017-08,2017-11,237.9,1876,3.50068034817599e-05,0.9834687934028181,0.6061389337641357
29e6e05b65f93bc224c644319dc52ecf,475.6,4,4,3,4.833333333333333,2018-06,2018-08,118.9,1877,3.499208855806013e-05,0.9835037854913762,0.6064620355411955
768de2a4fc06aacecb9a586ccc30746a,475.59999999999997,14,14,7,4.142857142857143,2017-08,2018-05,33.97142857142857,1878,3.499208855806012e-05,0.9835387775799342,0.6067851373182552
e1b12447a7563944843191754aeb5562,472.46000000000004,9,10,4,4.708333333333333,2017-09,2018-01,52.49555555555556,1879,3.476106425597369e-05,0.9835735386441902,0.607108239095315
e3dd723429d1b23614b7fa85e2c7a853,471.04999999999995,7,8,4,3.6875,2018-03,2018-06,67.29285714285713,1880,3.465732404389029e-05,0.983608195968234,0.6074313408723748
2953ce3a88f5e3c3b696d77fc9e4c8eb,470.0,14,15,5,4.177777777777778,2017-10,2018-08,33.57142857142857,1881,3.4580070694466487e-05,0.9836427760389285,0.6077544426494346
8fec2e460530482132c436cfb5439925,468.46,3,5,2,4.25,2018-01,2018-02,156.15333333333334,1882,3.446676578197823e-05,0.9836772428047105,0.6080775444264943
038b75b729c8a9a04b0d07cba7eabe86,467.0,2,2,1,3.5,2018-04,2018-04,233.5,1883,3.435934683896989e-05,0.9837116021515494,0.6084006462035542
c42fd8e4d47dfb18ce5222f2dd7752f9,466.99,7,11,3,3.0,2017-02,2017-05,66.71285714285715,1884,3.43586110927849e-05,0.9837459607626422,0.6087237479806139
9fc70243fb26800cba56e8f014797004,466.6,6,7,6,4.5,2017-11,2018-07,77.76666666666667,1885,3.4329916991570346e-05,0.9837802906796338,0.6090468497576736
feb793c88d836c3a75efa4b5a3465d70,466.0,1,1,1,5.0,2018-03,2018-03,466.0,1886,3.428577222047103e-05,0.9838145764518542,0.6093699515347334
2c3d56f92f360fb89d849b84e8f50eae,465.6,8,8,5,3.1,2017-10,2018-03,58.2,1887,3.425634237307148e-05,0.9838488327942273,0.6096930533117932
ee2fbacc2fc3794e656cc4d933d59ce7,464.97,2,3,1,4.333333333333333,2018-08,2018-08,232.485,1888,3.4209990363417194e-05,0.9838830427845907,0.610016155088853
651fe66032c9520ee5587f694908040d,464.0,7,7,2,4.3,2018-07,2018-08,66.28571428571429,1889,3.41386229834733e-05,0.9839171814075742,0.6103392568659127
40536e7ca18e1bce252828e5876466cc,463.96,2,4,2,1.0,2017-08,2017-09,231.98,1890,3.413567999873334e-05,0.983951317087573,0.6106623586429726
0a82f5fb06a4fe4ac2cf7cb412ec71b8,462.0,2,2,2,5.0,2018-02,2018-03,231.0,1891,3.399147374647557e-05,0.9839853085613195,0.6109854604200323
cb0b3bcf14e0a709df412a99424a59d7,460.0,2,2,1,4.5,2018-04,2018-04,230.0,1892,3.384432450947784e-05,0.984019152885829,0.6113085621970921
aec99834ab5d38ead22766ada8497e87,459.0,1,1,1,5.0,2018-07,2018-07,459.0,1893,3.3770749890978974e-05,0.98405292363572,0.6116316639741518
8b2d4ab22f42c5cfc338b846decfda60,458.0,6,9,5,4.866666666666666,2018-03,2018-08,76.33333333333333,1894,3.369717527248011e-05,0.9840866208109924,0.6119547657512117
dd88d13bea9e4c2bf47daf224f8141e5,458.0,1,1,1,5.0,2018-04,2018-04,458.0,1895,3.369717527248011e-05,0.9841203179862649,0.6122778675282714
c7dcd301ecfe5ab7f778ac172cf74be7,457.69,4,4,1,2.5,2016-10,2016-10,114.4225,1896,3.367436714074546e-05,0.9841539923534056,0.6126009693053311
38102b031c2a15e54623d711bfc753d3,457.0,9,11,7,3.7142857142857144,2017-02,2018-02,50.77777777777778,1897,3.3623600653981244e-05,0.9841876159540596,0.612924071082391
e546117ed9cafbc40239c0c78635c584,456.0,2,2,2,4.5,2018-04,2018-08,228.0,1898,3.355002603548238e-05,0.984221165980095,0.6132471728594507
117cfc326c6d50da67ca858ff5c0c852,454.6,5,5,1,4.6,2018-05,2018-05,90.92,1899,3.344702156958397e-05,0.9842546130016646,0.6135702746365105
35857757f553273b1056c1cabdace7fb,454.6,6,6,5,3.9,2017-07,2018-03,75.76666666666667,1900,3.344702156958397e-05,0.9842880600232342,0.6138933764135702
b248792ac0b60ec3f93d80af1b4fae47,454.5,7,9,2,3.666666666666667,2018-07,2018-08,64.92857142857143,1901,3.343966410773408e-05,0.984321499687342,0.6142164781906301
55029529919c0123526150bd26ca8f20,453.95,7,7,3,4.833333333333333,2018-06,2018-08,64.85,1902,3.3399198067559705e-05,0.9843548988854095,0.6145395799676898
fc4751cfe3b279c419615b9b00c1abb4,453.7,1,1,1,5.0,2017-02,2017-02,453.7,1903,3.338080441293499e-05,0.9843882796898225,0.6148626817447496
7994b065a7ffb14e71c6312cf87b9de2,453.0,5,7,3,5.0,2018-06,2018-08,90.6,1904,3.3329302179985785e-05,0.9844216089920025,0.6151857835218094
e5899683388855d3dabe8913bbe365de,452.88,3,3,2,4.25,2018-07,2018-08,150.96,1905,3.332047322576592e-05,0.9844549294652283,0.6155088852988692
777a0c55737f34ffeb78010f7542ab41,452.5,6,6,3,3.9166666666666665,2018-06,2018-08,75.41666666666667,1906,3.329251487073635e-05,0.984488221980099,0.6158319870759289
eb5b6204dde3a6e03b5f1bb8479f055b,452.2,19,21,7,4.0095238095238095,2017-12,2018-06,23.8,1907,3.327044248518669e-05,0.9845214924225841,0.6161550888529886
08f5819815f3d06545011850bd70f0a8,452.0,3,3,2,4.5,2018-06,2018-08,150.66666666666666,1908,3.325572756148692e-05,0.9845547481501457,0.6164781906300485
4de6e4ba574aa9dfdc824bc44dc47fdd,451.1,14,14,6,4.236111111111111,2018-01,2018-07,32.221428571428575,1909,3.318951040483794e-05,0.9845879376605505,0.6168012924071082
b98b715fe9e276204e2a3464f48cd796,450.58000000000004,6,6,3,2.888888888888889,2017-02,2018-04,75.09666666666668,1910,3.315125160321853e-05,0.9846210889121537,0.617124394184168
d90fe2229fee1a5da999ccd0c06c1667,450.0,3,3,2,4.5,2018-07,2018-08,150.0,1913,3.310857832448919e-05,0.9846541974904782,0.6174474959612278
101a3a003516bc11253298b2fad3cb65,450.0,5,6,2,4.833333333333334,2018-06,2018-07,90.0,1911,3.310857832448919e-05,0.9846873060688027,0.6177705977382876
968ee78631915a63fef426d6733d7422,450.0,2,2,2,3.0,2017-06,2017-11,225.0,1912,3.310857832448919e-05,0.9847204146471272,0.6180936995153473
bbaff50f3b708fda865918715276cd87,449.7,12,16,10,4.7,2017-03,2018-08,37.475,1914,3.308650593893953e-05,0.9847535011530661,0.6184168012924071
a11a0e0ca67423425691db355cff69b0,448.9,2,2,2,5.0,2018-07,2018-08,224.45,1915,3.3027646244140436e-05,0.9847865287993103,0.6187399030694669
3d0cd21d41671c46f82cd11176bf7277,447.79999999999995,9,11,7,4.571428571428571,2017-08,2018-08,49.75555555555555,1916,3.294671416379168e-05,0.984819475513474,0.6190630048465267
5e106d93b717c2682b9383da480364a1,445.9,1,1,1,5.0,2017-04,2017-04,445.9,1917,3.280692238864384e-05,0.9848522824358626,0.6193861066235864
a5bff0f43eb51f0cad7c37fac7244c8a,445.0,4,5,4,4.75,2017-02,2017-09,111.25,1918,3.274070523199486e-05,0.9848850231410946,0.6197092084006462
6c1b6d0c604b776f844125f911eb7377,443.06,5,5,2,2.5,2017-02,2017-03,88.612,1919,3.259797047210707e-05,0.9849176211115667,0.620032310177706
d4e4b5192cba4e0e66eb12a9d347239d,441.79999999999995,12,12,6,4.0,2017-03,2017-11,36.81666666666666,1920,3.250526645279849e-05,0.9849501263780195,0.6203554119547657
f22a247b79dd22ecd91dc8e3b2a1b07c,439.94,8,8,3,3.9444444444444446,2018-05,2018-08,54.9925,1921,3.2368417662390607e-05,0.9849824947956819,0.6206785137318255
64c9a1db4e73e19aaafd3286dc448c96,439.0,1,1,1,5.0,2018-08,2018-08,439.0,1922,3.229925752100167e-05,0.9850147940532029,0.6210016155088853
c3251e13f1bbda6c74e37c160f991e19,437.79999999999995,2,2,2,5.0,2017-03,2017-05,218.89999999999998,1923,3.2210967978803034e-05,0.9850470050211817,0.6213247172859451
b29d3380981c51df13fc6fbe87e1763d,435.3,6,7,4,4.1875,2018-04,2018-08,72.55,1924,3.2027031432555875e-05,0.9850790320526143,0.6216478190630048
98115075dd26cb8835946fc6086f5d30,434.96000000000004,4,4,3,4.833333333333333,2018-04,2018-08,108.74000000000001,1925,3.2002016062266266e-05,0.9851110340686765,0.6219709208400647
26d6bbee02420494d471c9f6436929c0,434.51,12,13,5,4.82,2018-04,2018-08,36.20916666666667,1926,3.196890748394177e-05,0.9851430029761604,0.6222940226171244
c0e6839516f5398edc34adf5f1d53d1a,432.92,3,3,2,3.25,2017-05,2017-08,144.30666666666667,1927,3.1851923840528577e-05,0.9851748549000009,0.6226171243941842
4e480be820e37de1444325ff358c9296,430.3,1,2,1,5.0,2018-07,2018-07,430.3,1928,3.165915834006155e-05,0.9852065140583409,0.6229402261712439
f7df46c1e0ec44eed5c6726478da4a17,429.70000000000005,3,3,2,1.0,2017-06,2017-07,143.23333333333335,1929,3.161501356896223e-05,0.9852381290719099,0.6232633279483037
939e6227d6964a11a70aa91243e418f2,425.0,4,4,1,4.25,2018-08,2018-08,106.25,1930,3.1269212862017565e-05,0.9852693982847719,0.6235864297253635
a45314082d50d578a4721c9787ce09ab,424.9,2,2,1,5.0,2018-08,2018-08,212.45,1931,3.1261855400167675e-05,0.985300660140172,0.6239095315024232
dc50afafdfa325eadc890c7fa42a8f4e,424.20000000000005,4,4,3,4.833333333333333,2018-06,2018-08,106.05000000000001,1932,3.121035316721848e-05,0.9853318704933393,0.6242326332794831
b080809eaacb49e5ca07290981472431,424.0,11,11,7,4.714285714285714,2017-02,2018-05,38.54545454545455,1933,3.11956382435187e-05,0.9853630661315828,0.6245557350565428
acf974e4d5950ad143a247471b831eb9,423.8,5,12,3,4.666666666666667,2017-03,2017-10,84.76,1934,3.118092331981893e-05,0.9853942470549025,0.6248788368336026
41e0fa5761c886a630994a55c12087e7,423.6,5,5,3,5.0,2018-04,2018-06,84.72,1935,3.1166208396119154e-05,0.9854254132632987,0.6252019386106623
7c1fea10b5b006671d608b1d7c446ec4,423.59999999999997,14,14,7,4.095238095238096,2017-10,2018-06,30.257142857142856,1936,3.1166208396119154e-05,0.9854565794716948,0.6255250403877222
5dc203c7b84a0e71e878a179de05fb9a,421.9,5,5,4,3.875,2018-05,2018-08,84.38,1937,3.104113154467108e-05,0.9854876206032395,0.6258481421647819
c714262700f93defc16bf17a51a4cb23,421.8,4,4,3,3.3333333333333335,2018-03,2018-05,105.45,1938,3.10337740828212e-05,0.9855186543773223,0.6261712439418416
9d5604a1f112324ad6b2aa552122e0fb,421.5,13,17,7,3.1666666666666665,2017-11,2018-08,32.42307692307692,1939,3.101170169727154e-05,0.9855496660790196,0.6264943457189015
cc80e2f693fa6e2408f47ccf62413fc1,420.0,2,2,2,4.0,2017-11,2017-12,210.0,1940,3.090133976952324e-05,0.9855805674187892,0.6268174474959612
189ca3538ce9f920cacf0f982cbe223b,419.0,4,5,3,4.333333333333333,2018-06,2018-08,104.75,1941,3.0827765151024376e-05,0.9856113951839403,0.627140549273021
6d7f8d9d594e28796b6b3205b00f459c,417.9,3,3,2,4.0,2017-05,2017-07,139.29999999999998,1942,3.074683307067562e-05,0.985642142017011,0.6274636510500807
7b7f91e98f8c6def45a1407923304402,417.46999999999997,11,14,4,3.75,2018-04,2018-07,37.951818181818176,1943,3.0715195984721114e-05,0.9856728572129957,0.6277867528271406
b64d51f0435e884e8de603b1655155ae,416.18,17,23,5,3.66,2018-04,2018-08,24.481176470588235,1944,3.062028472685758e-05,0.9857034774977226,0.6281098546042003
a53f60f05f822b5c621a50ff6a5cb362,415.4,4,6,2,3.5,2018-06,2018-08,103.85,1945,3.056289652442846e-05,0.9857340403942471,0.6284329563812601
34a557286ead8fe75c989e0afcf7d98c,414.9,4,4,4,4.75,2018-05,2018-08,103.725,1946,3.052610921517903e-05,0.9857645665034622,0.6287560581583199
35fb511489d9ee3ee27a76debce9df06,414.5,7,7,6,3.75,2017-02,2018-04,59.214285714285715,1947,3.0496679367779485e-05,0.9857950631828301,0.6290791599353797
ff1e15b778c700abdd4d239b81ac466d,414.3,7,7,1,4.571428571428571,2018-08,2018-08,59.18571428571429,1948,3.048196444407971e-05,0.9858255451472742,0.6294022617124394
bd149ed516d4c5d418d5781f8e18919f,414.0,8,9,3,4.888888888888889,2017-10,2018-08,51.75,1949,3.0459892058530052e-05,0.9858560050393327,0.6297253634894991
acb6c2ca5c82411c1fdb88d5fd5eb95e,413.88,10,11,6,3.5833333333333335,2017-02,2018-08,41.388,1950,3.045106310431019e-05,0.985886456102437,0.630048465266559
042573af89b6d931f672efaf789d8358,413.48,3,3,2,4.0,2018-01,2018-02,137.82666666666668,1951,3.0421633256910643e-05,0.9859168777356939,0.6303715670436187
ead2bab70821ea148476ae9bc08548ac,412.1,9,9,7,4.595238095238095,2017-10,2018-08,45.78888888888889,1952,3.0320100283382213e-05,0.9859471978359773,0.6306946688206785
a35124e2d763d7ca3fbe3b97d143200f,411.5,4,7,3,4.733333333333333,2017-03,2017-05,102.875,1953,3.027595551228289e-05,0.9859774737914896,0.6310177705977383
86ff3eaef0267069cc891a2ed9d10a17,409.75,7,7,4,4.833333333333333,2018-04,2018-07,58.535714285714285,1954,3.014719992990988e-05,0.9860076209914195,0.6313408723747981
f4ce8ca9fa7157e3b33f536ac9a4487d,409.6,4,4,2,4.75,2018-07,2018-08,102.4,1956,3.013616373713505e-05,0.9860377571551566,0.6316639741518578
5275ca25d0358ca73864e0ae41be1320,409.6,4,4,2,4.5,2018-07,2018-08,102.4,1955,3.013616373713505e-05,0.9860678933188938,0.6319870759289176
c3f5668699a1b04c0fa61ecea1e2bff6,407.81,3,3,3,5.0,2018-03,2018-08,135.93666666666667,1957,3.000446517002208e-05,0.9860978977840638,0.6323101777059774
20a8b0dc55da94fe74d112082427c84f,407.40000000000003,7,7,2,4.5,2018-07,2018-08,58.2,1958,2.9974299576437548e-05,0.9861278720836402,0.6326332794830372
89bc797e2e29667aa035d4368f9b7f92,407.3,17,20,4,3.875,2016-10,2017-04,23.958823529411767,1959,2.9966942114587658e-05,0.9861578390257547,0.6329563812600969
6b803197e03abd5056b4313306b4f29d,407.0,7,12,4,4.75,2018-02,2018-08,58.142857142857146,1960,2.9944869729038e-05,0.9861877838954838,0.6332794830371568
4a23adac87cf538689fa600d976f78b2,405.0,3,3,1,4.333333333333333,2018-08,2018-08,135.0,1961,2.979772049204027e-05,0.9862175816159758,0.6336025848142165
179d859f51292aac5c10806a356f7af9,404.47,18,19,3,4.211111111111111,2018-06,2018-08,22.470555555555556,1962,2.9758725944235872e-05,0.9862473403419201,0.6339256865912762
ed9eef5be0992d413d251fadba1a410d,404.1,3,9,3,4.666666666666667,2017-01,2017-03,134.70000000000002,1963,2.973150333539129e-05,0.9862770718452555,0.634248788368336
5563732abe64c3036cb97ad924128dd1,404.0,2,3,2,4.5,2017-06,2017-12,202.0,1964,2.9724145873541404e-05,0.986306795991129,0.6345718901453958
0ddefe3c7a032b91f4e25b9c3a08fca1,402.9,9,10,5,4.566666666666666,2018-04,2018-08,44.766666666666666,1965,2.964321379319265e-05,0.9863364392049222,0.6348949919224556
3d01d1c414c44b5943a09619ff3853cb,402.6,5,5,2,2.75,2016-10,2017-07,80.52000000000001,1966,2.9621141407642994e-05,0.9863660603463298,0.6352180936995153
29fe9f200d3fa0c668d2aa1ec7e08dfb,400.0,5,5,4,4.25,2017-06,2017-09,80.0,1967,2.9429847399545945e-05,0.9863954901937293,0.6355411954765752
ceb7b4fb9401cd378de7886317ad1b47,399.9,1,1,1,3.0,2017-08,2017-08,399.9,1968,2.9422489937696055e-05,0.9864249126836669,0.6358642972536349
d7485b33791774c36108f8c69602d48d,399.82,10,10,4,3.75,2018-04,2018-07,39.982,1969,2.941660396821615e-05,0.9864543292876352,0.6361873990306947
62d977e2b2aee830de3e039a28490d12,399.8,2,2,1,1.0,2018-01,2018-01,199.9,1970,2.9415132475846172e-05,0.9864837444201111,0.6365105008077544
63ffcb71394dd8ea3872ed9ffda17c74,399.0,17,17,5,2.75,2017-02,2017-07,23.470588235294116,1971,2.935627278104708e-05,0.9865131006928921,0.6368336025848143
d263fa444c1504a75cbca5cc465f592a,399.0,1,1,1,5.0,2018-07,2018-07,399.0,1972,2.935627278104708e-05,0.9865424569656731,0.637156704361874
fadb07c842a2aef5d5a676b85f220e71,398.75,7,7,3,4.833333333333333,2018-06,2018-08,56.964285714285715,1973,2.9337879126422363e-05,0.9865717948447995,0.6374798061389337
73da1880b39c71de2b262bc7720c1494,398.0,2,2,2,5.0,2017-07,2018-01,199.0,1974,2.9282698162548216e-05,0.9866010775429621,0.6378029079159936
48e954b2da4f6a750c844173b347ed40,397.8,2,6,2,4.5,2018-04,2018-05,198.9,1975,2.9267983238848443e-05,0.986630345526201,0.6381260096930533
c52c644cc0dc85121207a27013efc6af,397.8,1,2,1,5.0,2018-08,2018-08,397.8,1976,2.9267983238848443e-05,0.9866596135094399,0.6384491114701131
12a8eb0f8d1cd3270695bf2a99f55966,397.0,2,2,2,3.5,2017-10,2017-12,198.5,1977,2.920912354404935e-05,0.986688822632984,0.6387722132471728
62760d278921b5f352461620d68a9cee,397.0,3,3,1,3.6666666666666665,2017-02,2017-02,132.33333333333334,1978,2.920912354404935e-05,0.9867180317565281,0.6390953150242327
41b14765bd56c8ad10971074380f9c0c,395.5,8,10,5,4.55,2018-03,2018-07,49.4375,1979,2.9098761616301054e-05,0.9867471305181443,0.6394184168012924
9b76ad3d04236f76bc71c59470305e13,394.70000000000005,2,3,2,5.0,2018-07,2018-08,197.35000000000002,1980,2.9039901921501965e-05,0.9867761704200658,0.6397415185783522
0249d282d911d23cb8b869ab49c99f53,393.0,11,11,4,4.3125,2017-09,2018-03,35.72727272727273,1981,2.8914825070053892e-05,0.9868050852451359,0.640064620355412
a2fa0bdc798ee84cdb08281337cf4fb6,392.75,10,13,7,4.0,2017-03,2018-03,39.275,1982,2.8896431415429174e-05,0.9868339816765513,0.6403877221324717
bc30de0d71bd6260b936a026b5cf7200,392.37,3,3,1,4.666666666666667,2018-04,2018-04,130.79,1983,2.8868473060399605e-05,0.9868628501496117,0.6407108239095315
59cd88080b93f3c18508673122d26169,392.33,10,12,5,4.666666666666666,2017-07,2017-12,39.233,1984,2.886553007565965e-05,0.9868917156796874,0.6410339256865912
fe4cd9461203cee790d36792420b310f,391.15,3,3,3,4.0,2017-03,2017-09,130.38333333333333,1985,2.877871202583099e-05,0.9869204943917131,0.6413570274636511
c13ef0cfbe42f190780f621ce81f2234,390.0,1,1,1,3.0,2018-01,2018-01,390.0,1986,2.8694101214557298e-05,0.9869491884929277,0.6416801292407108
8936ba0de1073ee888cb3185ae5dc661,389.99,1,1,1,5.0,2017-04,2017-04,389.99,1987,2.869336546837231e-05,0.9869778818583961,0.6420032310177706
4049512728d969bec69f84088b012416,389.84,7,9,4,5.0,2017-04,2018-01,55.69142857142857,1988,2.8682329275597474e-05,0.9870065641876716,0.6423263327948304
ea00f977a203ff88adf7057cb7806998,389.71999999999997,19,19,2,4.2023809523809526,2018-07,2018-08,20.51157894736842,1989,2.867350032137761e-05,0.9870352376879931,0.6426494345718902
0fe2d9733ed841eb064503920015a8c0,389.64,3,3,2,4.5,2018-05,2018-07,129.88,1990,2.8667614351897705e-05,0.987063905302345,0.6429725363489499
a7ecf689b40a44361e259b28939023e4,389.0,1,1,1,5.0,2018-07,2018-07,389.0,1991,2.8620526596058433e-05,0.987092525828941,0.6432956381260097
c1849d4d32d7a6cecd5aa471809d3135,388.98,3,3,1,4.333333333333333,2018-08,2018-08,129.66,1992,2.8619055103688456e-05,0.9871211448840447,0.6436187399030695
2009a095de2a2a41626f6c6d7722678d,388.89,8,12,5,4.1,2017-03,2017-10,48.61125,1993,2.8612433388023555e-05,0.9871497573174327,0.6439418416801292
78ef7e885d17f35e2382a47aae8b8cce,388.0,3,3,3,4.666666666666667,2017-02,2017-07,129.33333333333334,1994,2.8546951977559568e-05,0.9871783042694102,0.644264943457189
e4fc40017a6d22c46a14ac2e17f87c3e,387.0,3,3,3,2.3333333333333335,2017-05,2017-08,129.0,1995,2.8473377359060703e-05,0.9872067776467692,0.6445880452342488
94d76e96eedd976258cd3278ce56d5f2,385.61,1,1,1,5.0,2018-05,2018-05,385.61,1996,2.837110863934728e-05,0.9872351487554086,0.6449111470113086
79565f7d5603b24ddf07ade262547f2f,385.0,8,8,3,4.333333333333333,2017-02,2017-05,48.125,1998,2.832622812206297e-05,0.9872634749835307,0.6452342487883683
a21c11ec5c3f03e7cc9f9203bff9e1c6,385.0,3,4,1,3.0,2018-08,2018-08,128.33333333333334,1999,2.832622812206297e-05,0.9872918012116528,0.6455573505654281
559d56f3b8f0bc2e5a9a62fe2ce2a39f,385.0,2,2,1,2.5,2018-08,2018-08,192.5,1997,2.832622812206297e-05,0.9873201274397749,0.6458804523424879
a080fc8a850289b27500f6b49cca2553,383.0,4,4,3,4.666666666666667,2018-03,2018-06,95.75,2000,2.817907888506524e-05,0.98734830651866,0.6462035541195477
ab27bbbad5239bc31a34709275a70db4,382.9,3,11,2,5.0,2017-10,2018-07,127.63333333333333,2001,2.8171721423215354e-05,0.9873764782400832,0.6465266558966074
933446e9a59dece7ae9175103820ca8f,381.39,2,3,2,3.0,2017-01,2017-02,190.695,2002,2.806062374928207e-05,0.9874045388638325,0.6468497576736673
9853a239ab7b7ebbdc3a21248d5b8e1f,381.0,5,5,4,3.75,2017-04,2017-11,76.2,2003,2.803192964806751e-05,0.9874325707934806,0.647172859450727
1967a9e2ad6f51802b093147d861df58,380.0,2,2,1,1.0,2017-03,2017-03,190.0,2004,2.7958355029568646e-05,0.9874605291485101,0.6474959612277867
f7315bb81aea4ddca2d39e249a801c98,379.8,2,2,2,4.5,2018-06,2018-08,189.9,2005,2.7943640105868877e-05,0.987488472788616,0.6478190630048465
f5b44895715ddfe3087dc414f30268f3,378.8,19,19,10,4.233333333333333,2017-09,2018-07,19.936842105263157,2006,2.7870065487370012e-05,0.9875163428541033,0.6481421647819063
b7ba853e9551f4558440881fd3e5c815,376.8,2,2,1,1.0,2016-10,2016-10,188.4,2007,2.772291625037228e-05,0.9875440657703537,0.6484652665589661
bd15ee794d5e640d9dd71b665b2ab15b,374.8,12,12,6,4.066666666666666,2018-03,2018-08,31.233333333333334,2008,2.757576701337455e-05,0.9875716415373671,0.6487883683360258
c24173065483e421f9e5e7f599de101d,373.90999999999997,9,9,5,3.333333333333333,2017-07,2017-11,41.54555555555555,2009,2.751028560291056e-05,0.98759915182297,0.6491114701130857
404e1ba01358af4cd63f679b2c4d1fa1,373.9,8,12,6,5.0,2017-08,2018-08,46.7375,2010,2.750954985672557e-05,0.9876266613728267,0.6494345718901454
101921376b577a4540dc30e9009133ca,373.0,1,1,1,2.0,2017-05,2017-05,373.0,2011,2.7443332700076593e-05,0.9876541047055268,0.6497576736672052
08084d990eb3f53af056ccbc1730c8a7,372.5,12,12,5,4.4,2018-02,2018-08,31.041666666666668,2012,2.740654539082716e-05,0.9876815112509176,0.6500807754442649
6d988d6174a2c27441597174f8905515,371.72999999999996,19,23,10,4.325,2017-04,2018-08,19.564736842105262,2013,2.7349892934583034e-05,0.9877088611438523,0.6504038772213248
0bfd0b434243adc5c2e1aa6baf19c6aa,371.20000000000005,6,6,4,3.5,2017-10,2018-02,61.866666666666674,2014,2.731089838677864e-05,0.9877361720422391,0.6507269789983845
70125af26c2d6d4ef401a1d02ae7701f,371.2,5,8,2,4.416666666666666,2018-07,2018-08,74.24,2015,2.7310898386778636e-05,0.9877634829406259,0.6510500807754442
0f0c984a4a955310903b6b6008660bad,369.81,4,4,2,4.166666666666667,2018-04,2018-05,92.4525,2016,2.7208629667065214e-05,0.987790691570293,0.6513731825525041
131fcb0a0c9a47bba4474aacff0f14b7,369.8,4,4,2,4.0,2018-06,2018-08,92.45,2017,2.7207893920880226e-05,0.9878178994642138,0.6516962843295638
916748bc99315c2d202898ae58b1617e,369.40000000000003,25,32,10,4.256666666666667,2017-02,2017-11,14.776000000000002,2018,2.7178464073480683e-05,0.9878450779282874,0.6520193861066236
d73cbd89533ce8b041a9190241453ac8,368.6,4,4,2,3.5,2017-03,2017-07,92.15,2019,2.711960437868159e-05,0.9878721975326661,0.6523424878836833
63191ead8d3b2f937cd1996fdcbbad20,367.0,1,1,1,5.0,2018-08,2018-08,367.0,2020,2.7001884989083404e-05,0.9878991994176551,0.6526655896607432
ce616e1913288884e7742faac9d981db,365.1,15,24,4,4.677777777777777,2018-05,2018-08,24.34,2021,2.686209321393556e-05,0.987926061510869,0.6529886914378029
499ec63c58e51296c9cf57edcfe1c8a8,365.0,5,5,3,4.666666666666667,2018-04,2018-06,73.0,2022,2.6854735752085675e-05,0.9879529162466211,0.6533117932148627
f12d3c2a14729ae461b920c11fe20fdc,364.45000000000005,9,11,3,4.283333333333333,2018-05,2018-07,40.49444444444445,2023,2.68142697119113e-05,0.987979730516333,0.6536348949919225
4e85b538b0dad58852641540686d0e14,361.97999999999996,4,4,4,3.75,2017-07,2018-06,90.49499999999999,2024,2.66325404042191e-05,0.9880063630567373,0.6539579967689823
35ef5aa32949680f627efec3c23e705c,361.6,4,5,3,3.5,2017-03,2017-07,90.4,2025,2.6604582049189534e-05,0.9880329676387865,0.654281098546042
a435b009cd956ea60748b5cfbddf2e24,361.18,3,3,2,4.0,2017-05,2017-07,120.39333333333333,2026,2.6573680709420012e-05,0.9880595413194959,0.6546042003231017
76de363de16dacc923eec8daf91df504,360.0,2,2,2,2.5,2017-09,2018-03,180.0,2027,2.648686265959135e-05,0.9880860281821555,0.6549273021001616
b56828a9f9027f3c918c04ca720d9e3c,360.0,3,3,3,2.6666666666666665,2017-10,2018-05,120.0,2028,2.648686265959135e-05,0.9881125150448151,0.6552504038772213
fa14641f57b655e933124a9ea49cd7a5,359.93,7,7,4,4.625,2017-05,2018-02,51.41857142857143,2029,2.648171243629643e-05,0.9881389967572514,0.6555735056542811
184725737946a1a938bbbd1a9e978103,359.70000000000005,3,3,1,4.666666666666667,2018-08,2018-08,119.90000000000002,2031,2.6464790274041695e-05,0.9881654615475254,0.6558966074313409
03bd479e1d9484cdb14104d3023f7321,359.70000000000005,3,3,2,4.5,2018-05,2018-07,119.90000000000002,2030,2.6464790274041695e-05,0.9881919263377994,0.6562197092084007
1e8c6a4c538f286aee9573239740a4b4,359.7,5,5,4,3.75,2018-04,2018-08,71.94,2032,2.646479027404169e-05,0.9882183911280734,0.6565428109854604
51209b446b2073894bdc0face6c73ffc,359.6,2,4,2,4.0,2018-06,2018-07,179.8,2033,2.6457432812191805e-05,0.9882448485608856,0.6568659127625202
3076499bbc033a927bf4a8a41bcf7fd4,359.33,7,9,4,4.5625,2018-05,2018-08,51.332857142857144,2034,2.643756766519711e-05,0.9882712861285508,0.65718901453958
173d56ffbd4c56cb80fc3615487d712b,358.0,2,2,1,5.0,2018-08,2018-08,179.0,2035,2.633971342259362e-05,0.9882976258419733,0.6575121163166397
f44bdc12aa39f5271f0b95f66cd4c289,357.5,5,7,4,3.375,2017-11,2018-08,71.5,2036,2.630292611334419e-05,0.9883239287680867,0.6578352180936995
9dd59e43f0c9f0553244e8f9c2fb247e,356.3,10,10,4,4.75,2017-10,2018-01,35.63,2037,2.621463657114555e-05,0.9883501434046579,0.6581583198707592
24c1de8d9551c0b4fbc53317d53efda8,355.0,1,1,1,5.0,2017-02,2017-02,355.0,2038,2.6118989567097027e-05,0.9883762623942249,0.6584814216478191
761681a821d8275bc79f552116d06869,354.92,3,3,3,5.0,2018-04,2018-07,118.30666666666667,2039,2.6113103597617117e-05,0.9884023754978225,0.6588045234248788
8fd3b4468f6425810648177996c14cbd,354.9,1,1,1,5.0,2018-06,2018-06,354.9,2040,2.6111632105247137e-05,0.9884284871299277,0.6591276252019386
9b00cad94ef3078faf6fba2e792c158f,354.9,1,1,1,5.0,2017-12,2017-12,354.9,2041,2.6111632105247137e-05,0.9884545987620329,0.6594507269789984
b88e7c57cb2d8b973b7dd4a2bfa14b36,353.9,4,4,3,4.0,2017-05,2017-12,88.475,2042,2.6038057486748272e-05,0.9884806368195197,0.6597738287560582
de66a66f2dd06bb9ec37aa96987466a3,353.32,7,8,3,4.472222222222222,2016-10,2017-02,50.47428571428571,2043,2.5995384208018933e-05,0.9885066322037277,0.6600969305331179
b67d6c666e8dce1d078c882825e12704,352.84,7,8,2,4.916666666666666,2018-07,2018-08,50.40571428571428,2044,2.5960068391139478e-05,0.9885325922721189,0.6604200323101777
cbbd5ae8f53de5f5097cd8217b529e24,351.8,2,2,1,2.5,2017-02,2017-02,175.9,2045,2.588355078790066e-05,0.9885584758229068,0.6607431340872375
52092ddbd3a58c450a4459bf051b2287,351.7,6,6,4,4.666666666666666,2017-11,2018-03,58.61666666666667,2046,2.587619332605077e-05,0.9885843520162328,0.6610662358642972
e53d5b9b29d1218281f4a907ada18626,350.67,4,5,2,4.75,2018-07,2018-08,87.6675,2047,2.5800411468996943e-05,0.9886101524277019,0.661389337641357
97e4a63591ca439a2b8b7efd20e6e19e,349.95,5,5,4,4.5,2018-02,2018-08,69.99,2048,2.5747437743677758e-05,0.9886358998654455,0.6617124394184168
ad87df7699e83b8a91822a4a0b765c3a,349.9,6,7,4,4.0625,2017-03,2017-06,58.31666666666666,2049,2.5743759012752813e-05,0.9886616436244583,0.6620355411954766
52bb00821bcdd358a5a5a27e1f6be5a1,349.8,2,2,2,4.5,2018-01,2018-04,174.9,2050,2.573640155090293e-05,0.9886873800260092,0.6623586429725363
079d295dcbf06ee8bb1b65ba964eb2b6,349.3,5,10,3,4.785714285714286,2018-06,2018-08,69.86,2051,2.5699614241653498e-05,0.9887130796402509,0.6626817447495961
27a56ff04b34c2ba34ce6ba4d3b9d616,349.28999999999996,8,8,5,4.2666666666666675,2017-04,2017-10,43.661249999999995,2052,2.5698878495468506e-05,0.9887387785187464,0.6630048465266559
5c603ffb38cbbf25a0e0698941324143,348.8,2,2,1,1.0,2017-01,2017-01,174.4,2053,2.5662826932404065e-05,0.9887644413456788,0.6633279483037157
249f0e9905a6e06ad6c6bea7547ab9f6,347.95,3,3,3,3.6666666666666665,2018-06,2018-08,115.98333333333333,2054,2.560028850668003e-05,0.9887900416341855,0.6636510500807754
0747d5bb69f0586cc869d8af4c50f93e,346.6,14,15,6,3.388888888888889,2016-10,2017-06,24.75714285714286,2055,2.5500962771706563e-05,0.9888155425969571,0.6639741518578353
918717417d88a9f9ae9735567e6c7682,345.70000000000005,4,4,3,5.0,2017-12,2018-02,86.42500000000001,2056,2.5434745615057584e-05,0.9888409773425721,0.664297253634895
48efc9d94a9834137efd9ea76b065a38,345.59999999999997,33,34,2,5.0,2016-12,2017-01,10.47272727272727,2057,2.5427388153207695e-05,0.9888664047307254,0.6646203554119547
38af8acfd46ac4a7bf754e8ca6736664,345.0,5,5,4,4.875,2017-11,2018-02,69.0,2058,2.5383243382108376e-05,0.9888917879741075,0.6649434571890145
a37c340b91cb0169e8b029db6440fba2,345.0,5,5,3,4.888888888888889,2017-06,2017-09,69.0,2059,2.5383243382108376e-05,0.9889171712174896,0.6652665589660743
26b482dccfa29bd2e40703ba45523702,344.78,3,4,2,5.0,2018-07,2018-08,114.92666666666666,2060,2.5367056966038626e-05,0.9889425382744556,0.6655896607431341
3985a3c45be355a4c57fde108bfabd1c,344.2,7,8,5,4.233333333333333,2017-01,2017-06,49.17142857142857,2061,2.5324383687309284e-05,0.9889678626581428,0.6659127625201938
7957cac1a02f45d0a4a7e45626382ec2,343.0,1,1,1,4.0,2017-09,2017-09,343.0,2062,2.5236094145110646e-05,0.9889930987522879,0.6662358642972537
2a73cba571d90c694b7caca072ccf6ce,342.78,1,2,1,5.0,2018-07,2018-07,342.78,2063,2.5219907729040897e-05,0.989018318660017,0.6665589660743134
b9ec22de23f18567de0e09d776ca0309,341.98,2,2,2,5.0,2018-06,2018-08,170.99,2064,2.5161048034241808e-05,0.9890434797080513,0.6668820678513732
89de2d6f23e9746ff309705b23581faa,340.0,8,8,2,3.666666666666667,2018-07,2018-08,42.5,2065,2.5015370289614052e-05,0.9890684950783409,0.6672051696284329
ae8bfdbf1c2a2a2dee92d799db0a31c6,339.91999999999996,8,8,3,3.9,2017-02,2017-05,42.489999999999995,2066,2.5009484320134142e-05,0.9890935045626611,0.6675282714054928
5ca5d579b5857ee8709479b1047cecc3,339.89,2,2,2,1.0,2018-01,2018-03,169.945,2067,2.5007277081579177e-05,0.9891185118397426,0.6678513731825525
a2e85714b56b1cb6bb24a9a6e6cad36f,339.70000000000005,2,3,1,1.0,2017-10,2017-10,169.85000000000002,2068,2.4993297904064396e-05,0.9891435051376467,0.6681744749596122
8fff28c4263ddec387f28d237fb42773,339.40000000000003,4,6,2,3.0,2017-02,2018-08,84.85000000000001,2069,2.4971225518514736e-05,0.9891684763631652,0.6684975767366721
2f4b0d3b9634b647d4edee577d7ebb7e,337.9,10,11,3,4.944444444444444,2018-01,2018-03,33.79,2070,2.4860863590766436e-05,0.989193337226756,0.6688206785137318
0743a0239d764b9a0f959a57d07e36ab,336.96,4,4,2,4.75,2018-07,2018-08,84.24,2071,2.47917034493775e-05,0.9892181289302053,0.6691437802907916
4e42581f08e8cfc7c090f930bac4552a,336.0,3,4,2,1.0,2017-11,2017-12,112.0,2072,2.4721071815618593e-05,0.989242850002021,0.6694668820678513
333c4210e76a1aa2ab817b99437e3ff1,335.0,2,2,2,5.0,2018-07,2018-08,167.5,2073,2.4647497197119728e-05,0.989267497499218,0.6697899838449112
a64e44665225d19dfc0277eeeaaccc57,335.0,6,6,3,5.0,2018-06,2018-08,55.833333333333336,2074,2.4647497197119728e-05,0.9892921449964152,0.6701130856219709
c8660dcf9ba70575f45d80fe28c27713,335.0,4,7,2,4.65,2017-02,2017-03,83.75,2075,2.4647497197119728e-05,0.9893167924936123,0.6704361873990307
2c538755f1ca9540af144f266e70df6c,334.99,1,1,1,5.0,2018-05,2018-05,334.99,2076,2.464676145093474e-05,0.9893414392550632,0.6707592891760905
3a3e46d10f74d8a6ca76e2b538f106a0,334.9,3,6,3,3.3333333333333335,2018-02,2018-07,111.63333333333333,2077,2.464013973526984e-05,0.9893660793947985,0.6710823909531503
61b18775be84fb700a6b2d0ba097bf66,334.5,4,5,4,4.75,2018-04,2018-08,83.625,2078,2.4610709887870296e-05,0.9893906901046864,0.67140549273021
7c4618c82226628831613e95e9c22f44,333.93,13,13,7,4.357142857142857,2017-12,2018-08,25.686923076923076,2079,2.4568772355325945e-05,0.9894152588770417,0.6717285945072697
c113b8df1fc375bc3d73d29c1b1144d1,333.0,3,5,3,4.333333333333333,2017-06,2017-08,111.0,2080,2.4500347960122e-05,0.9894397592250018,0.6720516962843296
76d336555bb25f3165d2f0d6da719c40,330.0,2,2,1,2.0,2017-02,2017-02,165.0,2081,2.4279624104625404e-05,0.9894640388491065,0.6723747980613893
d7b2377bae6ace1b11fc69a11900ac36,329.6,4,4,3,3.1666666666666665,2017-08,2017-11,82.4,2082,2.425019425722586e-05,0.9894882890433637,0.6726978998384491
09883d9ab71c8fe8a9bfc7fc3075b07e,329.5,5,5,4,3.625,2017-04,2017-11,65.9,2083,2.424283679537597e-05,0.9895125318801591,0.6730210016155089
d36b07fd3c5088e477a72d1fccfe29d4,328.9,1,1,1,5.0,2017-05,2017-05,328.9,2084,2.4198692024276653e-05,0.9895367305721834,0.6733441033925687
f18112da765e0971ca5d510dec322bdd,327.8,2,2,1,4.0,2018-01,2018-01,163.9,2085,2.41177599439279e-05,0.9895608483321273,0.6736672051696284
4b98b0428fc1932cc2514ef9ce2505e6,327.63,2,2,2,2.0,2017-09,2017-11,163.815,2086,2.4105252258783093e-05,0.9895849535843861,0.6739903069466882
08d0949a9a17c027262db1f3c450c26c,324.79999999999995,12,12,7,3.5,2017-08,2018-08,27.066666666666663,2087,2.3897036088431304e-05,0.9896088506204745,0.674313408723748
6bd503a8230299c9316fb0f726933927,324.28999999999996,4,5,2,4.666666666666666,2018-07,2018-08,81.07249999999999,2088,2.3859513032996883e-05,0.9896327101335075,0.6746365105008078
7dea6f73af847b42cc3985bd620f994d,324.0,2,2,1,4.0,2018-08,2018-08,162.0,2089,2.3838176393632215e-05,0.9896565483099011,0.6749596122778675
c79151301b9d90985d1fa52879213105,322.3,4,8,3,3.6111111111111107,2017-11,2018-04,80.575,2090,2.3713099542184145e-05,0.9896802614094433,0.6752827140549273
92d14edfb62ee5ae7fdff70b0f4e7233,322.0,8,13,6,3.6666666666666665,2017-09,2018-04,40.25,2091,2.3691027156634486e-05,0.9897039524365999,0.6756058158319871
a81466620e46a6970b22ef40379fdfc9,321.8,2,2,1,5.0,2017-10,2017-10,160.9,2092,2.3676312232934713e-05,0.9897276287488329,0.6759289176090468
7b7ed56ae755e2880f2b69632e839c1e,321.5,5,5,1,4.2,2018-08,2018-08,64.3,2093,2.3654239847385053e-05,0.9897512829886803,0.6762520193861066
d149de2f383552baea37a7198c2296ce,320.70000000000005,3,3,1,5.0,2018-08,2018-08,106.90000000000002,2094,2.3595380152585965e-05,0.9897748783688329,0.6765751211631664
d2f3e277560ed4c6361284429b00f037,320.55,7,7,4,4.666666666666667,2017-07,2017-10,45.792857142857144,2095,2.3584343959811134e-05,0.9897984627127927,0.6768982229402262
eb9267cccc90f1b49c8d2f9887c7dd97,319.9,1,1,1,5.0,2018-05,2018-05,319.9,2097,2.3536520457786866e-05,0.9898219992332505,0.6772213247172859
4f40d2ed38d1cc945364a7cd202a82c7,319.9,1,1,1,1.0,2017-11,2017-11,319.9,2096,2.3536520457786866e-05,0.9898455357537084,0.6775444264943458
883dd81e82754ac2c65e9790a7db8c9a,319.5,5,5,5,4.4,2017-10,2018-06,63.9,2098,2.3507090610387324e-05,0.9898690428443188,0.6778675282714055
c611f4ce9ce875bcc063fa97fd4d7d12,319.0,1,1,1,4.0,2018-07,2018-07,319.0,2099,2.347030330113789e-05,0.98989251314762,0.6781906300484652
ea1776927851da2532aa70d6a32c095a,318.79999999999995,3,3,2,2.25,2018-07,2018-08,106.26666666666665,2100,2.3455588377438115e-05,0.9899159687359974,0.678513731825525
57d2ba47f7a3209aa347532ae75c1165,318.0,2,2,2,4.0,2018-06,2018-07,159.0,2102,2.3396728682639027e-05,0.9899393654646801,0.6788368336025848
1e9d5a33694bddb76316fd1f54734d20,318.0,2,2,2,4.5,2018-07,2018-08,159.0,2101,2.3396728682639027e-05,0.9899627621933628,0.6791599353796446
2d22fc3089eb907b29ebff50581fb472,317.70000000000005,3,3,1,3.6666666666666665,2018-04,2018-04,105.90000000000002,2103,2.337465629708937e-05,0.9899861368496599,0.6794830371567043
ea4e9ce63a2134743b4a92777437fcdd,316.6,3,4,3,4.666666666666667,2018-04,2018-08,105.53333333333335,2104,2.3293724216740616e-05,0.9900094305738766,0.6798061389337642
9cf787a239c1aa29dbd76f153dc13f9a,316.0,4,4,2,4.75,2018-06,2018-08,79.0,2105,2.3249579445641297e-05,0.9900326801533222,0.6801292407108239
cf1313c6e2c01c2f4b014f97db4bcd2b,315.70000000000005,5,5,3,5.0,2018-06,2018-08,63.14000000000001,2106,2.322750706009164e-05,0.9900559076603823,0.6804523424878837
3b18f9856c6eb2413eafedb58e9eecd9,315.0,1,1,1,5.0,2018-04,2018-04,315.0,2107,2.3176004827142432e-05,0.9900790836652095,0.6807754442649434
da20530872245d6cd9d2f5725613c430,314.96000000000004,2,3,1,4.666666666666667,2017-10,2017-10,157.48000000000002,2108,2.317306184240248e-05,0.9901022567270519,0.6810985460420033
12c2ed9cded6138cf0c75f525f565fc7,314.96,4,4,3,4.333333333333333,2017-11,2018-08,78.74,2109,2.3173061842402476e-05,0.9901254297888943,0.681421647819063
9ac4f14370b1e24ddc58be041b7f99df,314.51,5,5,4,4.25,2018-02,2018-07,62.902,2110,2.3139953264077988e-05,0.9901485697421584,0.6817447495961227
8c9348f33ae3dada25c99c99ade2af78,312.99,2,2,2,5.0,2018-06,2018-07,156.495,2111,2.3028119843959714e-05,0.9901715978620024,0.6820678513731826
5f0057b677eb963672bf05dfa3f16c34,312.88,5,5,3,4.333333333333333,2016-10,2017-02,62.576,2112,2.3020026635924836e-05,0.9901946178886383,0.6823909531502423
3afc536624bc2e65bddfb5db33cc01f3,312.0,6,6,4,3.375,2018-01,2018-06,52.0,2113,2.2955280971645838e-05,0.9902175731696099,0.6827140549273021
1acde099eb406aa220b1169b188b42da,311.09999999999997,9,10,3,4.155555555555556,2017-09,2017-11,34.56666666666666,2114,2.2889063814996856e-05,0.9902404622334249,0.6830371567043618
df47da4ae86fa4db890d05aaf24e21d8,310.5,5,5,2,4.5,2018-07,2018-08,62.1,2115,2.284491904389754e-05,0.9902633071524688,0.6833602584814217
ba89796db68db180bd389de96b2ff3b6,309.8,2,2,1,5.0,2018-07,2018-07,154.9,2116,2.2793416810948335e-05,0.9902861005692798,0.6836833602584814
0cab2da43793a6f3c5ed8514c5f54627,309.70000000000005,3,3,3,5.0,2018-05,2018-07,103.23333333333335,2117,2.2786059349098452e-05,0.9903088866286289,0.6840064620355412
ebd1417732defaf66c50b5a800eb293e,309.0,1,1,1,5.0,2017-03,2017-03,309.0,2118,2.2734557116149244e-05,0.990331621185745,0.684329563812601
152ee17e4c8aaf53dac99f3462e4999b,308.96000000000004,6,6,4,4.5,2017-07,2017-10,51.49333333333334,2119,2.273161413140929e-05,0.9903543527998764,0.6846526655896608
1b45169b635ef59425637e9a33eb5fb3,308.9,7,8,4,4.625,2018-02,2018-08,44.128571428571426,2120,2.2727199654299354e-05,0.9903770799995307,0.6849757673667205
dbbcfe2c8d026742134ac3e28ccde274,308.59000000000003,4,4,4,4.0,2017-07,2018-06,77.14750000000001,2121,2.270439152256471e-05,0.9903997843910533,0.6852988691437802
b127efdabeffb5d559349c7b172eb75d,308.5,10,10,5,4.6,2017-01,2017-05,30.85,2122,2.269776980689981e-05,0.9904224821608602,0.6856219709208401
85cc55e048b6bcc90c75afe7f0e72f72,308.28,9,9,3,4.266666666666667,2018-05,2018-07,34.25333333333333,2123,2.268158339083006e-05,0.990445163744251,0.6859450726978998
a7a9b880c49781da66651ccf4ba9ac38,307.6,3,4,3,3.6666666666666665,2018-05,2018-07,102.53333333333335,2124,2.2631552650250833e-05,0.9904677952969012,0.6862681744749596
9c3c24eca51c52b91c1de727d2a2ae06,307.5,6,6,6,4.5,2016-10,2018-05,51.25,2125,2.2624195188400947e-05,0.9904904194920896,0.6865912762520194
48bad451945f5227341793478d6353ea,307.0,3,3,3,4.0,2017-02,2017-12,102.33333333333333,2126,2.2587407879151514e-05,0.9905130068999688,0.6869143780290792
e94b64dc6979b302a5a5be1662c83bb6,306.89,2,2,1,5.0,2018-07,2018-07,153.445,2127,2.2579314671116636e-05,0.9905355862146399,0.6872374798061389
bc39d8938f90a3a2b98193723ed59774,306.8,2,2,2,4.0,2018-04,2018-06,153.4,2128,2.257269295545174e-05,0.9905581589075954,0.6875605815831987
6d2f2e3b539480db1e0842b3a4e32e6e,305.96,3,6,1,4.333333333333333,2017-06,2017-06,101.98666666666666,2129,2.2510890275912693e-05,0.9905806697978713,0.6878836833602585
085f6f7e049c996695fb2074fe38d45e,305.40000000000003,6,8,4,3.625,2018-02,2018-05,50.900000000000006,2130,2.246968848955333e-05,0.9906031394863608,0.6882067851373183
c76d418370990614e89e956c7a7567d9,305.24,2,2,2,3.5,2017-08,2017-09,152.62,2131,2.245791655059351e-05,0.9906255974029115,0.688529886914378
51f108f62cb87d61918159902c8f8583,303.73,3,3,2,4.0,2018-07,2018-08,101.24333333333334,2132,2.2346818876660225e-05,0.9906479442217881,0.6888529886914379
25debeafbce801fdd479539350185eee,302.84000000000003,6,7,4,2.375,2017-06,2018-05,50.473333333333336,2133,2.228133746619624e-05,0.9906702255592543,0.6891760904684976
ad75519a07f039025e83795a4418470f,302.1,3,9,2,3.1,2018-01,2018-08,100.7,2134,2.2226892248507077e-05,0.9906924524515028,0.6894991922455573
a3082f442524a1be452e3189e003b361,301.6,3,4,3,4.333333333333333,2017-07,2018-08,100.53333333333335,2135,2.2190104939257644e-05,0.9907146425564421,0.6898222940226171
2b3b9ce054da76a7428df143a567b156,301.0,5,6,3,3.5,2018-06,2018-08,60.2,2136,2.2145960168158322e-05,0.9907367885166103,0.6901453957996769
3dc69bf2c42f0568a5c4791ec3fd3745,300.0,2,2,2,4.0,2017-11,2018-02,150.0,2137,2.2072385549659457e-05,0.9907588609021599,0.6904684975767367
2b402d5dc42554061f8ea98d1916f148,299.89,1,1,1,5.0,2018-04,2018-04,299.89,2138,2.2064292341624582e-05,0.9907809251945016,0.6907915993537964
69a43819c758c65a5befb0b471c954d7,299.85,2,3,2,4.0,2017-06,2017-09,149.925,2139,2.206134935688463e-05,0.9908029865438585,0.6911147011308563
3606774ec64634822d78dc2db6d37045,299.8,2,2,2,3.0,2016-10,2017-01,149.9,2140,2.2057670625959688e-05,0.9908250442144844,0.691437802907916
ea3ebea5317b0efbc663ecc8ce5e9bc2,299.70000000000005,3,3,1,4.0,2018-05,2018-05,99.90000000000002,2141,2.20503131641098e-05,0.9908470945276485,0.6917609046849758
6d1b9c9579132c87d2703ec38c30f2c5,299.69,4,4,4,4.5,2017-02,2017-07,74.9225,2142,2.204957741792481e-05,0.9908691441050664,0.6920840064620355
7fe21dd00d2f4943ae09525efa2fd674,299.6,4,4,3,3.6666666666666665,2017-04,2017-08,74.9,2143,2.2042955702259915e-05,0.9908911870607687,0.6924071082390953
71593c7413973a1e160057b80d4958f6,299.5,2,5,1,3.4,2018-08,2018-08,149.75,2144,2.2035598240410025e-05,0.9909132226590092,0.6927302100161551
f00f5b35d0abcacbdd863672f4bb2c1a,299.0,1,1,1,4.0,2017-05,2017-05,299.0,2146,2.1998810931160592e-05,0.9909352214699403,0.6930533117932148
b76f4d90e85657a240495c876313adc5,299.0,1,1,1,5.0,2018-08,2018-08,299.0,2145,2.1998810931160592e-05,0.9909572202808714,0.6933764135702747
a8739afb32aaa45e01815ca76f76f54b,298.83,13,15,2,3.361111111111111,2018-06,2018-08,22.986923076923077,2147,2.1986303246015784e-05,0.9909792065841174,0.6936995153473344
9d489893ff6af05029671b785f54b998,298.7,5,6,3,4.444444444444445,2017-06,2018-08,59.739999999999995,2148,2.1976738545610933e-05,0.9910011833226631,0.6940226171243942
b76a1f8356322f12529c37b67d5c96c2,298.5,5,5,3,4.833333333333333,2017-12,2018-02,59.7,2149,2.196202362191116e-05,0.991023145346285,0.6943457189014539
666658b8da8370f30e1f89893b1de5e6,298.0,1,2,1,5.0,2018-03,2018-03,298.0,2150,2.1925236312661728e-05,0.9910450705825976,0.6946688206785138
e603cf3fec55f8697c9059638d6c8eb5,297.0,8,11,4,3.875,2017-02,2017-06,37.125,2152,2.1851661694162863e-05,0.9910669222442918,0.6949919224555735
c5ebe6598748b0aeaa61cfb820478b92,297.0,3,3,2,4.75,2018-07,2018-08,99.0,2151,2.1851661694162863e-05,0.991088773905986,0.6953150242326332
0ec28cec4046a4a199b6de9b4c891d97,296.6,3,4,2,5.0,2018-04,2018-05,98.86666666666667,2153,2.182223184676332e-05,0.9911105961378328,0.6956381260096931
508808d438fe2ff972ed13bb8f4a82e2,294.83,10,11,1,4.2727272727272725,2018-08,2018-08,29.482999999999997,2154,2.1692004772020325e-05,0.9911322881426048,0.6959612277867528
55c96925041a14097b6a7825554f4ad5,294.8,6,10,5,3.8,2017-03,2018-01,49.13333333333333,2155,2.168979753346536e-05,0.9911539779401383,0.6962843295638126
a806a4bb063ea7ca6d374eafa50a6058,294.4,5,6,2,4.0,2018-01,2018-02,58.879999999999995,2156,2.1660367686065815e-05,0.9911756383078243,0.6966074313408723
9b1ab052f5fca308ba743ac789ebb2e1,294.09000000000003,2,2,2,4.0,2017-04,2017-05,147.04500000000002,2157,2.163755955433117e-05,0.9911972758673786,0.6969305331179322
2bf28e311bba65237358230cabac3f15,294.0,7,8,4,4.1875,2018-04,2018-08,42.0,2158,2.163093783866627e-05,0.9912189068052173,0.6972536348949919
2f4b9d112bfa44a214bc6cef085d17c8,293.99,5,6,5,4.4,2016-10,2017-04,58.798,2159,2.163020209248128e-05,0.9912405370073097,0.6975767366720517
9d39404483343dd55c7ae254494d8388,293.2,10,10,6,4.027777777777778,2017-11,2018-04,29.32,2160,2.1572078143867177e-05,0.9912621090854536,0.6978998384491115
5dc4bdaf869e8c77c648078cbe8d59c2,292.99,1,1,1,1.0,2017-09,2017-09,292.99,2161,2.1556627473982416e-05,0.9912836657129276,0.6982229402261713
48b6c3f4c6a93171da04b75313f2130f,290.26,2,2,2,5.0,2018-03,2018-04,145.13,2162,2.1355768765480516e-05,0.9913050214816931,0.698546042003231
ede2977fbaf3738583170735ca403f6c,289.9,1,1,1,5.0,2018-02,2018-02,289.9,2164,2.1329281902820923e-05,0.9913263507635959,0.6988691437802907
aadfe0417e61315688b6bd7043361e25,289.9,1,1,1,4.0,2017-08,2017-08,289.9,2163,2.1329281902820923e-05,0.9913476800454987,0.6991922455573506
f410c8873029fcc3809b9df6d0b28914,289.8,2,2,1,5.0,2018-08,2018-08,144.9,2165,2.1321924440971037e-05,0.9913690019699396,0.6995153473344103
4dc646b9b9e8e411ef48ba000ea3ac6f,289.70000000000005,4,5,4,2.75,2018-02,2018-08,72.42500000000001,2166,2.1314566979121153e-05,0.9913903165369187,0.6998384491114701
adbe70ab2c97442046d393988c8d1d27,289.5,5,5,2,5.0,2017-09,2017-10,57.9,2167,2.1299852055421377e-05,0.9914116163889741,0.7001615508885299
aded58c8142dedc5494a81f948431fab,289.5,4,5,1,3.2,2018-04,2018-04,72.375,2168,2.1299852055421377e-05,0.9914329162410296,0.7004846526655897
04ee0ec01589969663ba5967c0e0bdc0,289.49,1,1,1,5.0,2018-08,2018-08,289.49,2169,2.129911630923639e-05,0.9914542153573388,0.7008077544426494
d1e2fe627180431ffda076abb303c56f,289.0,1,1,1,1.0,2018-03,2018-03,289.0,2170,2.1263064746171945e-05,0.9914754784220849,0.7011308562197092
392353362d22cc2c236e1ee81ff19890,288.7,5,10,3,4.809523809523809,2018-04,2018-08,57.739999999999995,2171,2.1240992360622285e-05,0.9914967194144456,0.701453957996769
bbe87dce25ba8b38bb61cc7210a3f10b,287.0,2,2,2,5.0,2018-05,2018-08,143.5,2172,2.1115915509174215e-05,0.9915178353299547,0.7017770597738288
ce20a2ec1514c25e16f2b5b39bc818f0,287.0,4,7,2,4.875,2018-06,2018-08,71.75,2173,2.1115915509174215e-05,0.9915389512454639,0.7021001615508885
615005a3ef192c00c6f0e977cee3d2bc,286.5,10,11,4,4.0,2017-08,2017-12,28.65,2174,2.1079128199924783e-05,0.9915600303736638,0.7024232633279484
e83e93b71371817b11d78a63ff156aee,286.0,2,3,2,4.5,2017-02,2017-04,143.0,2175,2.104234089067535e-05,0.9915810727145544,0.7027463651050081
e628d4a53c109f09ca88098338b3a3f5,285.0,1,1,1,1.0,2017-12,2017-12,285.0,2177,2.0968766272176486e-05,0.9916020414808266,0.7030694668820678
a9ae440659f48b7849df83e82734150b,285.0,1,1,1,5.0,2017-10,2017-10,285.0,2176,2.0968766272176486e-05,0.9916230102470989,0.7033925686591276
10264f60a8f0a4d2f30810f5c661c673,284.6,4,4,3,5.0,2018-06,2018-08,71.15,2178,2.093933642477694e-05,0.9916439495835236,0.7037156704361874
86bf77bdb52e615674772d5817c6212f,281.8,4,5,2,4.875,2018-04,2018-07,70.45,2179,2.073332749298012e-05,0.9916646829110166,0.7040387722132472
b8a0adc91af209270c2c725168eb00fd,281.4,6,6,3,4.222222222222222,2018-04,2018-06,46.9,2181,2.070389764558057e-05,0.9916853868086623,0.7043618739903069
83c465a786b06574376909b35ef6752a,281.4,3,3,3,5.0,2018-06,2018-08,93.8,2180,2.070389764558057e-05,0.9917060907063079,0.7046849757673668
d5c530f4884a75ae0dba9c148718d278,280.88,6,9,2,3.6875,2017-09,2017-11,46.81333333333333,2182,2.0665638843961163e-05,0.9917267563451518,0.7050080775444265
579891617139df7d8671d373f0669622,280.3,8,8,7,4.428571428571429,2017-06,2018-07,35.0375,2183,2.062296556523182e-05,0.9917473793107171,0.7053311793214863
4e0d109ccfba9a1151c103049880c857,279.89,2,2,2,3.0,2017-11,2018-05,139.945,2184,2.0592799971647284e-05,0.9917679721106888,0.705654281098546
58e4b302b54937e55a678c4d15111da4,279.78999999999996,3,3,2,3.0,2017-01,2017-06,93.26333333333332,2185,2.0585442509797397e-05,0.9917885575531986,0.7059773828756059
19a7c9f66ffa6452ff4b4c0cca71da27,279.0,1,1,1,5.0,2017-09,2017-09,279.0,2186,2.0527318561183297e-05,0.9918090848717598,0.7063004846526656
d2572f31e9023e9850ef986a636ff9bf,279.0,1,1,1,5.0,2017-03,2017-03,279.0,2187,2.0527318561183297e-05,0.991829612190321,0.7066235864297253
debe6615cd90cc0c2eac2b8988e1f628,278.5,5,5,2,4.375,2017-01,2017-03,55.7,2188,2.0490531251933865e-05,0.9918501027215729,0.7069466882067852
fb8904a8ea99f8831b64ce27db2c1765,278.0,2,2,1,4.5,2017-11,2017-11,139.0,2190,2.0453743942684432e-05,0.9918705564655156,0.7072697899838449
4d6fb82c629c7a5028bfd973c07b05e0,278.0,2,2,1,2.0,2017-02,2017-02,139.0,2189,2.0453743942684432e-05,0.9918910102094582,0.7075928917609047
94c49f20a123aeb9360dbf80ff912bf6,277.75,3,3,2,4.0,2017-05,2017-06,92.58333333333333,2191,2.0435350288059714e-05,0.9919114455597463,0.7079159935379644
ab9db4cf53b08b828b64dccaafc2d9f0,277.67,5,5,4,4.5,2017-05,2018-07,55.534000000000006,2192,2.0429464318579808e-05,0.9919318750240649,0.7082390953150243
e46bc031f2c5bae4ccb40bb90712e9b4,277.3,1,1,1,1.0,2018-04,2018-04,277.3,2193,2.0402241709735227e-05,0.9919522772657746,0.708562197092084
32f1bb9dfa65bc7df5c0d9d95a616be4,276.39,5,6,5,4.0,2018-03,2018-08,55.278,2194,2.0335288806901257e-05,0.9919726125545815,0.7088852988691438
15ead3a5037a918ddb520dfe39a3d2b9,275.5,7,8,3,4.566666666666666,2018-01,2018-04,39.357142857142854,2195,2.026980739643727e-05,0.9919928823619779,0.7092084006462036
2ee0a0689f2f6a72f35a7cb6033f6e7e,272.0,4,4,1,4.0,2017-11,2017-11,68.0,2196,2.0012296231691243e-05,0.9920128946582096,0.7095315024232633
f682e0f848abafc6f41e0d4e868c66ef,269.98,2,2,2,3.5,2017-10,2018-05,134.99,2197,1.9863675502323537e-05,0.992032758333712,0.7098546042003231
bab0a8cd684e41ba6e2637dca0979d3b,269.9,1,1,1,5.0,2017-08,2017-08,269.9,2200,1.9857789532843624e-05,0.9920526161232448,0.7101777059773828
9a208dee8f95cfdf00760c4d627828ec,269.9,1,1,1,1.0,2017-02,2017-02,269.9,2199,1.9857789532843624e-05,0.9920724739127776,0.7105008077544427
87d73636a3acf123e842bb890a4db036,269.9,1,1,1,5.0,2018-07,2018-07,269.9,2198,1.9857789532843624e-05,0.9920923317023105,0.7108239095315024
dcf3755cefcdc158ad0b7bdde51e871b,269.70000000000005,3,3,3,4.0,2018-03,2018-08,89.90000000000002,2201,1.9843074609143858e-05,0.9921121747769196,0.7111470113085622
6bb66d9870c2e01c05655c7ed0e7ee13,269.0,3,3,1,3.6666666666666665,2018-07,2018-07,89.66666666666667,2202,1.979157237619465e-05,0.9921319663492958,0.711470113085622
58c851d1a3c7cd3da329eb59453fed44,268.99,2,2,1,5.0,2018-08,2018-08,134.495,2203,1.979083663000966e-05,0.9921517571859259,0.7117932148626818
184a67a8f9f63234d3a92340bbdb727f,268.65999999999997,8,11,6,4.291666666666667,2016-10,2017-11,33.582499999999996,2204,1.9766557005905033e-05,0.9921715237429317,0.7121163166397415
f9bbdd976532d50b7816d285a22bd01e,268.0,2,2,2,5.0,2017-05,2017-09,134.0,2206,1.9717997757695784e-05,0.9921912417406894,0.7124394184168013
830379336fad8c6f3b15a4a3ddb5c66e,268.0,2,4,2,4.5,2018-04,2018-07,134.0,2205,1.9717997757695784e-05,0.9922109597384471,0.7127625201938611
4be2e7f96b4fd749d52dff41f80e39dd,267.0,1,1,1,1.0,2016-10,2016-10,267.0,2207,1.964442313919692e-05,0.9922306041615863,0.7130856219709208
65a7c0788e4d632ccb5e1b594b87f0bb,266.7,3,9,3,4.333333333333333,2017-08,2017-12,88.89999999999999,2208,1.9622350753647257e-05,0.99225022651234,0.7134087237479806
5236605f4d4b0b3e4df85b850393fca0,265.3,5,5,5,4.8,2017-08,2018-08,53.06,2209,1.951934628774885e-05,0.9922697458586277,0.7137318255250404
483ca627d131e18f988349b1655c0acd,264.0,1,1,1,5.0,2018-03,2018-03,264.0,2210,1.9423699283700322e-05,0.9922891695579114,0.7140549273021002
5c853bb56f70f4d14218944bae111d7a,263.13,23,24,7,3.5214285714285714,2017-02,2018-08,11.440434782608696,2211,1.9359689365606312e-05,0.992308529247277,0.7143780290791599
f8d5c7085db9a4ad2b8c1ffbeb2798c8,263.0,6,6,6,5.0,2017-03,2018-02,43.833333333333336,2212,1.9350124665201457e-05,0.9923278793719422,0.7147011308562197
53088c75f948b48a7ece173ac17f0c12,261.70000000000005,3,3,3,5.0,2018-05,2018-08,87.23333333333335,2213,1.9254477661152936e-05,0.9923471338496034,0.7150242326332795
252e76235acb79183cfca6e34f13337d,261.2,3,4,3,3.3333333333333335,2017-02,2018-06,87.06666666666666,2214,1.92176903519035e-05,0.9923663515399553,0.7153473344103393
aa762680c40618316a896838866140ea,261.0,3,3,2,3.75,2018-04,2018-05,87.0,2216,1.9202975428203728e-05,0.9923855545153836,0.715670436187399
6da1992f915d77be95d7fa48b36904af,261.0,7,9,5,3.8666666666666663,2017-04,2017-08,37.285714285714285,2215,1.9202975428203728e-05,0.9924047574908118,0.7159935379644589
21d59342ba150175ca2aa4f8faddeca6,259.9,2,2,1,4.5,2018-08,2018-08,129.95,2217,1.9122043347854976e-05,0.9924238795341597,0.7163166397415186
92c8bc6e8f925792247656fed09aad65,259.70000000000005,3,3,3,2.3333333333333335,2017-08,2017-10,86.56666666666668,2218,1.9107328424155207e-05,0.9924429868625838,0.7166397415185783
800214c63934acd05d47e84214db8ba8,259.6,4,4,3,5.0,2017-03,2017-05,64.9,2219,1.909997096230532e-05,0.9924620868335461,0.7169628432956381
984c273121e743dd14767befe6cb17f5,259.6,1,1,1,1.0,2017-11,2017-11,259.6,2220,1.909997096230532e-05,0.9924811868045084,0.7172859450726979
bdb3edbaee43a761e2d4f258dc08f348,259.5,5,5,2,3.875,2017-11,2017-12,51.9,2221,1.909261350045543e-05,0.9925002794180088,0.7176090468497577
c9e5ad1f6647f5dbd1172adf6ae3cada,259.03,4,4,3,4.833333333333333,2017-10,2018-06,64.7575,2222,1.9058033429760963e-05,0.9925193374514385,0.7179321486268174
5e25c632f9db6cfb8bc100421c2737b6,259.0,1,1,1,5.0,2018-06,2018-06,259.0,2223,1.9055826191205998e-05,0.9925383932776297,0.7182552504038773
1e26c56af8d48424e1df0140a2401f83,258.9,2,2,2,5.0,2018-06,2018-08,129.45,2224,1.904846872935611e-05,0.9925574417463591,0.718578352180937
a0e19590a0923cdd0614ea9427713ced,258.29999999999995,2,7,2,1.0,2017-05,2017-06,129.14999999999998,2225,1.900432395825679e-05,0.9925764460703174,0.7189014539579968
f543ba3c973276f519d89d59bd46cead,258.0,2,2,2,2.0,2018-02,2018-06,129.0,2226,1.8982251572707133e-05,0.9925954283218901,0.7192245557350565
0af977692321d895349eded183341d28,257.75,2,2,2,4.5,2018-04,2018-08,128.875,2227,1.896385791808242e-05,0.9926143921798082,0.7195476575121164
7d294cf9a6a69dc6a0c3e540fff0e039,257.25,5,5,4,4.25,2018-05,2018-08,51.45,2228,1.8927070608832986e-05,0.992633319250417,0.7198707592891761
31eec405c9bb71dec8e2629a92e764fa,256.89,5,5,3,4.5,2018-06,2018-08,51.378,2229,1.8900583746173394e-05,0.9926522198341632,0.7201938610662358
6f1a1263039c76e68f40a8e536b1da6a,256.39,4,7,3,1.6666666666666667,2017-09,2018-01,64.0975,2230,1.886379643692396e-05,0.9926710836306001,0.7205169628432956
ebef8d8c92b4fd3226e5d407bbff21ac,253.70000000000002,3,3,3,2.6666666666666665,2017-01,2017-03,84.56666666666668,2231,1.8665880713162018e-05,0.9926897495113133,0.7208400646203554
88ef59b51bdaa941d10a853429f2b6ce,252.9,2,2,2,2.0,2018-07,2018-08,126.45,2232,1.8607021018362923e-05,0.9927083565323317,0.7211631663974152
446cc09cdbb130904da114e807dbec40,252.8,3,3,3,4.666666666666667,2018-03,2018-06,84.26666666666667,2233,1.8599663556513036e-05,0.9927269561958882,0.7214862681744749
7f35f9daf223da737b78738fbae4d977,252.0,5,5,2,4.375,2018-06,2018-07,50.4,2234,1.8540803861713945e-05,0.99274549699975,0.7218093699515348
e88c9b79e592e370d6bd852eeefbf057,251.87,8,9,3,4.833333333333333,2017-05,2017-07,31.48375,2235,1.8531239161309093e-05,0.9927640282389113,0.7221324717285945
ae45ad30c2d2e5913094769690a239d2,251.8,1,2,1,5.0,2017-12,2017-12,251.8,2236,1.852608893801417e-05,0.9927825543278493,0.7224555735056543
e88f7a2995ba184710d339c5c4bf2e30,251.6,2,2,2,5.0,2018-03,2018-04,125.8,2237,1.85113740143144e-05,0.9928010657018637,0.722778675282714
85ecf03781da592876b7844acc1b729f,251.0,2,2,2,4.5,2018-07,2018-08,125.5,2238,1.846722924321508e-05,0.9928195329311069,0.7231017770597739
46ef1a25845fc051c2998d878354810c,250.41,5,5,4,4.375,2017-09,2018-08,50.082,2239,1.842382021830075e-05,0.9928379567513252,0.7234248788368336
001e6ad469a905060d959994f1b41e4f,250.0,1,1,1,1.0,2018-08,2018-08,250.0,2240,1.8393654624716215e-05,0.99285635040595,0.7237479806138933
b2bdc5e7940a7d7ca8c4a37953b27a42,250.0,1,1,1,4.5,2017-10,2017-10,250.0,2242,1.8393654624716215e-05,0.9928747440605747,0.7240710823909532
8ccf3cf69651cc1d8a02c8bfaf3b8568,250.0,2,2,2,3.5,2017-04,2017-05,125.0,2241,1.8393654624716215e-05,0.9928931377151995,0.7243941841680129
13d95f0f6f73943d4ceffad0fc2cd32c,249.99,1,1,1,3.0,2018-03,2018-03,249.99,2243,1.8392918878531227e-05,0.992911530634078,0.7247172859450727
1703bc09972dab9782e7a9194943b69f,249.9,1,1,1,5.0,2018-07,2018-07,249.9,2244,1.838629716286633e-05,0.9929299169312409,0.7250403877221324
5d505d2298ad549e4e4e835562fa0c1e,249.8,2,2,2,5.0,2017-03,2017-04,124.9,2245,1.8378939701016442e-05,0.9929482958709419,0.7253634894991923
c0f783394e37cd9c9d7f5f81141450fa,249.39999999999998,6,6,2,3.4166666666666665,2017-11,2017-12,41.56666666666666,2246,1.8349509853616896e-05,0.9929666453807955,0.725686591276252
880eda903e719a5f179f7e9fceb3a69d,249.0,1,1,1,1.0,2018-08,2018-08,249.0,2247,1.832008000621735e-05,0.9929849654608017,0.7260096930533118
4b90495391ac0bd181a80a459df1e718,248.0,1,1,1,4.0,2016-10,2016-10,248.0,2248,1.8246505387718485e-05,0.9930032119661895,0.7263327948303716
42b6488f5b8246d9141712abd4b1b693,247.99,2,2,2,4.0,2018-04,2018-08,123.995,2249,1.8245769641533497e-05,0.993021457735831,0.7266558966074314
ec21206b7894c503788a684a7bc822a6,247.8,3,3,2,2.25,2017-08,2017-11,82.60000000000001,2250,1.8231790464018712e-05,0.993039689526295,0.7269789983844911
baa49d93c8c8841e27400a300f5d74b2,246.4,6,6,2,4.3,2017-05,2017-06,41.06666666666667,2251,1.8128785998120302e-05,0.9930578183122931,0.7273021001615508
88ae906ea2acf6971f26c3e8b7cb4357,246.0,3,3,2,3.25,2018-04,2018-05,82.0,2252,1.8099356150720756e-05,0.9930759176684438,0.7276252019386107
5721089ba9214e80074f27d5a03fc0eb,245.92999999999998,5,7,2,5.0,2017-11,2018-01,49.18599999999999,2253,1.8094205927425834e-05,0.9930940118743713,0.7279483037156704
5194c22ed1f616ec0c0f33c571542879,245.6,4,4,3,4.333333333333333,2018-06,2018-08,61.4,2254,1.806992630332121e-05,0.9931120818006746,0.7282714054927302
28405831a29823802aa22c084cfd0649,245.0,7,7,3,4.3999999999999995,2018-06,2018-08,35.0,2255,1.802578153222189e-05,0.9931301075822068,0.72859450726979
c3fe93ba3085f92855c97e57f38c8c05,245.0,7,7,6,5.0,2017-06,2018-07,35.0,2256,1.802578153222189e-05,0.993148133363739,0.7289176090468498
d6cd01c59123df02fc226eadbadb5f89,244.9,2,3,2,3.0,2018-01,2018-05,122.45,2257,1.8018424070372005e-05,0.9931661517878093,0.7292407108239095
14f2b3587172b9db894c9bad8dab520b,244.0,2,2,2,2.5,2018-03,2018-07,122.0,2258,1.7952206913723026e-05,0.993184103994723,0.7295638126009693
5733d806668f8712c24b9abaefbfa642,243.8,2,2,2,5.0,2018-01,2018-04,121.9,2259,1.7937491990023253e-05,0.993202041486713,0.7298869143780291
77714512e8d4dda9c234da8e3faf16e4,243.39999999999998,4,6,2,3.75,2018-07,2018-08,60.849999999999994,2260,1.7908062142623704e-05,0.9932199495488556,0.7302100161550888
c70a353f02429c00775a46a75fb787da,242.0,6,6,2,4.666666666666666,2018-07,2018-08,40.333333333333336,2261,1.7805057676725297e-05,0.9932377546065323,0.7305331179321486
31be790e64fc99f8ff48ec2bd18a3104,241.4,6,6,2,3.8,2018-07,2018-08,40.233333333333334,2262,1.7760912905625978e-05,0.9932555155194379,0.7308562197092084
0761743cbffb25d7148189e9f1a5f03a,241.2,3,7,3,4.666666666666667,2017-11,2018-02,80.39999999999999,2263,1.7746197981926205e-05,0.9932732617174198,0.7311793214862682
85044848b1b767db2a4a58526adef4b4,240.60000000000002,4,4,4,3.25,2018-04,2018-07,60.150000000000006,2264,1.7702053210826886e-05,0.9932909637706306,0.7315024232633279
5e9f5bd34e0830569f05c9d4f56e04a8,239.98,2,2,1,4.5,2018-07,2018-07,119.99,2265,1.7656436947357587e-05,0.993308620207578,0.7318255250403877
422be4cc81a457fdb46f47edeb968ae5,239.9,1,1,1,5.0,2017-01,2017-01,239.9,2266,1.765055097787768e-05,0.993326270758556,0.7321486268174475
2d9e8987a2ea5cf88dce330249043ff1,239.8,2,2,1,4.5,2018-08,2018-08,119.9,2267,1.7643193516027794e-05,0.993343913952072,0.7324717285945073
70f7e8018e3d46c748c92f026aa2585a,239.8,1,2,1,5.0,2018-08,2018-08,239.8,2268,1.7643193516027794e-05,0.993361557145588,0.732794830371567
ec8463980a4e0ea9f8517aea1ed0c419,239.2,2,8,1,5.0,2018-07,2018-07,119.6,2269,1.7599048744928475e-05,0.9933791561943329,0.7331179321486269
d1a5cc844736958c11b8efab9a2b4c87,237.6,1,1,1,1.0,2017-10,2017-10,237.6,2270,1.7481329355330292e-05,0.9933966375236882,0.7334410339256866
e83c76265fc54bf41eac728805e4da77,237.3,8,8,4,3.375,2017-02,2017-05,29.6625,2271,1.7459256969780632e-05,0.9934140967806581,0.7337641357027463
2e0dba2da448400b1c11d7b4b22f32a4,235.87,7,13,4,3.0,2017-02,2017-05,33.69571428571429,2272,1.7354045265327257e-05,0.9934314508259234,0.7340872374798061
534a01cc6df1e034e05c32028a291fa2,235.59,5,5,2,4.625,2017-08,2017-10,47.118,2273,1.7333444372147574e-05,0.9934487842702956,0.7344103392568659
578460d8319c51dab351cd9db95eadfe,235.0,1,1,1,3.0,2017-08,2017-08,235.0,2274,1.7290035347233243e-05,0.9934660743056428,0.7347334410339257
a663d9c3797e90eac99ff60939416a56,235.0,1,1,1,5.0,2018-05,2018-05,235.0,2275,1.7290035347233243e-05,0.99348336434099,0.7350565428109854
94b9108d4b637ba65bb4f1e53cfcf8d8,234.95999999999998,7,8,6,4.333333333333333,2017-09,2018-08,33.565714285714286,2276,1.7287092362493287e-05,0.9935006514333525,0.7353796445880453
1e47defeeadeca0e9a18fa5a9311e735,234.12,3,3,2,5.0,2017-06,2017-07,78.04,2277,1.722528968295424e-05,0.9935178767230355,0.735702746365105
cb32766839f443db85c82a43c4a6c19e,234.0,2,2,1,3.0,2017-02,2017-02,117.0,2278,1.721646072873438e-05,0.9935350931837642,0.7360258481421648
d9cb0052a666de5308b32f32ad5f1b1c,231.89999999999998,3,3,3,3.6666666666666665,2018-01,2018-05,77.3,2279,1.706195402988676e-05,0.993552155137794,0.7363489499192245
e64882b4ef12aee8d0faca4db5b681f4,230.0,1,2,1,4.0,2018-01,2018-01,230.0,2280,1.692216225473892e-05,0.9935690773000487,0.7366720516962844
72431a818f97fe6ab9c81eee3e297e54,229.9,1,1,1,5.0,2018-04,2018-04,229.9,2282,1.6914804792889033e-05,0.9935859921048417,0.7369951534733441
740205fedfe4e90ca6857bc77db0f2b4,229.9,1,1,1,5.0,2017-02,2017-02,229.9,2283,1.6914804792889033e-05,0.9936029069096346,0.7373182552504038
1746c1ae87ac63d530c7c943d0ac42e2,229.9,1,1,1,5.0,2017-12,2017-12,229.9,2281,1.6914804792889033e-05,0.9936198217144275,0.7376413570274637
9539213aa8e023c01937bef95dc006da,229.10000000000002,9,9,4,4.725,2017-11,2018-03,25.45555555555556,2284,1.685594509808994e-05,0.9936366776595256,0.7379644588045234
615c3462099ffa940d37b17dfda19594,229.0,2,2,2,5.0,2018-06,2018-07,114.5,2285,1.6848587636240055e-05,0.9936535262471619,0.7382875605815832
75745ef7bc7d4f3ea3380f6f5303f514,228.4,3,3,2,5.0,2017-03,2017-04,76.13333333333334,2286,1.6804442865140736e-05,0.993670330690027,0.7386106623586429
4ce6e5f6c52515177e18c1c9361d8677,226.6,1,1,1,3.0,2018-07,2018-07,226.6,2287,1.6672008551842776e-05,0.9936870026985788,0.7389337641357028
8dfbc5ff27df12f6cef751d3b9554222,226.0,4,4,3,4.666666666666667,2018-05,2018-08,56.5,2288,1.662786378074346e-05,0.9937036305623596,0.7392568659127625
b05b432bf68945d4d9783f9e3ca29ee8,224.8,2,2,1,4.5,2017-09,2017-09,112.4,2289,1.6539574238544823e-05,0.9937201701365981,0.7395799676898223
8a8835a43bda99fd37310ad76c457510,224.34,2,3,2,4.5,2018-07,2018-08,112.17,2290,1.6505729914035343e-05,0.9937366758665122,0.7399030694668821
94ca168e8bcb407ab85c5da308863027,224.3,5,5,4,5.0,2017-11,2018-08,44.86,2291,1.650278692929539e-05,0.9937531786534415,0.7402261712439419
6c6e3d67f969468f3bfd33f827a31222,224.0,5,6,3,4.833333333333333,2018-03,2018-08,44.8,2292,1.6480714543745727e-05,0.9937696593679852,0.7405492730210016
81ed90f07c0bacb7594940ba2ef676aa,223.9,2,2,2,4.5,2017-10,2017-11,111.95,2293,1.6473357081895844e-05,0.9937861327250671,0.7408723747980613
0e44d110fa6a54e121cb2c095a77762f,223.32,6,6,5,4.2,2017-08,2018-06,37.22,2294,1.6430683803166502e-05,0.9938025634088703,0.7411954765751212
08ad4ac1388e4420ca531c3edfc46198,221.61999999999998,6,7,3,3.0,2018-06,2018-08,36.93666666666666,2295,1.630560695171843e-05,0.9938188690158221,0.7415185783521809
f419677537694f0462a91990df6ca44f,220.5,6,6,4,3.5,2017-12,2018-03,36.75,2296,1.62232033789997e-05,0.9938350922192011,0.7418416801292407
7e3dde9ffba72d5340f9aaf09b4424be,220.0,1,1,1,1.0,2017-08,2017-08,220.0,2297,1.6186416069750268e-05,0.9938512786352708,0.7421647819063005
bec568278124768c474ee90971ca94d1,219.9,2,2,2,4.5,2018-06,2018-07,109.95,2298,1.6179058607900385e-05,0.9938674576938786,0.7424878836833603
edf3fabebcc20f7463cc9c53da932ea8,219.9,1,1,1,4.0,2018-05,2018-05,219.9,2299,1.6179058607900385e-05,0.9938836367524865,0.74281098546042
20611af7866c6068fd5ae1f9dbe15c92,219.8,2,2,1,4.5,2018-07,2018-07,109.9,2300,1.61717011460505e-05,0.9938998084536326,0.7431340872374798
f8e2c1b59cd4225a3e4fd0d013a76b93,219.8,2,3,2,5.0,2017-09,2017-12,109.9,2302,1.61717011460505e-05,0.9939159801547787,0.7434571890145396
e0a3c37054ade6478d923a6efc10f308,219.8,2,2,1,5.0,2018-07,2018-07,109.9,2301,1.61717011460505e-05,0.9939321518559248,0.7437802907915994
a5dd1946fb63ada8bcaa0c9cd8f11e22,219.62,6,7,4,3.583333333333333,2017-09,2018-03,36.60333333333333,2303,1.6158457714720702e-05,0.9939483103136395,0.7441033925686591
6e2d3e2dc84fb30f6078f39dd3bddd6f,219.0,1,1,1,1.0,2017-10,2017-10,219.0,2304,1.6112841451251403e-05,0.9939644231550907,0.744426494345719
3442f8959a84dea7ee197c632cb2df15,218.7,3,3,2,2.5,2017-05,2017-08,72.89999999999999,2305,1.6090769065701744e-05,0.9939805139241564,0.7447495961227787
751e274377499a8503fd6243ad9c56f6,218.0,1,2,1,5.0,2018-08,2018-08,218.0,2306,1.603926683275254e-05,0.9939965531909892,0.7450726978998384
6548c2550b6e2d8f18053216e1c7b6f3,217.7,3,5,2,5.0,2018-06,2018-08,72.56666666666666,2307,1.601719444720288e-05,0.9940125703854364,0.7453957996768982
d594982fd877af63ace38ea1fca27c76,217.04,7,7,3,4.666666666666667,2018-06,2018-08,31.005714285714284,2308,1.596863519899363e-05,0.9940285390206355,0.745718901453958
3d49bfdd1b43a7fe169b3740067acc61,215.0,3,3,3,4.666666666666667,2018-06,2018-08,71.66666666666667,2309,1.5818542977255944e-05,0.9940443575636128,0.7460420032310178
a4b8d97cd5d3674eeff96abc99d8ed67,214.08,1,1,1,1.0,2018-06,2018-06,214.08,2310,1.575085432823699e-05,0.994060108417941,0.7463651050080775
33ab10be054370c254ddfcf0a6253422,213.20000000000002,4,4,2,5.0,2018-06,2018-08,53.300000000000004,2311,1.568610866395799e-05,0.994075794526605,0.7466882067851374
4ea2f12dbe91deeacd2c1e74f069a6e6,210.2,4,6,3,4.888888888888889,2017-09,2018-04,52.55,2312,1.5465384808461393e-05,0.9940912599114134,0.7470113085621971
d9d43faf741ceaa8da52fdbb81d9e0e3,210.0,6,8,3,3.222222222222222,2018-04,2018-08,35.0,2314,1.545066988476162e-05,0.9941067105812982,0.7473344103392568
fec6912baad85d41729669edd6b4d3b8,210.0,1,1,1,1.0,2018-04,2018-04,210.0,2315,1.545066988476162e-05,0.9941221612511829,0.7476575121163166
a9415cf907dfa12f9ed18693244f5329,210.0,1,2,1,5.0,2018-01,2018-01,210.0,2313,1.545066988476162e-05,0.9941376119210676,0.7479806138933764
661ad5fcc28cdfb8bcadb12bb2272475,209.92999999999998,4,7,3,5.0,2018-01,2018-07,52.482499999999995,2316,1.54455196614667e-05,0.9941530574407291,0.7483037156704362
269c5fc9fcadee614364c3620c30a1f9,209.6,3,6,2,5.0,2018-07,2018-08,69.86666666666666,2317,1.5421240037362075e-05,0.9941684786807665,0.7486268174474959
3fadb4cba4c35bce6a7eaf9872d5623a,209.5,3,5,2,3.5,2017-04,2017-05,69.83333333333333,2318,1.5413882575512188e-05,0.994183892563342,0.7489499192245558
929f342384a6607afe143d789ade1316,209.4,4,4,3,5.0,2018-06,2018-08,52.35,2319,1.54065251136623e-05,0.9941992990884557,0.7492730210016155
3fefda3299e6dfaea3466ef346a3571a,209.0,1,1,1,4.0,2017-08,2017-08,209.0,2320,1.5377095266262756e-05,0.994214676183722,0.7495961227786753
10cdd491d1dbea8fb4ead97b19c334ce,208.9,3,3,2,5.0,2018-06,2018-07,69.63333333333334,2321,1.536973780441287e-05,0.9942300459215263,0.749919224555735
1de62b6f2fd96227629786db492433db,208.8,2,2,2,5.0,2018-06,2018-08,104.4,2322,1.5362380342562983e-05,0.9942454083018689,0.7502423263327949
ad8b531ae67582f096925cff5630d0d1,208.35000000000002,3,3,3,3.0,2017-04,2017-11,69.45,2323,1.5329271764238495e-05,0.9942607375736332,0.7505654281098546
5a9c0859cb00fd8aa4db443837f0a700,208.0,2,2,1,4.5,2018-07,2018-07,104.0,2325,1.530352064776389e-05,0.9942760410942809,0.7508885298869143
353e21e8bf8de2722b4fae1636664b76,208.0,4,4,4,2.5,2018-02,2018-06,52.0,2324,1.530352064776389e-05,0.9942913446149286,0.7512116316639742
90b36c5aeb728d5504a39f435bef0c5f,207.85999999999999,5,7,2,3.5,2018-07,2018-08,41.571999999999996,2326,1.5293220201174048e-05,0.9943066378351298,0.7515347334410339
90b57083da5d803237da74daec6dcb2b,206.9,2,2,2,5.0,2018-01,2018-04,103.45,2327,1.522258856741514e-05,0.9943218604236973,0.7518578352180937
762fafdaa57a532ee0119731697579dd,206.70000000000002,5,5,3,5.0,2018-06,2018-08,41.34,2328,1.5207873643715368e-05,0.994337068297341,0.7521809369951534
3bfad056cf05c00dabe2f895925d83b1,206.64999999999998,1,5,1,1.0,2017-12,2017-12,206.64999999999998,2329,1.5204194912790422e-05,0.9943522724922538,0.7525040387722133
e5d4b2b0c3bca22085f7a19a28de0c42,205.8,4,4,3,4.5,2017-08,2017-11,51.45,2330,1.514165648706639e-05,0.9943674141487409,0.752827140549273
dd8a29ce82d5c705ba932d81494600a5,205.75,2,2,2,3.5,2017-05,2017-09,102.875,2331,1.5137977756141445e-05,0.994382552126497,0.7531502423263328
643c01d7c56a724bec0454f4780e8a3e,205.55,2,2,2,4.5,2018-04,2018-05,102.775,2332,1.5123262832441674e-05,0.9943976753893294,0.7534733441033926
37ceb404da208418c9032f0674e57804,204.93,1,3,1,1.0,2018-05,2018-05,204.93,2333,1.5077646568972377e-05,0.9944127530358984,0.7537964458804524
efb628aa07c8ca93d7db0d85b91a4f5a,204.0,1,1,1,4.0,2017-11,2017-11,204.0,2334,1.5009222173768432e-05,0.9944277622580722,0.7541195476575121
e819bcfade7b5d88a27325eb6cfd62c5,202.89999999999998,5,11,2,3.4,2018-07,2018-08,40.58,2335,1.4928290093419679e-05,0.9944426905481656,0.7544426494345718
f26d70155c2b6326fcfa1780c8c684e4,202.89,1,1,1,5.0,2017-06,2017-06,202.89,2336,1.492755434723469e-05,0.9944576181025129,0.7547657512116317
bcc9dd23e2a8bd8267cf92b19304a1b9,202.79000000000002,3,3,2,3.0,2018-01,2018-02,67.59666666666668,2337,1.4920196885384807e-05,0.9944725382993983,0.7550888529886914
19484c79cef6c062cb177aa4ef2fcc3c,201.9,1,1,1,1.0,2018-08,2018-08,201.9,2338,1.4854715474920816e-05,0.9944873930148732,0.7554119547657512
28c7d8743fbc8679f484868cc0fcaefb,201.5,3,3,3,5.0,2018-05,2018-08,67.16666666666667,2339,1.482528562752127e-05,0.9945022183005008,0.755735056542811
72146da5774cabf2632faedcae097a76,200.94,4,6,4,4.0,2018-02,2018-05,50.235,2340,1.4784083841161906e-05,0.9945170023843419,0.7560581583198708
c990d6cf976a5718aaedc539f383ab88,200.89999999999998,10,11,3,3.9285714285714284,2017-10,2018-01,20.089999999999996,2341,1.478114085642195e-05,0.9945317835251983,0.7563812600969305
3f84fefc07dc159b268d4a77d3e8c425,200.60000000000002,3,3,2,5.0,2018-05,2018-06,66.86666666666667,2342,1.4759068470872293e-05,0.9945465425936693,0.7567043618739903
5db42a6cd9bf1bf0d3aab9582767f168,200.0,1,1,1,5.0,2018-05,2018-05,200.0,2343,1.4714923699772973e-05,0.994561257517369,0.7570274636510501
dda37071807e404c5bb2a1590c66326f,199.99,1,1,1,5.0,2018-04,2018-04,199.99,2346,1.4714187953587984e-05,0.9945759717053226,0.7573505654281099
dbc51f5e45d654ecc16cb68e6817ecea,199.99,1,1,1,4.0,2017-02,2017-02,199.99,2345,1.4714187953587984e-05,0.9945906858932763,0.7576736672051696
3289d8c3eef4873f91ce0b1343c0dd58,199.99,1,1,1,5.0,2018-05,2018-05,199.99,2344,1.4714187953587984e-05,0.9946054000812299,0.7579967689822295
3fe7120d6257285ac6a3ce7cb071ccec,199.98,2,2,1,3.5,2018-01,2018-01,99.99,2347,1.4713452207402994e-05,0.9946201135334373,0.7583198707592892
651530bf5c607240ccdd89a30c9c9712,199.9,1,1,1,4.0,2018-08,2018-08,199.9,2348,1.4707566237923086e-05,0.9946348210996752,0.7586429725363489
e59e575a175fadcadf8479e191770425,199.9,1,1,1,5.0,2018-06,2018-06,199.9,2349,1.4707566237923086e-05,0.994649528665913,0.7589660743134087
2cb4700db635baa1c0d4f90ed27b6669,199.8,2,2,1,2.0,2017-03,2017-03,99.9,2351,1.47002087760732e-05,0.9946642288746891,0.7592891760904685
2a50b7ee5aebecc6fd0ff9784a4747d6,199.8,1,2,1,1.0,2017-11,2017-11,199.8,2350,1.47002087760732e-05,0.9946789290834651,0.7596122778675283
4f0d637c1197fd65405ebd755ac9f86b,199.8,2,2,2,5.0,2018-05,2018-06,99.9,2352,1.47002087760732e-05,0.9946936292922411,0.759935379644588
ec5c1d94df153d473b37f880977ae58e,199.67000000000002,2,3,2,2.0,2018-05,2018-06,99.83500000000001,2353,1.4690644075668348e-05,0.9947083199363168,0.7602584814216479
4e2627090e6e5b9fabba883a37897683,199.5,2,5,2,1.0,2018-01,2018-02,99.75,2354,1.467813639052354e-05,0.9947229980727074,0.7605815831987076
8060d731897e33b5c5ae575ce1e209e1,199.5,5,5,2,4.833333333333334,2018-05,2018-07,39.9,2355,1.467813639052354e-05,0.9947376762090979,0.7609046849757674
e1bed63d68ac36fe1f3061befe196af5,199.0,1,1,1,5.0,2017-01,2017-01,199.0,2359,1.4641349081274108e-05,0.9947523175581792,0.7612277867528271
4ce8b55b4bfa4659184e7becc1fba3f2,199.0,2,2,1,3.0,2018-04,2018-04,99.5,2357,1.4641349081274108e-05,0.9947669589072604,0.761550888529887
52f6f9f13ba19504c02781132a049e75,199.0,1,1,1,2.0,2017-03,2017-03,199.0,2358,1.4641349081274108e-05,0.9947816002563417,0.7618739903069467
e9874ae10b2d60d43917b6bbfa13a599,199.0,1,1,1,5.0,2018-04,2018-04,199.0,2360,1.4641349081274108e-05,0.9947962416054229,0.7621970920840064
4450bd8327d471c4a11a83d1445b1b62,199.0,1,1,1,5.0,2017-04,2017-04,199.0,2356,1.4641349081274108e-05,0.9948108829545041,0.7625201938610663
3d290fe363c60a77498c1126fd3fb8d3,198.98000000000002,3,3,3,4.333333333333333,2017-03,2017-06,66.32666666666667,2361,1.4639877588904131e-05,0.994825522832093,0.762843295638126
e503f22be6a4f456d9851920a5d9c670,198.9,2,2,2,4.0,2018-07,2018-08,99.45,2362,1.4633991619424221e-05,0.9948401568237124,0.7631663974151858
586a871d4f1221763fddb6ceefdeb95e,198.0,1,2,1,1.0,2017-01,2017-01,198.0,2363,1.4567774462775243e-05,0.9948547245981751,0.7634894991922455
b57e8460909fa137df7951b4a3b5ea84,198.0,1,2,1,2.0,2017-03,2017-03,198.0,2364,1.4567774462775243e-05,0.9948692923726379,0.7638126009693054
d8dd176509baa37f359644d082bf7f7b,198.0,2,2,1,1.5,2017-11,2017-11,99.0,2365,1.4567774462775243e-05,0.9948838601471006,0.7641357027463651
6f835fd4be26989b1b064399da346143,197.8,2,2,2,5.0,2018-05,2018-06,98.9,2366,1.455305953907547e-05,0.9948984132066397,0.7644588045234249
9da15f4a4ea758d9eeb49000dbe57e22,196.9,1,1,1,2.0,2018-07,2018-07,196.9,2367,1.4486842382426492e-05,0.9949129000490222,0.7647819063004847
fe8055980a4ff7f64ed889c2b5926929,196.70000000000002,3,3,2,4.75,2018-06,2018-07,65.56666666666668,2368,1.4472127458726719e-05,0.994927372176481,0.7651050080775444
809413606dbfe5deefd2db646693ef67,196.68,3,5,3,4.333333333333333,2017-11,2018-05,65.56,2369,1.4470655966356742e-05,0.9949418428324474,0.7654281098546042
8def3db7f272735afb2ecd03aeca09a7,196.0,2,2,2,5.0,2018-07,2018-08,98.0,2370,1.4420625225777514e-05,0.9949562634576732,0.7657512116316639
0f7eea709efdf942b5f95c7516dbacd7,195.74,3,3,2,4.0,2018-04,2018-05,65.24666666666667,2371,1.4401495824967809e-05,0.9949706649534982,0.7660743134087238
f356c348fbc8df6a882823e21f5ce8b7,195.18,2,2,1,2.5,2018-08,2018-08,97.59,2372,1.4360294038608443e-05,0.9949850252475367,0.7663974151857835
9c54608f0996c32ae4743089d915f845,194.8,3,3,2,4.0,2018-06,2018-07,64.93333333333334,2373,1.4332335683578876e-05,0.9949993575832203,0.7667205169628433
b5f49fe968dff6b112861e6cd8e192ef,194.70000000000002,1,2,1,5.0,2018-01,2018-01,194.70000000000002,2374,1.432497822172899e-05,0.9950136825614421,0.7670436187399031
7d948535954aaf8c5d39db007f74372e,194.0,4,4,4,3.75,2017-07,2018-04,48.5,2375,1.4273475988779784e-05,0.9950279560374309,0.7673667205169629
f626e15b7314c267e4429010866f70e9,193.54999999999998,5,7,4,3.75,2018-02,2018-07,38.709999999999994,2376,1.4240367410455293e-05,0.9950421964048414,0.7676898222940226
05e107217c7266362fd44b75b2cd4cc4,193.38,5,8,2,4.083333333333334,2018-06,2018-08,38.676,2377,1.4227859725310487e-05,0.9950564242645666,0.7680129240710823
747c1cdcd1737dcfbd1547f6eb6f2cf3,193.1,2,2,2,2.5,2017-09,2018-01,96.55,2378,1.4207258832130804e-05,0.9950706315233988,0.7683360258481422
4d9fea3499bdc22aa4da4e339365f215,192.54000000000002,2,2,2,5.0,2018-02,2018-07,96.27000000000001,2379,1.4166057045771442e-05,0.9950847975804445,0.7686591276252019
78ba5933c21686d1c2f64669c8c459e7,191.8,2,2,2,4.25,2017-03,2017-05,95.9,2380,1.4111611828082281e-05,0.9950989091922726,0.7689822294022617
f5403d3f50089112c4eed37928b7f622,190.8,2,2,1,1.0,2017-02,2017-02,95.4,2381,1.4038037209583417e-05,0.9951129472294822,0.7693053311793215
f307937c1bb287c3efc2a514b94b0d1d,189.99,1,1,1,5.0,2017-06,2017-06,189.99,2382,1.3978441768599337e-05,0.9951269256712508,0.7696284329563813
778323240ce2830d68aab11794e00bfb,189.98000000000002,3,3,2,4.25,2018-06,2018-07,63.326666666666675,2383,1.3977706022414348e-05,0.9951409033772732,0.769951534733441
43a1d4bab73b816e44ef4e4facd9f9b5,189.9,1,1,1,4.0,2017-02,2017-02,189.9,2384,1.3971820052934438e-05,0.9951548751973261,0.7702746365105008
7cf4ea70955b00d6b3c22542598e2715,189.9,1,1,1,5.0,2018-07,2018-07,189.9,2385,1.3971820052934438e-05,0.9951688470173791,0.7705977382875606
119c7f1a00ef43fad0e57604e76a747c,189.8,2,2,2,4.5,2017-10,2018-02,94.9,2386,1.3964462591084552e-05,0.9951828114799701,0.7709208400646204
213fafb0ca06fb3d5886579c2565791b,189.70000000000002,3,3,2,2.75,2018-06,2018-08,63.23333333333334,2387,1.3957105129234665e-05,0.9951967685850993,0.7712439418416801
e0482f2c769468c3bbcd8a01e09d98c5,189.0,1,1,1,4.0,2018-08,2018-08,189.0,2390,1.3905602896285458e-05,0.9952106741879956,0.77156704361874
686886775c8f6b1191c7b953fb52708c,189.0,1,1,1,5.0,2018-06,2018-06,189.0,2388,1.3905602896285458e-05,0.9952245797908919,0.7718901453957997
b00af24704019bd2e1b335e70ad11f7c,189.0,1,1,1,5.0,2018-06,2018-06,189.0,2389,1.3905602896285458e-05,0.9952384853937881,0.7722132471728594
c360e4787614ed31ac7a2f95d3b22dc6,188.9,1,1,1,2.0,2018-06,2018-06,188.9,2391,1.3898245434435574e-05,0.9952523836392225,0.7725363489499192
c0aff2da32c17759d30b22fb0af6649d,188.8,4,5,2,3.5,2018-06,2018-08,47.2,2392,1.3890887972585687e-05,0.9952662745271951,0.772859450726979
4c1c7281388a33dd06daac44f9fadbd1,188.32,5,5,2,4.75,2018-04,2018-06,37.664,2393,1.385557215570623e-05,0.9952801300993508,0.7731825525040388
74c7dec0a384d8a05950e629bd23bde9,187.68,5,5,3,3.8333333333333335,2017-07,2017-10,37.536,2394,1.3808484399866958e-05,0.9952939385837507,0.7735056542810985
a3b0df0065e264a91b7bbf5f844af5cd,186.69,2,2,1,5.0,2017-09,2017-09,93.345,2395,1.3735645527553081e-05,0.9953076742292782,0.7738287560581584
3a79f35a2344ede41af21267f61d5ec6,186.0,1,1,1,1.0,2017-11,2017-11,186.0,2396,1.3684879040788864e-05,0.995321359108319,0.7741518578352181
eec3469d83e142f9a104886655338c37,185.7,4,4,4,4.5,2017-02,2018-08,46.425,2398,1.3662806655239205e-05,0.9953350219149742,0.7744749596122779
c32fc744b9160ac853450488e3cfea93,185.7,3,3,3,2.3333333333333335,2018-03,2018-06,61.9,2397,1.3662806655239205e-05,0.9953486847216295,0.7747980613893376
f9eda05b67bef472deaddbba84aca289,185.0,1,1,1,1.0,2018-06,2018-06,185.0,2399,1.361130442229e-05,0.9953622960260519,0.7751211631663975
9e7c5f4d7770eab65738cca38f9efccf,184.8,2,2,2,3.5,2018-06,2018-08,92.4,2400,1.3596589498590228e-05,0.9953758926155505,0.7754442649434572
2075d8cd4dd63ff12df0749a5866bb06,184.70000000000002,3,3,1,5.0,2018-08,2018-08,61.56666666666667,2401,1.3589232036740342e-05,0.9953894818475872,0.7757673667205169
7d484ca289afaac6bf5fc6a1e96d2226,183.2,2,2,1,4.0,2018-08,2018-08,91.6,2402,1.3478870108992043e-05,0.9954029607176962,0.7760904684975768
1c56ffe0e9dea2657fc6e95b53f40b13,183.0,3,3,2,4.5,2018-07,2018-08,61.0,2403,1.346415518529227e-05,0.9954164248728815,0.7764135702746365
3dfd3dc96f7f8598eca74e9ac8a2fa31,183.0,6,6,4,3.833333333333333,2017-11,2018-06,30.5,2405,1.346415518529227e-05,0.9954298890280668,0.7767366720516963
23ca5f678e0b3ea6c630b30fa8bf51ea,183.0,6,7,3,5.0,2017-03,2017-05,30.5,2404,1.346415518529227e-05,0.9954433531832522,0.777059773828756
478bfe564db21eeb44386606aa30b650,182.70000000000002,3,3,2,4.75,2017-10,2017-12,60.900000000000006,2406,1.3442082799742612e-05,0.9954567952660519,0.7773828756058159
5659d77e8d90378e39b960ad5956f64e,182.48000000000002,2,2,2,2.5,2017-09,2018-03,91.24000000000001,2407,1.342589638367286e-05,0.9954702211624356,0.7777059773828756
31e60bf8d103ce47932a85f5562deb16,181.0,1,1,1,5.0,2018-07,2018-07,181.0,2408,1.331700594829454e-05,0.9954835381683839,0.7780290791599354
8ca5b19e0263150d2c57afdde2b3d011,180.60000000000002,3,4,2,4.833333333333334,2017-10,2017-11,60.20000000000001,2409,1.3287576100894996e-05,0.9954968257444847,0.7783521809369952
88cd3681e0a2ba85e190f7d817629c4c,180.0,1,1,1,4.0,2018-08,2018-08,180.0,2411,1.3243431329795675e-05,0.9955100691758145,0.778675282714055
9dd459b29a14bf89d47183cf2cd0e4c7,180.0,2,2,2,5.0,2018-01,2018-08,90.0,2415,1.3243431329795675e-05,0.9955233126071443,0.7789983844911147
94165aea8a35c3c21499cbcae239b16c,180.0,1,1,1,2.0,2018-06,2018-06,180.0,2412,1.3243431329795675e-05,0.9955365560384741,0.7793214862681744
964ff64dc05b13811c6d0f41e0aa5f6b,180.0,1,1,1,5.0,2018-07,2018-07,180.0,2413,1.3243431329795675e-05,0.9955497994698039,0.7796445880452343
7ad41305e96a6cab8294cd65891e9a86,180.0,2,2,1,5.0,2018-06,2018-06,90.0,2410,1.3243431329795675e-05,0.9955630429011337,0.779967689822294
9c57bc60cfad5ee62d35d3f1ce4593a1,180.0,1,1,1,1.0,2017-04,2017-04,180.0,2414,1.3243431329795675e-05,0.9955762863324635,0.7802907915993538
7f5e4d5efad7e44b91115dd1decb65f3,179.9,3,9,2,5.0,2018-05,2018-07,59.96666666666667,2418,1.3236073867945789e-05,0.9955895224063315,0.7806138933764136
05ca864204d09595ae591b93ea9cf93d,179.9,1,1,1,5.0,2018-08,2018-08,179.9,2416,1.3236073867945789e-05,0.9956027584801994,0.7809369951534734
50bf89f1349bc0409a268c3a49678009,179.9,1,1,1,5.0,2018-07,2018-07,179.9,2417,1.3236073867945789e-05,0.9956159945540674,0.7812600969305331
762ed976527cddf02787edba70fffa2a,179.8,3,4,2,1.8333333333333333,2017-11,2017-12,59.93333333333334,2419,1.3228716406095902e-05,0.9956292232704734,0.7815831987075929
2235cf78d3e2073a88146a9cb60f0dd0,178.99,1,1,1,5.0,2017-11,2017-11,178.99,2420,1.3169120965111822e-05,0.9956423923914386,0.7819063004846527
880ce4951cf857ab1d9e0b75c1d856f4,178.9,1,1,1,5.0,2018-02,2018-02,178.9,2421,1.3162499249446924e-05,0.995655554890688,0.7822294022617124
f3975e8a41157005d4bcbb358678cd9b,178.8,2,2,2,5.0,2018-04,2018-08,89.4,2422,1.3155141787597038e-05,0.9956687100324756,0.7825525040387722
57fe6232e67823593374a2281d7a8af8,178.68,8,8,5,4.733333333333333,2017-03,2017-12,22.335,2423,1.3146312833377175e-05,0.9956818563453089,0.7828756058158319
19e0f40a907ec568c34bfac15de4f4a1,178.0,4,4,4,5.0,2017-01,2017-10,44.5,2424,1.3096282092797946e-05,0.9956949526274017,0.7831987075928918
2d2322d842118867781fc737e96d59a1,176.4,8,10,3,4.833333333333333,2018-06,2018-08,22.05,2425,1.2978562703199762e-05,0.9957079311901049,0.7835218093699515
a0a14e50070f3225b3eabba5b85da517,176.2,4,4,2,4.5,2018-07,2018-08,44.05,2426,1.2963847779499988e-05,0.9957208950378844,0.7838449111470113
c353f8fc0ce8344999f17d578eb69a5e,175.98,2,2,2,5.0,2017-01,2017-02,87.99,2427,1.2947661363430238e-05,0.9957338426992478,0.7841680129240711
485452467ff670447e84a8370c3fc898,175.70000000000002,3,3,2,4.75,2018-02,2018-03,58.56666666666667,2428,1.2927060470250557e-05,0.9957467697597181,0.7844911147011309
b906dd0e57f282c7089171b6ed07982e,175.0,2,2,2,4.0,2018-04,2018-06,87.5,2430,1.2875558237301351e-05,0.9957596453179554,0.7848142164781906
4dc2e811a1760953cb7c6a590b498943,175.0,1,1,1,5.0,2018-08,2018-08,175.0,2429,1.2875558237301351e-05,0.9957725208761926,0.7851373182552503
f92d8c817434bd2d84d4e9c61322b7fa,174.84,5,5,5,4.6,2018-01,2018-07,34.968,2431,1.2863786298341533e-05,0.995785384662491,0.7854604200323102
23ff42c4bf1f8f16cddb19d8b972974a,174.70000000000002,2,3,2,4.0,2017-09,2017-11,87.35000000000001,2432,1.2853485851751692e-05,0.9957982381483428,0.78578352180937
dd9661d3cda1e6feb237f0c4d8b26f2e,174.0,1,1,1,5.0,2017-10,2017-10,174.0,2433,1.2801983618802487e-05,0.9958110401319615,0.7861066235864297
0692610d8abe24f287e9fae90ea0bbee,173.99,4,4,3,4.0,2018-06,2018-08,43.4975,2434,1.2801247872617498e-05,0.9958238413798342,0.7864297253634895
99a25c39b28a74d1151c35c18d178292,173.94,1,6,1,5.0,2018-06,2018-06,173.94,2435,1.2797569141692553e-05,0.9958366389489759,0.7867528271405493
aae5953b9edddf14749c0d65d60eb4b9,173.0,2,2,2,5.0,2017-09,2017-10,86.5,2436,1.272840900030362e-05,0.9958493673579762,0.787075928917609
ccada0ef508e698917a6eab263375905,172.8,3,3,3,3.6666666666666665,2017-07,2017-10,57.6,2437,1.2713694076603849e-05,0.9958620810520529,0.7873990306946688
1e483cc5c76fef08d3ca05f9a8af7d01,171.99,10,11,4,4.166666666666666,2017-02,2017-05,17.199,2438,1.2654098635619769e-05,0.9958747351506885,0.7877221324717286
50770d25768b0486d89be26afca3108f,171.77,6,6,4,3.625,2017-12,2018-07,28.628333333333334,2439,1.2637912219550018e-05,0.995887373062908,0.7880452342487884
cd52a8efd71af3336b14b5039b951cc1,170.8,3,3,2,2.0,2017-09,2017-11,56.93333333333334,2440,1.256654483960612e-05,0.9958999396077476,0.7883683360258481
e1643dff33666ca629e3644c02738179,170.0,3,3,1,4.333333333333333,2018-05,2018-05,56.666666666666664,2442,1.2507685144807026e-05,0.9959124472928924,0.788691437802908
3ea08c48e851106d2f584349daba335f,170.0,1,1,1,4.0,2018-06,2018-06,170.0,2441,1.2507685144807026e-05,0.9959249549780372,0.7890145395799677
5444b12c82f21c923f2639ebc722c1ea,169.9,1,1,1,4.0,2017-04,2017-04,169.9,2443,1.2500327682957141e-05,0.9959374553057202,0.7893376413570274
6e85dc5ecd97a61094b89b046a509d8e,169.9,1,1,1,1.0,2017-05,2017-05,169.9,2444,1.2500327682957141e-05,0.9959499556334032,0.7896607431340872
695051e2981c8b19e77cafe450d5bdf3,169.76,1,1,1,5.0,2017-12,2017-12,169.76,2445,1.2490027236367298e-05,0.9959624456606395,0.789983844911147
b01c2b7b8599b325103ebcddc67413e1,169.45,4,4,2,4.833333333333334,2018-07,2018-08,42.3625,2446,1.246721910463265e-05,0.9959749128797442,0.7903069466882068
4bc3d93e4a5f88a598d3d8ce4ae510b3,169.0,1,1,1,1.0,2018-07,2018-07,169.0,2447,1.2434110526308161e-05,0.9959873469902705,0.7906300484652665
d9c349beabc06aa6ff1c6d68b5e9e22e,168.1,1,1,1,5.0,2018-04,2018-04,168.1,2448,1.2367893369659183e-05,0.9959997148836401,0.7909531502423264
c7c7b2682c648339a0e9846bb1023a39,168.0,2,3,2,4.5,2017-10,2017-12,84.0,2449,1.2360535907809296e-05,0.996012075419548,0.7912762520193861
51a04a8a6bdcb23deccc82b0b80742cf,167.99,1,1,1,1.0,2017-11,2017-11,167.99,2450,1.2359800161624308e-05,0.9960244352197096,0.7915993537964459
7178e1eaa97257d8b6d4b80efd77a025,167.9,1,1,1,5.0,2017-09,2017-09,167.9,2451,1.235317844595941e-05,0.9960367883981556,0.7919224555735056
89d9a386b0b6e5fc8403071b03f7206a,167.0,2,5,1,3.4,2018-02,2018-02,83.5,2452,1.2286961289310432e-05,0.9960490753594449,0.7922455573505655
1d1bbb8ac1581824986f582583fff01d,166.88,4,4,2,3.666666666666667,2018-04,2018-08,41.72,2453,1.2278132335090568e-05,0.9960613534917799,0.7925686591276252
1cbdc7cf130a41fd13a3c2a7d2fcfda7,165.8,2,2,2,5.0,2018-05,2018-07,82.9,2454,1.2198671747111796e-05,0.996073552163527,0.7928917609046849
2ea0861cc19e94cad86438c984c52da4,165.60000000000002,6,6,3,2.888888888888889,2018-05,2018-07,27.600000000000005,2455,1.2183956823412023e-05,0.9960857361203505,0.7932148626817448
ace601496e211a664100321f038f50af,165.0,1,1,1,2.0,2017-02,2017-02,165.0,2457,1.2139812052312702e-05,0.9960978759324027,0.7935379644588045
33d677f27a69b84051204ee4ae76eaca,165.0,9,10,4,4.766666666666667,2018-03,2018-07,18.333333333333332,2456,1.2139812052312702e-05,0.996110015744455,0.7938610662358643
bd4ff04377f974574f7f0bf9d6ce7dde,164.96,4,4,2,2.6666666666666665,2016-10,2017-02,41.24,2458,1.2136869067572749e-05,0.9961221526135225,0.794184168012924
e45edf75f568ed2f93f78d060e246e25,164.3,6,7,2,4.1,2018-06,2018-07,27.383333333333336,2459,1.2088309819363498e-05,0.9961342409233419,0.7945072697899839
fc5a0d7a310a7a41abf86a458585ff2b,162.8,2,2,2,2.5,2017-06,2018-05,81.4,2460,1.19779478916152e-05,0.9961462188712336,0.7948303715670436
98e164d549402270247f3c96a1a158ef,162.7,2,2,2,2.5,2017-06,2017-08,81.35,2461,1.1970590429765311e-05,0.9961581894616633,0.7951534733441034
fa5fdc4e4bb6bd1009ad0e4ac4096562,161.99,1,1,1,5.0,2016-10,2016-10,161.99,2462,1.191835245063112e-05,0.996170107814114,0.7954765751211632
bff9deb0ec77d437f3305a79cf25529e,161.95,5,5,3,4.166666666666667,2018-06,2018-08,32.39,2463,1.1915409465891163e-05,0.9961820232235798,0.795799676898223
87f3e35268860433e13d577825aada95,161.70000000000002,3,3,3,1.0,2016-10,2017-06,53.900000000000006,2464,1.189701581126645e-05,0.9961939202393911,0.7961227786752827
3442033154be05bac582e173ef54fd12,161.0,1,1,1,5.0,2018-08,2018-08,161.0,2465,1.1845513578317243e-05,0.9962057657529695,0.7964458804523424
d3e7d37c0df9aef383f3f2a15b0dddfb,161.0,1,1,1,5.0,2018-07,2018-07,161.0,2466,1.1845513578317243e-05,0.9962176112665478,0.7967689822294023
fc6295add6f51a0936407ead70c1001d,160.0,1,4,1,1.0,2017-11,2017-11,160.0,2467,1.1771938959818378e-05,0.9962293832055077,0.797092084006462
533d46c1b06970e99f09523a61df4972,159.98,2,2,1,4.5,2018-02,2018-02,79.99,2468,1.17704674674484e-05,0.9962411536729752,0.7974151857835218
aa2640d851ec322526f1295bbeb20092,159.98,1,2,1,3.0,2018-05,2018-05,159.98,2469,1.17704674674484e-05,0.9962529241404426,0.7977382875605816
913fd0ebba70bb919f7254a02239173c,159.9,1,1,1,1.0,2018-07,2018-07,159.9,2471,1.1764581497968492e-05,0.9962646887219406,0.7980613893376414
fc0b214b59a83615fea981c6424a02ae,159.9,1,1,1,5.0,2018-08,2018-08,159.9,2472,1.1764581497968492e-05,0.9962764533034386,0.7983844911147011
2039c5e51785b5dde7cf93ccb3b7be2c,159.9,1,1,1,5.0,2018-07,2018-07,159.9,2470,1.1764581497968492e-05,0.9962882178849366,0.7987075928917609
6902157ee16728322d61a1321fa79e58,159.8,2,2,2,3.0,2017-09,2017-10,79.9,2475,1.1757224036118605e-05,0.9962999751089727,0.7990306946688207
99cd94252748d2bdde08e17858233602,159.8,2,2,1,4.5,2018-06,2018-06,79.9,2476,1.1757224036118605e-05,0.9963117323330088,0.7993537964458804
2ec6e37d992a95eaddb3369dcbcc76d9,159.8,2,2,2,1.5,2017-08,2017-10,79.9,2473,1.1757224036118605e-05,0.996323489557045,0.7996768982229402
4bde6149c15cf7e177b36fa060dd6de8,159.8,2,2,1,5.0,2016-10,2016-10,79.9,2474,1.1757224036118605e-05,0.9963352467810811,0.8
b7e1750c1157341d2abd0251e07c186b,159.6,3,4,3,4.333333333333333,2017-02,2017-04,53.199999999999996,2477,1.1742509112418832e-05,0.9963469892901935,0.8003231017770598
0ade5cc4a305ed7093a23f68ca47519c,158.88,2,2,2,5.0,2017-11,2018-01,79.44,2478,1.1689535387099649e-05,0.9963586788255806,0.8006462035541195
954e95f20808d7e5d11f0de292d078e0,158.78,3,4,2,4.5,2017-09,2017-11,52.92666666666667,2479,1.1682177925249762e-05,0.9963703610035058,0.8009693053311793
c04d70d515d15a7e3db3a73320598566,158.2,3,4,3,5.0,2017-05,2017-11,52.73333333333333,2480,1.163950464652042e-05,0.9963820005081524,0.8012924071082391
f1ce5fdecd64935c28b9ff932751d0dc,158.0,2,2,2,4.5,2017-03,2017-06,79.0,2483,1.1624789722820649e-05,0.9963936252978752,0.8016155088852989
98dddbc4601dd4443ca174359b237166,158.0,2,2,1,5.0,2018-07,2018-07,79.0,2481,1.1624789722820649e-05,0.9964052500875981,0.8019386106623586
ce3ad9de960102d0677a81f5d0bb7b2d,158.0,1,1,1,5.0,2018-07,2018-07,158.0,2482,1.1624789722820649e-05,0.9964168748773209,0.8022617124394185
902c99f1ac505c0d18778b61bcd636f7,157.96,4,4,2,4.333333333333333,2018-07,2018-08,39.49,2484,1.1621846738080694e-05,0.996428496724059,0.8025848142164782
dde698c6d0bd24834c586e5111c2bba7,155.9,1,1,1,5.0,2018-07,2018-07,155.9,2486,1.1470283023973033e-05,0.9964399670070829,0.802907915993538
d2df77822373f19934e87694d8640767,155.9,2,2,1,3.0,2018-04,2018-04,77.95,2485,1.1470283023973033e-05,0.9964514372901069,0.8032310177705977
a4e634166243bbb3a13fa584463fa468,155.55,2,2,2,2.0,2018-02,2018-04,77.775,2487,1.144453190749843e-05,0.9964628818220144,0.8035541195476575
b9de031b671cd48b28fae9d828cbf2b4,155.32,1,1,1,5.0,2018-07,2018-07,155.32,2488,1.142760974524369e-05,0.9964743094317596,0.8038772213247173
3c88ed2e76a2247933a15daa7161eb1c,155.0,1,1,1,5.0,2018-02,2018-02,155.0,2489,1.1404065867324054e-05,0.9964857134976269,0.804200323101777
61f159ef6da2d441951d2c0efa719362,154.97,3,3,2,1.0,2016-10,2017-01,51.656666666666666,2490,1.1401858628769088e-05,0.9964971153562557,0.8045234248788369
4dab98ca6cd6d3df586203cefd28a042,154.9,1,1,1,5.0,2018-03,2018-03,154.9,2491,1.1396708405474168e-05,0.9965085120646612,0.8048465266558966
f664f98bfda2eaf266a23ff144e7a872,153.99,2,2,2,3.0,2017-07,2017-11,76.995,2492,1.1329755502640201e-05,0.9965198418201638,0.8051696284329564
0b09101900100c0e9d312861fad5a1b9,153.75,1,1,1,4.0,2017-01,2017-01,153.75,2493,1.1312097594200473e-05,0.996531153917758,0.8054927302100161
6601ee6383e7f452be71929f8de48bbb,153.6,2,2,2,4.0,2017-10,2017-11,76.8,2494,1.1301061401425642e-05,0.9965424549791595,0.805815831987076
d26aa40b90272d4843d63be7c1462c8d,152.9,2,2,2,4.5,2018-07,2018-08,76.45,2495,1.1249559168476438e-05,0.9965537045383279,0.8061389337641357
78813699ffac347fe27dba345a5f1551,152.42,1,1,1,5.0,2018-06,2018-06,152.42,2496,1.121424335159698e-05,0.9965649187816795,0.8064620355411954
4ddeb3e828550cddc8d45c8bc36ab2d1,152.0,1,1,1,5.0,2017-03,2017-03,152.0,2497,1.1183342011827458e-05,0.9965761021236913,0.8067851373182553
56f413900b5166ab4d730e9ac0b12cb0,151.79,3,3,2,4.5,2017-06,2017-07,50.596666666666664,2498,1.1167891341942697e-05,0.9965872700150332,0.807108239095315
bd0a1b0aadca9a83d9304f7e8ff5fbd5,150.6,4,4,1,4.5,2018-07,2018-07,37.65,2499,1.1080337545929048e-05,0.9965983503525792,0.8074313408723748
4867209cb29b56b92893d7bde3ce8012,150.0,1,1,1,4.0,2018-06,2018-06,150.0,2501,1.1036192774829729e-05,0.996609386545354,0.8077544426494345
2d34636518ba88f5349b732fcf8ba2e4,150.0,1,1,1,5.0,2018-04,2018-04,150.0,2500,1.1036192774829729e-05,0.9966204227381289,0.8080775444264944
c398bc00a606d33758afd91f4e64fd15,150.0,2,2,2,4.5,2018-05,2018-06,75.0,2503,1.1036192774829729e-05,0.9966314589309038,0.8084006462035541
578fa3a9cb6b6dceab39231ad59cdaca,150.0,3,3,3,3.6666666666666665,2017-09,2018-04,50.0,2502,1.1036192774829729e-05,0.9966424951236786,0.8087237479806139
1e47d8b6546eb3a77b1acddcc9406242,149.9,1,1,1,1.0,2017-05,2017-05,149.9,2504,1.1028835312979844e-05,0.9966535239589916,0.8090468497576737
49f8d2ea7b718d0ce587d34207caf2b4,149.9,1,1,1,5.0,2018-08,2018-08,149.9,2505,1.1028835312979844e-05,0.9966645527943047,0.8093699515347335
f266295f49a28eee21f413e0cbb0521d,149.8,2,2,1,4.5,2017-11,2017-11,74.9,2506,1.1021477851129957e-05,0.9966755742721558,0.8096930533117932
6ba4733aa33f6386e9fb0c0fd3993b38,149.79,3,3,3,4.666666666666667,2018-04,2018-08,49.93,2507,1.1020742104944967e-05,0.9966865950142607,0.8100161550888529
63272377184e969942f7fff221be858d,149.7,2,2,1,5.0,2017-05,2017-05,74.85,2509,1.101412038928007e-05,0.99669760913465,0.8103392568659128
7a188843479798ca813108fa7b959286,149.7,1,3,1,1.0,2017-11,2017-11,149.7,2510,1.101412038928007e-05,0.9967086232550393,0.8106623586429725
3d700782d7818f2c1e0d7a9e9d75fc00,149.7,3,3,3,3.6666666666666665,2017-04,2017-07,49.9,2508,1.101412038928007e-05,0.9967196373754286,0.8109854604200323
e00d85ce20ea50c1224c66ca5050527d,149.0,1,1,1,4.0,2017-07,2017-07,149.0,2512,1.0962618156330864e-05,0.9967305999935849,0.8113085621970921
d8b8f2cf9ff6ba0389072541cb42498c,149.0,1,1,1,5.0,2018-05,2018-05,149.0,2511,1.0962618156330864e-05,0.9967415626117413,0.8116316639741519
37303482a42fb700d8d127e70a9cd6c8,148.89,2,2,1,3.0,2017-12,2017-12,74.445,2513,1.0954524948295989e-05,0.9967525171366896,0.8119547657512116
f35becee938e982bd615edf8ef12bcfb,148.58999999999997,6,6,4,3.666666666666667,2017-03,2017-08,24.764999999999997,2514,1.0932452562746328e-05,0.9967634495892523,0.8122778675282714
8fbe2ee446b97e128471be4ce983dc0d,148.5,3,3,3,3.0,2018-06,2018-08,49.5,2515,1.0925830847081431e-05,0.9967743754200994,0.8126009693053312
538caafddff204241cecbf3a02e6b3cf,148.3,9,9,6,3.0,2017-05,2018-07,16.477777777777778,2516,1.091111592338166e-05,0.9967852865360227,0.812924071082391
ca7c6bd577e559472af1c699de9e764e,148.0,6,8,2,3.666666666666667,2018-03,2018-04,24.666666666666668,2517,1.0889043537831999e-05,0.9967961755795606,0.8132471728594507
7d7866a99a8656a42c7ff6352a433410,147.89,5,5,2,4.333333333333334,2018-07,2018-08,29.577999999999996,2518,1.0880950329797123e-05,0.9968070565298903,0.8135702746365105
2a7c6c0b0d5efde2bf75ec1e1cec2d41,147.6,3,3,2,3.75,2017-11,2017-12,49.199999999999996,2519,1.0859613690432453e-05,0.9968179161435807,0.8138933764135703
9523fb39dd240aa958e040f8183d64f3,146.99,1,1,1,1.0,2018-08,2018-08,146.99,2520,1.0814733173148146e-05,0.9968287308767538,0.81421647819063
0b3f27369a4d8df98f7eb91077e438ac,146.51,2,2,1,4.0,2017-11,2017-11,73.255,2521,1.077941735626869e-05,0.9968395102941101,0.8145395799676898
782f78b632a43875dd5b53e3e49c9564,146.01,2,3,2,3.0,2017-06,2017-08,73.005,2522,1.0742630047019258e-05,0.9968502529241571,0.8148626817447496
4bcec44888b30ba9001234c534716d3f,146.0,5,5,5,4.6,2018-01,2018-07,29.2,2523,1.074189430083427e-05,0.9968609948184579,0.8151857835218094
398cb257329ef7af7f1943a8974a3cbc,145.9,1,1,1,5.0,2018-07,2018-07,145.9,2524,1.0734536838984383e-05,0.9968717293552969,0.8155088852988691
f3041c2e75ec683697a6a5ea82192210,145.0,1,1,1,5.0,2017-02,2017-02,145.0,2526,1.0668319682335405e-05,0.9968823976749792,0.815831987075929
8e34331b7eedd03be4e5d965c1956225,145.0,5,5,3,4.666666666666667,2018-01,2018-07,29.0,2525,1.0668319682335405e-05,0.9968930659946615,0.8161550888529887
553a440137d6e0cf776aee0bb83ac9f5,144.8,2,2,1,1.0,2018-05,2018-05,72.4,2528,1.0653604758635633e-05,0.9969037195994201,0.8164781906300485
0daf5180aa44356f60f8effa533b55a2,144.8,2,2,2,5.0,2018-07,2018-08,72.4,2527,1.0653604758635633e-05,0.9969143732041787,0.8168012924071082
15ac3c501e2599e4917316fde5c5669a,144.2,1,1,1,1.0,2017-02,2017-02,144.2,2529,1.0609459987536313e-05,0.9969249826641663,0.817124394184168
4a82c4af97ffc0fb2dc26bfdc03b1842,143.7,3,3,3,5.0,2017-05,2017-08,47.9,2530,1.057267267828688e-05,0.9969355553368445,0.8174474959612278
c8143b3069f6746a77421b5ce30a450c,142.47,1,1,1,5.0,2017-07,2017-07,142.47,2531,1.0482175897533276e-05,0.996946037512742,0.8177705977382875
2f9b7ce230a057a98a9f5df5893ee36c,141.82,2,2,2,4.5,2017-05,2017-06,70.91,2532,1.0434352395509014e-05,0.9969564718651376,0.8180936995153474
d3891911c2feae53c52fea2bd14054e5,141.0,2,2,1,5.0,2018-06,2018-06,70.5,2533,1.0374021208339946e-05,0.9969668458863459,0.8184168012924071
0e72c1a751b496722a6cb1f10653b62a,140.8,3,3,3,4.666666666666667,2018-05,2018-07,46.93333333333334,2534,1.0359306284640173e-05,0.9969772051926306,0.8187399030694669
a89e143d5211473ae18db9577ee34b64,140.0,2,2,2,3.0,2017-06,2017-10,70.0,2536,1.0300446589841081e-05,0.9969875056392205,0.8190630048465266
50a7e551a7b3f8d37cd6e32d8bfbe5ea,140.0,1,1,1,5.0,2018-07,2018-07,140.0,2535,1.0300446589841081e-05,0.9969978060858103,0.8193861066235865
52a50b42accf164f9f019941e5759d9b,139.96,4,4,1,4.75,2018-08,2018-08,34.99,2537,1.0297503605101126e-05,0.9970081035894155,0.8197092084006462
19d62d484cba71963c93f0f00ab42013,139.9,1,1,1,4.0,2018-04,2018-04,139.9,2538,1.0293089127991194e-05,0.9970183966785435,0.820032310177706
fa8d335d68129e464e60c1826a683e96,139.9,1,1,1,4.0,2017-10,2017-10,139.9,2541,1.0293089127991194e-05,0.9970286897676716,0.8203554119547658
d8bf0fc082fd4a77fc2e5679b6c00133,139.9,1,1,1,5.0,2018-07,2018-07,139.9,2540,1.0293089127991194e-05,0.9970389828567996,0.8206785137318255
3f8247d0f772ffa58560e5c682521ad5,139.9,1,1,1,3.0,2017-06,2017-06,139.9,2539,1.0293089127991194e-05,0.9970492759459276,0.8210016155088853
e8ff5a6ceb895583033fc2a0f314e3c2,139.89,1,1,1,5.0,2018-08,2018-08,139.89,2542,1.0292353381806204e-05,0.9970595682993094,0.821324717285945
a154d7316f158bb42e6fa18bbe3afd3a,139.8,2,2,1,3.0,2017-03,2017-03,69.9,2545,1.0285731666141308e-05,0.9970698540309756,0.8216478190630049
59bbc819b99a733f02f0d6b49d1c253d,139.8,2,2,2,5.0,2018-05,2018-06,69.9,2544,1.0285731666141308e-05,0.9970801397626418,0.8219709208400646
1b0b0f4f95e962d6f32fe90c759d0479,139.8,2,2,2,5.0,2017-12,2018-08,69.9,2543,1.0285731666141308e-05,0.9970904254943079,0.8222940226171244
6a53b90c3ad9e0b56d9fe5c69165fff5,139.78,2,4,2,3.5,2018-05,2018-08,69.89,2546,1.0284260173771331e-05,0.9971007097544817,0.8226171243941842
657969cca82e884d272385ec0ef06edd,139.7,3,3,3,4.666666666666667,2018-05,2018-07,46.56666666666666,2547,1.027837420429142e-05,0.997110988128686,0.822940226171244
63b9ae557efed31d1f7687917d248a8d,139.5,5,7,3,3.6666666666666665,2016-10,2017-02,27.9,2548,1.0263659280591648e-05,0.9971212517879666,0.8232633279483037
818d28f936e791926d33bcb6ee94ef79,139.5,5,5,3,4.0,2017-02,2017-05,27.9,2549,1.0263659280591648e-05,0.9971315154472472,0.8235864297253634
26e2e5033827d2ba53929f43e03d8ffe,139.49,1,1,1,5.0,2018-08,2018-08,139.49,2550,1.026292353440666e-05,0.9971417783707817,0.8239095315024233
4a5b36211b1f51bf7eaa5c10a57fa483,139.19,1,1,1,5.0,2018-08,2018-08,139.19,2551,1.0240851148857e-05,0.9971520192219305,0.824232633279483
5a9b3bcab695173c820e53934574ae80,139.0,1,1,1,5.0,2018-07,2018-07,139.0,2553,1.0226871971342216e-05,0.9971622460939019,0.8245557350565428
712efd3b68f9686dc856b84abd0f21ae,139.0,1,1,1,4.0,2018-07,2018-07,139.0,2554,1.0226871971342216e-05,0.9971724729658733,0.8248788368336026
c747d5b92c7648417faea95d36d763e8,139.0,1,1,1,5.0,2017-11,2017-11,139.0,2555,1.0226871971342216e-05,0.9971826998378447,0.8252019386106624
f114dca2828bf718548db175ebe2cfcd,139.0,1,1,1,1.0,2018-01,2018-01,139.0,2556,1.0226871971342216e-05,0.9971929267098161,0.8255250403877221
57a834594e1e9e9219603bfec184eadc,139.0,1,1,1,5.0,2018-06,2018-06,139.0,2552,1.0226871971342216e-05,0.9972031535817875,0.8258481421647819
f049a72cf58fd31b11f8919cade515e7,138.75,3,4,2,3.5,2018-07,2018-08,46.25,2557,1.02084783167175e-05,0.9972133620601041,0.8261712439418417
96f7c797de9ca20efbe14545bed63eec,138.60000000000002,1,3,1,1.0,2018-04,2018-04,138.60000000000002,2558,1.0197442123942672e-05,0.9972235595022281,0.8264943457189015
717b78b0950b51ed00b1471d858b0edc,138.6,5,5,4,4.375,2018-01,2018-07,27.72,2559,1.019744212394267e-05,0.997233756944352,0.8268174474959612
8cb7c5ddf41f4d506eba76e9a4702a25,138.0,2,2,2,3.0,2018-02,2018-04,69.0,2560,1.0153297352843351e-05,0.9972439102417049,0.827140549273021
044668ccd5316b12a7cf0d54a156e3e9,137.8,3,4,1,5.0,2018-08,2018-08,45.93333333333334,2561,1.0138582429143578e-05,0.997254048824134,0.8274636510500808
0b64bcdb0784abc139af04077d49a20e,137.6,4,4,4,4.75,2018-04,2018-07,34.4,2562,1.0123867505443805e-05,0.9972641726916395,0.8277867528271405
ea846a0e7ad98a741783e886d89dfa44,137.0,2,3,1,5.0,2018-08,2018-08,68.5,2563,1.0079722734344487e-05,0.9972742524143738,0.8281098546042003
db6a4d4b5f1f5f98820ce6ce2619e2de,135.99,1,1,1,5.0,2018-01,2018-01,135.99,2564,1.0005412369660633e-05,0.9972842578267435,0.8284329563812601
377bc18334c78dd2f1535ef22a3ad225,135.98,1,1,1,5.0,2018-08,2018-08,135.98,2565,1.0004676623475643e-05,0.997294262503367,0.8287560581583199
dd39ad39b5d3df33037e141c72497ba6,135.8,2,2,2,5.0,2017-05,2017-06,67.9,2566,9.991433192145849e-06,0.9973042539365591,0.8290791599353796
e3e290b38963293022cdcd6db8328103,135.7,3,3,2,3.75,2017-11,2017-12,45.23333333333333,2567,9.98407573029596e-06,0.9973142380122894,0.8294022617124395
59de1d4c8c057c2a53acd4ca66531af2,135.0,1,1,1,5.0,2017-11,2017-11,135.0,2568,9.932573497346757e-06,0.9973241705857867,0.8297253634894992
7c4adcc13272c0e26fa23aac642adb7b,135.0,2,2,2,3.0,2018-01,2018-02,67.5,2569,9.932573497346757e-06,0.9973341031592841,0.830048465266559
83c8aafbefb034674a70de0eac5b8954,134.9,2,2,2,5.0,2018-03,2018-07,67.45,2570,9.92521603549687e-06,0.9973440283753195,0.8303715670436187
5def4c3732941a971cba8fdee992ede1,134.8,5,6,1,4.5,2018-08,2018-08,26.96,2571,9.917858573646984e-06,0.9973539462338932,0.8306946688206786
c5e60e39c0f42b8e827daa13cff74afa,134.0,6,8,1,4.125,2018-08,2018-08,22.333333333333332,2572,9.858998878847892e-06,0.997363805232772,0.8310177705977383
8e4f041ff58e7845456d3482524014b3,133.8,2,2,2,3.0,2018-02,2018-03,66.9,2573,9.84428395514812e-06,0.9973736495167271,0.831340872374798
062c325cd6a2b87845fab56b4ec2eeae,133.22,2,2,2,5.0,2018-05,2018-08,66.61,2574,9.801610676418777e-06,0.9973834511274036,0.8316639741518579
c87abc38c8ed3240861729e1aeadf221,133.0,1,1,1,1.0,2017-12,2017-12,133.0,2575,9.785424260349027e-06,0.9973932365516639,0.8319870759289176
7adbd3210a7b3cc2235e225eef33574d,131.9,3,3,2,4.5,2018-06,2018-08,43.96666666666667,2576,9.704492180000276e-06,0.9974029410438439,0.8323101777059774
fedf2c1386e137f296b3bbf3b635e69d,131.74,2,5,2,3.5,2018-02,2018-05,65.87,2577,9.692720241040458e-06,0.997412633764085,0.8326332794830371
a218df5c097b0ca409cfaac1488cc7f6,130.69,4,4,2,2.75,2018-05,2018-06,32.6725,2578,9.615466891616648e-06,0.9974222492309766,0.832956381260097
939f6e231201f26803cb5c3a3d2940b3,130.6,3,4,1,4.75,2016-10,2016-10,43.53333333333333,2579,9.60884517595175e-06,0.9974318580761525,0.8332794830371567
2f3d8b4c9e2ee165075331fea3f3095a,130.0,1,1,1,5.0,2017-10,2017-10,130.0,2580,9.564700404852431e-06,0.9974414227765573,0.8336025848142165
dc120d932ddf9d4dfb6fd68beefda622,130.0,1,1,1,1.0,2018-04,2018-04,130.0,2584,9.564700404852431e-06,0.9974509874769621,0.8339256865912763
60ad151920c4f6f3ebbe8cfdf6166779,130.0,2,2,1,1.0,2017-05,2017-05,65.0,2581,9.564700404852431e-06,0.997460552177367,0.834248788368336
88af55b4a7ca402b27df16f7c7c9b5d2,130.0,1,1,1,1.0,2017-03,2017-03,130.0,2582,9.564700404852431e-06,0.9974701168777718,0.8345718901453958
9fe7c6641c79970ab48185498f547c09,130.0,1,1,1,5.0,2017-07,2017-07,130.0,2583,9.564700404852431e-06,0.9974796815781766,0.8348949919224555
0f80a40c312b2472dca482cf50f5186f,129.9,1,1,1,3.0,2018-08,2018-08,129.9,2585,9.557342943002547e-06,0.9974892389211196,0.8352180936995154
b6f52e346160519c24a23af05410ad32,129.9,1,1,1,4.0,2018-04,2018-04,129.9,2586,9.557342943002547e-06,0.9974987962640627,0.8355411954765751
e5def42655b7490edac5a56fe8e9e603,129.9,1,1,1,5.0,2017-03,2017-03,129.9,2587,9.557342943002547e-06,0.9975083536070057,0.8358642972536349
44ed138eca6214d572ce1d813fb0049b,129.79,2,3,1,4.666666666666667,2018-08,2018-08,64.895,2588,9.54924973496767e-06,0.9975179028567407,0.8361873990306947
45c20d94d9171b0bcfab3c955e47d67b,129.45999999999998,4,4,3,4.666666666666667,2017-05,2017-08,32.364999999999995,2589,9.524970110863044e-06,0.9975274278268516,0.8365105008077545
ef728fa1f17436c91ed1ccd03dcf9631,128.7,3,4,2,4.333333333333333,2018-07,2018-08,42.9,2590,9.469053400803907e-06,0.9975368968802524,0.8368336025848142
391bbd13b6452244774beff1824006ed,127.8,2,2,2,1.0,2018-02,2018-03,63.9,2591,9.402836244154929e-06,0.9975462997164966,0.837156704361874
47f55702f598c7c6cc8458b0fbc1c49a,127.5,2,2,2,5.0,2017-09,2017-10,63.75,2592,9.38076385860527e-06,0.9975556804803551,0.8374798061389338
5bc237df65098fe211bb4818f4d26d78,126.80000000000001,2,2,2,4.5,2017-02,2017-09,63.400000000000006,2593,9.329261625656066e-06,0.9975650097419808,0.8378029079159935
7c9130f5f3729edd32aa059141d92484,126.0,3,4,2,3.1666666666666665,2018-06,2018-08,42.0,2594,9.270401930856972e-06,0.9975742801439117,0.8381260096930533
c26ba52cf8d2f34915f2f6b7ffa0a3f3,125.96000000000001,4,4,3,3.6666666666666665,2017-12,2018-02,31.490000000000002,2595,9.267458946117019e-06,0.9975835476028578,0.8384491114701131
f9a02f1922d1de564392e656d82b3fda,125.9,1,1,1,4.0,2017-04,2017-04,125.9,2596,9.263044469007086e-06,0.9975928106473269,0.8387722132471729
934ed5cd1b9c1c7382d0a94a94b9e639,125.85,1,1,1,5.0,2017-02,2017-02,125.85,2597,9.259365738082143e-06,0.9976020700130649,0.8390953150242326
788f22bafdd7ab0e1e79f19db72f16a4,125.80000000000001,2,2,1,4.5,2018-08,2018-08,62.900000000000006,2598,9.255687007157201e-06,0.997611325700072,0.8394184168012924
9558aa23f77a9e0a0eca83540999f43b,125.7,2,2,1,3.0,2017-05,2017-05,62.85,2599,9.248329545307313e-06,0.9976205740296173,0.8397415185783522
570d4583587a5fe2d47c7be89b91ad27,125.25,2,2,2,5.0,2017-06,2017-07,62.625,2600,9.215220966982824e-06,0.9976297892505843,0.840064620355412
ec2e006556300a79a5a91e4876ab3a56,125.2,4,8,3,1.3333333333333333,2018-02,2018-08,31.3,2601,9.21154223605788e-06,0.9976390007928204,0.8403877221324717
57df9869a600bd6b7c405f2a862eccfb,125.0,5,5,4,4.375,2018-04,2018-08,25.0,2602,9.196827312358107e-06,0.9976481976201328,0.8407108239095316
c092292535a57dacd95a8765f5518f87,125.0,1,1,1,5.0,2018-07,2018-07,125.0,2603,9.196827312358107e-06,0.9976573944474452,0.8410339256865913
ff82e8873fba613f2261a9acc896fd84,124.60000000000001,4,4,3,3.6666666666666665,2017-12,2018-02,31.150000000000002,2604,9.167397464958562e-06,0.9976665618449101,0.841357027463651
693660429f9dc4ff704eb3d88dad54d7,124.0,2,2,1,4.0,2018-07,2018-07,62.0,2605,9.123252693859243e-06,0.997675685097604,0.8416801292407108
08061dc0fc165ed41288cc7acde738ee,123.80000000000001,4,4,4,4.5,2017-03,2017-11,30.950000000000003,2606,9.108537770159471e-06,0.9976847936353741,0.8420032310177706
8d92f3ea807b89465643c219455e7369,121.2,3,8,2,1.0,2017-01,2017-02,40.4,2607,8.917243762062421e-06,0.9976937108791362,0.8423263327948304
89757206b887aed36f3e18d858460fea,120.5,2,2,2,5.0,2018-05,2018-07,60.25,2608,8.865741529113216e-06,0.9977025766206653,0.8426494345718901
876182d1918783bbe15233febfbd4926,120.27000000000001,3,3,2,3.75,2017-05,2018-02,40.09,2609,8.848819366858478e-06,0.9977114254400322,0.84297253634895
003554e2dce176b5555353e4f3555ac8,120.0,1,1,1,5.0,2017-12,2017-12,120.0,2610,8.828954219863784e-06,0.997720254394252,0.8432956381260097
1927cdb9fa74f5270097f6250e8e8f34,120.0,1,1,1,5.0,2018-08,2018-08,120.0,2611,8.828954219863784e-06,0.9977290833484719,0.8436187399030695
bdf0d02d36a1d839d0c39c4a887cdd49,120.0,5,7,2,5.0,2018-01,2018-02,24.0,2615,8.828954219863784e-06,0.9977379123026917,0.8439418416801292
bba8d0c234a52b87b3957037a215d1a4,120.0,1,1,1,5.0,2018-05,2018-05,120.0,2614,8.828954219863784e-06,0.9977467412569115,0.844264943457189
a353b1083c9863d756d9404695016d64,120.0,1,1,1,5.0,2017-12,2017-12,120.0,2613,8.828954219863784e-06,0.9977555702111314,0.8445880452342488
698f5fa55a5f73d0740e9d9a773e8093,120.0,4,6,1,4.833333333333333,2018-06,2018-06,30.0,2612,8.828954219863784e-06,0.9977643991653512,0.8449111470113085
35281d148dcf7134bae913c57db4e6da,119.99,1,1,1,5.0,2018-07,2018-07,119.99,2616,8.828218473678794e-06,0.9977732273838249,0.8452342487883683
3903c788ded8dc03b5ebab37a2f3e9a1,119.97999999999999,5,5,4,3.875,2018-05,2018-08,23.996,2617,8.827482727493805e-06,0.9977820548665524,0.8455573505654281
e09887ca8c7bf8a4621ce481820414ef,119.96000000000001,3,4,2,3.0,2017-09,2017-11,39.98666666666667,2618,8.826011235123829e-06,0.9977908808777874,0.8458804523424879
07a9bc7f61396b658ddf3ac534efe44c,119.9,1,1,1,3.5,2017-06,2017-06,119.9,2619,8.821596758013897e-06,0.9977997024745454,0.8462035541195476
e9b6c33b71b67737693b4cfa68341c8d,119.9,1,1,1,4.0,2017-08,2017-08,119.9,2624,8.821596758013897e-06,0.9978085240713034,0.8465266558966075
a150c540f572d0fb53992264bc5c10b5,119.9,1,1,1,4.0,2018-02,2018-02,119.9,2622,8.821596758013897e-06,0.9978173456680614,0.8468497576736672
674207551483fec113276b67b0d871ff,119.9,1,1,1,5.0,2018-07,2018-07,119.9,2620,8.821596758013897e-06,0.9978261672648193,0.847172859450727
7c4402417d51474d4d0cda9557340e40,119.9,1,1,1,5.0,2017-05,2017-05,119.9,2621,8.821596758013897e-06,0.9978349888615773,0.8474959612277867
d1aa1ec0839dcab73a6161130eb1f94a,119.9,1,1,1,4.0,2017-04,2017-04,119.9,2623,8.821596758013897e-06,0.9978438104583353,0.8478190630048466
be1e9e378700cecaa4ebf71433d7915c,119.89000000000001,2,2,2,3.0,2017-11,2018-01,59.94500000000001,2625,8.820861011828909e-06,0.9978526313193471,0.8481421647819063
910a922b426b7ff95eaee129ad6c0e1f,119.8,2,2,1,5.0,2018-04,2018-04,59.9,2627,8.81423929616401e-06,0.9978614455586433,0.848465266558966
bf0045791395e66460eb04749c68672a,119.8,2,2,2,4.0,2017-02,2017-03,59.9,2628,8.81423929616401e-06,0.9978702597979395,0.8487883683360259
8eb88b0acb3f90a717ad659221471fa7,119.8,2,2,2,4.5,2017-09,2018-02,59.9,2626,8.81423929616401e-06,0.9978790740372357,0.8491114701130856
26e13b6ff5b641b329e5524241ee2c93,119.69999999999999,4,4,1,4.0,2018-08,2018-08,29.924999999999997,2629,8.806881834314122e-06,0.9978878809190701,0.8494345718901454
e5bd51692380fd8cabb19b756b95e714,119.69999999999999,3,3,2,2.0,2017-12,2018-05,39.9,2630,8.806881834314122e-06,0.9978966878009045,0.8497576736672051
a9b533a26e898b12e8b8d4c07279bf4d,119.6,4,4,3,5.0,2017-07,2017-12,29.9,2631,8.799524372464238e-06,0.997905487325277,0.850080775444265
22c32ec35d0116ef02c281798a25bf8b,119.58,4,6,2,4.1,2018-01,2018-02,29.895,2632,8.79805288009426e-06,0.9979142853781571,0.8504038772213247
36f98ad67cc981f50ce8aed093d5783c,119.4,2,2,2,4.0,2018-07,2018-08,59.7,2633,8.784809448764465e-06,0.9979230701876058,0.8507269789983845
fc38b5dceee1a730fad8853453437fbd,119.2,5,5,5,4.6,2017-04,2017-12,23.84,2634,8.770094525064692e-06,0.9979318402821309,0.8510500807754443
fc908879b9ca1bd65419e54e50432d38,119.19999999999999,4,4,3,5.0,2017-12,2018-07,29.799999999999997,2635,8.77009452506469e-06,0.9979406103766559,0.851373182552504
e82de6494d91d3c4c54450f59b227a94,118.9,3,3,2,5.0,2017-10,2018-03,39.63333333333333,2636,8.748022139515032e-06,0.9979493583987954,0.8516962843295638
fd312b6bf05efac6c3772d5b52205d8a,118.69999999999999,2,4,2,5.0,2017-03,2017-06,59.349999999999994,2637,8.733307215815258e-06,0.9979580917060112,0.8520193861066235
e9c2dc0dd4ac38448289be644ac94f42,118.39,3,3,2,5.0,2018-07,2018-08,39.46333333333333,2638,8.710499084080612e-06,0.9979668022050954,0.8523424878836834
4c60877808f4318ef1107fbeb8f89afa,118.0,2,2,2,4.0,2017-12,2018-01,59.0,2639,8.681804982866054e-06,0.9979754840100782,0.8526655896607431
aa1eb17b9fdf6dfd546e25c45c7b9235,117.99,3,4,3,4.666666666666667,2017-12,2018-04,39.33,2640,8.681069236681064e-06,0.9979841650793149,0.8529886914378029
b416191c9813d821a295cfabafff4161,117.8,2,2,2,2.5,2017-07,2017-08,58.9,2642,8.667090059166281e-06,0.9979928321693741,0.8533117932148627
40ec8ab6cdafbcc4f544da38c67da39a,117.8,2,2,1,5.0,2018-08,2018-08,58.9,2641,8.667090059166281e-06,0.9980014992594333,0.8536348949919225
13dd308f81fea30cc670c656b2b46cc3,117.69999999999999,3,3,2,5.0,2018-07,2018-08,39.23333333333333,2643,8.659732597316393e-06,0.9980101589920306,0.8539579967689822
9bade61a92bed55a25d2b67b9f4ed739,117.68,2,3,1,2.3333333333333335,2018-03,2018-03,58.84,2644,8.658261104946418e-06,0.9980188172531356,0.854281098546042
bca9230d3bbb4efa51872bf605a2f1ad,117.57,5,5,2,4.375,2018-06,2018-08,23.514,2645,8.650167896911541e-06,0.9980274674210324,0.8546042003231018
9bf11dfc0bec77e5a23028043c3c5a8f,115.0,1,1,1,1.0,2017-11,2017-11,115.0,2648,8.46108112736946e-06,0.9980359285021598,0.8549273021001615
781a66c0d89e30814d49fe8b5e14cd07,115.0,1,1,1,1.0,2017-11,2017-11,115.0,2646,8.46108112736946e-06,0.9980443895832872,0.8552504038772213
93bef6edaa84956e8e575016449b6351,115.0,1,1,1,5.0,2017-07,2017-07,115.0,2647,8.46108112736946e-06,0.9980528506644146,0.8555735056542811
039b29ff3b3473435d0cd59040575de9,114.9,9,9,5,4.5,2018-04,2018-08,12.766666666666667,2649,8.453723665519573e-06,0.9980613043880802,0.8558966074313409
8c351ed7c326c62123318f4f3246e906,114.9,2,2,2,5.0,2017-12,2018-08,57.45,2650,8.453723665519573e-06,0.9980697581117457,0.8562197092084006
296729ffb9b684050dd24836dac4494a,114.0,2,2,2,5.0,2018-05,2018-08,57.0,2651,8.387506508870595e-06,0.9980781456182546,0.8565428109854604
4c4d546adf3c3868fe19c9ec6e9ffda9,111.69999999999999,2,3,2,4.0,2018-06,2018-08,55.849999999999994,2652,8.218284886323204e-06,0.9980863639031409,0.8568659127625202
ac1ed5fc15901fbc92920361eb4ab350,110.25,1,1,1,1.0,2017-06,2017-06,110.25,2653,8.11160168949985e-06,0.9980944755048303,0.85718901453958
28d162ab86bb49d719c32f0ee6186eaa,109.99,1,1,1,4.0,2017-09,2017-09,109.99,2654,8.092472288690146e-06,0.998102567977119,0.8575121163166397
4be9ae93c4fc0f41713d71a4194ee1b3,109.9,1,1,1,5.0,2018-08,2018-08,109.9,2656,8.08585057302525e-06,0.998110653827692,0.8578352180936996
2c9005d8043aff18b8557ffb7b13cda4,109.9,1,1,1,5.0,2018-05,2018-05,109.9,2655,8.08585057302525e-06,0.998118739678265,0.8581583198707593
e732329483fd5f27367dd997b47f598a,109.9,1,1,1,5.0,2017-08,2017-08,109.9,2657,8.08585057302525e-06,0.998126825528838,0.858481421647819
db7ed69a53aa9fb1c01930ba54a88bbe,109.0,1,1,1,5.0,2018-06,2018-06,109.0,2660,8.01963341637627e-06,0.9981348451622544,0.8588045234248788
7bb8fac2913a6064ec412e583c6d8b4d,109.0,1,1,1,5.0,2018-02,2018-02,109.0,2658,8.01963341637627e-06,0.9981428647956707,0.8591276252019386
92992bec39dde5766f590d3b1f46d465,109.0,1,1,1,1.0,2018-04,2018-04,109.0,2659,8.01963341637627e-06,0.9981508844290871,0.8594507269789984
4cc43a222a0f94910728b62b97a8c5f8,108.5,1,1,1,3.0,2018-01,2018-01,108.5,2661,7.982846107126837e-06,0.9981588672751942,0.8597738287560581
bb3dca718920a4d7ec3cc9ffb025108b,108.0,2,3,1,2.3333333333333335,2017-02,2017-02,54.0,2662,7.946058797877405e-06,0.998166813333992,0.860096930533118
e88165a185134e13fdfc85d4fa654db8,108.0,2,2,2,3.0,2018-05,2018-06,54.0,2663,7.946058797877405e-06,0.9981747593927899,0.8604200323101777
941554c5757b73ba0e50aa7732310afc,107.69,3,4,3,4.666666666666667,2017-03,2017-05,35.89666666666667,2664,7.923250666142757e-06,0.998182682643456,0.8607431340872375
44717f64ec2a457979cf83c429077666,107.0,2,3,1,5.0,2018-08,2018-08,53.5,2665,7.87248417937854e-06,0.9981905551276353,0.8610662358642972
077c5fae4bea9500e3737b16f71b9d3a,106.80000000000001,4,6,4,4.5,2017-09,2018-06,26.700000000000003,2666,7.857769255678769e-06,0.998198412896891,0.8613893376413571
a69aa24cec11168e7e39a3fbc727e925,105.97,3,3,2,5.0,2018-06,2018-07,35.32333333333333,2667,7.79670232232471e-06,0.9982062095992134,0.8617124394184168
271b8923c6a549e02d3c9fd1f8c0422b,105.19,1,1,1,4.0,2018-07,2018-07,105.19,2668,7.739314119895595e-06,0.9982139489133333,0.8620355411954765
630008e0f062605a415d694489f6f82e,105.15,2,3,1,3.0,2018-07,2018-07,52.575,2669,7.73637113515564e-06,0.9982216852844684,0.8623586429725364
3d2400ac620cffa23ac81bd192f7f555,105.0,1,1,1,5.0,2018-08,2018-08,105.0,2670,7.72533494238081e-06,0.9982294106194108,0.8626817447495961
3bb32fedaa74e4ad20f4ce067733bd31,103.69999999999999,2,3,1,4.666666666666667,2018-08,2018-08,51.849999999999994,2671,7.629687938332286e-06,0.9982370403073492,0.8630048465266559
62de60d81c55c29d76a6bce418b31cef,103.0,1,1,1,4.0,2018-08,2018-08,103.0,2672,7.578185705383081e-06,0.9982446184930546,0.8633279483037156
461ff5303b6c9c1a4a07f40c5aece516,102.69999999999999,3,3,3,3.6666666666666665,2018-02,2018-07,34.23333333333333,2673,7.55611331983342e-06,0.9982521746063744,0.8636510500807755
ab91571efab27993ff2f6b36e38055c3,102.24,3,4,3,4.666666666666667,2018-03,2018-07,34.08,2674,7.522268995323943e-06,0.9982596968753698,0.8639741518578352
160851d3ece7aa1a510f8d1a4bb8a8af,102.05,2,2,2,5.0,2018-07,2018-08,51.025,2675,7.508289817809159e-06,0.9982672051651875,0.864297253634895
be67f78487e2cecb0d55bc769709e4f5,102.0,1,1,1,5.0,2018-03,2018-03,102.0,2676,7.504611086884216e-06,0.9982747097762744,0.8646203554119548
96e5dc09087bad639b4ee193104ec2e5,101.9,2,2,1,4.5,2018-08,2018-08,50.95,2677,7.49725362503433e-06,0.9982822070298994,0.8649434571890146
4fae87d32467e18eb46e4a76a0a0b9ce,100.9,1,1,1,5.0,2018-08,2018-08,100.9,2678,7.423679006535465e-06,0.998289630708906,0.8652665589660743
a4fc6eadaff1576af888509a53420f6a,100.86,1,1,1,3.0,2018-05,2018-05,100.86,2679,7.42073602179551e-06,0.9982970514449278,0.865589660743134
011b0eaba87386a2ae96a7d32bb531d1,99.98,1,2,1,4.0,2016-10,2016-10,99.98,2680,7.355990357516509e-06,0.9983044074352853,0.8659127625201939
79b93a308a97792cf53ac75f46da00b5,99.9,1,1,1,5.0,2017-07,2017-07,99.9,2681,7.3501043880366e-06,0.9983117575396733,0.8662358642972536
80cfd480be3eb6d6267139f5cb793555,99.9,1,1,1,4.0,2017-03,2017-03,99.9,2682,7.3501043880366e-06,0.9983191076440613,0.8665589660743134
2d20f1cd18725c91147da0791d498022,99.8,1,1,1,5.0,2018-08,2018-08,99.8,2683,7.342746926186713e-06,0.9983264503909874,0.8668820678513732
26562f211dd1364af2a8596dc945e8ae,99.0,2,2,1,5.0,2018-07,2018-07,49.5,2685,7.2838872313876215e-06,0.9983337342782188,0.867205169628433
247587846358bb1d2e4c6522020b36fe,99.0,1,1,1,5.0,2018-06,2018-06,99.0,2684,7.2838872313876215e-06,0.9983410181654502,0.8675282714054927
a7c53f6b3b61adbdaa99dda97e8cbd56,99.0,1,1,1,4.0,2017-03,2017-03,99.0,2686,7.2838872313876215e-06,0.9983483020526815,0.8678513731825525
aa8af66c623d7d544dfe4bb85b5ebe3b,99.0,1,1,1,5.0,2018-06,2018-06,99.0,2687,7.2838872313876215e-06,0.9983555859399129,0.8681744749596123
1fbe10c70e30765ed1de86d9f7e98409,98.75,2,6,2,2.5,2018-06,2018-07,49.375,2688,7.265493576762905e-06,0.9983628514334897,0.868497576736672
9e17b9d64683aebcbb9ee362d06463b4,98.69999999999999,2,3,1,1.0,2017-02,2017-02,49.349999999999994,2689,7.261814845837961e-06,0.9983701132483355,0.8688206785137318
00ab3eff1b5192e5f1a63bcecfee11c8,98.0,1,1,1,5.0,2017-03,2017-03,98.0,2690,7.210312612888757e-06,0.9983773235609483,0.8691437802907916
eaaa46e98c9e61f6764dd1d7a2ab8b3e,98.0,1,1,1,5.0,2018-08,2018-08,98.0,2692,7.210312612888757e-06,0.9983845338735612,0.8694668820678514
5f57db27027655e6c6a391601daa0258,98.0,1,1,1,5.0,2018-08,2018-08,98.0,2691,7.210312612888757e-06,0.998391744186174,0.8697899838449111
1c742ac33582852aaf3bcfbf5893abcf,97.9,1,1,1,5.0,2018-06,2018-06,97.9,2693,7.20295515103887e-06,0.998398947141325,0.8701130856219709
c7bb64409aa480bb7d0335faaaf3d242,97.6,4,4,2,1.8333333333333333,2018-06,2018-07,24.4,2694,7.18088276548921e-06,0.9984061280240906,0.8704361873990307
70126eecc6aa1274392a1743866e9678,97.39999999999999,3,3,2,5.0,2018-06,2018-07,32.46666666666666,2695,7.166167841789437e-06,0.9984132941919324,0.8707592891760905
e3e15e2c0b9700561efac21c6be48066,97.24,3,4,2,2.0,2018-02,2018-07,32.413333333333334,2696,7.154395902829619e-06,0.9984204485878352,0.8710823909531502
270572bb714b00531be85e16e1550f26,96.99,1,1,1,5.0,2018-05,2018-05,96.99,2697,7.136002248204903e-06,0.9984275845900834,0.8714054927302101
bcf5566870987da7bc811fbc8c5b9fd9,96.0,1,4,1,1.0,2017-08,2017-08,96.0,2699,7.063163375891026e-06,0.9984346477534592,0.8717285945072698
034b9387752bfa309f350a70cd45ffa3,96.0,8,8,4,4.3125,2018-04,2018-08,12.0,2698,7.063163375891026e-06,0.9984417109168351,0.8720516962843295
f43827dd686be3a4a80e00aa299990fb,95.54,1,2,1,2.0,2018-01,2018-01,95.54,2700,7.02931905138155e-06,0.9984487402358865,0.8723747980613893
74a9b9bddf14ece02beb81f52c41a88d,95.0,2,2,2,3.5,2017-11,2018-02,47.5,2703,6.989588757392162e-06,0.9984557298246439,0.8726978998384491
22a23e5ac7061fc538cc2a019afaaf16,95.0,1,1,1,3.0,2017-05,2017-05,95.0,2701,6.989588757392162e-06,0.9984627194134014,0.8730210016155089
7a073a40a9d3f1fee8bc45670ea1e909,95.0,1,1,1,1.0,2016-10,2016-10,95.0,2704,6.989588757392162e-06,0.9984697090021588,0.8733441033925686
623ad9d0c1e14bb5464a8c72bff7b4af,95.0,1,1,1,4.0,2018-05,2018-05,95.0,2702,6.989588757392162e-06,0.9984766985909163,0.8736672051696285
8cf21434553b02cbd37c0bbd07e041b0,94.98,2,2,2,2.5,2017-11,2018-03,47.49,2705,6.988117265022185e-06,0.9984836867081813,0.8739903069466882
253c025bab43881055aeecde5e2d8b77,94.82,2,2,2,4.5,2017-11,2018-07,47.41,2706,6.976345326062366e-06,0.9984906630535074,0.874313408723748
443d880f15cbd3572885e1d44bf2c478,94.8,1,2,1,2.0,2017-07,2017-07,94.8,2708,6.974873833692389e-06,0.9984976379273411,0.8746365105008077
43b2c864251aa0ce4030c746984e088a,94.8,2,2,2,3.0,2018-07,2018-08,47.4,2707,6.974873833692389e-06,0.9985046128011749,0.8749596122778676
7a704e63bb29c446869efde5d57524c8,94.49,1,1,1,5.0,2018-01,2018-01,94.49,2709,6.95206570195774e-06,0.9985115648668769,0.8752827140549273
6235903333ba7de1928c869e268e5964,94.06,1,1,1,5.0,2018-05,2018-05,94.06,2710,6.920428616003229e-06,0.9985184852954929,0.875605815831987
376d67b61dce0c990155286e7ae486a4,94.0,1,1,1,4.0,2018-03,2018-03,94.0,2712,6.916014138893297e-06,0.9985254013096319,0.8759289176090469
2aafae69bf4c41fbd94053d9413e87ee,94.0,2,2,2,4.5,2018-05,2018-07,47.0,2711,6.916014138893297e-06,0.9985323173237708,0.8762520193861066
5305693ffae2d3463377b1f6fe67b15a,93.56,1,1,1,5.0,2018-01,2018-01,93.56,2713,6.883641306753797e-06,0.9985392009650775,0.8765751211631664
6b2612338467c08c9b25f0cc55b1578d,92.9,1,1,1,4.0,2017-02,2017-02,92.9,2714,6.835082058544546e-06,0.9985460360471361,0.8768982229402261
1fddcb7b326905d3ad5efe82187db347,92.0,1,1,1,1.0,2017-03,2017-03,92.0,2715,6.768864901895567e-06,0.998552804912038,0.877221324717286
c4b911d06343b21dd906651f8101cb49,90.98,2,2,1,1.0,2017-11,2017-11,45.49,2716,6.693818791026725e-06,0.998559498730829,0.8775444264943457
01266d4c46afa519678d16a8b683d325,90.25,3,3,1,5.0,2018-08,2018-08,30.083333333333332,2717,6.640109319522554e-06,0.9985661388401486,0.8778675282714055
f8f35af4634605e6693c17cc3ffff5a8,90.0,1,1,1,5.0,2017-11,2017-11,90.0,2720,6.621715664897838e-06,0.9985727605558135,0.8781906300484653
52b53f7061969fe471d119b6195da864,90.0,1,1,1,5.0,2017-08,2017-08,90.0,2719,6.621715664897838e-06,0.9985793822714784,0.8785137318255251
1cbcd2ee0afb3fc09963b87eb65e7e4f,90.0,1,3,1,5.0,2018-06,2018-06,90.0,2718,6.621715664897838e-06,0.9985860039871433,0.8788368336025848
6d04126aba80df143fd038e711b8fd96,89.99,1,1,1,1.0,2017-09,2017-09,89.99,2721,6.6209799187128485e-06,0.9985926249670619,0.8791599353796445
d7d517afce974cd491b8d52bb5b5b1fc,89.99,1,1,1,4.0,2018-08,2018-08,89.99,2722,6.6209799187128485e-06,0.9985992459469806,0.8794830371567044
8dd386be0767c330276ea6a3f96532d3,89.98,1,2,1,5.0,2018-08,2018-08,89.98,2723,6.62024417252786e-06,0.9986058661911531,0.8798061389337641
741f8c587cb4248ebc5b779a0e8e0e51,89.95,5,5,2,4.083333333333333,2018-07,2018-08,17.990000000000002,2724,6.6180369339728945e-06,0.9986124842280871,0.8801292407108239
a72f15980dc3e9bfd1a49ac9b2f3af65,89.9,1,1,1,4.0,2018-07,2018-07,89.9,2731,6.614358203047951e-06,0.9986190985862902,0.8804523424878837
97e50a621f8e801f4baf69e08687c192,89.9,1,1,1,5.0,2018-02,2018-02,89.9,2730,6.614358203047951e-06,0.9986257129444932,0.8807754442649435
83d458c0d6d4f94295d63f091460bd60,89.9,1,1,1,5.0,2017-03,2017-03,89.9,2728,6.614358203047951e-06,0.9986323273026962,0.8810985460420032
4aba6a02a788d3ec81c03137144d9a80,89.9,1,1,1,5.0,2018-01,2018-01,89.9,2727,6.614358203047951e-06,0.9986389416608993,0.881421647819063
154bdf805377afea75a3bd158e9eab10,89.9,1,1,1,1.0,2018-07,2018-07,89.9,2725,6.614358203047951e-06,0.9986455560191023,0.8817447495961228
fc99f99385ae90f66f01733856fb88c9,89.9,1,1,1,1.0,2017-06,2017-06,89.9,2732,6.614358203047951e-06,0.9986521703773054,0.8820678513731826
889009a0ed0bb52c87819941192931b8,89.9,1,1,1,4.0,2017-06,2017-06,89.9,2729,6.614358203047951e-06,0.9986587847355084,0.8823909531502423
2bdb95a56a36ebbc6640337ac5eac174,89.9,1,1,1,5.0,2017-01,2017-01,89.9,2726,6.614358203047951e-06,0.9986653990937114,0.8827140549273021
5741dc2bf5044c34d0698681c5081bed,89.69999999999999,3,3,2,5.0,2018-05,2018-07,29.899999999999995,2733,6.599643279348177e-06,0.9986719987369908,0.8830371567043619
b8d890108a7a80e4f5d59eea9f362438,89.69999999999999,2,3,2,3.5,2017-09,2017-10,44.849999999999994,2734,6.599643279348177e-06,0.9986785983802701,0.8833602584814216
6624bc09786f0e41ae48dfc5eeb1a9e2,89.54,1,1,1,5.0,2017-03,2017-03,89.54,2735,6.58787134038836e-06,0.9986851862516104,0.8836833602584814
b3809b8d4394588a47c8470ea331e135,89.0,1,1,1,4.0,2018-07,2018-07,89.0,2737,6.548141046398973e-06,0.9986917343926568,0.8840064620355412
da2782c804606d2a5d8e1760dbb3e7ec,89.0,1,1,1,1.0,2017-11,2017-11,89.0,2738,6.548141046398973e-06,0.9986982825337032,0.884329563812601
499185655c29ecfdbfe776ef7cf875b5,89.0,1,1,1,4.0,2018-06,2018-06,89.0,2736,6.548141046398973e-06,0.9987048306747496,0.8846526655896607
65c255b299faf2d12050937cc219c46c,88.2,2,2,2,4.5,2017-07,2017-08,44.1,2739,6.489281351599881e-06,0.9987113199561012,0.8849757673667206
fa7ad8ae9bcb2c4493fdf38e96b1d74f,88.0,1,2,1,1.0,2017-11,2017-11,88.0,2740,6.474566427900108e-06,0.9987177945225291,0.8852988691437803
dd264199fc8b687ad029de7de6d760e6,87.9,1,1,1,5.0,2017-01,2017-01,87.9,2742,6.467208966050222e-06,0.9987242617314951,0.88562197092084
466222e777149751370e7e98fb623b0c,87.9,1,1,1,5.0,2018-08,2018-08,87.9,2741,6.467208966050222e-06,0.9987307289404611,0.8859450726978998
9cea4682e16655f7da87f406902e989e,87.75999999999999,4,9,4,4.0,2017-03,2018-02,21.939999999999998,2743,6.456908519460379e-06,0.9987371858489805,0.8862681744749596
2fa13c8bd5705d279f7ed5cc9ec61c68,87.4,2,4,2,5.0,2018-04,2018-07,43.7,2744,6.430421656800789e-06,0.9987436162706373,0.8865912762520194
4fe2f67634d00c021aa01f96b6f2d68e,86.8,2,2,1,5.0,2018-08,2018-08,43.4,2745,6.3862768857014696e-06,0.998750002547523,0.8869143780290791
60da8bfa7eebe230b7d66ac4082d79b3,86.6,3,3,1,4.333333333333333,2018-08,2018-08,28.866666666666664,2746,6.371561962001697e-06,0.998756374109485,0.887237479806139
b86a47b3366e3b5424a7b225781f4908,86.5,1,1,1,3.0,2018-01,2018-01,86.5,2747,6.36420450015181e-06,0.9987627383139852,0.8875605815831987
00d8b143d12632bad99c0ad66ad52825,86.0,1,1,1,5.0,2018-03,2018-03,86.0,2748,6.327417190902378e-06,0.9987690657311761,0.8878836833602585
a2b911e9ad40dc7d61c142a4683e2d85,85.9,1,1,1,5.0,2017-05,2017-05,85.9,2750,6.320059729052492e-06,0.9987753857909051,0.8882067851373182
20fd2d2080ed85fa67fad3fcbb2c1813,85.9,1,1,1,1.0,2018-04,2018-04,85.9,2749,6.320059729052492e-06,0.9987817058506341,0.8885298869143781
5566627eab3fe93fd6ee08798226101a,85.5,5,5,4,4.25,2017-04,2018-01,17.1,2751,6.290629881652945e-06,0.9987879964805157,0.8888529886914378
2b5ed0c9139dae8883a200dfcb272ece,85.41,4,4,3,4.166666666666667,2017-04,2017-11,21.3525,2752,6.284008165988047e-06,0.9987942804886817,0.8891760904684975
9b1050e85becf3ae99c1cf4934c9bc5d,85.14,2,2,2,2.5,2017-09,2017-11,42.57,2753,6.264143018993354e-06,0.9988005446317006,0.8894991922455574
dadc51ef321949ec9a3ab25cd902e23d,85.0,1,1,1,1.0,2017-09,2017-09,85.0,2756,6.253842572403513e-06,0.998806798474273,0.8898222940226171
b5dd7151a92ccaaa282cbe9681a05f44,85.0,1,1,1,5.0,2018-07,2018-07,85.0,2754,6.253842572403513e-06,0.9988130523168454,0.8901453957996769
cb5ff1b9715e99589f3e0c7a6afab9e3,85.0,4,4,1,4.0,2018-08,2018-08,21.25,2755,6.253842572403513e-06,0.9988193061594177,0.8904684975767366
0dfbed20065e425d2eaefb101f9816c0,84.35,3,3,2,2.25,2018-05,2018-06,28.116666666666664,2757,6.206019070379251e-06,0.9988255121784881,0.8907915993537965
324583d68897f5ddbaf38f6248322176,84.0,2,3,1,1.0,2018-02,2018-02,42.0,2758,6.180267953904648e-06,0.9988316924464421,0.8911147011308562
3febca52652e7209509ccfe61cbde40e,84.0,2,2,1,2.0,2018-08,2018-08,42.0,2759,6.180267953904648e-06,0.9988378727143961,0.891437802907916
7f02656561b680def9986c0795a8a080,84.0,2,2,2,3.0,2017-08,2017-09,42.0,2760,6.180267953904648e-06,0.99884405298235,0.8917609046849758
dedcab67899479e4ea5dcc4eba47f587,84.0,2,2,2,4.5,2018-06,2018-08,42.0,2761,6.180267953904648e-06,0.998850233250304,0.8920840064620356
f5b84683a9bf9e1df748cf40f601b39c,83.9,1,1,1,5.0,2016-10,2016-10,83.9,2762,6.1729104920547625e-06,0.9988564061607961,0.8924071082390953
11d4c477d09821164bca4f70a2eae031,83.04,3,4,2,5.0,2017-07,2017-08,27.680000000000003,2763,6.109636320145738e-06,0.9988625157971163,0.892730210016155
a56a8043ebf66e42119618fb8cf232c6,83.0,1,1,1,5.0,2018-08,2018-08,83.0,2764,6.106693335405783e-06,0.9988686224904517,0.8930533117932149
c542f5a8c64d973f30e9df8d06f70b4a,81.0,1,1,1,1.0,2017-01,2017-01,81.0,2765,5.959544098408054e-06,0.9988745820345502,0.8933764135702746
ba8e85df286308fe68a2ce83a8f8b2d6,80.9,1,1,1,5.0,2018-06,2018-06,80.9,2766,5.952186636558167e-06,0.9988805342211867,0.8936995153473344
52454f90d4c30c016768db02f88c1a74,80.5,3,5,2,3.75,2018-05,2018-07,26.833333333333332,2767,5.9227567891586214e-06,0.9988864569779758,0.8940226171243942
1a8e2d9c38b84a9702ac7922924b0573,80.0,1,1,1,5.0,2018-02,2018-02,80.0,2768,5.885969479909189e-06,0.9988923429474558,0.894345718901454
8b11118053756a9a2932f447e11fc1b5,79.99,1,1,1,3.0,2016-10,2016-10,79.99,2769,5.8852337337242e-06,0.9988982281811895,0.8946688206785137
c0f3eea2e14555b6faeea3dd58c1b1c3,79.99,1,1,1,5.0,2018-08,2018-08,79.99,2771,5.8852337337242e-06,0.9989041134149231,0.8949919224555735
a45765f8afb1e594b22bf9e974b46765,79.99,1,1,1,4.0,2017-03,2017-03,79.99,2770,5.8852337337242e-06,0.9989099986486568,0.8953150242326333
dcb7367a92f5ffb89f1e2152ed260285,79.9,1,1,1,5.0,2018-03,2018-03,79.9,2778,5.878612018059303e-06,0.9989158772606749,0.8956381260096931
9fbd5666d8618fa571c4230fafa09bd6,79.9,1,1,1,5.0,2017-08,2017-08,79.9,2774,5.878612018059303e-06,0.9989217558726929,0.8959612277867528
0f519b0d2e5eb2227c93dd25038bfc01,79.9,1,1,1,5.0,2017-01,2017-01,79.9,2772,5.878612018059303e-06,0.998927634484711,0.8962843295638127
f09e26011d833ddab11593c1a097a92a,79.9,1,1,1,1.0,2018-03,2018-03,79.9,2779,5.878612018059303e-06,0.9989335130967291,0.8966074313408724
cd233f8bfa30ebfd651f47ee7d054951,79.9,1,1,1,5.0,2018-08,2018-08,79.9,2777,5.878612018059303e-06,0.9989393917087471,0.8969305331179321
b5b800c4065bebf4d3442311c9857344,79.9,1,1,1,5.0,2018-05,2018-05,79.9,2775,5.878612018059303e-06,0.9989452703207652,0.8972536348949919
9591fc341b1bfb7ef561e2968ec6e011,79.9,1,1,1,1.0,2017-09,2017-09,79.9,2773,5.878612018059303e-06,0.9989511489327833,0.8975767366720517
ca5832c6960267b71041f74bb39e8b12,79.9,1,1,1,1.0,2017-06,2017-06,79.9,2776,5.878612018059303e-06,0.9989570275448013,0.8978998384491115
5a32c398a06c345440bf2a683b017ad3,79.8,2,2,2,3.0,2017-12,2018-03,39.9,2780,5.871254556209416e-06,0.9989628987993575,0.8982229402261712
aa17b35ce4de7b565be3249ba838944f,79.8,2,2,2,4.5,2017-08,2017-09,39.9,2782,5.871254556209416e-06,0.9989687700539137,0.8985460420032311
c2bda99904207edd1834f03e0022b007,79.8,2,2,2,2.5,2017-08,2017-09,39.9,2783,5.871254556209416e-06,0.9989746413084699,0.8988691437802908
a7b7354cc588f7566a848bcbb1ce3d96,79.8,2,2,1,4.0,2017-03,2017-03,39.9,2781,5.871254556209416e-06,0.9989805125630261,0.8991922455573506
519a7aa428f18d125a283cf8c014fdd6,79.69999999999999,3,3,1,4.0,2018-07,2018-07,26.566666666666663,2784,5.863897094359529e-06,0.9989863764601205,0.8995153473344103
918f6fbcf3ab724d805867303e593a1b,79.69999999999999,2,3,2,4.0,2017-02,2017-03,39.849999999999994,2785,5.863897094359529e-06,0.9989922403572148,0.8998384491114702
c8665a4dd081a2c436b1cd921079d0d9,79.39,1,1,1,5.0,2018-06,2018-06,79.39,2786,5.841088962624881e-06,0.9989980814461774,0.9001615508885299
babcc0ab201e4c60188427cae51a5b8b,79.0,1,1,1,5.0,2018-07,2018-07,79.0,2787,5.812394861410324e-06,0.9990038938410388,0.9004846526655896
166e8f1381e09651983c38b1f6f91c11,78.8,2,2,2,5.0,2017-07,2017-08,39.4,2788,5.7976799377105505e-06,0.9990096915209765,0.9008077544426495
15b3b1b81484422eb41df68ac87f1f50,78.35,2,2,2,1.0,2017-11,2018-01,39.175,2789,5.764571359386061e-06,0.9990154560923359,0.9011308562197092
739c7d7be81f63812dea0d1b1451c651,77.5,2,2,2,4.0,2018-05,2018-06,38.75,2790,5.702032933662027e-06,0.9990211581252696,0.901453957996769
5de1c80811ce7007f62f00d971236c09,76.8,2,2,1,5.0,2018-07,2018-07,38.4,2791,5.650530700712821e-06,0.9990268086559703,0.9017770597738287
3e51f9cbe317bc3a88f2c76583811ee4,76.09,1,1,1,5.0,2018-08,2018-08,76.09,2792,5.598292721578627e-06,0.9990324069486919,0.9021001615508886
497709c2976a8fa308730a2dec5b0726,76.0,1,2,1,5.0,2018-07,2018-07,76.0,2793,5.591671005913729e-06,0.9990379986196978,0.9024232633279483
43a5d4a57af536fddc96d08be3afdfcb,75.0,1,1,1,1.0,2017-06,2017-06,75.0,2794,5.518096387414864e-06,0.9990435167160852,0.902746365105008
c85d7b477a709c85a1e8b8f25aa1b270,75.0,1,2,1,1.0,2017-06,2017-06,75.0,2797,5.518096387414864e-06,0.9990490348124725,0.9030694668820679
6dd7dce75cd55c1ce255dc38d9f0cd46,75.0,1,1,1,4.0,2017-12,2017-12,75.0,2795,5.518096387414864e-06,0.9990545529088599,0.9033925686591276
d52cbce9845184537284a23c3bc3da0e,75.0,2,4,2,5.0,2018-02,2018-03,37.5,2798,5.518096387414864e-06,0.9990600710052473,0.9037156704361874
a1bea9970d8f65b240555f99c2214f7f,75.0,1,1,1,3.0,2018-07,2018-07,75.0,2796,5.518096387414864e-06,0.9990655891016347,0.9040387722132471
05aebce0b5c8f0d41b29b686f2d05fd3,74.99000000000001,2,2,2,5.0,2018-03,2018-08,37.495000000000005,2799,5.517360641229877e-06,0.9990711064622759,0.904361873990307
61b893c57e33626afb104d4112b1be76,74.99,1,1,1,1.0,2017-03,2017-03,74.99,2800,5.517360641229876e-06,0.9990766238229172,0.9046849757673667
217f005bb37ff3aeef5b2ae1788e75ba,74.97,3,3,3,3.3333333333333335,2017-04,2017-06,24.99,2801,5.5158891488598985e-06,0.999082139712066,0.9050080775444265
9c3a1c416c765687bc79a04113269929,74.9,1,1,1,1.0,2018-02,2018-02,74.9,2802,5.510738925564979e-06,0.9990876504509916,0.9053311793214863
6187a137b2af59dfdbad8d9f8c373c14,74.8,2,2,2,3.0,2017-11,2018-01,37.4,2803,5.503381463715091e-06,0.9990931538324553,0.9056542810985461
a90a5da8b09e44264a177c0374a5ac87,74.69999999999999,3,3,2,4.0,2017-02,2017-03,24.899999999999995,2804,5.496024001865204e-06,0.9990986498564572,0.9059773828756058
d8d9567d0bfb0bc7eb845a205ba42657,74.6,4,4,3,3.6666666666666665,2018-03,2018-08,18.65,2805,5.488666540015318e-06,0.9991041385229973,0.9063004846526656
164a5a8794e6d42e14f55e447b12a3bc,73.99,1,1,1,5.0,2018-07,2018-07,73.99,2806,5.44378602273101e-06,0.99910958230902,0.9066235864297254
a7d0f8dd44f57ef6de7f7f02e3d82630,73.78999999999999,2,2,2,4.5,2018-06,2018-08,36.894999999999996,2807,5.4290710990312374e-06,0.999115011380119,0.9069466882067851
204b4e07bddef3c9b317f70189135b22,73.4,1,1,1,5.0,2018-07,2018-07,73.4,2808,5.4003769978166815e-06,0.9991204117571169,0.9072697899838449
d4d99b60c4c94cd35acd502cec65dc8d,72.9,1,1,1,3.0,2016-10,2016-10,72.9,2809,5.363589688567249e-06,0.9991257753468055,0.9075928917609046
e5c84227854980f1db19a58958c551d9,72.81,4,4,2,4.833333333333334,2018-07,2018-08,18.2025,2810,5.356967972902351e-06,0.9991311323147783,0.9079159935379645
f0ec6a2adb05c62655a26dd347b8dede,72.0,1,2,1,1.0,2018-04,2018-04,72.0,2811,5.29737253191827e-06,0.9991364296873103,0.9082390953150242
8f0fbe2cd4d472157dc1cdef6edecaa9,71.88,2,2,2,3.0,2017-07,2017-09,35.94,2812,5.288543577698406e-06,0.999141718230888,0.908562197092084
028872bfa080090a9d0abd4f1af168f8,70.5,1,3,1,5.0,2017-08,2017-08,70.5,2813,5.187010604169973e-06,0.9991469052414922,0.9088852988691438
e4f121bf6ef8b9a1d4d3e65dd0473fab,70.0,2,2,2,3.0,2018-04,2018-05,35.0,2816,5.1502232949205404e-06,0.9991520554647871,0.9092084006462036
f90f77ef2799a27f80d90c425ca944f7,70.0,1,1,1,5.0,2018-05,2018-05,70.0,2817,5.1502232949205404e-06,0.9991572056880821,0.9095315024232633
4003520d80d0bad1d5623f7aa3c63cda,70.0,1,1,1,1.0,2017-09,2017-09,70.0,2814,5.1502232949205404e-06,0.999162355911377,0.909854604200323
bbf4a892cac7b82422baa711dffb8997,70.0,1,1,1,5.0,2018-06,2018-06,70.0,2815,5.1502232949205404e-06,0.999167506134672,0.9101777059773829
0a198e95d32b1be2da9424c962a6ebfa,69.99,1,1,1,5.0,2018-06,2018-06,69.99,2818,5.149487548735551e-06,0.9991726556222207,0.9105008077544426
d598f929fc44e1e38678e7f47250ec04,69.9,1,1,1,5.0,2018-06,2018-06,69.9,2822,5.142865833070654e-06,0.9991777984880538,0.9108239095315024
fe9d9cf8631285d5982c6e2cf27fb114,69.9,1,1,1,4.0,2018-07,2018-07,69.9,2825,5.142865833070654e-06,0.9991829413538869,0.9111470113085622
f3511c85f59f8dec53d140501ee8e7a8,69.9,1,1,1,5.0,2017-08,2017-08,69.9,2824,5.142865833070654e-06,0.9991880842197199,0.911470113085622
b5d034ac251546e25afe9067f05c1539,69.9,1,1,1,5.0,2018-04,2018-04,69.9,2820,5.142865833070654e-06,0.999193227085553,0.9117932148626817
b6c6854d4d92a5f6f46be8869da3fa1a,69.9,1,1,1,1.0,2017-04,2017-04,69.9,2821,5.142865833070654e-06,0.9991983699513861,0.9121163166397415
4e92348462c75b6c842b994ce84a0ed4,69.9,1,1,1,5.0,2018-07,2018-07,69.9,2819,5.142865833070654e-06,0.9992035128172192,0.9124394184168013
ffcfefa19b08742c5d315f2791395ee5,69.9,1,1,1,1.0,2018-06,2018-06,69.9,2826,5.142865833070654e-06,0.9992086556830523,0.9127625201938611
d9b00a97818674c7f8d8b1ef0e689679,69.9,1,1,1,3.0,2018-08,2018-08,69.9,2823,5.142865833070654e-06,0.9992137985488854,0.9130856219709208
5587130f9850696ed7fafbc91c2cee44,69.8,2,2,2,5.0,2018-07,2018-08,34.9,2828,5.1355083712207675e-06,0.9992189340572566,0.9134087237479807
17998cf586426bf0f2c3726cb0a4b211,69.8,2,2,2,4.0,2017-07,2018-01,34.9,2827,5.1355083712207675e-06,0.9992240695656278,0.9137318255250404
bbd3acfe6de99892e73940d3fdceaf68,69.0,2,2,1,3.0,2018-08,2018-08,34.5,2829,5.076648676421676e-06,0.9992291462143043,0.9140549273021001
edb65fe661681b1c0de8bd47c8655855,69.0,1,1,1,3.0,2017-04,2017-04,69.0,2830,5.076648676421676e-06,0.9992342228629807,0.9143780290791599
e4253cef933647000a82ff39c67b7bde,68.0,2,2,1,2.0,2017-05,2017-05,34.0,2831,5.003074057922811e-06,0.9992392259370386,0.9147011308562197
f3055483058c84d75ca2a3314fb4deef,67.5,1,1,1,1.0,2017-12,2017-12,67.5,2832,4.9662867486733785e-06,0.9992441922237872,0.9150242326332795
723a46b89fd5c3ed78ccdf039e33ac63,66.64,1,1,1,4.0,2018-05,2018-05,66.64,2833,4.903012576764354e-06,0.999249095236364,0.9153473344103392
a5ff20ff766e7f50bd5066f33da14413,66.59,2,4,1,3.0,2018-08,2018-08,33.295,2834,4.899333845839411e-06,0.9992539945702098,0.9156704361873991
c6381b1321d7d97717a5bb4ed5b77882,66.0,2,3,2,3.0,2018-07,2018-08,33.0,2835,4.8559248209250805e-06,0.9992588504950307,0.9159935379644588
d58d521f3789def2e7a22715e0badd93,65.98,2,2,2,3.5,2017-11,2018-03,32.99,2836,4.854453328555104e-06,0.9992637049483593,0.9163166397415186
76623fde66e6b63b59440fd34160512d,65.4,3,3,3,4.0,2017-09,2018-01,21.8,2837,4.8117800498257624e-06,0.9992685167284091,0.9166397415185783
d4a5e99e0dd915df64ba55a7fbd583fd,65.15,2,6,1,1.6666666666666667,2017-10,2017-10,32.575,2838,4.793386395201046e-06,0.9992733101148044,0.9169628432956382
ad738d3fcf42655ed15c4960b7b6c601,65.0,1,1,1,1.0,2017-05,2017-05,65.0,2840,4.782350202426216e-06,0.9992780924650068,0.9172859450726979
52831e5990d0771cb4951d6f12928167,65.0,1,1,1,3.0,2018-08,2018-08,65.0,2839,4.782350202426216e-06,0.9992828748152092,0.9176090468497576
447d377bdb757058acb569025ee18a93,64.99,1,1,1,5.0,2018-02,2018-02,64.99,2841,4.781614456241227e-06,0.9992876564296654,0.9179321486268175
c8771b1a10bb99bb34d3c459c5cffb53,64.9,1,1,1,5.0,2017-05,2017-05,64.9,2842,4.77499274057633e-06,0.999292431422406,0.9182552504038772
cf281cf8b7affbdfe751b29cc85580e1,64.9,1,1,1,1.0,2016-10,2016-10,64.9,2843,4.77499274057633e-06,0.9992972064151465,0.918578352180937
eb4a59a06b3948e851a7d7a830bcbc42,64.0,2,2,2,3.0,2018-02,2018-05,32.0,2844,4.708775583927351e-06,0.9993019151907304,0.9189014539579967
b452cb0ae35044c4a53179c39f49fb06,63.699999999999996,2,2,1,4.0,2018-06,2018-06,31.849999999999998,2845,4.6867031983776915e-06,0.9993066018939288,0.9192245557350566
9e94fa26a70ede4d26226e918e8706a2,62.8,1,1,1,5.0,2017-08,2017-08,62.8,2846,4.620486041728713e-06,0.9993112223799706,0.9195476575121163
42fb44130ac3134cde8e35cf8ec7df25,62.699999999999996,3,3,2,3.0,2017-02,2017-03,20.9,2847,4.613128579878827e-06,0.9993158355085505,0.919870759289176
f0ec78809fe0bc3edb11c9fe5b97b059,62.599999999999994,2,2,2,4.0,2018-06,2018-07,31.299999999999997,2848,4.60577111802894e-06,0.9993204412796686,0.9201938610662359
2cb98e27ce1c18abdb42209b34c382a7,62.49,1,1,1,4.0,2018-06,2018-06,62.49,2849,4.5976779099940654e-06,0.9993250389575785,0.9205169628432956
56a8b450e802502ba53a9885ee38e29f,62.45,1,1,1,1.0,2017-07,2017-07,62.45,2850,4.5947349252541105e-06,0.9993296336925037,0.9208400646203554
6a3139c7bf09ece22a4713d956acbe5e,61.9,1,1,1,5.0,2018-07,2018-07,61.9,2851,4.554268885079735e-06,0.9993341879613888,0.9211631663974151
f7c31656c19db6275a8acadca289f426,61.56,1,1,1,3.0,2018-02,2018-02,61.56,2852,4.529253514790121e-06,0.9993387172149036,0.921486268174475
b3e2faf2c1004d674f16a3aa3197f0e1,61.47,3,3,3,5.0,2017-02,2017-05,20.49,2853,4.522631799125223e-06,0.9993432398467028,0.9218093699515347
1d0646a72178a6fb37ee8082140e06ec,61.0,2,2,2,5.0,2018-07,2018-08,30.5,2854,4.4880517284307566e-06,0.9993477278984313,0.9221324717285945
7963e546f34e098b578f9ad102494601,60.99,1,1,1,5.0,2017-11,2017-11,60.99,2855,4.487315982245768e-06,0.9993522152144135,0.9224555735056543
be7a093e5b4d147b36b72bb1f9e415e5,60.9,1,1,1,5.0,2018-07,2018-07,60.9,2856,4.48069426658087e-06,0.9993566959086801,0.9227786752827141
83f2b4881141ce3fcd4e985125d3279e,60.699999999999996,3,3,2,5.0,2018-01,2018-03,20.23333333333333,2857,4.465979342881097e-06,0.999361161888023,0.9231017770597738
9ac75591b69c3402684b6ce0310f22ee,60.5,1,1,1,5.0,2018-08,2018-08,60.5,2858,4.451264419181324e-06,0.9993656131524422,0.9234248788368336
e9e446d01bd10a97a8ffcfc4a3a20cb2,60.05,4,4,2,3.5,2018-06,2018-07,15.0125,2859,4.418155840856835e-06,0.9993700313082831,0.9237479806138934
7c462184585ae80bd6e5774c62ce50f2,60.0,1,2,1,3.0,2018-05,2018-05,60.0,2861,4.414477109931892e-06,0.999374445785393,0.9240710823909531
85e7c62c1d6ea078c3897424f867a7c8,60.0,2,2,2,4.5,2017-12,2018-01,30.0,2862,4.414477109931892e-06,0.999378860262503,0.9243941841680129
24a6daf925d9d591870a66660416de31,60.0,2,2,2,4.5,2018-01,2018-05,30.0,2860,4.414477109931892e-06,0.999383274739613,0.9247172859450727
86649b1632b1c0e6c0bcb2c90a8b75d8,59.99,1,1,1,1.0,2017-08,2017-08,59.99,2863,4.4137413637469035e-06,0.9993876884809767,0.9250403877221325
6ebf4eceee4dd9847201c82e77ef8123,59.9,1,1,1,5.0,2018-04,2018-04,59.9,2866,4.407119648082005e-06,0.9993920956006248,0.9253634894991922
c240c4061717ac1806ae6ee72be3533b,59.9,1,1,1,4.0,2018-05,2018-05,59.9,2870,4.407119648082005e-06,0.9993965027202729,0.925686591276252
3e46a38ee171c503c3b4a3f23fe3bf0c,59.9,1,1,1,5.0,2018-06,2018-06,59.9,2865,4.407119648082005e-06,0.999400909839921,0.9260096930533118
8fb67a334bacec338885b4e9e1708073,59.9,1,1,1,5.0,2018-07,2018-07,59.9,2868,4.407119648082005e-06,0.9994053169595691,0.9263327948303716
75fdd0a732287f9497b179f6bd445d32,59.9,1,1,1,5.0,2017-09,2017-09,59.9,2867,4.407119648082005e-06,0.9994097240792172,0.9266558966074313
0ee4fb99ac55ffbbc98795aa01b7f8fa,59.9,1,1,1,5.0,2017-05,2017-05,59.9,2864,4.407119648082005e-06,0.9994141311988654,0.9269789983844912
9ef932e837d8b7f392c0bfee9d359dc2,59.9,1,1,1,3.0,2017-11,2017-11,59.9,2869,4.407119648082005e-06,0.9994185383185135,0.9273021001615509
455f46ef09a9e45667e2981df84b5cc2,59.8,2,2,1,2.5,2018-08,2018-08,29.9,2871,4.399762186232119e-06,0.9994229380806997,0.9276252019386106
528ce32f560edd11add4169f6a5b65be,59.8,2,2,2,5.0,2017-05,2017-07,29.9,2872,4.399762186232119e-06,0.999427337842886,0.9279483037156704
3da38366e7bd9baf6369071f782ecdf0,59.47,1,1,1,1.0,2018-01,2018-01,59.47,2873,4.375482562127494e-06,0.9994317133254481,0.9282714054927302
63704069d9bd3a75c1cf59babe56004a,59.3,1,1,1,1.0,2018-06,2018-06,59.3,2874,4.3629748769826864e-06,0.999436076300325,0.92859450726979
db1f0f7c7e5e87f40b62226f020bb297,59.010000000000005,3,3,2,4.75,2017-04,2017-05,19.67,2875,4.341638237618016e-06,0.9994404179385626,0.9289176090468497
dd5450b022b2d00a2145a66331e1aef6,59.0,1,1,1,5.0,2018-06,2018-06,59.0,2879,4.340902491433027e-06,0.9994447588410541,0.9292407108239096
1d953075c2f0dd990bacf27b83b330f1,59.0,1,1,1,5.0,2018-08,2018-08,59.0,2877,4.340902491433027e-06,0.9994490997435456,0.9295638126009693
0af2ab31141893d26aca5a404a537dab,59.0,1,1,1,5.0,2018-08,2018-08,59.0,2876,4.340902491433027e-06,0.999453440646037,0.9298869143780291
2f1e7b90e01d9f086cbcb301c0c3d406,59.0,1,1,1,5.0,2017-11,2017-11,59.0,2878,4.340902491433027e-06,0.9994577815485285,0.9302100161550888
fa18c782a4866d313cadab567097f8f1,58.99,1,1,1,1.0,2017-05,2017-05,58.99,2880,4.340166745248039e-06,0.9994621217152737,0.9305331179321487
d180e07dc1e58c31c3f0cd599dc4d945,58.8,1,1,1,3.0,2018-01,2018-01,58.8,2881,4.326187567733254e-06,0.9994664479028414,0.9308562197092084
cecd97bc34ed8330bd4cd15713eda670,57.99,1,1,1,1.0,2018-08,2018-08,57.99,2882,4.266592126749173e-06,0.9994707144949682,0.9311793214862681
cac4e0bc1a3269fa2b6ea5e763f6115b,57.88,2,3,2,5.0,2017-11,2018-03,28.94,2883,4.258498918714298e-06,0.9994749729938869,0.931502423263328
48e5ee06fb2dc74df1c711a9b6dfac2a,57.0,1,3,1,5.0,2018-02,2018-02,57.0,2884,4.1937532544352975e-06,0.9994791667471413,0.9318255250403877
ac9b01377919cdbd2a1bbb8d5837c70b,55.9,1,1,1,3.0,2018-08,2018-08,55.9,2885,4.112821174086545e-06,0.9994832795683154,0.9321486268174475
3e35a8bb43569389d3cebef0ce820f69,55.8,1,2,1,5.0,2018-04,2018-04,55.8,2886,4.105463712236659e-06,0.9994873850320276,0.9324717285945072
0b1ca3ef18a63d7eb0c8897fa0849c08,55.0,1,1,1,5.0,2018-04,2018-04,55.0,2887,4.046604017437567e-06,0.999491431636045,0.9327948303715671
d85efbc8eff2b7adf524e2820569adc8,55.0,1,1,1,5.0,2018-05,2018-05,55.0,2888,4.046604017437567e-06,0.9994954782400625,0.9331179321486268
ebe3dabc4955c9b0d695e7bda38bf5c3,55.0,1,1,1,3.0,2018-02,2018-02,55.0,2889,4.046604017437567e-06,0.9994995248440799,0.9334410339256866
02a2272692e13558373c66db98f05e2e,54.98,2,2,2,3.0,2017-02,2017-03,27.49,2890,4.04513252506759e-06,0.9995035699766049,0.9337641357027464
c7246702dc991a06d788120dc7544391,54.86,1,1,1,5.0,2018-02,2018-02,54.86,2891,4.0363035708477265e-06,0.9995076062801758,0.9340872374798062
26f6b7ab07be3e9e69ce82a6552efc19,54.8,2,2,1,3.0,2018-08,2018-08,27.4,2892,4.031889093737794e-06,0.9995116381692695,0.9344103392568659
c13fb473e7cb8b83ccd543c094df0608,54.8,2,2,2,3.5,2017-01,2017-03,27.4,2893,4.031889093737794e-06,0.9995156700583632,0.9347334410339256
d297f1055de2956aedfd3b04113dce3e,54.3,1,1,1,4.0,2018-08,2018-08,54.3,2894,3.995101784488362e-06,0.9995196651601477,0.9350565428109855
720e6cf846ea7572cbb66b743fb91e6c,54.0,1,1,1,5.0,2017-03,2017-03,54.0,2895,3.973029398938702e-06,0.9995236381895466,0.9353796445880452
c1552b1dab6e6f760950368ae61fb600,53.8,2,2,1,2.5,2018-08,2018-08,26.9,2896,3.958314475238929e-06,0.9995275965040218,0.935702746365105
c161d1327ebc3a156c09582ab2f59f6c,52.99,3,3,3,3.0,2017-08,2018-02,17.663333333333334,2897,3.898719034254849e-06,0.9995314952230561,0.9360258481421648
a2a41aedb70551d4a85aa04dc2fced48,52.79,2,2,2,4.0,2017-11,2017-12,26.395,2898,3.884004110555076e-06,0.9995353792271666,0.9363489499192246
392f7f2c797e4dc077e4311bde2ab8ce,52.0,2,2,1,5.0,2018-08,2018-08,26.0,2899,3.825880161940973e-06,0.9995392051073285,0.9366720516962843
84c945f15571830c1a91a33978e94009,51.98,2,2,2,4.5,2017-03,2017-05,25.99,2900,3.824408669570995e-06,0.999543029515998,0.9369951534733441
20d53aad4fe5ee93a64f8839609d3586,51.9,2,2,2,2.5,2017-11,2018-05,25.95,2901,3.818522700091086e-06,0.9995468480386981,0.9373182552504039
258447aad3f7b01e2643c89f64dc5647,51.9,1,1,1,5.0,2018-07,2018-07,51.9,2902,3.818522700091086e-06,0.9995506665613981,0.9376413570274637
07e8e8fc5222bb358e6f259da3197074,51.8,2,2,2,4.0,2018-02,2018-08,25.9,2903,3.8111652382411998e-06,0.9995544777266364,0.9379644588045234
eaf6d55068dea77334e8477d3878d89e,51.0,3,3,2,5.0,2018-06,2018-07,17.0,2904,3.752305543442108e-06,0.9995582300321798,0.9382875605815832
5cf1ec37aea089f45110c70653a166ab,50.0,3,3,3,3.6666666666666665,2017-04,2017-12,16.666666666666668,2907,3.678730924943243e-06,0.9995619087631048,0.938610662358643
deaadd805612bf94faaa9fa702516e11,50.0,1,1,1,1.0,2017-05,2017-05,50.0,2908,3.678730924943243e-06,0.9995655874940298,0.9389337641357027
535bf14f36346c7f59d87cece104d70c,50.0,1,1,1,4.0,2018-08,2018-08,50.0,2906,3.678730924943243e-06,0.9995692662249548,0.9392568659127625
4d8809767a5bafe22909c77951fb6b41,50.0,1,1,1,5.0,2017-10,2017-10,50.0,2905,3.678730924943243e-06,0.9995729449558798,0.9395799676898223
d4f91e8be86b38da2ee35bc489645a9d,49.99,1,1,1,5.0,2016-10,2016-10,49.99,2909,3.6779951787582544e-06,0.9995766229510585,0.9399030694668821
3ded4e2d5f135cb103e5949d7263d2dd,49.9,1,1,1,5.0,2018-02,2018-02,49.9,2911,3.6713734630933567e-06,0.9995802943245217,0.9402261712439418
fe19dce63ae80346207c6c55713d1023,49.9,1,1,1,5.0,2017-01,2017-01,49.9,2915,3.6713734630933567e-06,0.9995839656979848,0.9405492730210017
2c2c9832d1bb38c5b0034a3b47d313ee,49.9,1,1,1,3.0,2018-07,2018-07,49.9,2910,3.6713734630933567e-06,0.9995876370714479,0.9408723747980614
e1a210d482714ce337763a19aef94ba4,49.9,1,1,1,1.0,2017-04,2017-04,49.9,2914,3.6713734630933567e-06,0.9995913084449111,0.9411954765751211
7b3447b497e55af8c15fc7bd89d7b81a,49.9,1,1,1,5.0,2017-11,2017-11,49.9,2912,3.6713734630933567e-06,0.9995949798183742,0.9415185783521809
9140ef75cc8211c4035935e80e567204,49.9,1,1,1,5.0,2018-08,2018-08,49.9,2913,3.6713734630933567e-06,0.9995986511918373,0.9418416801292407
7315baebc0572ff220d226283dc66728,49.849999999999994,2,2,2,4.0,2017-04,2017-06,24.924999999999997,2916,3.667694732168413e-06,0.9996023188865695,0.9421647819063005
2c00c85d30361cd2ced2969cffbbffa3,49.8,1,1,1,5.0,2018-04,2018-04,49.8,2917,3.6640160012434698e-06,0.9996059829025707,0.9424878836833602
1b61fb1f0f2185d89e9a126c498e9cc7,49.7,1,1,1,5.0,2017-06,2017-06,49.7,2918,3.6566585393935837e-06,0.9996096395611102,0.9428109854604201
d1a1b40ec554c593a1a99366746289dd,49.7,1,1,1,2.0,2017-01,2017-01,49.7,2919,3.6566585393935837e-06,0.9996132962196496,0.9431340872374798
ac137bac82ffa8548e62bd9d01d2a14f,49.6,1,1,1,1.0,2017-05,2017-05,49.6,2921,3.6493010775436973e-06,0.9996169455207271,0.9434571890145396
42d4b7e70819438f5ada61c965e92d7e,49.6,1,3,1,1.0,2018-03,2018-03,49.6,2920,3.6493010775436973e-06,0.9996205948218047,0.9437802907915993
e0487761face83d64fcada2408959a36,49.25,2,2,1,4.5,2018-08,2018-08,24.625,2922,3.6235499610690946e-06,0.9996242183717657,0.9441033925686592
c963a25b8671419c6ce9eebe8fd03218,49.0,1,1,1,5.0,2018-05,2018-05,49.0,2925,3.6051563064443784e-06,0.9996278235280722,0.9444264943457189
d63f306de130e0391d38a792541723b8,49.0,1,1,1,5.0,2018-08,2018-08,49.0,2927,3.6051563064443784e-06,0.9996314286843787,0.9447495961227786
ce33c6211beaa8fef4cae8b52db39862,49.0,1,1,1,3.0,2017-02,2017-02,49.0,2926,3.6051563064443784e-06,0.9996350338406852,0.9450726978998385
1f7dfad2cb384ea4d2d7e1ffbd78c407,49.0,1,1,1,1.0,2018-05,2018-05,49.0,2923,3.6051563064443784e-06,0.9996386389969917,0.9453957996768982
2ef086a599b597572aca4433b7ed6b3d,49.0,1,1,1,5.0,2018-01,2018-01,49.0,2924,3.6051563064443784e-06,0.9996422441532982,0.945718901453958
29c322e3f09f886f8bacbe91dfbd979e,48.98,1,2,1,5.0,2018-08,2018-08,48.98,2928,3.6036848140744005e-06,0.9996458478381123,0.9460420032310177
417a1e6c7321084d2a0ae0d023cfad93,48.9,1,1,1,5.0,2018-01,2018-01,48.9,2929,3.5977988445944915e-06,0.9996494456369569,0.9463651050080776
5aaa890629f83706d8d9bfecd8377c1c,48.9,1,1,1,1.0,2017-09,2017-09,48.9,2930,3.5977988445944915e-06,0.9996530434358015,0.9466882067851373
2e2f44824ab87a0cb961f68bf4073e7f,48.0,1,1,1,2.0,2018-04,2018-04,48.0,2931,3.531581687945513e-06,0.9996565750174895,0.9470113085621971
a3fa18b3f688ec0fca3eb8bfcbd2d5b3,47.8,1,2,1,5.0,2018-04,2018-04,47.8,2933,3.5168667642457402e-06,0.9996600918842538,0.9473344103392569
513a54369b6a8a6602fcb0e129c6d78d,47.8,2,2,1,4.5,2018-08,2018-08,23.9,2932,3.5168667642457402e-06,0.999663608751018,0.9476575121163167
9d213f303afae4983637247556438ede,47.7,2,3,1,5.0,2018-07,2018-07,23.85,2934,3.509509302395854e-06,0.9996671182603204,0.9479806138933764
cad10cc982ab6a391570c211b995c17c,47.4,1,1,1,5.0,2018-04,2018-04,47.4,2936,3.4874369168461943e-06,0.9996706056972372,0.9483037156704361
ae9690c6e8fee182c28c9ff8e11ca52c,47.4,1,1,1,5.0,2016-10,2016-10,47.4,2935,3.4874369168461943e-06,0.999674093134154,0.948626817447496
baf15155e37ef5492731459bdc05be8a,47.0,1,1,1,5.0,2017-03,2017-03,47.0,2937,3.4580070694466484e-06,0.9996775511412235,0.9489499192245557
7494d0dcba8551df6cf37f1b905dc2f7,45.9,1,1,1,3.0,2018-05,2018-05,45.9,2938,3.377074989097897e-06,0.9996809282162126,0.9492730210016155
51e0557bc7b86de13e946c60ee91ce39,45.8,1,1,1,5.0,2017-05,2017-05,45.8,2939,3.3697175272480107e-06,0.9996842979337398,0.9495961227786753
8629a7efec1aab257e58cda559f03ba7,45.22,1,1,1,1.0,2018-02,2018-02,45.22,2940,3.327044248518669e-06,0.9996876249779884,0.9499192245557351
70ee69419916dc13e3aed619061f996c,45.0,1,1,1,3.0,2017-08,2017-08,45.0,2943,3.310857832448919e-06,0.9996909358358208,0.9502423263327948
2d8cfba3fcd3170555941605edaa196a,45.0,1,1,1,5.0,2017-03,2017-03,45.0,2941,3.310857832448919e-06,0.9996942466936533,0.9505654281098546
9c351405b754cc5ce3e2ecf277bb034a,45.0,1,1,1,1.0,2017-03,2017-03,45.0,2944,3.310857832448919e-06,0.9996975575514857,0.9508885298869144
3338e7a0710a195872be80e0d2423867,45.0,1,1,1,1.0,2017-04,2017-04,45.0,2942,3.310857832448919e-06,0.9997008684093182,0.9512116316639742
1f2eebc0e970fd3c463e4f5d9652687a,44.99,1,1,1,5.0,2018-08,2018-08,44.99,2945,3.31012208626393e-06,0.9997041785314044,0.9515347334410339
5a4236931428800e9d9cc04af0987118,44.97,1,3,1,5.0,2018-07,2018-07,44.97,2946,3.3086505938939526e-06,0.9997074871819983,0.9518578352180938
da3fede3469bf49b7293ce3fc45b294d,44.9,1,1,1,5.0,2018-03,2018-03,44.9,2948,3.3035003705990324e-06,0.9997107906823689,0.9521809369951535
5415337f1863452476d42d9f14a16a61,44.9,1,1,1,3.0,2018-08,2018-08,44.9,2947,3.3035003705990324e-06,0.9997140941827395,0.9525040387722132
e5545d4d4473876ea78c5bcebca365c3,44.5,1,1,1,5.0,2018-06,2018-06,44.5,2949,3.2740705231994865e-06,0.9997173682532627,0.952827140549273
cad9969167c09b48ae6f1d123f7fa68d,43.2,2,2,1,3.0,2018-07,2018-07,21.6,2950,3.1784235191509622e-06,0.9997205466767819,0.9531502423263328
ed49da7cadefc454d6a67de249eab240,43.0,2,2,1,3.0,2016-10,2016-10,21.5,2951,3.163708595451189e-06,0.9997237103853773,0.9534733441033926
05a48cc8859962767935ab9087417fbb,42.9,1,1,1,5.0,2018-08,2018-08,42.9,2952,3.1563511336013024e-06,0.9997268667365109,0.9537964458804523
4125d9385a25e82d2f72d3a0fd55bc3f,42.9,1,1,1,5.0,2018-08,2018-08,42.9,2953,3.1563511336013024e-06,0.9997300230876445,0.9541195476575122
749e7cdabbaf72f16677859e27874ba5,41.9,1,1,1,1.0,2017-09,2017-09,41.9,2956,3.0827765151024376e-06,0.9997331058641595,0.9544426494345719
3a3c180dd702a725bd0ba4117689239e,41.9,1,1,1,4.0,2018-05,2018-05,41.9,2954,3.0827765151024376e-06,0.9997361886406746,0.9547657512116317
6561d6bf844e464b4019442692b40e02,41.9,1,1,1,5.0,2018-08,2018-08,41.9,2955,3.0827765151024376e-06,0.9997392714171897,0.9550888529886914
b77a27b1864483e721dc831d5ba4afa0,41.8,2,2,2,3.5,2017-03,2017-05,20.9,2958,3.075419053252551e-06,0.9997423468362429,0.9554119547657512
a1ed30492b3b798bc121845bc4aa7366,41.8,1,2,1,3.0,2017-07,2017-07,41.8,2957,3.075419053252551e-06,0.9997454222552961,0.955735056542811
16bdc8cefd0e32a6f0824d296c5ad14a,41.76,1,1,1,5.0,2018-04,2018-04,41.76,2959,3.0724760685125966e-06,0.9997484947313646,0.9560581583198707
a213f1bd6458f4a158f3746cb2514559,41.52,1,1,1,5.0,2018-05,2018-05,41.52,2960,3.054818160072869e-06,0.9997515495495247,0.9563812600969306
9b1f656ca3060f8af17a50d8a024b533,41.0,2,2,2,5.0,2018-07,2018-08,20.5,2961,3.0165593584534593e-06,0.9997545661088831,0.9567043618739903
c200c73f9d7e5a08ca439d6a0803da7c,40.0,1,2,1,1.0,2017-05,2017-05,40.0,2962,2.9429847399545945e-06,0.999757509093623,0.9570274636510501
edb58a1390adf273840030a3d6253829,39.9,1,1,1,5.0,2018-08,2018-08,39.9,2965,2.935627278104708e-06,0.9997604447209012,0.9573505654281098
fedaedd3ca31d56ab33e92035e4b361c,39.9,1,1,1,4.0,2016-10,2016-10,39.9,2966,2.935627278104708e-06,0.9997633803481794,0.9576736672051697
d4828feed4cda2cd9d6b37899a95a71e,39.9,1,1,1,2.0,2018-08,2018-08,39.9,2963,2.935627278104708e-06,0.9997663159754575,0.9579967689822294
df683dfda87bf71ac3fc63063fba369d,39.9,1,1,1,1.0,2017-03,2017-03,39.9,2964,2.935627278104708e-06,0.9997692516027357,0.9583198707592891
7caa63f175b1cecbfaadd8b5ab9998c7,39.8,2,2,2,2.0,2018-01,2018-06,19.9,2967,2.928269816254821e-06,0.999772179872552,0.958642972536349
389e45560e33d2d0747f949dcddbc08e,39.0,1,1,1,5.0,2018-08,2018-08,39.0,2968,2.8694101214557298e-06,0.9997750492826735,0.9589660743134087
e595809a6c31ec4314fd06ef198c244d,39.0,1,1,1,5.0,2018-03,2018-03,39.0,2970,2.8694101214557298e-06,0.999777918692795,0.9592891760904685
c74f14c1e26cf1bd5bd34b6a1e274426,39.0,1,1,1,5.0,2018-01,2018-01,39.0,2969,2.8694101214557298e-06,0.9997807881029165,0.9596122778675282
0936e1837d0c79253456bbb2ffaaef10,38.9,1,2,1,5.0,2017-04,2017-04,38.9,2971,2.862052659605843e-06,0.9997836501555761,0.9599353796445881
2eeb6531ee027a48d401e72bebdd87d3,38.7,3,3,1,4.333333333333333,2017-02,2017-02,12.9,2972,2.8473377359060703e-06,0.999786497493312,0.9602584814216478
d7ab82074b5f1dfba46db123df101bff,38.67,2,3,1,4.333333333333333,2018-01,2018-01,19.335,2973,2.845130497351104e-06,0.9997893426238094,0.9605815831987076
e72b4feb7abe210c52aa667abc25a3a2,38.2,1,2,1,5.0,2017-06,2017-06,38.2,2974,2.810550426656638e-06,0.999792153174236,0.9609046849757674
ab75b89cc49c9ab3160d0c91565a442a,37.98,2,2,2,1.5,2017-07,2017-09,18.99,2975,2.794364010586887e-06,0.9997949475382466,0.9612277867528272
9200e6ce317b67196b6b0bad4d4bd567,36.9,1,1,1,3.0,2017-03,2017-03,36.9,2976,2.7149034226081133e-06,0.9997976624416692,0.9615508885298869
e116c7455dd26a4d8c3e92532583905f,36.76,1,2,1,4.0,2018-04,2018-04,36.76,2977,2.7046029760182723e-06,0.9998003670446453,0.9618739903069466
1d139e3a3b14025640d8df1b230aace0,36.49,2,2,2,3.5,2017-09,2017-11,18.245,2978,2.684737829023579e-06,0.9998030517824743,0.9621970920840065
67e43d802fde8cfd3f9580124f8167d1,36.0,2,3,1,1.0,2017-02,2017-02,18.0,2979,2.648686265959135e-06,0.9998057004687403,0.9625201938610662
baeda7047354773262ba2405f97038ba,35.0,1,1,1,5.0,2017-09,2017-09,35.0,2983,2.5751116474602702e-06,0.9998082755803878,0.962843295638126
3a52d63a8f9daf5a28f3626d7eb9bd28,35.0,1,1,1,1.0,2017-02,2017-02,35.0,2980,2.5751116474602702e-06,0.9998108506920352,0.9631663974151858
c716e0b86ed568878475b60fbb6323ad,35.0,1,1,1,5.0,2018-03,2018-03,35.0,2984,2.5751116474602702e-06,0.9998134258036827,0.9634894991922456
5206cc4bc2297c833e6061c49bf9c43f,35.0,1,1,1,1.0,2016-10,2016-10,35.0,2982,2.5751116474602702e-06,0.9998160009153302,0.9638126009693053
50c361bcf670d16f6df4d52de3dff924,35.0,1,1,1,1.0,2018-02,2018-02,35.0,2981,2.5751116474602702e-06,0.9998185760269777,0.9641357027463651
cb162c8eef257253782d245c08d9097c,34.99,1,1,1,5.0,2017-11,2017-11,34.99,2985,2.5743759012752815e-06,0.9998211504028789,0.9644588045234249
e6ffc9ac6a7adc9d16a1cfc2286dd546,34.99,1,1,1,1.0,2018-03,2018-03,34.99,2986,2.5743759012752815e-06,0.9998237247787801,0.9647819063004847
84deb808079d1be601c209c1e771b1cc,34.93,2,2,2,5.0,2017-09,2017-11,17.465,2987,2.5699614241653495e-06,0.9998262947402042,0.9651050080775444
c1d1ebb4745cc43cb6f05e9c8a705c9a,34.5,3,3,3,2.3333333333333335,2017-04,2017-11,11.5,2988,2.538324338210838e-06,0.9998288330645424,0.9654281098546043
66d5ae34537110d3affc56174dad2b2f,33.81,1,3,1,1.0,2018-07,2018-07,33.81,2989,2.487557851446621e-06,0.9998313206223939,0.965751211631664
bee36b4f9a2b9fdcaff6ec05df202ed0,33.8,2,2,2,3.0,2017-02,2017-03,16.9,2990,2.486822105261632e-06,0.9998338074444991,0.9660743134087237
41958cbd3335433c8740300e8cd600d5,32.99,1,1,1,5.0,2018-06,2018-06,32.99,2991,2.427226664277552e-06,0.9998362346711634,0.9663974151857835
539ed9e19811677513447759be5eccfc,32.83,2,2,2,3.0,2018-06,2018-08,16.415,2992,2.4154547253177335e-06,0.9998386501258888,0.9667205169628433
7d81e74a4755b552267cd5e081563028,32.5,1,1,1,4.0,2018-08,2018-08,32.5,2993,2.391175101213108e-06,0.99984104130099,0.9670436187399031
6bcb2352a2a0c38b845f598298ab9d26,31.8,2,2,2,3.0,2017-06,2017-09,15.9,2994,2.3396728682639025e-06,0.9998433809738583,0.9673667205169628
1a6245add4353f18ed55138808906979,30.0,1,1,1,3.0,2017-07,2017-07,30.0,2995,2.207238554965946e-06,0.9998455882124132,0.9676898222940227
d7f1cfc638473be93baedbfd02208016,30.0,1,1,1,5.0,2018-07,2018-07,30.0,2996,2.207238554965946e-06,0.9998477954509681,0.9680129240710824
fdf736c18c589ed030e058312203e1b2,30.0,1,1,1,5.0,2018-08,2018-08,30.0,2997,2.207238554965946e-06,0.9998500026895231,0.9683360258481422
9315e491484b1b0081ca166fc164108d,29.99,1,1,1,3.0,2018-07,2018-07,29.99,3000,2.206502808780957e-06,0.9998522091923319,0.9686591276252019
87b4428a334b8f676fd9a7f3bf544fb5,29.99,1,1,1,5.0,2018-08,2018-08,29.99,2999,2.206502808780957e-06,0.9998544156951407,0.9689822294022618
32f83ffe11cd40f7adcf4eef171f52d9,29.99,1,1,1,5.0,2017-11,2017-11,29.99,2998,2.206502808780957e-06,0.9998566221979495,0.9693053311793215
436bf27f2f18474fc6047702e9f8a866,29.9,1,1,1,5.0,2017-01,2017-01,29.9,3005,2.1998810931160594e-06,0.9998588220790425,0.9696284329563812
c43d924a0f1688ee9fae0efcd6f539d4,29.9,1,1,1,4.0,2016-10,2016-10,29.9,3007,2.1998810931160594e-06,0.9998610219601356,0.969951534733441
a09a13f18ed27932d08438aa6f12756e,29.9,1,1,1,3.0,2017-10,2017-10,29.9,3006,2.1998810931160594e-06,0.9998632218412287,0.9702746365105008
2078fe5066350e7d220c0ad3a3bbc6c1,29.9,1,1,1,2.0,2018-03,2018-03,29.9,3002,2.1998810931160594e-06,0.9998654217223217,0.9705977382875606
139157dd4daa45c25b0807ffff348363,29.9,1,1,1,4.0,2017-08,2017-08,29.9,3001,2.1998810931160594e-06,0.9998676216034148,0.9709208400646203
28a26ebce31d5918b181ede016fd693b,29.9,1,1,1,5.0,2018-08,2018-08,29.9,3003,2.1998810931160594e-06,0.9998698214845079,0.9712439418416802
3aa3c89ae3cd482385568be76120f63c,29.9,1,1,1,4.0,2018-06,2018-06,29.9,3004,2.1998810931160594e-06,0.9998720213656009,0.9715670436187399
c97aa4ee7420f937da13b7f9e2228b99,29.9,1,1,1,1.0,2018-08,2018-08,29.9,3008,2.1998810931160594e-06,0.999874221246694,0.9718901453957997
c0e0b73d039eb9a99b6ce4cb7a429cd3,29.88,1,1,1,5.0,2018-06,2018-06,29.88,3009,2.198409600746082e-06,0.9998764196562947,0.9722132471728594
7b3f6ce5c6c22e9b96e7581ebf0df6e1,29.8,1,1,1,3.0,2017-12,2017-12,29.8,3011,2.192523631266173e-06,0.999878612179926,0.9725363489499192
0336182e1b3e92f029d5354832045fdf,29.8,1,2,1,2.0,2016-10,2016-10,29.8,3010,2.192523631266173e-06,0.9998808047035573,0.972859450726979
9996ae921c50e8dff411ac69c0b4bb8b,29.700000000000003,2,3,1,2.3333333333333335,2017-10,2017-10,14.850000000000001,3012,2.1851661694162865e-06,0.9998829898697268,0.9731825525040387
72c73be2b085b9d57650dd53eb2004c9,29.4,1,1,1,5.0,2017-07,2017-07,29.4,3013,2.163093783866627e-06,0.9998851529635107,0.9735056542810986
15aec03fe4cf30dfa574cf550f5ff5ff,28.9,1,1,1,1.0,2017-02,2017-02,28.9,3014,2.1263064746171942e-06,0.9998872792699853,0.9738287560581583
1992f8fb6b19fcccd97ca819811e7267,28.8,1,1,1,1.0,2018-07,2018-07,28.8,3015,2.118949012767308e-06,0.9998893982189981,0.9741518578352181
c9d2ba8dde44a275ae06475ed1d2fafc,28.79,1,1,1,5.0,2017-02,2017-02,28.79,3016,2.1182132665823194e-06,0.9998915164322647,0.9744749596122778
999f6d9a1c7c81f43be44c6b7d076210,28.0,2,2,2,4.5,2017-01,2017-03,14.0,3017,2.060089317968216e-06,0.9998935765215827,0.9747980613893377
9f56a7a649097b166d8ed286ad86a15c,27.98,2,2,1,1.0,2017-11,2017-11,13.99,3018,2.058617825598239e-06,0.9998956351394084,0.9751211631663974
b026643914f651e8371425e5b8a1e780,27.9,1,1,1,5.0,2017-07,2017-07,27.9,3020,2.0527318561183294e-06,0.9998976878712645,0.9754442649434572
bf0d50a6410d487dc97d2baac0a8c0be,27.9,1,1,1,2.0,2018-05,2018-05,27.9,3021,2.0527318561183294e-06,0.9998997406031207,0.975767366720517
8b181ee5518df84f18f4e1a43fe07923,27.9,1,1,1,5.0,2018-05,2018-05,27.9,3019,2.0527318561183294e-06,0.9999017933349769,0.9760904684975767
80146bc52c4f6af5239b23de2a20262b,27.1,1,2,1,3.0,2017-02,2017-02,27.1,3022,1.993872161319238e-06,0.9999037872071381,0.9764135702746365
f1fdf2d13186575751aa25876536d85c,26.3,1,1,1,5.0,2018-03,2018-03,26.3,3023,1.935012466520146e-06,0.9999057222196046,0.9767366720516962
70c0fda4c313d87115644d39e62eec60,25.99,1,1,1,5.0,2018-08,2018-08,25.99,3024,1.9122043347854976e-06,0.9999076344239394,0.9770597738287561
c12d7463a579237ffb9248bd7cff378b,25.9,1,1,1,4.0,2016-10,2016-10,25.9,3025,1.9055826191205999e-06,0.9999095400065585,0.9773828756058158
3820c6537b3853be1a0687d5a60807ec,25.0,1,1,1,,2017-03,2017-03,25.0,3026,1.8393654624716216e-06,0.999911379372021,0.9777059773828756
7cb946b1ad19faebe28c3e86c2794ec3,25.0,1,1,1,5.0,2017-11,2017-11,25.0,3028,1.8393654624716216e-06,0.9999132187374835,0.9780290791599354
6c9875b2f94ba781186f0c1aed8d1687,25.0,2,4,2,5.0,2017-05,2017-08,12.5,3027,1.8393654624716216e-06,0.999915058102946,0.9783521809369952
3986c0b54f6b748b75e7bd4e092aa3e5,24.99,1,1,1,5.0,2018-08,2018-08,24.99,3030,1.8386297162866328e-06,0.9999168967326623,0.9786752827140549
38f276ca6e7cc95a6d1bb55ac9e5550f,24.99,1,1,1,5.0,2017-11,2017-11,24.99,3029,1.8386297162866328e-06,0.9999187353623785,0.9789983844911146
33fd411ed63a7c2f9005e3f065d9f85d,24.9,1,1,1,4.0,2018-04,2018-04,24.9,3032,1.8320080006217349e-06,0.9999205673703792,0.9793214862681745
1c83418358f249c9d6affa52d579db0e,24.9,1,1,1,5.0,2017-04,2017-04,24.9,3031,1.8320080006217349e-06,0.9999223993783798,0.9796445880452342
bd43e172d599bed47a85da877172ca8c,23.92,1,1,1,5.0,2018-07,2018-07,23.92,3033,1.7599048744928476e-06,0.9999241592832543,0.979967689822294
bcd2d7510d58e293f20fad6438c1b314,23.9,1,1,1,,2017-02,2017-02,23.9,3036,1.7584333821228701e-06,0.9999259177166364,0.9802907915993538
544863df86ed3b78a04e0820d41430ee,23.9,1,1,1,5.0,2018-07,2018-07,23.9,3035,1.7584333821228701e-06,0.9999276761500185,0.9806138933764136
43753b27d77860f1654aa72e251a7878,23.9,1,1,1,5.0,2017-09,2017-09,23.9,3034,1.7584333821228701e-06,0.9999294345834007,0.9809369951534733
2c54051840f19eca309a5423cf22df36,23.7,2,2,2,4.5,2017-12,2018-04,11.85,3037,1.7437184584230972e-06,0.9999311783018591,0.9812600969305331
58b98ccb79873e04eac4357cacc590d9,23.0,1,1,1,1.0,2018-08,2018-08,23.0,3038,1.6922162254738918e-06,0.9999328705180845,0.9815831987075929
5e063e85d44b0f5c3e6ec3131103a57e,22.9,1,1,1,5.0,2018-07,2018-07,22.9,3039,1.6848587636240053e-06,0.9999345553768482,0.9819063004846527
bc8c8d665ec4664d286be0d521722b19,22.5,1,1,1,2.0,2018-08,2018-08,22.5,3040,1.6554289162244594e-06,0.9999362108057643,0.9822294022617124
f9f68daa2af419d38f745478bcb3da1a,22.4,2,2,2,3.0,2017-01,2017-04,11.2,3041,1.6480714543745727e-06,0.9999378588772188,0.9825525040387723
eb1bf309f4f6af9a97e9ddac3fdbeabe,22.3,1,1,1,5.0,2018-05,2018-05,22.3,3042,1.6407139925246865e-06,0.9999394995912113,0.982875605815832
0bb27263628258b8111a0262769fa9db,22.2,1,1,1,5.0,2017-04,2017-04,22.2,3043,1.6333565306747998e-06,0.999941132947742,0.9831987075928917
34675b28b826facfde119785bf287dc1,21.99,1,1,1,4.0,2017-08,2017-08,21.99,3044,1.617905860790038e-06,0.9999427508536028,0.9835218093699515
f09b760d23495ac9a7e00d29b769007c,21.9,1,1,1,4.0,2016-10,2016-10,21.9,3045,1.6112841451251403e-06,0.999944362137748,0.9838449111470113
98f52e1020fe788c10c0418de4393fec,21.6,1,1,1,4.0,2017-08,2017-08,21.6,3046,1.5892117595754811e-06,0.9999459513495075,0.9841680129240711
afac9f6b0c4e5f0a7ee87e922cd0f873,20.99,1,1,1,1.0,2018-02,2018-02,20.99,3047,1.5443312422911733e-06,0.9999474956807498,0.9844911147011308
e64ddbe1cbcf4f2fc3092b7c481f3f9d,20.9,1,1,1,5.0,2018-03,2018-03,20.9,3048,1.5377095266262756e-06,0.9999490333902764,0.9848142164781907
e76ecc7e9a1a1e3c6df9d2a8261c423d,20.0,1,1,1,5.0,2017-08,2017-08,20.0,3050,1.4714923699772973e-06,0.9999505048826464,0.9851373182552504
e0b162a693bc7f9eab00f783a31d60ea,20.0,1,1,1,5.0,2018-05,2018-05,20.0,3049,1.4714923699772973e-06,0.9999519763750163,0.9854604200323102
455befea1bb853c75ccbca94cff26e5c,19.99,1,1,1,3.0,2018-06,2018-06,19.99,3051,1.4707566237923085e-06,0.9999534471316401,0.9857835218093699
bb7ad8a45c027be8ab075b8e465f8ca0,19.98,2,2,1,5.0,2018-07,2018-07,9.99,3052,1.47002087760732e-06,0.9999549171525177,0.9861066235864298
698624c6632eeba1774924dbea24c700,19.9,1,1,1,5.0,2018-04,2018-04,19.9,3056,1.4641349081274106e-06,0.9999563812874258,0.9864297253634895
0b46f784306be7200ca1700aa55d819f,19.9,1,1,1,5.0,2017-03,2017-03,19.9,3053,1.4641349081274106e-06,0.9999578454223339,0.9867528271405492
668bf321538e5072858eaef6087ce027,19.9,1,1,1,5.0,2018-02,2018-02,19.9,3055,1.4641349081274106e-06,0.999959309557242,0.9870759289176091
63bc58679c44e8a998792119fd7ad23e,19.9,1,1,1,1.0,2017-02,2017-02,19.9,3054,1.4641349081274106e-06,0.9999607736921501,0.9873990306946688
bac44fa8e13424950488659b5f765c41,19.9,1,1,1,5.0,2016-10,2016-10,19.9,3057,1.4641349081274106e-06,0.9999622378270582,0.9877221324717286
d93b8458c6fe139d85cfa5eadbf55bd2,19.9,1,1,1,5.0,2017-11,2017-11,19.9,3058,1.4641349081274106e-06,0.9999637019619663,0.9880452342487883
e174dc2de86d60fee178170a154c05e7,19.8,1,1,1,1.0,2017-08,2017-08,19.8,3060,1.4567774462775243e-06,0.9999651587394125,0.9883683360258482
bd65d163ded559eb90a10cd09fec178f,19.8,1,2,1,4.0,2017-08,2017-08,19.8,3059,1.4567774462775243e-06,0.9999666155168587,0.9886914378029079
8501d82f68d23148b6d78bb7c4a42037,19.7,1,1,1,1.0,2017-03,2017-03,19.7,3061,1.4494199844276376e-06,0.9999680649368432,0.9890145395799677
9d69ba0a7a626a64dc5db08e529559cf,19.3,1,1,1,5.0,2018-07,2018-07,19.3,3062,1.419990137028092e-06,0.9999694849269802,0.9893376413570275
82921991ff5b557b045605b8bbf08d49,18.9,1,1,1,5.0,2018-08,2018-08,18.9,3064,1.3905602896285458e-06,0.9999708754872698,0.9896607431340873
6c77cd583b36a13aacccf2b3ee23e233,18.9,1,1,1,5.0,2018-08,2018-08,18.9,3063,1.3905602896285458e-06,0.9999722660475594,0.989983844911147
ce4755084bc097113867e6454f8f5e52,18.9,1,1,1,5.0,2018-06,2018-06,18.9,3065,1.3905602896285458e-06,0.999973656607849,0.9903069466882067
804287717b9156fb7a787acd9af4fac1,18.8,1,1,1,5.0,2017-06,2017-06,18.8,3066,1.3832028277786595e-06,0.9999750398106768,0.9906300484652666
13e85aac53340018b40c2af68001b7e0,17.8,1,1,1,5.0,2016-10,2016-10,17.8,3067,1.3096282092797945e-06,0.9999763494388861,0.9909531502423263
eae9af4811c294c56795d70e715b7337,15.9,1,1,1,5.0,2017-10,2017-10,15.9,3068,1.1698364341319512e-06,0.9999775192753203,0.9912762520193861
f3862c2188522d89860c38a3ea8b550d,15.5,1,1,1,5.0,2018-05,2018-05,15.5,3069,1.1404065867324053e-06,0.999978659681907,0.9915993537964459
c3e2398fcc7e581cda2e546557bf6968,14.9,1,1,1,5.0,2018-06,2018-06,14.9,3072,1.0962618156330865e-06,0.9999797559437227,0.9919224555735057
20f0aeea30bc3b8c4420be8ced4226c0,14.9,1,1,1,,2017-02,2017-02,14.9,3070,1.0962618156330865e-06,0.9999808522055383,0.9922455573505654
b2f4d63c7203f539a78252565ca32257,14.9,1,1,1,5.0,2017-09,2017-09,14.9,3071,1.0962618156330865e-06,0.999981948467354,0.9925686591276252
a61cc04793308395a840807104365121,14.63,1,1,1,5.0,2018-05,2018-05,14.63,3073,1.076396668638393e-06,0.9999830248640227,0.992891760904685
6576fd3e23c88f0e5d4d23f39bba0542,14.5,1,1,1,1.0,2017-03,2017-03,14.5,3074,1.0668319682335406e-06,0.9999840916959909,0.9932148626817447
5b92bfa4120daa27c574daa2e386c693,14.0,1,1,1,3.0,2017-02,2017-02,14.0,3075,1.030044658984108e-06,0.9999851217406499,0.9935379644588045
fb503a924a0b9db19d83dd0ac6dbef8c,13.9,1,1,1,5.0,2017-05,2017-05,13.9,3076,1.0226871971342217e-06,0.9999861444278471,0.9938610662358643
6614814a00d344b846ae209f95ee7e3f,13.0,1,1,1,1.0,2017-06,2017-06,13.0,3077,9.564700404852432e-07,0.9999871008978876,0.9941841680129241
b5f0712d22a873b6797ab6cc65c3fcba,12.99,1,1,1,4.0,2018-08,2018-08,12.99,3078,9.557342943002547e-07,0.9999880566321818,0.9945072697899838
c1dde11f12d05c478f5de2d7319ad3b2,12.5,1,1,1,1.0,2018-08,2018-08,12.5,3081,9.196827312358108e-07,0.999988976314913,0.9948303715670436
9e25199f6ef7e7c347120ff175652c3b,12.5,1,1,1,4.0,2017-03,2017-03,12.5,3080,9.196827312358108e-07,0.9999898959976442,0.9951534733441034
7ab0dd5487bab2dc835337b244f689fb,12.5,1,1,1,5.0,2017-04,2017-04,12.5,3079,9.196827312358108e-07,0.9999908156803754,0.9954765751211632
3d62f86afa7c73be2628a3be1423f5a0,12.0,2,2,2,4.0,2017-12,2018-01,6.0,3082,8.828954219863783e-07,0.9999916985757974,0.9957996768982229
3ac588cd562971392504a9e17130c40b,11.9,1,1,1,5.0,2018-08,2018-08,11.9,3083,8.755379601364919e-07,0.9999925741137575,0.9961227786752828
cc1f04647be106ba74e62b21f358af25,11.9,1,1,1,1.0,2018-06,2018-06,11.9,3084,8.755379601364919e-07,0.9999934496517177,0.9964458804523425
344223b2a90784f64136a8a5da012e7f,10.9,1,1,1,2.0,2018-01,2018-01,10.9,3085,8.01963341637627e-07,0.9999942516150593,0.9967689822294022
95cca791657aabeff15a07eb152d7841,9.99,1,1,1,5.0,2018-06,2018-06,9.99,3086,7.3501043880366e-07,0.9999949866254981,0.997092084006462
c18309219e789960add0b2255ca4b091,9.9,1,1,1,5.0,2017-12,2017-12,9.9,3087,7.283887231387622e-07,0.9999957150142212,0.9974151857835218
0f94588695d71662beec8d883ffacf09,9.0,1,1,1,5.0,2017-03,2017-03,9.0,3088,6.621715664897837e-07,0.9999963771857877,0.9977382875605816
4965a7002cca77301c82d3f91b82e1a9,8.49,1,1,1,5.0,2018-04,2018-04,8.49,3089,6.246485110553627e-07,0.9999970018342987,0.9980613893376413
ad14615bdd492b01b0d97922e87cb87f,8.25,1,1,1,5.0,2017-02,2017-02,8.25,3090,6.069906026156351e-07,0.9999976088249014,0.9983844911147012
34aefe746cd81b7f3b23253ea28bef39,8.0,1,1,1,1.0,2017-05,2017-05,8.0,3091,5.885969479909189e-07,0.9999981974218494,0.9987075928917609
702835e4b785b67a084280efca355756,7.6,1,1,1,5.0,2017-02,2017-02,7.6,3092,5.59167100591373e-07,0.99999875658895,0.9990306946688207
1fa2d3def6adfa70e58c276bb64fe5bb,6.9,1,1,1,1.0,2018-08,2018-08,6.9,3093,5.076648676421676e-07,0.9999992642538176,0.9993537964458804
77128dec4bec4878c37ab7d6169d6f26,6.5,1,1,1,5.0,2017-03,2017-03,6.5,3094,4.782350202426216e-07,0.9999997424888378,0.9996768982229403
cf6f6bc4df3999b9c6440f124fb2f687,3.5,1,1,1,5.0,2017-05,2017-05,3.5,3095,2.57511164746027e-07,1.0000000000000027,1.0
