seller_id,first_sale_date,last_sale_date,total_gmv_proxy,total_orders,active_months,days_since_last_sale,days_since_first_sale,lifecycle_segment,value_tier
0015a82c2db000af6aaaf3ae2ecb0532,2017-09-26 22:17:05,2017-10-18 08:16:34,2685.0,3,2,320,387,dormant,core
001cca7ae9ae17fb1caed9dfb1094831,2017-02-04 19:06:04,2018-07-12 21:38:26,25080.03,200,17,52,152,established,high_value
001e6ad469a905060d959994f1b41e4f,2018-08-07 22:50:37,2018-08-07 22:50:37,250.0,1,1,26,702,activated,core
002100f778ceb8431b7a1020ff7ab48f,2017-09-14 01:00:31,2018-04-12 12:58:23,1234.5,51,8,143,374,dormant,core
003554e2dce176b5555353e4f3555ac8,2017-12-15 06:52:25,2017-12-15 06:52:25,120.0,1,1,262,466,dormant,long_tail
004c9cd9d87a3c30c522c48c4fc07416,2017-01-27 10:34:34,2018-05-03 11:13:38,19712.71,158,17,122,144,dormant,high_value
00720abe85ba0859807595bbf045a33b,2018-01-27 13:46:31,2018-08-03 16:57:01,1007.5,13,8,30,509,established,core
00ab3eff1b5192e5f1a63bcecfee11c8,2017-03-18 11:40:26,2017-03-18 11:40:26,98.0,1,1,533,194,dormant,long_tail
00d8b143d12632bad99c0ad66ad52825,2018-03-21 11:17:37,2018-03-21 11:17:37,86.0,1,1,165,562,dormant,long_tail
00ee68308b45bc5e2660cd833c3f81cc,2017-09-19 01:02:44,2018-08-09 20:45:10,20260.0,135,12,24,379,established,high_value
00fc707aaaad2d31347cf883cd2dfe10,2018-01-31 15:33:18,2018-06-13 16:19:00,12684.9,103,6,81,513,at_risk,high_value
010543a62bd80aa422851e79a3bc7540,2017-07-04 17:54:07,2017-08-02 13:49:39,1416.0,2,2,396,302,dormant,core
010da0602d7774602cd1b3f5fb7b709e,2018-06-06 18:37:14,2018-06-06 18:37:14,849.5,1,1,88,639,at_risk,core
011b0eaba87386a2ae96a7d32bb531d1,2016-10-06 07:08:15,2016-10-06 07:08:15,99.98,1,1,697,31,dormant,long_tail
01266d4c46afa519678d16a8b683d325,2018-08-02 16:07:38,2018-08-20 19:14:26,90.25,3,1,13,696,activated,long_tail
013900e863eace745d3ec7614cab5b1a,2017-03-04 10:02:28,2018-04-13 16:35:16,1619.7,23,7,142,180,dormant,core
014c0679dd340a0e338872e7ec85666a,2017-01-26 00:20:22,2018-07-04 23:17:21,7058.0,14,12,60,143,established,high_value
014d9a685fd57276679edd00e07089e5,2017-11-21 13:22:00,2018-08-17 13:13:21,729.88,11,5,16,442,growing,core
0176f73cc1195f367f7b32db1e5b3aa8,2017-11-16 17:42:52,2018-08-13 17:54:44,4733.1,38,9,20,437,established,high_value
01bcc9d254a0143f0ce9791b960b2a47,2017-08-12 16:25:03,2018-02-02 10:03:35,1521.21,11,5,212,341,dormant,core
01c97ebb5cdac52891c0ed1c37ba0012,2017-04-13 23:47:01,2018-07-31 19:13:20,577.5,9,6,33,221,growing,core
01cf7e3d21494c41fb86034f2e714fa1,2016-10-06 18:03:01,2018-02-26 09:41:21,9729.36,61,10,188,31,dormant,high_value
01ed254b9ff8407dfb9d99ba1e17d923,2017-08-04 10:33:43,2017-11-08 20:24:38,1465.99,5,4,298,333,dormant,core
01fd077212124329bac32490e8ef80d9,2018-04-16 10:44:09,2018-08-24 17:52:59,1208.0,31,5,9,588,growing,core
01fdefa7697d26ad920e9e0346d4bd1b,2017-04-26 15:57:39,2018-08-20 21:50:59,14921.43,129,17,13,233,established,high_value
0241d4d5d36f10f80c644447315af0bd,2017-10-08 19:00:03,2018-08-28 15:11:49,31397.7,238,11,5,398,established,high_value
0249d282d911d23cb8b869ab49c99f53,2017-09-18 20:48:19,2018-03-22 22:37:56,393.0,11,4,164,378,dormant,core
024b564ae893ce8e9bfa02c10a401ece,2016-10-05 12:41:38,2017-02-12 18:46:20,706.4000000000001,2,2,567,30,dormant,core
028872bfa080090a9d0abd4f1af168f8,2017-08-19 09:10:45,2017-08-19 09:10:45,70.5,1,1,379,348,dormant,long_tail
02a2272692e13558373c66db98f05e2e,2017-02-06 15:33:57,2017-03-08 11:51:41,54.98,2,2,543,154,dormant,long_tail
02b72cdeb9cfcc429f1af6f4e3f3b737,2018-07-25 21:20:47,2018-08-22 20:09:46,522.65,4,2,11,689,activated,core
02c988090b766852e088c69d7fb3b551,2017-07-16 12:39:50,2018-08-15 09:44:30,1618.65,13,12,18,314,established,core
02d35243ea2e497335cd0f076b45675d,2017-04-29 22:33:10,2018-08-02 17:53:47,5794.0,14,8,31,237,established,high_value
02dcd3e8e25bee036e32512bcf175493,2017-10-28 12:09:33,2018-08-22 16:20:30,1491.9,14,6,11,418,established,core
02ecc2a19303f05e59ce133fd923fff7,2017-06-18 18:04:34,2018-08-21 20:13:02,5264.19,21,11,12,286,established,high_value
02f5837340d7eb4f653d676c7256523a,2017-11-01 20:55:07,2018-08-08 14:13:58,3883.05,30,8,25,422,established,core
02f623a8eb246f3c5f7c2f96462654e6,2018-04-25 15:13:02,2018-08-22 23:52:12,6378.0,44,5,11,597,growing,high_value
0307f7565ff85b299b6e5ef162b1b1a9,2016-10-10 18:09:39,2017-05-25 07:49:44,4728.8,7,4,466,35,dormant,high_value
0336182e1b3e92f029d5354832045fdf,2016-10-05 19:09:33,2016-10-05 19:09:33,29.8,1,1,697,30,dormant,long_tail
034b9387752bfa309f350a70cd45ffa3,2018-04-11 15:53:57,2018-08-22 16:05:04,96.0,8,4,11,583,growing,long_tail
038b75b729c8a9a04b0d07cba7eabe86,2018-04-20 12:29:17,2018-04-22 18:42:38,467.0,2,1,133,592,dormant,core
039b29ff3b3473435d0cd59040575de9,2018-04-26 11:32:03,2018-08-23 13:56:52,114.9,9,5,10,598,growing,long_tail
039e6ad9dae79614493083e241147386,2018-04-03 11:35:18,2018-07-10 20:53:38,12925.0,5,3,54,575,growing,high_value
03a2a6dcbe45d639c4dc2a0d24769c40,2018-03-13 08:11:07,2018-08-15 18:21:14,1078.41,9,4,18,554,growing,core
03bd479e1d9484cdb14104d3023f7321,2018-05-09 17:37:03,2018-07-24 17:28:41,359.70000000000005,3,2,40,611,activated,core
0417b067eeab773d2f7061a726dc477f,2018-03-01 20:13:18,2018-08-20 12:38:56,1859.18,13,5,13,542,growing,core
042573af89b6d931f672efaf789d8358,2018-01-21 17:44:36,2018-02-11 13:08:02,413.48,3,2,203,503,dormant,core
04308b1ee57b6625f47df1d56f00eedf,2017-11-14 16:57:33,2018-08-12 00:13:50,60130.6,94,9,22,435,established,high_value
0432ead42b6c8a0bdf68154add917fdf,2017-04-02 16:31:42,2018-07-27 18:03:57,7792.1,85,14,37,209,established,high_value
044668ccd5316b12a7cf0d54a156e3e9,2018-08-08 17:54:25,2018-08-20 21:07:24,137.8,3,1,13,702,activated,long_tail
04843805947f0fc584fc1969b6e50fe7,2018-08-05 14:55:14,2018-08-05 14:55:14,1400.0,1,1,28,699,activated,core
048c2757535328e0d7dac690ad3c0aae,2017-03-04 15:23:15,2018-08-21 16:31:46,9264.78,51,17,12,180,established,high_value
04aa0a1c5ce6b222003403a3e11c3cc0,2017-03-22 17:10:13,2018-01-24 11:40:28,5518.0,11,7,221,198,dormant,high_value
04aba03279157f6d4e0fe8ccaf21963c,2017-05-10 11:51:13,2018-08-26 13:25:25,2575.9,16,11,7,247,established,core
04e38a233f726ef161074ab1c9b0399a,2017-09-15 00:53:25,2018-05-05 21:12:28,1352.2,23,7,120,375,dormant,core
04ee0ec01589969663ba5967c0e0bdc0,2018-08-21 11:29:05,2018-08-21 11:29:05,289.49,1,1,12,715,activated,core
04fdea0c111866e6cf812f1570d6b5bd,2017-10-14 09:11:45,2018-01-31 13:57:40,1055.0,10,4,214,404,dormant,core
0509040ea3fe50071181bbc359eb7738,2017-05-03 14:22:02,2018-08-02 12:05:18,3737.95,89,16,31,240,established,core
052577151711aec5c744fe12e66db3e1,2017-10-26 18:35:40,2017-12-20 12:01:34,2748.0,4,3,256,416,dormant,core
054694fa03fe82cec4b7551487331d74,2017-01-07 17:20:56,2018-04-09 16:57:00,9983.1,21,10,146,124,dormant,high_value
056b4ada5bbc2c50cc7842547dda6b51,2017-12-01 10:20:48,2018-08-23 13:21:08,12333.390000000001,65,9,10,452,established,high_value
0570350b23eda5444f8d1d9544932058,2018-04-12 23:43:37,2018-05-22 20:17:22,626.9,6,2,103,585,dormant,core
05730013efda596306417c3b09302475,2018-07-06 18:37:58,2018-08-22 20:16:37,952.0,4,2,11,669,activated,core
058cb5aeb36d7c0fcae20fc85d5e0a59,2017-09-25 22:41:26,2018-08-14 23:23:38,1328.0,12,7,19,386,established,core
058fd0aa2bfdb2274e05e1ae971dabb6,2017-08-03 11:36:18,2018-06-07 19:45:30,7667.9,61,11,87,332,at_risk,high_value
05a48cc8859962767935ab9087417fbb,2018-08-02 12:05:38,2018-08-02 12:05:38,42.9,1,1,31,696,activated,long_tail
05a940b4ecae36cadfd8e93bd9c43257,2017-07-16 17:22:22,2018-02-19 15:20:06,952.0,10,6,195,314,dormant,core
05aebce0b5c8f0d41b29b686f2d05fd3,2018-03-05 16:24:44,2018-08-10 16:15:34,74.99000000000001,2,2,23,546,activated,long_tail
05ca864204d09595ae591b93ea9cf93d,2018-08-16 09:18:25,2018-08-16 09:18:25,179.9,1,1,17,710,activated,core
05d2173d43ea568aa0540eba70d2ca76,2017-09-27 12:01:09,2018-08-12 20:44:16,5759.66,62,11,21,387,established,high_value
05e107217c7266362fd44b75b2cd4cc4,2018-06-29 23:02:10,2018-08-21 05:26:43,193.38,5,2,13,663,activated,core
05f51e13da97139648b8125c31e5f51b,2017-07-10 16:09:38,2018-03-23 10:44:18,13769.01,60,8,163,308,dormant,high_value
05feb94f19d094d4b0f9281f0b1d4c99,2017-08-14 08:05:48,2018-02-18 18:26:06,9353.0,6,6,196,343,dormant,high_value
05ff92fedb5be47920fea08e501238b9,2016-10-04 16:02:18,2018-08-07 21:31:29,21992.78,59,19,26,29,new,high_value
062c325cd6a2b87845fab56b4ec2eeae,2018-05-07 11:48:13,2018-08-01 21:33:30,133.22,2,2,32,609,activated,long_tail
062ce95fa2ad4dfaedfc79260130565f,2017-01-26 18:48:30,2017-09-10 00:14:56,7521.0,55,9,358,143,dormant,high_value
06532f10282704ef4c69168b914b77be,2017-03-03 14:12:45,2017-08-18 16:26:37,10220.5,8,6,380,179,dormant,high_value
06579cb253ecd5a3a12a9e6eb6bf8f47,2017-08-03 17:47:10,2018-08-11 21:27:06,4727.2,62,13,22,332,established,high_value
066a6914e1ebf3ea95a216c73a986b91,2016-10-06 17:10:05,2018-08-10 12:12:35,9410.380000000001,68,19,23,31,established,high_value
0691148aee60ca47977c187804f935ae,2017-11-24 15:13:24,2018-08-27 08:56:49,5868.51,47,10,7,445,established,high_value
0692610d8abe24f287e9fae90ea0bbee,2018-06-02 11:14:09,2018-08-22 15:45:32,173.99,4,3,11,635,growing,core
06a2c3af7b3aee5d69171b0e14f0ee87,2018-01-19 09:51:37,2018-08-22 11:49:11,36408.95,392,8,11,501,established,high_value
06bb3a2fe5e7b7a845b13e8fb91bd944,2017-09-11 08:09:15,2018-07-04 22:45:03,1536.19,17,10,60,371,established,core
06df0c10d34e459d9672bc77388742eb,2018-03-16 13:58:32,2018-08-06 19:44:03,9070.0,26,6,27,557,established,high_value
06e5eefc71ec47ae763c5c6f8db7064f,2017-04-25 16:33:00,2018-08-22 17:14:07,22188.56,92,17,11,232,established,high_value
07017df32dc5f2f1d2801e579548d620,2017-03-08 15:00:44,2018-07-29 21:34:43,946.49,8,3,35,184,growing,core
070d165398b553f3b4b851c216b8a358,2017-08-24 10:29:36,2018-08-16 14:21:35,3393.16,32,12,17,353,established,core
0725b8c0f3f906e58f70cbe76b7c748c,2017-01-20 17:23:00,2018-08-07 17:41:54,2190.3,17,7,26,137,established,core
0743a0239d764b9a0f959a57d07e36ab,2018-07-24 10:50:34,2018-08-04 17:01:32,336.96,4,2,29,687,activated,core
0747d5bb69f0586cc869d8af4c50f93e,2016-10-06 13:39:20,2017-06-25 17:54:26,346.59999999999997,14,6,434,31,dormant,core
0761743cbffb25d7148189e9f1a5f03a,2017-11-30 09:38:21,2018-02-02 18:42:02,241.2,3,3,212,451,dormant,core
077c5fae4bea9500e3737b16f71b9d3a,2017-09-19 12:44:23,2018-06-22 13:20:25,106.80000000000001,4,4,72,379,at_risk,long_tail
0791d9fc1e30678ecf03d3e55fa108d3,2018-05-15 14:03:08,2018-07-24 16:03:03,842.0,5,3,40,617,growing,core
079d295dcbf06ee8bb1b65ba964eb2b6,2018-06-25 12:37:03,2018-08-09 20:00:05,349.3,5,3,24,658,growing,core
07a9bc7f61396b658ddf3ac534efe44c,2017-06-26 11:44:22,2017-06-26 11:44:22,119.9,1,1,433,294,dormant,long_tail
07bf9669d84d1f11be443a9dd938f698,2017-03-08 16:34:25,2018-06-27 09:01:34,1776.0,18,10,68,184,at_risk,core
07d75e33f2750d97d467fb57e4dfdd8a,2018-03-06 09:17:21,2018-05-07 09:49:04,722.4,2,2,118,547,dormant,core
07de60b03d150fb3ea09eab5da5e4c8b,2018-01-31 23:06:27,2018-08-18 20:44:06,719.1,9,5,15,514,growing,core
07e8e8fc5222bb358e6f259da3197074,2018-02-21 06:27:09,2018-08-08 22:13:19,51.8,2,2,25,534,activated,long_tail
080102cd0a76b09e0dcf55fcacc60e05,2017-07-23 11:22:00,2018-08-26 16:26:52,5716.78,124,13,7,321,established,high_value
080199a181c46c657dc5aa235411be3b,2017-09-20 05:02:16,2018-08-24 11:43:17,14504.2,79,12,9,380,established,high_value
08061dc0fc165ed41288cc7acde738ee,2017-03-23 00:48:00,2017-11-14 12:48:34,123.80000000000001,4,4,292,199,dormant,long_tail
08084d990eb3f53af056ccbc1730c8a7,2018-02-08 07:04:45,2018-08-14 20:56:45,372.5,12,5,19,521,growing,core
081acf3de680d554796c9cf041be7bc2,2017-11-27 14:39:18,2018-05-23 18:30:11,1597.3,4,4,102,448,dormant,core
082e0bf4cb865a6533b1e8e498cc0255,2017-10-29 13:42:54,2018-08-17 07:09:44,2073.3,11,7,17,419,established,core
085f6f7e049c996695fb2074fe38d45e,2018-02-26 14:22:19,2018-05-02 15:25:10,305.4,6,4,123,539,dormant,core
08633c14ef2db992c11f840f04fad4cd,2017-12-13 09:15:58,2018-08-24 14:57:19,7644.3,74,9,9,464,established,high_value
0873d9f8f36123f8d910f4760e788cfb,2018-05-07 20:22:07,2018-08-14 14:19:51,7265.59,6,4,19,609,growing,high_value
0885aaf116795758dfeb5f1032487bcd,2017-12-14 21:06:57,2018-08-19 17:17:45,2648.0,28,8,14,465,established,core
0887a9f087bcd5d9f6642b52f897fc6c,2017-02-02 15:22:02,2017-08-05 13:51:38,1642.0,12,7,393,150,dormant,core
08ad4ac1388e4420ca531c3edfc46198,2018-06-11 19:55:25,2018-08-18 18:52:16,221.61999999999998,6,3,15,644,growing,core
08cdbae123ff67ca4e36d9d641ce0119,2018-02-20 08:12:25,2018-07-29 15:29:19,3098.99,4,2,35,533,activated,core
08d0949a9a17c027262db1f3c450c26c,2017-08-21 13:38:52,2018-08-23 00:54:22,324.8,12,7,11,350,established,core
08d1c9478fb0d7d7fcac9c0da4e82fc7,2018-06-12 08:29:53,2018-06-12 08:29:53,538.0,1,1,83,645,at_risk,core
08d2d642cf72b622b14dde1d2f5eb2f5,2017-02-12 21:40:53,2017-12-06 08:31:25,914.0,17,8,271,161,dormant,core
08f5819815f3d06545011850bd70f0a8,2018-06-21 00:56:22,2018-08-12 16:01:35,452.0,3,2,21,654,activated,core
091065b789659bc3cd9af9cb3a6253ff,2017-10-15 13:01:37,2018-01-18 17:13:29,1359.0,2,2,227,405,dormant,core
0936e1837d0c79253456bbb2ffaaef10,2017-04-11 22:09:31,2017-04-11 22:09:31,38.9,1,1,509,219,dormant,long_tail
093805f8f2aeb63881444571e1f48f30,2017-08-31 20:38:35,2018-01-30 12:01:37,1215.79,22,6,215,360,dormant,core
094ced053e257ae8cae57205592d6712,2018-04-04 20:43:55,2018-07-30 10:59:07,1519.2,19,4,34,576,growing,core
0951a6e282947e09cd47969f4ed0b47f,2018-07-26 09:25:14,2018-08-27 14:39:21,492.3,7,2,6,689,activated,core
09883d9ab71c8fe8a9bfc7fc3075b07e,2017-04-25 17:46:45,2017-11-24 10:37:12,329.5,5,4,282,232,dormant,core
099095b050cfe8eb1ddff5317587e96e,2017-12-16 09:01:56,2018-08-13 18:43:30,5193.83,17,6,20,467,established,high_value
09bad886111255c5b5030314fc7f1a4a,2018-08-08 18:25:48,2018-08-27 19:37:48,487.5,5,1,6,702,activated,core
09f952a5f58d2285b0372551ae8f9b01,2017-09-15 09:24:57,2018-08-24 22:21:24,11821.5,50,12,9,375,established,high_value
0a198e95d32b1be2da9424c962a6ebfa,2018-06-13 12:09:56,2018-06-13 12:09:56,69.99,1,1,81,646,at_risk,long_tail
0a82f5fb06a4fe4ac2cf7cb412ec71b8,2018-02-03 13:14:01,2018-03-31 12:09:05,462.0,2,2,155,516,dormant,core
0a85ebe4e328db81ac9109781205e2f7,2018-05-11 10:18:31,2018-08-24 15:40:41,667.9,12,3,9,613,growing,core
0aa124728afc1131dff5655f4c6f487b,2018-07-16 10:15:36,2018-08-13 12:56:01,850.92,2,2,20,679,activated,core
0aa2205ca24f113f4658a5c536667426,2018-04-18 11:16:54,2018-08-14 17:39:49,815.62,4,3,19,590,growing,core
0ac4201fda2c68ebc0e47cb9423cf3c9,2017-06-19 08:18:34,2018-06-17 13:20:11,1676.88,13,8,77,287,at_risk,core
0ad80de75c811326389cfb1daba7d45e,2017-10-19 08:38:00,2018-01-05 20:37:59,1449.3999999999999,6,4,240,409,dormant,core
0adac9fbd9a2b63cccaac4f8756c1ca8,2017-01-22 20:25:54,2018-08-16 20:56:16,15960.95,110,19,17,139,established,high_value
0ade5cc4a305ed7093a23f68ca47519c,2017-11-24 09:11:25,2018-01-21 14:20:45,158.88,2,2,224,445,dormant,long_tail
0aea4c6ae1505b3228ddf3dd7822ee5b,2017-10-09 20:23:13,2018-04-30 07:04:12,1427.91,8,6,126,399,dormant,core
0af2ab31141893d26aca5a404a537dab,2018-08-23 22:37:44,2018-08-23 22:37:44,59.0,1,1,10,718,activated,long_tail
0af977692321d895349eded183341d28,2018-04-01 02:54:21,2018-08-20 16:20:58,257.75,2,2,13,573,activated,core
0afccdb8a34ee5c79f7c06faf2b4d56e,2017-04-05 11:04:33,2018-04-07 13:48:17,1225.5,25,10,148,212,dormant,core
0b09101900100c0e9d312861fad5a1b9,2017-01-27 14:59:17,2017-01-27 14:59:17,153.75,1,1,583,144,dormant,long_tail
0b0ddbc7b9d9584f442c7ac92b0ff6c9,2018-03-30 20:29:47,2018-06-04 23:21:42,1416.76,3,3,90,571,at_risk,core
0b18d63d0cd1d723567903fd34a07df2,2017-04-11 14:30:03,2018-06-12 23:52:24,1678.1399999999999,9,6,82,218,at_risk,core
0b1ca3ef18a63d7eb0c8897fa0849c08,2018-04-12 00:10:10,2018-04-12 00:10:10,55.0,1,1,144,584,dormant,long_tail
0b35c634521043bf4b47e21547b99ab5,2017-12-07 11:06:04,2018-08-12 02:11:20,13533.65,51,9,22,458,established,high_value
0b36063d5818f81ccb94b54adfaebbf5,2017-01-30 21:44:49,2017-01-30 21:44:49,765.0,1,1,580,148,dormant,core
0b3f27369a4d8df98f7eb91077e438ac,2017-11-13 15:19:44,2017-11-22 18:38:11,146.51,2,1,284,434,dormant,long_tail
0b46f784306be7200ca1700aa55d819f,2017-03-19 08:36:36,2017-03-19 08:36:36,19.9,1,1,533,195,dormant,long_tail
0b64bcdb0784abc139af04077d49a20e,2018-04-06 19:54:30,2018-07-13 10:56:30,137.6,4,4,51,578,growing,long_tail
0b90b6df587eb83608a64ea8b390cf07,2017-10-24 14:48:29,2018-08-16 22:03:02,28592.32,164,11,17,414,established,high_value
0bae85eb84b9fb3bd773911e89288d54,2017-03-24 21:48:54,2018-08-21 20:24:33,7482.21,137,17,12,201,established,high_value
0bb27263628258b8111a0262769fa9db,2017-04-01 17:24:26,2017-04-01 17:24:26,22.2,1,1,519,208,dormant,long_tail
0bb738e4d789e63e2267697c42d35a2d,2017-02-01 12:59:24,2018-06-20 06:58:43,2388.3,30,13,75,149,at_risk,core
0be8ff43f22e456b4e0371b2245e4d01,2017-05-09 10:57:58,2018-08-29 10:22:35,11805.5,161,16,4,246,established,high_value
0bebbb2cea103a4a020c95d43fd7d754,2018-06-30 19:07:30,2018-08-28 12:48:50,1367.2,9,3,5,663,growing,core
0bf0150d5b9d60d9cd2906003332f085,2017-02-16 23:15:22,2018-07-14 14:08:11,5774.6,39,14,50,165,established,high_value
0bfd0b434243adc5c2e1aa6baf19c6aa,2017-10-23 22:16:49,2018-02-03 23:27:28,371.20000000000005,6,4,211,414,dormant,core
0c7533c71df861ec58ad7ff999ed0e8d,2017-07-11 23:14:57,2018-07-28 10:25:00,2989.2999999999997,61,12,36,310,established,core
0c7f30ae9b147eca07affbef92832a6a,2017-03-03 11:02:44,2017-04-17 20:12:02,479.5,5,2,503,179,dormant,core
0c8380b62e38e8a1e6adbeba7eb9688c,2016-10-04 17:25:09,2018-08-21 10:38:28,17348.79,182,18,12,29,new,high_value
0cab2da43793a6f3c5ed8514c5f54627,2018-05-11 10:26:01,2018-07-27 10:30:54,309.70000000000005,3,3,37,613,growing,core
0cbcee27c791afa0cdcb08587a2013a8,2016-10-09 15:39:56,2018-07-14 18:39:58,5324.15,39,17,50,34,established,high_value
0d33a55da925bbf1ff02af5f6059fc7f,2017-11-09 12:56:00,2018-08-01 12:32:19,547.3,22,8,32,430,established,core
0d4c8269e7f0401201794deef160edd6,2017-10-17 22:36:32,2017-11-07 17:17:18,792.64,3,2,299,408,dormant,core
0d83f8e03188682112cc0d93523705cc,2017-11-14 09:05:04,2018-01-22 11:52:53,696.26,4,3,223,435,dormant,core
0d85bbda9889ce1f7e63778d24f346eb,2017-03-22 17:40:51,2018-03-27 07:30:38,4845.2,51,12,160,198,dormant,high_value
0daf5180aa44356f60f8effa533b55a2,2018-07-30 12:19:23,2018-08-20 14:16:35,144.8,2,2,13,693,activated,long_tail
0db783cfcd3b73998abc6e10e59a102f,2016-10-08 20:02:32,2018-04-07 15:24:30,9077.4,132,17,148,33,dormant,high_value
0dd184061fb0eaa7ca37932c68ab91c5,2017-12-04 19:18:09,2018-08-16 13:52:25,18446.92,161,9,17,455,established,high_value
0ddefe3c7a032b91f4e25b9c3a08fca1,2018-04-12 15:09:11,2018-08-24 12:41:33,402.9,9,5,9,584,growing,core
0df3984f9dfb3d49ac6366acbd3bbb85,2017-03-12 09:25:41,2018-06-17 15:32:09,10021.49,87,16,77,188,at_risk,high_value
0dfbed20065e425d2eaefb101f9816c0,2018-05-12 23:13:36,2018-06-04 21:18:04,84.35,3,2,90,615,at_risk,long_tail
0e44d110fa6a54e121cb2c095a77762f,2017-08-04 06:36:20,2018-06-13 00:02:17,223.32,6,5,82,333,at_risk,core
0e72c1a751b496722a6cb1f10653b62a,2018-05-11 00:18:02,2018-07-30 21:42:57,140.8,3,3,34,613,growing,long_tail
0e982cff76cc0579f632cea8a0e38c9d,2017-09-26 12:57:49,2018-04-03 07:28:21,1307.34,7,5,153,386,dormant,core
0ea22c1cfbdc755f86b9b54b39c16043,2016-10-06 18:50:25,2018-08-22 18:03:39,10711.7,237,20,11,31,established,high_value
0eaa7e33d73809f1f925f7d07c506cbd,2017-04-10 10:28:48,2018-08-27 17:01:43,1552.0,15,11,6,217,established,core
0ebd97a106433a45a4aebe57c1799778,2017-05-16 09:12:37,2018-07-13 21:05:56,3046.8,31,14,51,253,established,core
0ec28cec4046a4a199b6de9b4c891d97,2018-04-22 15:59:19,2018-05-17 14:47:11,296.6,3,2,108,594,dormant,core
0ed6ce5d87fd9c69eaacaeb778d67235,2017-10-05 17:40:46,2018-08-21 11:40:08,2141.42,43,11,12,395,established,core
0ee4fb99ac55ffbbc98795aa01b7f8fa,2017-05-01 10:30:43,2017-05-01 10:30:43,59.9,1,1,489,238,dormant,long_tail
0ef83d7d83ed97cd2a0049ac8be5f88a,2017-11-24 11:01:15,2018-08-28 13:29:17,4421.01,48,10,5,445,established,core
0f0c984a4a955310903b6b6008660bad,2018-04-24 18:30:34,2018-05-27 10:25:22,369.81,4,2,98,596,dormant,core
0f519b0d2e5eb2227c93dd25038bfc01,2017-01-27 12:10:46,2017-01-27 12:10:46,79.9,1,1,583,144,dormant,long_tail
0f7eea709efdf942b5f95c7516dbacd7,2018-04-05 19:11:09,2018-05-13 14:59:06,195.74,3,2,112,577,dormant,core
0f80a40c312b2472dca482cf50f5186f,2018-08-22 11:12:30,2018-08-22 11:12:30,129.9,1,1,11,716,activated,long_tail
0f94588695d71662beec8d883ffacf09,2017-03-01 10:56:53,2017-03-01 10:56:53,9.0,1,1,550,177,dormant,long_tail
0fe2d9733ed841eb064503920015a8c0,2018-05-14 18:58:43,2018-07-09 22:14:07,389.64,3,2,55,616,activated,core
0ff83046c3fa22efee8ecf291888b191,2017-04-01 18:33:06,2018-04-01 22:36:20,768.9000000000001,10,7,154,208,dormant,core
0ffa40d54288e4f3499b8780dd0f144f,2018-01-10 08:52:43,2018-05-11 10:49:37,2162.8,33,5,114,492,dormant,core
10076e5788b8ee532724bcd460baf762,2017-05-11 17:19:02,2018-07-24 16:05:58,821.48,23,11,40,248,established,core
10089e9f2fd0c668a8fd4e52e1698888,2017-03-12 17:35:58,2017-11-14 09:41:18,1139.9,3,2,292,188,dormant,core
101921376b577a4540dc30e9009133ca,2017-05-19 16:14:42,2017-05-19 16:14:42,373.0,1,1,471,256,dormant,core
101a3a003516bc11253298b2fad3cb65,2018-06-21 20:47:22,2018-07-26 19:02:58,450.0,5,2,38,654,activated,core
1025f0e2d44d7041d6cf58b6550e0bfa,2017-07-09 11:15:16,2018-08-26 09:22:44,138968.55,915,14,7,307,established,high_value
10264f60a8f0a4d2f30810f5c661c673,2018-06-19 21:10:11,2018-08-09 12:44:54,284.6,4,3,24,652,growing,core
1099a00e0ee3a50935e6c2447ca090c5,2017-11-09 18:46:46,2018-01-02 18:05:48,849.6999999999999,3,3,243,430,dormant,core
10cdd491d1dbea8fb4ead97b19c334ce,2018-06-26 20:11:26,2018-07-24 21:26:25,208.9,3,2,40,659,activated,core
10ff823eda2b032e2c93d17a7d294736,2017-06-14 17:47:53,2018-04-06 10:26:19,1294.97,9,8,149,282,dormant,core
112453736dbe3889cfb74e1aaa0ba0c1,2018-06-13 09:39:17,2018-08-18 20:19:40,1890.0,7,3,15,646,growing,core
1127b7f2594683f2510f1c2c834a486b,2017-02-24 21:36:00,2018-08-22 20:38:11,6851.33,114,19,11,173,established,high_value
11305281b50fff20ae8bb473f8e11876,2016-10-09 13:31:57,2018-08-21 21:18:33,6528.7,35,15,12,34,established,high_value
113e3a788b935f48aad63e1c41dac1bd,2017-07-22 13:30:25,2018-08-17 08:59:55,847.35,39,11,17,320,established,core
116ccb1a1604bc88e4d234a8c23f33de,2017-11-09 12:05:32,2018-08-21 21:49:19,2004.89,61,10,12,430,established,core
11742f81550ac064cc9a40f67151d9ad,2018-08-02 14:41:02,2018-08-17 19:00:16,781.9,2,1,16,696,activated,core
117cfc326c6d50da67ca858ff5c0c852,2018-05-02 15:22:57,2018-05-19 16:47:00,454.6,5,1,106,604,dormant,core
11938fcc75f6902fea1d0a6f72b54a57,2018-01-11 21:19:54,2018-05-27 23:24:55,594.98,2,2,98,494,dormant,core
119c7f1a00ef43fad0e57604e76a747c,2017-10-15 02:37:02,2018-02-27 20:13:13,189.8,2,2,187,405,dormant,core
119d1aef1b4144adba89163f6cd9f5d4,2017-05-26 20:01:38,2017-11-17 19:46:19,1094.0,4,3,289,263,dormant,core
11bfa66332777660bd0640ee84d47006,2017-09-06 20:20:25,2018-08-23 10:27:06,3925.87,76,12,10,366,established,core
11d4c477d09821164bca4f70a2eae031,2017-07-18 20:52:33,2017-08-28 20:47:42,83.04,3,2,370,316,dormant,long_tail
11eac105f3f90a9b87b19c89d91e24f3,2017-05-24 10:21:15,2017-07-12 17:17:00,802.89,5,3,417,261,dormant,core
11fb6f6d341adbe19e81733701704635,2018-08-07 17:16:36,2018-08-25 18:36:46,1197.0,3,1,8,701,activated,core
120476eb7a04c149d14772edaf5d9bf2,2018-07-14 09:19:17,2018-08-10 11:56:30,2368.8,4,2,23,677,activated,core
1284de4ae8aa26997e748c851557cf0e,2017-05-11 18:46:35,2017-10-18 11:41:18,1459.97,3,3,319,248,dormant,core
128639473a139ac0f3e5f5ade55873a5,2017-05-12 23:12:12,2018-08-18 11:11:55,11908.849999999999,533,16,15,250,established,high_value
128f9bfbe4c7d5185033914b1de3d39a,2017-09-13 17:44:20,2018-06-17 13:26:47,1277.29,14,9,77,373,at_risk,core
12a8eb0f8d1cd3270695bf2a99f55966,2017-10-12 01:21:54,2017-12-13 17:49:36,397.0,2,2,263,402,dormant,core
12b9676b00f60f3b700e83af21824c0e,2017-03-07 22:10:46,2018-08-26 21:55:14,26774.0,135,18,7,184,established,high_value
12c2ed9cded6138cf0c75f525f565fc7,2017-11-09 19:40:27,2018-08-03 17:21:48,314.96,4,3,30,430,growing,core
13074f016982ff2bd6c58ced8682f000,2017-11-02 20:58:23,2018-07-28 13:20:44,2116.0,14,7,36,423,established,core
131fcb0a0c9a47bba4474aacff0f14b7,2018-06-03 19:44:12,2018-08-09 01:13:45,369.8,4,2,25,636,activated,core
1336efc61c316ddf92c899eb817f7cae,2017-01-22 21:42:56,2018-08-16 01:59:55,4837.31,74,19,18,140,established,high_value
134285d1f41da5c13a756ee8142c8a4e,2018-06-10 13:27:42,2018-08-16 21:31:19,1572.6999999999998,3,2,17,643,activated,core
134a288e7de827ec5ec62e3ec9c3a295,2017-05-01 12:25:44,2017-09-17 21:55:13,877.45,9,4,350,238,dormant,core
134b867a0f7f8bbe6abf10f91874891e,2018-04-19 22:04:20,2018-04-19 22:04:20,789.89,1,1,136,592,dormant,core
13511db12ac61e2f89c53b72a944a60b,2018-04-23 13:50:35,2018-08-18 19:15:41,798.0,6,5,15,595,growing,core
1352e06ae67b410cdae0b2a22361167b,2017-04-07 18:12:59,2017-06-23 01:15:59,696.0,4,2,437,214,dormant,core
1354d51653f645349064725ed204e85e,2017-06-05 16:49:45,2018-08-21 08:54:00,2410.0,18,12,13,273,established,core
138dbe45fc62f1e244378131a6801526,2018-05-07 11:11:27,2018-08-24 14:30:31,1125.56,49,4,9,609,growing,core
139157dd4daa45c25b0807ffff348363,2017-08-31 11:09:42,2017-08-31 11:09:42,29.9,1,1,367,360,dormant,long_tail
13c2ed7698b3ca92dad49e849219da59,2018-01-03 20:20:26,2018-08-02 12:06:05,498.61,8,5,31,485,growing,core
13d058e4eeac2ce8217660b2f8a05812,2017-05-11 18:25:16,2018-07-20 20:25:35,3829.77,23,9,44,248,established,core
13d95f0f6f73943d4ceffad0fc2cd32c,2018-03-13 12:23:51,2018-03-13 12:23:51,249.99,1,1,173,554,dormant,core
13dd308f81fea30cc670c656b2b46cc3,2018-07-30 23:51:39,2018-08-27 19:32:27,117.69999999999999,3,2,6,694,activated,long_tail
13e85aac53340018b40c2af68001b7e0,2016-10-08 22:41:36,2016-10-08 22:41:36,17.8,1,1,694,34,dormant,long_tail
13f57c12a00ed4610db646b913a7f5c6,2017-09-25 10:08:28,2018-05-04 06:35:42,645.2,7,6,122,385,dormant,core
13fa2a6c6b9d0f43cb588d7c82117a12,2017-06-09 17:38:12,2017-09-27 21:06:35,4528.0,9,3,340,277,dormant,high_value
141440cad9341e553f8401c574a2aa38,2018-05-01 12:22:52,2018-08-14 02:08:11,1288.2,11,4,20,603,growing,core
1430239a858e7682bbc43b20758af153,2017-08-22 16:56:24,2018-08-21 18:22:34,660.79,18,8,12,351,established,core
1444c08e64d55fb3c25f0f09c07ffcf2,2018-04-28 12:23:26,2018-04-28 12:23:26,2749.0,1,1,127,600,dormant,core
1464afc72f696af775557a821c2e253f,2017-04-12 12:13:43,2018-08-19 09:08:14,1059.36,29,14,14,219,established,core
14a08204d03bb6b6bde8029f801ae0eb,2018-03-15 20:13:55,2018-08-20 20:02:22,2185.4,28,6,13,556,established,core
14d7985702e72162bbf13b6beb74ab2b,2017-03-31 14:40:26,2018-08-17 18:49:15,3887.0,37,15,16,207,established,core
14ee35374a7876217954b5fa08e50463,2017-10-04 19:55:43,2018-01-17 11:42:31,809.0,6,3,228,394,dormant,core
14f2b3587172b9db894c9bad8dab520b,2018-03-21 13:01:05,2018-07-14 14:55:43,244.0,2,2,50,562,activated,core
152ee17e4c8aaf53dac99f3462e4999b,2017-07-14 14:16:10,2017-10-14 11:58:43,308.96000000000004,6,4,323,312,dormant,core
154bdf805377afea75a3bd158e9eab10,2018-07-02 18:42:38,2018-07-02 18:42:38,89.9,1,1,62,665,at_risk,long_tail
1554a68530182680ad5c8b042c3ab563,2016-09-04 21:15:19,2018-08-15 19:30:07,29052.53,247,22,18,0,new,high_value
157c3e4b42f81ac4a44e8b1ca2fe9876,2017-10-19 22:49:04,2018-08-16 11:37:32,2548.5,23,10,17,410,established,core
1588ac4010787100dddef64568f0ae35,2017-12-22 20:35:38,2018-01-18 15:29:09,599.97,3,2,227,473,dormant,core
15aac934c58d886785ac1b17953ea898,2017-10-19 19:59:44,2018-06-26 13:02:55,4353.9,25,9,68,409,at_risk,core
15ac3c501e2599e4917316fde5c5669a,2017-02-26 21:03:46,2017-02-26 21:03:46,144.2,1,1,553,174,dormant,long_tail
15aec03fe4cf30dfa574cf550f5ff5ff,2017-02-09 16:09:42,2017-02-09 16:09:42,28.9,1,1,570,157,dormant,long_tail
15b3b1b81484422eb41df68ac87f1f50,2017-11-24 23:01:08,2018-01-22 10:41:08,78.35,2,2,223,446,dormant,long_tail
15cd6eefe58588619aaed41dfa6621b1,2017-07-17 21:44:27,2018-05-12 17:35:56,1622.74,16,6,113,316,dormant,core
15ead3a5037a918ddb520dfe39a3d2b9,2018-01-22 13:48:41,2018-04-24 09:38:50,275.5,7,3,131,504,dormant,core
15fa791d5e017f66402dc28c44480657,2018-02-16 14:52:20,2018-06-12 21:05:23,1802.0,8,3,82,529,at_risk,core
160851d3ece7aa1a510f8d1a4bb8a8af,2018-07-29 11:15:05,2018-08-20 15:38:49,102.05,2,2,13,692,activated,long_tail
16090f2ca825584b5a147ab24aa30c86,2017-01-31 17:40:36,2018-08-27 22:54:07,25716.44,402,20,6,148,established,high_value
160e4f13fd3a64b1b86807be88b5ffb0,2017-11-15 19:51:30,2018-02-13 19:14:16,886.0,4,3,201,436,dormant,core
164a5a8794e6d42e14f55e447b12a3bc,2018-07-27 11:24:55,2018-07-27 11:24:55,73.99,1,1,37,690,activated,long_tail
165b1235e9e9942cb5fae67103576fb0,2018-05-20 08:41:02,2018-08-19 07:41:33,2085.15,11,4,15,622,growing,core
165fc07beebdcb6190fba8a06db2a449,2017-08-07 10:21:18,2018-08-14 17:42:23,17481.4,50,11,19,336,established,high_value
1660ad786c27fd935378b6192a90b417,2017-08-17 10:06:55,2018-07-22 17:19:08,1570.0,12,5,42,346,growing,core
166e8f1381e09651983c38b1f6f91c11,2017-07-25 01:53:48,2017-08-21 00:27:44,78.8,2,2,378,323,dormant,long_tail
167fd940acebc789debd6eb418c46e38,2017-11-30 18:26:24,2018-06-04 20:13:34,1077.58,5,5,90,451,at_risk,core
1690cada046eb7e92c12f98b1f8a8167,2018-04-16 21:52:12,2018-08-10 17:09:47,1959.0,11,4,23,589,growing,core
16bdc8cefd0e32a6f0824d296c5ad14a,2018-04-11 08:22:30,2018-04-11 08:22:30,41.76,1,1,145,583,dormant,long_tail
1703bc09972dab9782e7a9194943b69f,2018-07-14 17:52:26,2018-07-14 17:52:26,249.9,1,1,50,677,activated,core
1710c3aaa9c6b44ec3883ee0fe300e21,2018-04-25 17:22:38,2018-05-02 13:13:23,1188.9,2,2,123,597,dormant,core
17306570e772e7718c92a562d33f5f1d,2017-02-28 21:17:05,2018-04-18 14:37:49,9669.8,29,13,137,177,dormant,high_value
173d56ffbd4c56cb80fc3615487d712b,2018-08-18 08:27:58,2018-08-20 11:20:51,358.0,2,1,13,712,activated,core
1746c1ae87ac63d530c7c943d0ac42e2,2017-12-12 22:04:33,2017-12-12 22:04:33,229.9,1,1,264,464,dormant,core
1771297ac436903d1dd6b0e9279aa505,2017-01-19 22:41:52,2018-08-17 12:46:57,2881.27,28,13,16,137,established,core
1782ce2db72c3dda627d5e7c898104e1,2017-02-06 10:13:04,2018-05-05 16:45:11,2010.8,9,7,120,154,dormant,core
17908cf9b444ee34047cadd5c0f4a516,2017-09-21 21:02:09,2018-08-11 22:01:59,1993.99,11,7,22,381,established,core
17998cf586426bf0f2c3726cb0a4b211,2017-07-28 04:06:33,2018-01-01 14:06:06,69.8,2,2,244,326,dormant,long_tail
179d859f51292aac5c10806a356f7af9,2018-06-29 00:34:12,2018-08-10 16:02:36,404.46999999999997,18,3,23,662,growing,core
17a053fcb14bd219540cbde0df490be0,2017-07-06 12:53:06,2018-08-13 21:46:36,40703.14,125,14,20,304,established,high_value
17adeba047385fb0c67d8e90b4296d21,2017-03-08 10:44:37,2017-03-08 10:44:37,809.6999999999999,1,1,543,184,dormant,core
17ca9b9e9b9ef8fdb529001b49ebb50f,2017-07-11 09:36:46,2018-08-21 12:21:04,9754.83,116,14,12,309,established,high_value
17e34d8224d27a541263c4c64b11a56b,2017-02-16 23:14:15,2018-08-20 11:27:27,56363.24,255,19,13,165,established,high_value
17eea220a40cc0d2c0c5346379682398,2017-09-14 10:29:33,2017-10-26 19:12:53,1414.98,4,2,311,374,dormant,core
17f51e7198701186712e53a39c564617,2017-02-04 12:29:21,2018-08-05 09:58:57,48019.0,56,19,28,152,established,high_value
180c3376aff0e43dd5788709df48a843,2017-08-11 11:35:58,2018-01-03 17:24:21,4513.0,5,4,242,340,dormant,high_value
1835b56ce799e6a4dc4eddc053f04066,2017-09-05 23:06:45,2018-08-25 16:36:58,33344.21,423,12,8,366,established,high_value
1838dd9b8977065acf51d95e0053ea7a,2017-07-28 09:06:33,2018-08-01 22:15:19,2820.3,64,13,32,326,established,core
184725737946a1a938bbbd1a9e978103,2018-08-12 23:15:08,2018-08-21 15:56:19,359.70000000000005,3,1,12,707,activated,core
184a67a8f9f63234d3a92340bbdb727f,2016-10-04 15:02:37,2017-11-08 07:52:53,268.66,8,6,299,29,dormant,core
186cdd1b2df32caa72cfb410bba768d3,2018-05-11 11:17:57,2018-08-06 13:16:55,1341.45,6,3,27,613,growing,core
189ca3538ce9f920cacf0f982cbe223b,2018-06-21 19:06:28,2018-08-07 14:50:14,419.0,4,3,26,654,growing,core
18a349e75d307f4b4cc646a691ed4216,2017-08-21 12:54:37,2018-08-26 19:04:40,8711.53,121,12,7,350,established,high_value
18e694e0e48ed6f7aa3f24aade5fd697,2018-06-05 19:28:28,2018-08-26 19:07:32,701.54,31,3,7,638,growing,core
1900267e848ceeba8fa32d80c1a5f5a8,2017-05-17 22:01:53,2018-08-26 20:06:40,24982.53,411,16,7,255,established,high_value
191d55f7edb8524d525ed01b20fe32e8,2017-11-27 23:57:41,2018-01-18 00:19:41,747.0,3,3,228,449,dormant,core
1927cdb9fa74f5270097f6250e8e8f34,2018-08-06 15:47:47,2018-08-06 15:47:47,120.0,1,1,27,700,activated,long_tail
19484c79cef6c062cb177aa4ef2fcc3c,2018-08-03 01:50:48,2018-08-03 01:50:48,201.9,1,1,31,697,activated,core
1961c3e1272bfeceb05d0b78b5bbfdaf,2018-07-28 23:32:46,2018-08-18 22:35:15,896.0,3,2,15,692,activated,core
1967a9e2ad6f51802b093147d861df58,2017-03-07 20:57:33,2017-03-15 21:29:20,380.0,2,1,536,183,dormant,core
1976a05ecf2996d6ffb7b5430e635fe7,2017-02-25 11:11:52,2017-09-12 16:06:10,1796.2,8,5,355,173,dormant,core
1987cd4be10fe09ee50454f9c354d1c6,2017-10-08 16:38:54,2018-03-02 23:16:28,2877.7,14,5,184,398,dormant,core
198c7ea11960a9844b544d9bcdca860c,2017-01-26 13:14:02,2017-08-22 22:19:38,1733.75,25,7,376,143,dormant,core
1992f8fb6b19fcccd97ca819811e7267,2018-07-26 12:45:33,2018-07-26 12:45:33,28.8,1,1,38,689,activated,long_tail
1996942dc085d7773ba77a529b163cd0,2018-05-29 21:30:08,2018-08-15 23:20:59,2943.51,10,4,18,632,growing,core
19a7c9f66ffa6452ff4b4c0cca71da27,2017-09-30 16:14:28,2017-09-30 16:14:28,279.0,1,1,337,390,dormant,core
19d62d484cba71963c93f0f00ab42013,2018-04-26 16:49:29,2018-04-26 16:49:29,139.9,1,1,129,598,dormant,long_tail
19e0f40a907ec568c34bfac15de4f4a1,2017-01-31 11:26:49,2017-10-17 10:30:04,178.0,4,4,320,148,dormant,core
1a3df491d1c4f1589fc2b934ada68bf2,2017-04-29 20:57:32,2018-08-15 20:49:33,23302.7,167,17,18,236,established,high_value
1a6245add4353f18ed55138808906979,2017-07-22 00:37:21,2017-07-22 00:37:21,30.0,1,1,408,320,dormant,long_tail
1a8e2d9c38b84a9702ac7922924b0573,2018-02-06 10:54:24,2018-02-06 10:54:24,80.0,1,1,208,519,dormant,long_tail
1a932caad4f9d804097d7f8e615baed1,2018-05-02 15:14:09,2018-08-22 18:16:55,4661.0,20,4,11,604,growing,high_value
1acde099eb406aa220b1169b188b42da,2017-09-10 22:32:14,2017-11-06 12:41:01,311.1,9,3,300,371,dormant,core
1b0b0f4f95e962d6f32fe90c759d0479,2017-12-01 12:05:20,2018-08-16 13:45:11,139.8,2,2,17,452,activated,long_tail
1b1ae47a313a825a7ccceb8e2e30fa9d,2017-10-04 21:39:30,2018-05-07 13:37:30,2243.9,11,5,118,395,dormant,core
1b45169b635ef59425637e9a33eb5fb3,2018-02-13 13:27:43,2018-08-15 23:04:04,308.9,7,4,18,526,growing,core
1b4b28463457a256e9a784ebe2a8f630,2018-08-07 16:49:52,2018-08-07 16:49:52,699.42,1,1,26,701,activated,core
1b4c3a6f53068f0b6944d2d005c9fc89,2017-02-16 17:42:42,2018-07-26 13:09:48,14760.300000000001,113,18,38,164,established,high_value
1b61fb1f0f2185d89e9a126c498e9cc7,2017-06-23 07:15:39,2017-06-23 07:15:39,49.7,1,1,437,291,dormant,long_tail
1b65c144b17e607c0f37f10bb7dfec8d,2018-04-20 20:36:31,2018-06-29 11:31:08,1109.5,5,3,65,592,at_risk,core
1b7e5006cb25dd23ce8686691013b121,2017-09-30 12:48:45,2018-08-03 13:37:17,2636.74,11,7,30,390,established,core
1b8356dabde1d35e17cef975c3f82730,2017-02-03 16:13:58,2017-11-13 22:06:58,3426.39,56,10,293,151,dormant,core
1b8b75e227c9a9c100d0c210fb6176ce,2017-01-08 20:57:29,2017-11-30 15:39:45,1914.8300000000002,19,6,276,125,dormant,core
1b938a7ec6ac5061a66a3766e0e75f90,2017-09-22 17:15:55,2018-08-18 18:46:34,3987.6,30,10,15,382,established,core
1bb2bdb95f4841f1bba2c0d2cd83d3c9,2017-01-30 18:43:16,2018-08-13 11:43:17,5002.71,81,15,20,147,established,high_value
1bb3812d5f0747a3ab7348f199001a10,2017-11-06 23:39:18,2018-08-14 19:46:25,834.4000000000001,9,6,19,428,growing,core
1bc2e21de46adfea6b98cc96b00f3b40,2017-02-06 23:01:32,2017-05-16 10:55:20,1039.95,3,3,474,155,dormant,core
1c129092bf23f28a5930387c980c0dfc,2017-10-02 14:50:52,2018-08-11 14:36:54,9553.619999999999,201,11,22,392,established,high_value
1c40343cc5d18c2d8248ac2f3366de34,2018-05-28 21:38:55,2018-08-20 21:51:20,2461.41,21,4,13,631,growing,core
1c56ffe0e9dea2657fc6e95b53f40b13,2018-07-23 11:36:26,2018-08-22 21:47:41,183.0,3,2,11,686,activated,core
1c5e4e49b9079480255b49d50aac1aa9,2017-03-09 18:15:38,2018-08-05 04:43:04,10173.11,12,11,29,185,established,high_value
1c68394e931a64f90ea236c5ea590300,2017-07-15 11:56:44,2018-08-13 10:39:55,24832.75,142,12,20,313,established,high_value
1c742ac33582852aaf3bcfbf5893abcf,2018-06-22 16:07:51,2018-06-22 16:07:51,97.9,1,1,72,655,at_risk,long_tail
1c83418358f249c9d6affa52d579db0e,2017-04-29 06:54:41,2017-04-29 06:54:41,24.9,1,1,492,236,dormant,long_tail
1ca4bdb0cd7fc48e949bac066188ed26,2018-03-22 14:08:52,2018-07-30 13:00:56,1520.0,4,2,34,563,activated,core
1ca7077d890b907f89be8c954a02686a,2017-09-15 13:53:55,2018-04-09 17:09:08,13341.57,115,7,146,375,dormant,high_value
1caf283236cd69af44cbc09a0a1e7d32,2017-04-07 12:07:32,2018-07-26 19:41:13,917.6,33,14,38,214,established,core
1cbcd2ee0afb3fc09963b87eb65e7e4f,2018-06-18 11:15:23,2018-06-18 11:15:23,90.0,1,1,76,651,at_risk,long_tail
1cbd32d00d01bb8087a5eb088612fd9c,2018-05-10 14:32:26,2018-08-19 12:31:08,1045.47,11,4,14,612,growing,core
1cbd50a8c52e6cf8e315c5709fab386f,2018-01-23 12:49:41,2018-07-20 12:28:34,785.97,9,5,44,505,growing,core
1cbdc7cf130a41fd13a3c2a7d2fcfda7,2018-05-06 11:15:20,2018-07-03 10:46:01,165.8,2,2,61,608,at_risk,core
1cd9e0cc1839d55516843def5600816d,2018-06-18 13:34:26,2018-08-19 15:43:09,825.0,5,3,14,651,growing,core
1ce3ae5a399804d1a87e706f8a813c3e,2017-08-03 11:45:23,2018-08-20 14:45:48,2563.0,40,13,13,332,established,core
1d0646a72178a6fb37ee8082140e06ec,2018-07-16 14:24:22,2018-08-22 18:52:42,61.0,2,2,11,679,activated,long_tail
1d0997ff06b524ce9289ffd75114ecd3,2017-01-27 16:21:48,2017-11-24 09:43:53,3747.0,3,3,282,144,dormant,core
1d139e3a3b14025640d8df1b230aace0,2017-09-13 12:24:18,2017-11-19 18:41:04,36.49,2,2,287,373,dormant,long_tail
1d1bbb8ac1581824986f582583fff01d,2018-04-27 10:01:33,2018-08-24 13:59:41,166.88,4,2,9,599,activated,core
1d2732ef8321502ee8488e8bed1ab8cd,2017-04-19 11:58:54,2018-05-03 16:46:51,1148.0,4,4,122,226,dormant,core
1d29dfba02015238dfbe2449a5eaa361,2017-02-01 09:54:31,2018-05-10 13:09:26,612.8,12,8,115,149,dormant,core
1d4587203296c8f4ad134dc286fa6db0,2017-12-15 11:52:23,2018-08-27 19:29:28,2323.3,42,9,6,466,established,core
1d503743d2526f03f0c2c89540ee008c,2018-01-25 15:23:17,2018-07-15 12:57:22,516.04,12,7,49,507,established,core
1d8dbc4f32378d715c717c1c1fc57bae,2017-03-20 16:41:25,2018-06-24 18:49:49,11315.89,92,16,70,196,at_risk,high_value
1d953075c2f0dd990bacf27b83b330f1,2018-08-13 11:35:50,2018-08-13 11:35:50,59.0,1,1,20,707,activated,long_tail
1da366cade6d8276e7d8beea7af5d4bf,2017-02-04 17:33:35,2017-12-21 17:43:41,6917.589999999999,43,8,255,152,dormant,high_value
1da3aeb70d7989d1e6d9b0e887f97c23,2017-03-04 09:55:07,2018-08-21 17:04:34,8823.52,265,18,12,180,established,high_value
1dc2de47ee26a0a5b12dc14fd6dc0dea,2018-02-01 09:48:31,2018-08-22 14:19:39,1670.3,25,7,11,514,established,core
1dcfa3835714681d4ba4a93bc1e0fd41,2017-07-27 09:24:18,2018-04-02 11:24:47,1278.5,13,6,153,325,dormant,core
1dd33b8119b3cb1056ed5dc88cd0aaf4,2017-11-09 13:49:13,2018-02-14 12:20:44,1513.0,8,4,200,430,dormant,core
1de62b6f2fd96227629786db492433db,2018-06-14 21:05:33,2018-08-23 10:43:59,208.8,2,2,10,647,activated,core
1dfe5347016252a7884b694d4f10f5c4,2017-10-28 15:55:01,2018-04-08 22:20:03,1693.5,21,6,147,418,dormant,core
1e26c56af8d48424e1df0140a2401f83,2018-06-13 20:49:57,2018-08-08 11:14:31,258.9,2,2,25,646,activated,core
1e47d8b6546eb3a77b1acddcc9406242,2017-05-15 08:59:57,2017-05-15 08:59:57,149.9,1,1,476,252,dormant,long_tail
1e47defeeadeca0e9a18fa5a9311e735,2017-06-13 11:34:47,2017-07-19 16:17:11,234.12,3,2,410,281,dormant,core
1e483cc5c76fef08d3ca05f9a8af7d01,2017-02-09 15:43:30,2017-05-18 12:41:57,171.99,10,4,472,157,dormant,core
1e8b33f18b4f7598d87f5cbee2282cc2,2017-11-16 13:23:12,2018-08-27 21:27:13,17309.06,123,10,6,437,established,high_value
1e8c6a4c538f286aee9573239740a4b4,2018-04-10 14:29:06,2018-08-13 23:03:46,359.7,5,4,20,582,growing,core
1e9d5a33694bddb76316fd1f54734d20,2018-07-18 13:52:51,2018-08-17 11:12:26,318.0,2,2,16,681,activated,core
1eade46fba20122dc4aefb379f8c636b,2017-02-13 00:28:28,2018-07-22 22:00:38,3635.37,58,15,42,161,established,core
1f1bb1f0859883505541bdd6606193e5,2017-04-05 21:01:30,2018-07-29 20:22:09,16040.84,27,13,35,212,established,high_value
1f2eebc0e970fd3c463e4f5d9652687a,2018-08-09 16:06:19,2018-08-09 16:06:19,44.99,1,1,24,703,activated,long_tail
1f50f920176fa81dab994f9023523100,2017-04-03 22:00:31,2018-08-25 20:10:27,106939.20999999999,1404,17,8,211,established,high_value
1f7dfad2cb384ea4d2d7e1ffbd78c407,2018-05-05 13:16:14,2018-05-05 13:16:14,49.0,1,1,120,607,dormant,long_tail
1f7fd2a6fcd5a6fa5d8a4dabc72aaae0,2017-04-05 15:15:05,2018-05-07 09:12:36,531.8,3,3,118,212,dormant,core
1f867308a0ce13133a4e639ff4de0c02,2017-09-25 12:07:37,2018-06-02 11:03:09,875.1,7,5,92,385,dormant,core
1f9ab4708f3056ede07124aad39a2554,2017-01-27 18:00:27,2018-06-02 11:14:30,13602.73,78,17,92,144,dormant,high_value
1fa2d3def6adfa70e58c276bb64fe5bb,2018-08-24 13:04:05,2018-08-24 13:04:05,6.9,1,1,9,718,activated,long_tail
1fbe10c70e30765ed1de86d9f7e98409,2018-06-21 10:09:54,2018-07-18 17:25:29,98.75,2,2,46,654,activated,long_tail
1fdc574883ef3b33ad41562d93f3a74a,2017-11-26 23:00:00,2018-07-21 13:10:30,4251.0,18,9,43,448,established,core
1fddcb7b326905d3ad5efe82187db347,2017-03-28 07:27:16,2017-03-28 07:27:16,92.0,1,1,524,204,dormant,long_tail
1fe5540d7c1c37a595fefbacd5570d9e,2018-08-02 15:58:56,2018-08-16 08:44:24,4537.6,20,1,18,696,activated,high_value
1fe61aa5494bd3ae92a2c13e067c810f,2017-11-27 12:12:28,2017-11-27 12:12:28,537.76,1,1,279,448,dormant,core
2009a095de2a2a41626f6c6d7722678d,2017-03-10 12:10:11,2017-10-29 21:01:35,388.89,8,5,308,186,dormant,core
2039c5e51785b5dde7cf93ccb3b7be2c,2018-07-16 13:00:53,2018-07-16 13:00:53,159.9,1,1,48,679,activated,core
204b4e07bddef3c9b317f70189135b22,2018-07-27 17:29:41,2018-07-27 17:29:41,73.4,1,1,37,690,activated,long_tail
2059c39f76271d4ca3f15b5ffaccc8b8,2017-02-01 13:18:42,2017-09-07 20:12:30,604.9,12,6,360,149,dormant,core
20611af7866c6068fd5ae1f9dbe15c92,2018-07-14 20:11:04,2018-07-16 09:04:15,219.8,2,1,49,677,activated,core
2063dd1b9f568df1c16741ea7d3e6adb,2017-03-05 20:31:56,2017-11-15 21:27:34,763.1,3,3,291,181,dormant,core
2075d8cd4dd63ff12df0749a5866bb06,2018-08-07 14:02:28,2018-08-10 00:10:24,184.70000000000002,3,1,24,701,activated,core
2078fe5066350e7d220c0ad3a3bbc6c1,2018-03-28 15:49:07,2018-03-28 15:49:07,29.9,1,1,158,569,dormant,long_tail
2089a6d640999f9b9141ac719b2af596,2017-04-17 07:25:25,2018-07-17 11:16:54,8830.82,44,16,47,224,established,high_value
20a7efa9721046319bdde5d60b6b5365,2018-01-08 10:50:24,2018-02-08 14:19:47,501.20000000000005,3,2,206,490,dormant,core
20a8b0dc55da94fe74d112082427c84f,2018-07-31 12:54:10,2018-08-23 11:20:57,407.4,7,2,10,694,activated,core
20b54c376b794ed028df09a3cd88e8dc,2017-09-16 17:56:07,2018-07-02 17:00:50,1342.95,11,8,62,376,at_risk,core
20cb7c2fde3e5bf10f0bbe7394e1c6a9,2017-03-14 19:26:29,2018-08-21 19:23:38,861.9,32,14,12,190,established,core
20d53aad4fe5ee93a64f8839609d3586,2017-11-26 10:19:20,2018-05-14 09:17:04,51.9,2,2,111,447,dormant,long_tail
20d83f3ef0e6925fd74bfd59170babf7,2017-03-28 22:02:40,2018-08-28 21:10:46,2903.6,40,17,5,205,established,core
20f0aeea30bc3b8c4420be8ced4226c0,2017-02-05 19:13:56,2017-02-05 19:13:56,14.9,1,1,574,153,dormant,long_tail
20fd2d2080ed85fa67fad3fcbb2c1813,2018-04-30 18:55:03,2018-04-30 18:55:03,85.9,1,1,125,602,dormant,long_tail
2138ccb85b11a4ec1e37afbd1c8eda1f,2016-10-04 19:30:28,2018-08-28 13:28:34,12357.03,396,21,5,29,new,high_value
213b25e6f54661939f11710a6fddb871,2017-11-21 21:24:19,2018-08-14 07:49:51,15379.5,155,9,20,443,established,high_value
213fafb0ca06fb3d5886579c2565791b,2018-06-14 15:23:38,2018-08-23 10:23:31,189.70000000000002,3,2,10,647,activated,core
2156f2671501a81034d7d07f217609d0,2017-08-28 20:12:09,2018-07-26 13:59:29,2981.5,22,10,38,357,established,core
217f005bb37ff3aeef5b2ae1788e75ba,2017-04-21 20:16:02,2017-06-13 10:51:54,74.97,3,3,446,228,dormant,long_tail
218d46b86c1881d022bce9c68a7d4b15,2017-01-18 14:56:47,2018-08-22 15:38:10,55093.28,388,20,11,135,established,high_value
218f991754f360af9c2daa5e0b8e990c,2017-12-18 18:19:07,2018-08-19 19:09:43,3554.32,14,7,14,469,established,core
2199e7fe213c16213bf5d6a7eadc9a5d,2016-10-10 09:57:05,2018-08-20 08:13:17,4078.29,25,17,14,35,established,core
21c62b998a043ebe31161d38f84929fc,2018-07-16 17:15:06,2018-08-08 22:21:23,750.49,4,2,25,679,activated,core
21d59342ba150175ca2aa4f8faddeca6,2018-08-09 11:07:40,2018-08-22 14:53:45,259.9,2,1,11,703,activated,core
21e83881401b92b49fb09a16d3852291,2017-03-09 23:39:26,2018-01-29 16:16:23,3588.0499999999997,14,7,216,186,dormant,core
2235cf78d3e2073a88146a9cb60f0dd0,2017-11-30 19:12:21,2017-11-30 19:12:21,178.99,1,1,276,451,dormant,core
226b05fe067266c59c15dae208213d06,2018-03-08 23:14:39,2018-04-12 16:01:28,1056.9,10,2,143,550,dormant,core
228e4c1a0be164f613d41c24345f9d2c,2018-05-07 13:31:20,2018-08-10 22:17:45,539.7,5,4,23,609,growing,core
229c3efbfb0ea2058de4ccdfbc3d784a,2016-10-05 07:31:49,2018-08-17 15:12:27,15744.0,121,18,16,30,new,high_value
22a23e5ac7061fc538cc2a019afaaf16,2017-05-18 11:00:04,2017-05-18 11:00:04,95.0,1,1,472,255,dormant,long_tail
22c32ec35d0116ef02c281798a25bf8b,2018-01-30 05:33:26,2018-02-22 19:15:25,119.58,4,2,192,512,dormant,long_tail
2305ab43e846518f58dd9d59f3f54e96,2018-04-24 13:42:07,2018-06-18 14:46:06,788.89,3,3,76,596,at_risk,core
232a6014e7b10cba61c6c2b2ea6bb4b0,2017-02-04 22:38:49,2018-07-20 10:39:19,3919.87,33,13,44,153,established,core
23613d49c3ac2bd302259e55c06c050c,2016-10-08 21:12:48,2018-08-19 23:28:25,4293.0,70,19,14,33,established,core
236585a4ddb5fea9fa40233e2249ed91,2017-11-05 15:36:10,2018-08-09 23:21:52,649.53,11,5,24,426,growing,core
2379bdc3888025689a9deb7b141507d5,2018-01-31 16:57:52,2018-08-03 10:17:53,999.5,9,6,30,513,growing,core
238fac594e170b59c6d228f5a4f4f1d9,2017-10-08 10:44:32,2018-08-19 11:25:16,3126.0,29,11,14,398,established,core
23a0ffca143a15b9b5bbdb7d552f626a,2018-03-14 19:41:35,2018-08-14 14:23:59,3718.51,23,6,19,555,established,core
23c38debaffe4a25a30fdbd9b586a13f,2018-04-02 12:30:02,2018-08-07 08:19:25,5382.18,41,5,27,574,growing,high_value
23ca5f678e0b3ea6c630b30fa8bf51ea,2017-03-04 11:44:25,2017-05-04 23:14:03,183.0,6,3,486,180,dormant,core
23d7c96d4a1160db1c726b248601b25a,2017-07-20 17:52:10,2018-08-16 09:59:36,11766.94,53,14,17,318,established,high_value
23ff42c4bf1f8f16cddb19d8b972974a,2017-09-27 08:01:35,2017-11-17 13:12:47,174.70000000000002,2,2,289,387,dormant,core
240b9776d844d37535668549a396af32,2018-07-17 13:48:59,2018-08-21 14:19:34,13592.08,36,2,12,680,activated,high_value
244b04680fdbded0acf5aebd9c92b44a,2017-12-12 10:52:09,2018-03-28 21:25:36,3477.7000000000003,3,2,158,463,dormant,core
244c2f1bff6afe1f2eaf9bfe9b2aed38,2017-02-07 11:11:30,2018-02-06 08:31:14,2580.0,23,9,209,155,dormant,core
247587846358bb1d2e4c6522020b36fe,2018-06-17 22:05:56,2018-06-17 22:05:56,99.0,1,1,77,651,at_risk,long_tail
2493dc3f20131696a0ecdb9948051a8d,2017-01-24 17:09:24,2017-02-07 23:15:25,504.38,4,2,572,141,dormant,core
249f0e9905a6e06ad6c6bea7547ab9f6,2018-06-25 01:10:48,2018-08-03 18:54:39,347.95,3,3,30,658,growing,core
24a6daf925d9d591870a66660416de31,2018-01-29 09:47:12,2018-05-06 20:33:11,60.0,2,2,119,511,dormant,long_tail
24c1de8d9551c0b4fbc53317d53efda8,2017-02-01 18:41:32,2017-02-01 18:41:32,355.0,1,1,578,149,dormant,core
2528513dd95219a6013d4d05176e391a,2017-03-22 14:20:09,2018-08-24 11:17:45,32689.1,161,18,9,198,established,high_value
2528744c5ef5d955adc318720a94d2e7,2017-10-28 12:57:36,2018-06-27 13:33:58,6245.0,5,5,67,418,at_risk,high_value
252e76235acb79183cfca6e34f13337d,2017-02-17 16:10:12,2018-06-01 11:54:07,261.2,3,3,93,165,dormant,core
253c025bab43881055aeecde5e2d8b77,2017-11-23 18:36:14,2018-07-10 13:20:17,94.82,2,2,54,444,activated,long_tail
253f95b3a0e6983ae18aed49fbc2b845,2018-03-21 08:26:56,2018-06-11 11:52:05,799.5,5,3,83,562,at_risk,core
257e61d3251fb5efb9daadddbc2cf7ca,2018-04-06 17:16:18,2018-08-15 16:12:57,7729.0,12,5,18,578,growing,high_value
258447aad3f7b01e2643c89f64dc5647,2018-07-24 19:44:56,2018-07-24 19:44:56,51.9,1,1,40,687,activated,long_tail
259f7b5e6e482c230e5bfaa670b6bb8f,2017-03-23 14:28:37,2018-08-27 13:59:44,8526.04,138,16,6,199,established,high_value
25be943a321c8938947bdaabca979a90,2018-05-09 14:54:32,2018-09-03 09:06:57,769.0,5,5,0,611,growing,core
25c5c91f63607446a97b143d2d535d31,2017-03-08 08:58:11,2018-03-28 11:26:02,54679.22,158,13,158,184,dormant,high_value
25cf099de44674fde97473224f9d59ab,2017-06-06 11:52:48,2018-08-25 21:53:15,1654.36,50,14,8,274,established,core
25debeafbce801fdd479539350185eee,2017-06-05 10:45:54,2018-05-15 13:17:14,302.84000000000003,6,4,110,273,dormant,core
25e47381a6c510ddeb36084e33b89f0c,2017-05-16 18:26:49,2017-06-29 07:53:56,1289.6000000000001,16,2,431,253,dormant,core
25e6ffe976bd75618accfe16cefcbd0d,2016-10-02 22:07:52,2018-06-24 20:26:36,11691.61,108,19,70,28,at_risk,high_value
262237171f48e85819065498cac80d7b,2017-08-02 08:58:27,2018-08-02 22:27:23,599.0,4,4,31,331,growing,core
2646baaf662d4d92ac48f047e35db92d,2018-04-29 22:00:59,2018-08-09 19:37:47,1263.05,15,5,24,602,growing,core
26562f211dd1364af2a8596dc945e8ae,2018-07-10 10:33:17,2018-07-31 17:12:15,99.0,2,1,33,673,activated,long_tail
265fdc289dffa9f1ad801c74f7d0de47,2018-08-13 12:20:57,2018-08-13 12:20:57,495.0,1,1,20,707,activated,core
26785a546900236d66f2e4197c211158,2017-11-22 19:20:46,2018-07-24 17:04:30,1019.2,15,5,40,443,growing,core
269c5fc9fcadee614364c3620c30a1f9,2018-07-31 18:14:02,2018-08-08 21:19:23,209.6,3,2,25,694,activated,core
269cff2d3c8d205c11f37a52402ea93b,2018-06-28 08:44:49,2018-08-10 18:09:49,1281.59,4,3,23,661,growing,core
26af45f5dfd967225a832838aa4e24a3,2018-01-11 13:15:43,2018-08-22 21:26:03,573.1,10,6,11,493,established,core
26b482dccfa29bd2e40703ba45523702,2018-07-31 20:37:46,2018-08-20 08:39:15,344.78,3,2,14,694,activated,core
26bad72add1f86e08a776ce4ffdaf1ca,2017-09-13 14:44:40,2018-05-21 11:08:51,622.0,7,5,104,373,dormant,core
26d6bbee02420494d471c9f6436929c0,2018-04-05 12:14:30,2018-08-25 19:15:56,434.51,12,5,8,577,growing,core
26d8a1c7c75d513045798992ead43aa2,2017-08-17 02:43:54,2018-08-12 03:44:50,8244.12,36,12,22,346,established,high_value
26e13b6ff5b641b329e5524241ee2c93,2018-08-01 04:52:56,2018-08-22 18:03:39,119.69999999999999,4,1,11,695,activated,long_tail
26e2c91ef821e1ff8985f408788fe35b,2018-02-20 09:43:30,2018-07-24 16:11:14,1649.4,12,6,40,533,established,core
26e2e5033827d2ba53929f43e03d8ffe,2018-08-25 12:50:59,2018-08-25 12:50:59,139.49,1,1,8,719,activated,long_tail
26f6b7ab07be3e9e69ce82a6552efc19,2018-08-14 01:00:24,2018-08-15 15:12:34,54.8,2,1,18,708,activated,long_tail
270297ead4c65a6cd2593960d2af6b21,2017-03-15 19:48:58,2018-08-13 23:03:46,9422.4,18,11,20,191,established,high_value
270572bb714b00531be85e16e1550f26,2018-05-24 21:26:55,2018-05-24 21:26:55,96.99,1,1,101,627,dormant,long_tail
2709af9587499e95e803a6498a5a56e9,2017-02-15 22:32:29,2018-08-26 19:01:18,1279.56,26,13,7,164,established,core
270d3ef21830ad0ecf3a6c53d08a533a,2017-12-06 14:04:08,2018-04-28 02:23:24,509.0,6,5,128,457,dormant,core
271b8923c6a549e02d3c9fd1f8c0422b,2018-07-30 19:39:13,2018-07-30 19:39:13,105.19,1,1,34,693,activated,long_tail
271c58a1d139c45eaf3316107c6d3a3b,2018-05-02 13:55:37,2018-08-14 18:45:08,3897.52,29,4,19,604,growing,core
272f092de69afedd4d2969440b37f18f,2017-02-05 23:22:30,2017-11-11 10:44:49,1935.3300000000002,26,10,295,154,dormant,core
2745f798279e0ed033addcc1474776d7,2017-08-20 22:08:30,2018-05-30 15:04:45,3668.53,32,10,95,350,dormant,core
276677b5d08786d5dce7c2149dcce48b,2018-02-01 21:24:28,2018-08-13 12:23:45,3522.0,33,7,20,515,established,core
278b6e0b20c4f61fefaa0577943d7a35,2018-05-10 13:10:44,2018-05-10 13:10:44,1078.0,1,1,115,612,dormant,core
27a56ff04b34c2ba34ce6ba4d3b9d616,2017-04-05 15:45:38,2017-10-13 10:53:47,349.28999999999996,8,5,324,212,dormant,core
282c7480173bb9c01dd41cc739fec010,2017-08-07 21:25:10,2017-08-20 16:09:44,4274.2,5,1,378,337,dormant,core
282f23a9769b2690c5dda22e316f9941,2017-07-14 12:12:53,2018-08-23 19:14:36,6505.08,99,14,10,312,established,high_value
28405831a29823802aa22c084cfd0649,2018-06-26 16:00:19,2018-08-18 18:29:46,245.0,7,3,15,659,growing,core
28872dc528e978a639754bc8c2ce5a4c,2018-06-11 22:55:43,2018-06-11 22:55:43,1009.9,1,1,83,645,at_risk,core
289cdb325fb7e7f891c38608bf9e0962,2018-02-21 22:53:10,2018-08-25 14:05:07,13544.95,110,7,8,535,established,high_value
28a26ebce31d5918b181ede016fd693b,2018-08-13 15:55:29,2018-08-13 15:55:29,29.9,1,1,20,707,activated,long_tail
28c7d8743fbc8679f484868cc0fcaefb,2018-05-05 12:40:10,2018-08-10 00:40:57,201.5,3,3,24,607,growing,core
28d162ab86bb49d719c32f0ee6186eaa,2017-09-19 10:20:27,2017-09-19 10:20:27,109.99,1,1,348,379,dormant,long_tail
28ea411b354f14b1a494be4e79f0ce02,2017-02-28 13:40:03,2018-01-30 16:34:50,820.0,6,5,215,176,dormant,core
28f10b1c5e5abb9d4857745bede6147c,2018-04-28 07:47:49,2018-08-17 14:33:23,835.0,28,5,16,600,growing,core
28fb0829fd777877cdc350d25cb5bd5b,2017-10-29 17:10:13,2018-01-09 23:52:18,499.6,4,3,236,419,dormant,core
293dee954235e4e4e43f129313625ebe,2017-10-11 10:22:56,2018-01-16 16:01:28,1778.92,8,3,229,401,dormant,core
2953ce3a88f5e3c3b696d77fc9e4c8eb,2017-10-01 10:19:07,2018-08-23 17:19:57,470.0,14,5,10,391,growing,core
296729ffb9b684050dd24836dac4494a,2018-05-10 10:11:34,2018-08-02 19:54:25,114.0,2,2,31,612,activated,long_tail
297d5eccd19fa9a83b2630071ff105e4,2018-07-19 22:48:13,2018-08-23 09:35:05,834.97,8,2,10,683,activated,core
299c89a525fee36c567f4fe72f038100,2018-07-01 22:22:57,2018-08-08 17:36:33,658.0,2,2,25,665,activated,core
29c322e3f09f886f8bacbe91dfbd979e,2018-08-22 21:26:03,2018-08-22 21:26:03,48.98,1,1,11,717,activated,long_tail
29e6e05b65f93bc224c644319dc52ecf,2018-06-28 09:19:36,2018-08-17 22:06:17,475.6,4,3,16,661,growing,core
29fe9f200d3fa0c668d2aa1ec7e08dfb,2017-06-16 15:16:41,2017-09-03 16:15:17,400.0,5,4,364,284,dormant,core
2a1348e9addc1af5aaa619b1a3679d6b,2017-01-14 01:16:14,2018-08-02 15:57:13,2843.0,52,15,31,131,established,core
2a167ca73899c85001a837d8fb4962f6,2018-07-17 13:27:40,2018-07-24 23:09:26,4097.0,2,1,40,680,activated,core
2a261b5b644fa05f4f2700eb93544f2c,2017-10-16 12:29:49,2018-08-01 16:43:40,5355.0,51,11,32,406,established,high_value
2a50b7ee5aebecc6fd0ff9784a4747d6,2017-11-27 21:45:48,2017-11-27 21:45:48,199.8,1,1,279,449,dormant,core
2a5b78b41cd05baeac8df54c6606b92c,2017-07-02 15:37:04,2018-08-15 18:01:23,19025.36,49,14,18,300,established,high_value
2a61c271b1ac763450d846849783e922,2017-09-12 16:17:32,2018-02-19 19:48:52,1516.76,18,5,195,372,dormant,core
2a6fbeaa7ab9e5d59a35841a8da71ce4,2017-03-08 15:46:42,2018-07-01 09:42:35,1632.79,30,13,63,184,at_risk,core
2a73cba571d90c694b7caca072ccf6ce,2018-07-26 09:13:04,2018-07-26 09:13:04,342.78,1,1,38,689,activated,core
2a7c6c0b0d5efde2bf75ec1e1cec2d41,2017-11-14 12:03:44,2017-12-11 14:48:45,147.6,3,2,265,435,dormant,long_tail
2a7dc43cecabf23403078e2188437d1d,2017-11-03 00:16:32,2018-06-03 10:59:14,4795.91,52,8,91,424,dormant,high_value
2a84855fd20af891be03bc5924d2b453,2017-12-28 12:31:49,2018-08-29 14:18:28,15819.1,164,9,4,479,established,high_value
2aa3443d7bf9d9bb11133f420d75e083,2017-11-14 12:43:54,2018-08-13 01:18:39,647.0,10,5,21,435,growing,core
2aafae69bf4c41fbd94053d9413e87ee,2018-05-24 15:22:39,2018-07-24 19:04:45,94.0,2,2,40,626,activated,long_tail
2addf05f476d0637864454e93ba673d5,2017-08-03 14:06:43,2018-03-18 20:29:14,4552.0,12,8,168,332,dormant,high_value
2b03ac196f5ed62ac483960fe0fa3b65,2017-11-10 10:51:55,2018-05-02 10:48:44,843.1,7,4,123,431,dormant,core
2b1a40c1daabc6ca280c4b815c101841,2016-10-09 11:23:21,2018-06-16 12:55:53,12732.6,23,14,78,34,at_risk,high_value
2b2fed75b8e5ea3a052fc4c0825da485,2017-04-23 15:20:31,2017-07-29 22:32:22,510.9,3,2,400,230,dormant,core
2b3b9ce054da76a7428df143a567b156,2018-06-17 15:59:39,2018-08-19 10:47:22,301.0,5,3,14,650,growing,core
2b3e4a2a3ea8e01938cabda2a3e5cc79,2017-05-09 09:32:59,2018-07-27 11:21:46,23629.15,52,14,37,246,established,high_value
2b402d5dc42554061f8ea98d1916f148,2018-04-28 16:17:34,2018-04-28 16:17:34,299.89,1,1,127,600,dormant,core
2b5ed0c9139dae8883a200dfcb272ece,2017-04-03 17:25:59,2017-11-06 12:03:52,85.41,4,3,300,210,dormant,long_tail
2ba91c7ad80ff88b23b7db823b43c233,2018-04-04 12:42:36,2018-08-12 19:57:00,740.4,6,4,21,576,growing,core
2bd05d410a8fd26dc4184a15f4f2f588,2017-01-27 10:29:59,2017-10-21 11:22:57,1316.73,6,5,316,144,dormant,core
2bdb95a56a36ebbc6640337ac5eac174,2017-01-27 22:07:02,2017-01-27 22:07:02,89.9,1,1,583,145,dormant,long_tail
2be17df1c49978426251562096c3cc09,2017-01-17 16:58:06,2018-06-30 20:39:53,2165.0,16,11,64,134,at_risk,core
2bf28e311bba65237358230cabac3f15,2018-04-03 20:28:35,2018-08-12 14:52:42,294.0,7,4,21,575,growing,core
2bf6a2c1e71bbd29a4ad64e6d3c3629f,2017-11-02 13:11:26,2018-08-13 19:30:37,50628.9,30,8,20,423,established,high_value
2c00c85d30361cd2ced2969cffbbffa3,2018-04-16 19:27:56,2018-04-16 19:27:56,49.8,1,1,139,588,dormant,long_tail
2c2c9832d1bb38c5b0034a3b47d313ee,2018-07-27 10:44:02,2018-07-27 10:44:02,49.9,1,1,37,690,activated,long_tail
2c3d56f92f360fb89d849b84e8f50eae,2017-10-06 08:49:02,2018-03-23 18:38:45,465.6,8,5,163,396,dormant,core
2c43fb513632d29b3b58df74816f1b06,2018-06-20 21:40:18,2018-07-23 20:50:50,858.0,3,2,41,654,activated,core
2c4c47cb51acd5ea5db5e0ae0e26542a,2017-09-04 09:26:19,2018-07-29 16:04:47,2575.9,12,9,35,364,established,core
2c538755f1ca9540af144f266e70df6c,2018-05-12 07:21:13,2018-05-12 07:21:13,334.99,1,1,114,614,dormant,core
2c54051840f19eca309a5423cf22df36,2017-12-04 00:59:05,2018-04-04 09:52:29,23.7,2,2,151,455,dormant,long_tail
2c9005d8043aff18b8557ffb7b13cda4,2018-05-07 21:00:33,2018-05-07 21:00:33,109.9,1,1,118,609,dormant,long_tail
2c9e548be18521d1c43cde1c582c6de8,2017-10-06 17:00:22,2018-08-27 16:17:16,6109.44,126,11,6,396,established,high_value
2cb4700db635baa1c0d4f90ed27b6669,2017-03-15 23:15:28,2017-03-18 01:58:41,199.8,2,1,534,192,dormant,core
2cb6eb1b7185064167657fa09f541105,2018-02-20 22:32:06,2018-08-03 21:35:53,1217.9,6,5,30,534,growing,core
2cb98e27ce1c18abdb42209b34c382a7,2018-06-19 14:30:42,2018-06-19 14:30:42,62.49,1,1,75,652,at_risk,long_tail
2d20f1cd18725c91147da0791d498022,2018-08-11 14:06:52,2018-08-11 14:06:52,99.8,1,1,22,705,activated,long_tail
2d22fc3089eb907b29ebff50581fb472,2018-04-13 17:26:09,2018-04-29 18:43:21,317.70000000000005,3,1,126,585,dormant,core
2d2322d842118867781fc737e96d59a1,2018-06-08 10:35:03,2018-08-25 21:20:50,176.4,8,3,8,641,growing,core
2d2c62bef4c8ba0dd74e0e228e808539,2017-11-20 15:08:25,2018-08-23 13:56:50,3749.0,16,8,10,441,established,core
2d34636518ba88f5349b732fcf8ba2e4,2018-04-30 20:25:31,2018-04-30 20:25:31,150.0,1,1,125,602,dormant,long_tail
2d378dbb39815785238c0139c7647fb7,2017-04-13 19:35:02,2017-05-17 09:44:13,1154.0,2,2,473,220,dormant,core
2d42ebcda99fd55f6f4bc2f1ca035d50,2018-06-24 13:21:50,2018-08-08 13:20:45,921.5,10,3,25,657,growing,core
2d50d6282f8aa2257819a77bfaa0efe0,2017-08-31 13:43:07,2018-08-11 14:31:30,3353.48,44,12,22,360,established,core
2d518637f53161b973e01f56ea4bb88e,2018-04-13 14:37:55,2018-07-30 20:33:35,1219.8899999999999,13,4,34,585,growing,core
2d8cfba3fcd3170555941605edaa196a,2017-03-15 11:41:46,2017-03-15 11:41:46,45.0,1,1,536,191,dormant,long_tail
2d9e8987a2ea5cf88dce330249043ff1,2018-08-02 13:07:42,2018-08-18 02:42:23,239.8,2,1,16,696,activated,core
2dcf93836ae3ce0d7c93e2f10876467a,2018-06-23 14:16:49,2018-08-07 20:29:36,1443.8,9,3,26,656,growing,core
2dd1fb6f0e42a2243b8a01e40cd41216,2017-02-20 08:35:25,2017-04-22 14:49:56,845.89,4,2,498,168,dormant,core
2dee2ce60de9709b1a24083217181a1f,2017-07-18 19:49:49,2018-06-28 14:29:37,7784.5,54,7,66,316,at_risk,high_value
2e0dba2da448400b1c11d7b4b22f32a4,2017-02-10 11:11:16,2017-05-21 19:21:32,235.87,7,4,469,158,dormant,core
2e13c71026e1a39ba5cc1b86dcb679aa,2017-12-27 17:38:31,2018-08-23 17:29:25,3793.0,24,9,10,478,established,core
2e1a7d075abe038c1b2743005fe42ff1,2017-08-25 15:24:46,2018-08-01 09:43:22,1396.7,19,8,32,354,established,core
2e1c9f22be269ef4643f826c9e650a52,2017-07-18 13:44:30,2018-08-24 10:16:19,12687.68,167,14,9,316,established,high_value
2e2f44824ab87a0cb961f68bf4073e7f,2018-04-02 21:10:31,2018-04-02 21:10:31,48.0,1,1,153,574,dormant,long_tail
2e3be8a987a30d7544dbbda6861cc14e,2017-02-07 17:03:30,2018-07-18 21:37:46,4430.84,18,12,46,155,established,core
2e7ea2aafec5835e781b21d6d1faf1f1,2018-07-05 18:35:55,2018-08-23 21:46:53,528.4,7,2,10,668,activated,core
2e90cb1677d35cfe24eef47d441b7c87,2017-03-08 21:55:07,2018-08-26 17:23:02,13894.710000000001,127,17,7,185,established,high_value
2ea0861cc19e94cad86438c984c52da4,2018-05-17 14:33:47,2018-07-17 13:32:49,165.6,6,3,47,619,growing,core
2eb70248d66e0e3ef83659f71b244378,2018-02-06 14:25:14,2018-07-19 00:41:35,42628.61,202,6,46,519,established,high_value
2ec6e37d992a95eaddb3369dcbcc76d9,2017-08-18 13:53:01,2017-10-06 15:54:34,159.8,2,2,331,347,dormant,core
2ee0a0689f2f6a72f35a7cb6033f6e7e,2017-11-14 20:08:30,2017-11-26 14:31:13,272.0,4,1,280,435,dormant,core
2eeb6531ee027a48d401e72bebdd87d3,2017-02-07 17:16:26,2017-02-14 19:12:38,38.7,3,1,565,155,dormant,long_tail
2ef086a599b597572aca4433b7ed6b3d,2018-01-11 07:27:07,2018-01-11 07:27:07,49.0,1,1,235,493,dormant,long_tail
2f09f7d37a97956d11cc1a7cadd5262b,2017-02-07 17:18:57,2017-09-23 11:23:43,2005.0,11,6,344,155,dormant,core
2f1e7b90e01d9f086cbcb301c0c3d406,2017-11-27 23:03:26,2017-11-27 23:03:26,59.0,1,1,279,449,dormant,long_tail
2f3d8b4c9e2ee165075331fea3f3095a,2017-10-13 10:57:04,2017-10-13 10:57:04,130.0,1,1,324,403,dormant,long_tail
2f4b0d3b9634b647d4edee577d7ebb7e,2018-01-26 16:15:02,2018-03-10 10:10:19,337.9,10,3,176,508,dormant,core
2f4b9d112bfa44a214bc6cef085d17c8,2016-10-07 10:06:58,2017-04-16 20:08:33,293.99,5,5,504,32,dormant,core
2f73e04d12cdf0c945ded66bb3fcf6c7,2017-02-15 16:27:45,2018-08-19 19:52:18,1359.0,3,3,14,163,growing,core
2f74af7a0ee5636f12c2336f9fffed47,2017-06-04 12:09:58,2017-11-20 18:50:52,560.6999999999999,13,5,286,272,dormant,core
2f9b7ce230a057a98a9f5df5893ee36c,2017-05-17 10:45:24,2017-06-18 16:13:28,141.82,2,2,441,254,dormant,long_tail
2fa13c8bd5705d279f7ed5cc9ec61c68,2018-04-20 11:25:54,2018-07-10 17:52:57,87.4,2,2,54,592,activated,long_tail
2fb25ab44bdbeae6a4d816e0d0c9d500,2017-08-18 01:36:03,2018-06-22 21:40:54,683.08,5,3,72,347,at_risk,core
2fdde51ad3e12f297da656d4fbd5d0b5,2017-04-17 19:55:27,2017-10-16 17:03:04,6252.0,10,5,321,224,dormant,high_value
2ff6b7bff164ef05590a52734e1296da,2017-11-01 21:31:57,2018-05-11 09:30:22,1803.59,7,5,114,423,dormant,core
2ff97219cb8622eaf3cd89b7d9c09824,2018-02-16 17:17:41,2018-08-25 14:09:50,4476.9,89,7,8,529,established,high_value
3076499bbc033a927bf4a8a41bcf7fd4,2018-05-03 15:40:43,2018-08-22 11:13:09,359.33,7,4,11,605,growing,core
3078096983cf766a32a06257648502d1,2017-05-19 08:15:11,2018-05-09 19:32:24,8285.42,59,13,116,256,dormant,high_value
30829ded4523ab9224b93bc49a62c95f,2018-01-10 10:50:11,2018-08-23 11:30:04,6911.71,18,7,10,492,established,high_value
3092c0b297aacfb4bb6e056ebe13b9b8,2018-01-18 22:44:34,2018-06-29 09:18:48,1623.9,19,5,65,501,at_risk,core
30a2f535bb48308f991d0b9ad4a8c4bb,2017-02-04 15:05:16,2018-07-27 11:20:08,4731.3,71,16,37,152,established,high_value
30a81d8cf85fb2ada1b1b094c9583a95,2018-02-22 01:14:05,2018-08-15 10:14:58,1245.42,17,5,18,535,growing,core
30c7f28fd3a5897b2c82d152bb760c17,2017-04-22 13:55:16,2017-11-28 13:50:19,2178.27,7,4,278,229,dormant,core
312ba1d77e9c332ef21f9598b7f64cd7,2018-01-29 11:36:06,2018-07-23 10:53:28,756.0,9,5,41,511,growing,core
31344c16881c08a8a72c6d2eb29918c1,2017-01-26 21:58:21,2018-08-20 12:03:54,9615.7,43,16,13,144,established,high_value
31561f325664a8a7aba4c8d0c3a9b3db,2018-06-05 22:51:12,2018-08-17 02:52:51,2702.19,36,3,17,639,growing,core
318f287a62ab7ac10b703ac37435a231,2017-02-08 15:35:42,2018-08-24 16:38:58,2517.48,52,17,9,156,established,core
31ae0774c17fabd06ff707cc5bde005f,2017-05-08 16:25:25,2018-08-25 10:39:56,6719.85,11,9,8,245,established,high_value
31be790e64fc99f8ff48ec2bd18a3104,2018-07-29 23:08:40,2018-08-17 20:53:26,241.39999999999998,6,2,16,693,activated,core
31da954dc0855f2495c6310f70a2f931,2017-09-10 20:50:42,2018-08-20 13:28:21,4583.0,29,9,13,370,established,high_value
31e60bf8d103ce47932a85f5562deb16,2018-07-11 16:07:05,2018-07-11 16:07:05,181.0,1,1,53,674,activated,core
31eec405c9bb71dec8e2629a92e764fa,2018-06-27 12:28:47,2018-08-10 13:10:40,256.89,5,3,23,660,growing,core
323ce52b5b81df2cd804b017b7f09aa7,2018-01-26 20:51:44,2018-08-02 12:06:07,2554.2,30,8,31,508,established,core
324583d68897f5ddbaf38f6248322176,2018-02-21 12:09:19,2018-02-25 13:05:21,84.0,2,1,189,534,dormant,long_tail
325f3178fb58e2a9778334621eecdbf9,2017-03-09 10:24:00,2018-01-29 19:18:47,981.6999999999999,36,11,216,185,dormant,core
327b89b872c14d1c0be7235ef4871685,2017-02-03 01:06:06,2017-03-15 14:28:24,1177.0,3,2,536,151,dormant,core
3289d8c3eef4873f91ce0b1343c0dd58,2018-05-25 18:44:29,2018-05-25 18:44:29,199.99,1,1,100,627,dormant,core
328acb143b4a73aad6bee8e734f5d20d,2017-02-06 13:51:28,2017-02-10 14:49:23,699.98,2,1,569,154,dormant,core
3296662b1331dea51e744505065ae889,2018-08-27 12:41:49,2018-08-27 12:41:49,517.8,1,1,6,721,activated,core
32b8764b4ef628b53608fc34011fcc13,2018-03-06 22:41:47,2018-08-22 08:33:48,8884.0,36,6,12,548,established,high_value
32e5635e63cb374eb63afdd242fb6134,2017-08-15 21:29:06,2017-08-15 21:29:06,910.0,1,1,383,345,dormant,core
32f1bb9dfa65bc7df5c0d9d95a616be4,2018-03-18 23:47:19,2018-08-08 12:09:55,276.39,5,5,25,560,growing,core
32f83ffe11cd40f7adcf4eef171f52d9,2017-11-19 13:22:29,2017-11-19 13:22:29,29.99,1,1,287,440,dormant,long_tail
32fdd5d44ecb43dfd6a24b9369eca144,2017-03-22 12:10:36,2017-05-15 13:20:05,479.2,8,3,475,198,dormant,core
3338e7a0710a195872be80e0d2423867,2017-04-08 01:34:18,2017-04-08 01:34:18,45.0,1,1,513,215,dormant,long_tail
333c4210e76a1aa2ab817b99437e3ff1,2018-07-17 19:46:54,2018-08-10 10:31:43,335.0,2,2,23,680,activated,core
3340ef1913fb70d28420f6ceb685c339,2017-01-18 20:14:17,2017-11-23 16:22:37,6731.15,32,9,283,135,dormant,high_value
334cab711dee080b079fa5779b584783,2018-04-08 13:05:27,2018-08-09 18:06:43,1069.7,11,5,24,580,growing,core
33576ec5412fb5905d876f12f33bfde6,2017-07-12 23:03:19,2018-06-24 20:40:44,2718.0,31,9,70,311,at_risk,core
3361277dc30b7cccdb0c286b24219756,2017-02-11 13:33:12,2018-08-18 18:48:25,3905.05,29,16,15,159,established,core
3364a91ec4d56c98e44174de954b94f6,2017-04-29 14:34:26,2017-08-29 09:42:04,3579.94,6,4,369,236,dormant,core
33a17d60c64393351ebf1ef860f4e0f2,2017-07-08 11:40:20,2018-08-14 19:12:16,8152.4800000000005,43,13,19,306,established,high_value
33a6f4b1e7cdc205511e76ba1b6e0186,2018-01-26 10:54:11,2018-08-28 14:32:59,10295.01,105,8,5,508,established,high_value
33ab10be054370c254ddfcf0a6253422,2018-06-22 16:04:28,2018-08-28 11:51:45,213.2,4,2,5,655,activated,core
33ac3e28642ab8bda860a2f693000e78,2017-02-09 21:17:20,2018-07-23 11:42:25,3661.03,34,17,41,158,established,core
33c51922b6e3c16b24a8f28e5833c99d,2017-12-02 08:50:05,2018-08-01 08:33:57,6657.87,18,7,33,453,established,high_value
33cbbec1e7e1044aaf11d152172c776f,2018-04-03 20:15:00,2018-08-18 13:56:19,730.67,15,5,15,575,growing,core
33cbda8716511e27e556dff9d8418bf2,2017-03-30 14:48:27,2018-06-05 13:29:17,507.40000000000003,5,5,89,206,at_risk,core
33d677f27a69b84051204ee4ae76eaca,2018-03-17 19:07:43,2018-07-20 19:11:27,165.0,9,4,44,558,growing,core
33dd941c27854f7625b968cc6195a552,2018-05-27 16:26:55,2018-08-03 00:45:12,6787.5,5,3,31,629,growing,high_value
33fd411ed63a7c2f9005e3f065d9f85d,2018-04-11 11:52:13,2018-04-11 11:52:13,24.9,1,1,144,583,dormant,long_tail
34056b8b55c1775a22af2331670a799c,2017-11-16 13:18:14,2018-08-23 17:19:01,6455.4,78,8,10,437,established,high_value
340636a908b13bbe0f4fb63fbe1d0c03,2018-02-25 14:44:31,2018-05-06 11:40:23,823.2,5,3,119,538,dormant,core
343e716476e3748b069f980efbaa294e,2017-04-19 22:03:31,2018-08-10 08:00:25,922.5999999999999,17,12,24,227,established,core
3442033154be05bac582e173ef54fd12,2018-08-16 21:55:21,2018-08-16 21:55:21,161.0,1,1,17,711,activated,core
344223b2a90784f64136a8a5da012e7f,2018-01-17 22:10:43,2018-01-17 22:10:43,10.9,1,1,228,500,dormant,long_tail
3442f8959a84dea7ee197c632cb2df15,2017-05-05 16:12:29,2017-08-30 11:47:52,218.70000000000002,3,2,368,242,dormant,core
34675b28b826facfde119785bf287dc1,2017-08-01 22:00:44,2017-08-01 22:00:44,21.99,1,1,397,331,dormant,long_tail
3481aa57cd91f9f9d3fa1fa12d9a3bf7,2016-10-04 09:06:10,2017-08-22 11:02:26,1773.03,25,7,376,29,dormant,core
3492e68f37fd1df87f4f2f2ea247f445,2018-05-09 22:09:32,2018-08-08 19:53:48,787.86,8,3,25,612,growing,core
34a557286ead8fe75c989e0afcf7d98c,2018-05-14 17:20:48,2018-08-18 00:12:08,414.9,4,4,16,616,growing,core
34aefe746cd81b7f3b23253ea28bef39,2017-05-05 03:00:07,2017-05-05 03:00:07,8.0,1,1,486,242,dormant,long_tail
34d1ca11b242c0fee2c834ae8d788566,2017-03-01 16:21:50,2018-08-07 08:43:58,13422.24,40,17,27,177,established,high_value
34f563c82a85b99ae9e6d60db5fc2e28,2018-04-13 15:09:55,2018-08-06 20:19:36,2332.3,8,4,27,585,growing,core
3504c0cb71d7fa48d967e0e4c94d59d9,2017-07-05 09:53:02,2017-11-06 13:48:10,2349.94,53,5,300,303,dormant,core
35281d148dcf7134bae913c57db4e6da,2018-07-19 19:38:45,2018-07-19 19:38:45,119.99,1,1,45,682,activated,long_tail
353e21e8bf8de2722b4fae1636664b76,2018-02-27 07:38:47,2018-06-16 20:14:00,208.0,4,4,78,540,at_risk,core
35857757f553273b1056c1cabdace7fb,2017-07-24 15:19:05,2018-03-28 00:23:11,454.6,6,5,159,322,dormant,core
3586b8580d9c917874e053a1bb37b5ff,2017-05-05 11:25:20,2018-08-12 23:05:02,1524.7,36,14,21,242,established,core
35b96509602ec4b7da831b5cd73ff2c2,2018-05-08 09:35:12,2018-08-03 19:12:10,558.9,2,2,30,610,activated,core
35ef5aa32949680f627efec3c23e705c,2017-03-28 09:06:23,2017-07-11 20:54:38,361.59999999999997,4,3,418,204,dormant,core
35fb511489d9ee3ee27a76debce9df06,2017-02-22 18:45:58,2018-04-09 08:57:49,414.5,7,6,147,170,dormant,core
3606774ec64634822d78dc2db6d37045,2016-10-04 23:39:01,2017-01-25 15:28:32,299.8,2,2,585,30,dormant,core
365e445f796710c3431557e85caa25db,2017-02-01 16:03:51,2017-06-16 13:35:23,1115.0,4,3,443,149,dormant,core
365e4bce19bda0082c3d15d83fdb8bcd,2018-01-22 13:52:39,2018-06-29 23:18:47,796.4,6,5,65,504,at_risk,core
36890be00bbfc1cdb9a4a38a6af05a69,2018-06-04 19:51:43,2018-08-19 16:57:32,1361.3,13,3,14,637,growing,core
36a968b544695394e4e9d7572688598f,2017-02-22 17:12:07,2018-08-27 16:24:47,9482.87,154,17,6,170,established,high_value
36f98ad67cc981f50ce8aed093d5783c,2018-07-25 11:04:58,2018-08-01 23:43:21,119.4,2,2,32,688,activated,long_tail
37303482a42fb700d8d127e70a9cd6c8,2017-12-11 14:52:54,2017-12-14 11:51:34,148.89,2,1,262,462,dormant,long_tail
373ee4a3a775a733770ca3f790b8b9ac,2017-02-06 18:57:19,2018-05-08 14:23:15,2141.49,13,10,117,154,dormant,core
37515688008a7a40ac93e3b2e4ab203f,2017-07-10 22:08:53,2018-07-16 08:50:17,5986.6,228,13,49,309,established,high_value
376a891762bbdecbc02b4b6adec3fdda,2017-05-20 00:26:11,2018-05-02 22:17:41,6406.23,57,13,123,257,dormant,high_value
376d67b61dce0c990155286e7ae486a4,2018-03-01 15:29:58,2018-03-01 15:29:58,94.0,1,1,185,542,dormant,long_tail
3771c85bac139d2344864ede5d9341e3,2017-05-25 16:39:50,2017-12-12 22:53:35,1433.3,26,8,264,262,dormant,core
377bc18334c78dd2f1535ef22a3ad225,2018-08-18 20:59:58,2018-08-18 20:59:58,135.98,1,1,15,712,activated,long_tail
3785b653b1b82de85ab47dd139938091,2017-08-24 11:34:24,2018-08-01 22:44:09,1552.0,21,10,32,353,established,core
37be5a7c751166fbc5f8ccba4119e043,2017-05-03 09:01:56,2018-05-21 10:57:22,55350.55,272,11,104,240,dormant,high_value
37ceb404da208418c9032f0674e57804,2018-05-22 18:50:55,2018-05-22 18:50:55,204.93,1,1,103,624,dormant,core
37dd29b36c458d82f74a953c40c43645,2017-10-08 16:50:45,2018-05-28 13:37:22,4536.99,7,6,97,398,dormant,high_value
38102b031c2a15e54623d711bfc753d3,2017-02-09 11:01:14,2018-02-14 10:32:00,457.0,9,7,200,157,dormant,core
381c83fdca332ea6afd896da20bf6e4a,2017-08-17 08:58:53,2018-08-14 07:04:43,7355.8,46,13,20,346,established,high_value
3820c6537b3853be1a0687d5a60807ec,2017-03-05 01:03:51,2017-03-05 01:03:51,25.0,1,1,547,181,dormant,long_tail
382229d1e840115ffe3dbf5ff460e417,2018-04-14 22:35:36,2018-08-20 17:34:26,4096.96,46,5,13,587,growing,core
385799a1cddbd26dfeb9157356a42282,2017-03-28 16:03:34,2017-09-09 16:16:29,633.93,5,5,358,204,dormant,core
38874e327ce94d11390b96eb42d61928,2016-10-08 10:31:00,2017-10-27 14:24:24,3779.94,6,4,310,33,dormant,core
389e45560e33d2d0747f949dcddbc08e,2018-08-16 21:58:25,2018-08-16 21:58:25,39.0,1,1,17,711,activated,long_tail
38af8acfd46ac4a7bf754e8ca6736664,2017-11-27 23:02:54,2018-02-14 11:15:39,345.0,5,4,200,449,dormant,core
38e679b9e0064cd94c6f035707344dae,2016-10-06 18:11:11,2018-01-30 07:15:03,3694.5099999999998,28,10,216,31,dormant,core
38e6dada03429a47197d5d584d793b41,2017-09-06 19:27:08,2017-10-29 11:59:16,596.14,7,2,308,366,dormant,core
38f276ca6e7cc95a6d1bb55ac9e5550f,2017-11-26 18:08:38,2017-11-26 18:08:38,24.99,1,1,280,447,dormant,long_tail
3903c788ded8dc03b5ebab37a2f3e9a1,2018-05-25 12:51:58,2018-08-05 14:00:06,119.97999999999999,5,4,28,627,growing,long_tail
391bbd13b6452244774beff1824006ed,2018-02-04 14:21:50,2018-03-05 11:05:50,127.8,2,2,181,517,dormant,long_tail
391fc6631aebcf3004804e51b40bcf1e,2016-10-06 00:06:17,2018-08-25 20:13:35,39951.95,526,20,8,31,established,high_value
392353362d22cc2c236e1ee81ff19890,2018-04-13 22:12:39,2018-08-22 21:48:00,288.7,5,3,11,586,growing,core
392e0502231ae2f8b29994ef6398cd77,2017-01-09 21:40:42,2018-07-17 23:30:05,1871.7,20,8,47,127,established,core
392f7f2c797e4dc077e4311bde2ab8ce,2018-08-20 21:10:45,2018-08-21 10:10:40,52.0,2,1,12,714,activated,long_tail
3935fe5fe0f82787a9dcb8deb62be09d,2018-04-17 09:59:30,2018-08-24 16:08:33,1681.69,16,5,9,589,growing,core
3968920b9aa752ab98f7d5888c9252f2,2018-05-03 19:10:38,2018-08-06 16:19:52,523.3,8,4,27,605,growing,core
3969863bb8af7f72580b3b1ffd3a17b3,2017-11-25 00:32:14,2018-08-14 16:18:52,623.15,12,7,19,446,established,core
397c4d0c005b6f41f90098ac724e28cb,2018-04-09 21:35:35,2018-08-04 14:32:55,8177.0,5,3,29,582,growing,high_value
3985a3c45be355a4c57fde108bfabd1c,2017-01-27 00:34:10,2017-06-19 15:25:29,344.2,7,5,440,144,dormant,core
3986c0b54f6b748b75e7bd4e092aa3e5,2018-08-17 19:54:45,2018-08-17 19:54:45,24.99,1,1,16,711,activated,long_tail
398cb257329ef7af7f1943a8974a3cbc,2018-07-20 09:42:40,2018-07-20 09:42:40,145.9,1,1,44,683,activated,long_tail
39a5005f2605cbdb4f9ac14485cabfd1,2018-06-27 10:45:14,2018-08-04 13:18:33,501.07,3,3,29,660,growing,core
39c763cca83e654764b7a4a650fb9b7c,2017-09-14 20:57:31,2018-07-27 20:36:45,761.0,11,6,37,374,established,core
39d54ff918774174706fb065d7f9dc07,2017-11-25 17:36:18,2018-07-24 09:09:25,1593.59,23,8,40,446,established,core
39d61be7a92eb77b7da367bd4845bc0e,2018-03-21 20:35:30,2018-08-07 14:24:03,700.59,7,5,26,562,growing,core
39f776d2974049026ff531fc42ef2a3e,2018-01-12 18:17:38,2018-04-25 18:57:38,1084.04,3,2,130,494,dormant,core
3a1a1fec38dd360f15fc912e821e169d,2017-10-28 12:12:48,2018-05-05 16:21:56,2007.38,15,7,120,418,dormant,core
3a3c180dd702a725bd0ba4117689239e,2018-05-04 20:19:38,2018-05-04 20:19:38,41.9,1,1,121,606,dormant,long_tail
3a3e46d10f74d8a6ca76e2b538f106a0,2018-02-05 16:41:52,2018-07-30 16:52:00,334.9,3,3,34,518,growing,core
3a4127e1ba7208ea37044c5092aae170,2018-04-19 07:58:35,2018-08-16 19:28:02,2219.6,6,5,17,591,growing,core
3a490ba60afa30ece0e7d50cfe74a4f0,2017-04-12 23:50:54,2017-12-18 18:30:40,1529.2,8,5,258,220,dormant,core
3a52d63a8f9daf5a28f3626d7eb9bd28,2017-02-01 08:42:43,2017-02-01 08:42:43,35.0,1,1,579,149,dormant,long_tail
3a734b715d333a2588a3d54a0c9b8746,2017-08-04 10:08:27,2018-01-14 20:54:13,2463.52,18,5,231,333,dormant,core
3a79f35a2344ede41af21267f61d5ec6,2017-11-16 13:40:29,2017-11-16 13:40:29,186.0,1,1,290,437,dormant,core
3aa3c89ae3cd482385568be76120f63c,2018-06-07 22:36:29,2018-06-07 22:36:29,29.9,1,1,87,641,at_risk,long_tail
3ab971ce71839580d2ae5b4e40fe8044,2018-06-03 17:41:43,2018-08-20 14:25:47,5002.900000000001,36,3,13,636,growing,high_value
3ac588cd562971392504a9e17130c40b,2018-08-17 21:08:06,2018-08-17 21:08:06,11.9,1,1,16,711,activated,long_tail
3ade81dab5a172b88e1871c28ae05260,2017-10-06 09:42:10,2018-08-25 12:54:41,5751.6,30,10,8,396,established,high_value
3afc536624bc2e65bddfb5db33cc01f3,2018-01-23 17:56:14,2018-06-12 10:55:06,312.0,6,4,82,505,at_risk,core
3b15288545f8928d3e65a8f949a28291,2017-03-22 14:09:46,2018-08-13 16:57:13,14061.789999999999,104,18,20,198,established,high_value
3b18f9856c6eb2413eafedb58e9eecd9,2018-04-11 15:33:25,2018-04-11 15:33:25,315.0,1,1,144,583,dormant,core
3b872fd4747f01cc56206f2934198618,2017-11-27 16:23:47,2018-08-21 14:08:51,2726.7400000000002,25,8,12,448,established,core
3bb32fedaa74e4ad20f4ce067733bd31,2018-08-03 13:32:54,2018-08-05 20:48:32,103.69999999999999,2,1,28,697,activated,long_tail
3bb548e3cb7f70f28e3f11ee9dce0e59,2017-03-05 14:10:40,2018-08-09 12:13:17,7690.02,46,14,24,181,established,high_value
3bdff180c7e1f6551a643b99c265a120,2017-02-01 17:39:57,2018-04-17 16:37:44,3114.9,59,15,138,149,dormant,core
3be5841cdcc46de4ed3f9116f104b2c5,2017-01-24 21:16:50,2017-02-12 21:41:09,599.6,4,2,567,142,dormant,core
3be634553519fb6536a03e1358e9fdc7,2017-07-09 11:27:14,2018-08-27 21:36:16,5370.95,83,14,6,307,established,high_value
3bfad056cf05c00dabe2f895925d83b1,2017-12-18 10:39:37,2017-12-18 10:39:37,206.64999999999998,1,1,258,469,dormant,core
3bfba5a77604f6dfae7e6dd7aaf65821,2018-08-09 19:54:54,2018-08-21 20:50:17,2095.5,4,1,12,703,activated,core
3c010235b7345c92f125d14ee232a76b,2018-07-02 13:16:53,2018-08-15 11:37:45,3578.0,15,2,18,665,activated,core
3c03b12bab54d8b37d79d914bfdb1aa0,2017-12-23 22:45:28,2018-08-24 11:09:05,4236.34,37,9,9,475,established,core
3c3017960b2dbd72711a61f0400aab8f,2017-01-21 11:43:35,2017-04-05 17:01:38,968.8000000000001,10,4,515,138,dormant,core
3c487ae8f8d7542beff5788e2e0aea83,2017-08-09 15:42:26,2018-08-17 15:27:40,9385.699999999999,30,12,16,338,established,high_value
3c4e0452bff7a2a788179488d3d77032,2017-12-05 10:08:56,2018-03-23 17:33:12,3746.4,32,4,163,456,dormant,core
3c7c4a49ec3c6550809089c6a2ca9370,2017-09-04 12:14:07,2018-08-18 21:48:53,4033.6400000000003,141,12,15,364,established,core
3c88ed2e76a2247933a15daa7161eb1c,2018-02-01 21:45:16,2018-02-01 21:45:16,155.0,1,1,213,515,dormant,long_tail
3ca08eeb8d5595949fed424bd3677742,2017-05-11 16:20:58,2018-01-08 13:00:00,1768.8700000000001,14,8,237,248,dormant,core
3cfa1358a6caa965278721344c8d76f2,2018-04-18 13:37:54,2018-06-13 21:59:30,3140.2799999999997,5,3,81,590,at_risk,core
3d01d1c414c44b5943a09619ff3853cb,2016-10-05 17:21:29,2017-07-12 20:36:42,402.6,5,2,417,30,dormant,core
3d0cd21d41671c46f82cd11176bf7277,2017-08-08 20:26:31,2018-08-06 14:38:01,447.8,9,7,27,337,growing,core
3d2400ac620cffa23ac81bd192f7f555,2018-08-13 13:36:05,2018-08-13 13:36:05,105.0,1,1,20,707,activated,long_tail
3d2531eccfbde1d7c8db7a3a12fb267a,2018-04-24 10:19:45,2018-08-19 18:34:21,1999.54,10,5,14,596,growing,core
3d290fe363c60a77498c1126fd3fb8d3,2017-03-11 21:54:43,2017-06-03 15:23:13,198.98,3,3,456,188,dormant,core
3d39fbf22a665714baf62fae36029e23,2017-01-14 21:28:46,2017-11-25 00:10:03,2504.2,8,6,282,132,dormant,core
3d3ccf2b2f8134b10dce9dd446f0e075,2018-06-20 21:14:59,2018-08-10 11:48:43,608.6,3,2,23,653,activated,core
3d4824f20035949c710eaf111f869d39,2018-06-04 19:07:48,2018-08-23 00:20:45,1041.04,9,3,11,637,growing,core
3d49bfdd1b43a7fe169b3740067acc61,2018-06-30 01:23:27,2018-08-22 13:57:22,215.0,3,3,11,663,growing,core
3d4b1ae7539303b5704493798893e82c,2017-12-06 20:43:07,2018-02-28 16:31:53,1076.0,6,2,186,457,dormant,core
3d5d0dc7073a299e31fa718ce1bc00b6,2018-06-13 15:23:50,2018-08-06 19:55:49,790.7,23,3,27,646,growing,core
3d621842b2ed28e2b474132480edac3c,2017-05-04 16:44:16,2017-11-30 20:18:51,928.9100000000001,10,4,276,241,dormant,core
3d62f86afa7c73be2628a3be1423f5a0,2017-12-13 21:25:36,2018-01-09 21:50:02,12.0,2,2,236,465,dormant,long_tail
3d68c634a99a1ba46dbca3967a69c623,2018-07-22 15:43:14,2018-08-02 12:07:27,594.0,2,2,31,685,activated,core
3d700782d7818f2c1e0d7a9e9d75fc00,2017-04-23 20:56:12,2017-07-11 14:20:11,149.7,3,3,418,230,dormant,long_tail
3d871de0142ce09b7081e2b9d1733cb1,2017-03-05 12:29:19,2018-08-26 12:28:39,94914.2,1080,18,7,181,established,high_value
3d8fa2f5b647373c8620330c4e077a9f,2018-04-30 14:17:06,2018-08-15 14:57:55,3571.73,43,5,18,602,growing,core
3da38366e7bd9baf6369071f782ecdf0,2018-01-04 13:37:09,2018-01-04 13:37:09,59.47,1,1,241,486,dormant,long_tail
3db66a856d18a9cba7c9241fc5221c50,2017-04-20 17:15:47,2018-08-21 12:20:32,9478.300000000001,94,14,12,227,established,high_value
3dbbce181edfaa4a597ec858c382d2ec,2017-04-17 10:11:29,2017-12-11 19:56:32,848.3,17,7,265,224,dormant,core
3dc69bf2c42f0568a5c4791ec3fd3745,2017-11-14 06:00:37,2018-02-16 14:01:10,300.0,2,2,198,435,dormant,core
3ded4e2d5f135cb103e5949d7263d2dd,2018-02-15 15:37:34,2018-02-15 15:37:34,49.9,1,1,199,528,dormant,long_tail
3df020b72d3d44b3af9d110fa3940b65,2017-07-14 12:40:11,2018-08-19 23:12:41,5039.9,55,14,14,312,established,high_value
3dfd3dc96f7f8598eca74e9ac8a2fa31,2017-11-13 12:02:55,2018-06-16 16:39:47,183.0,6,4,78,434,at_risk,core
3e35a8bb43569389d3cebef0ce820f69,2018-04-12 19:47:40,2018-04-12 19:47:40,55.8,1,1,143,584,dormant,long_tail
3e46a38ee171c503c3b4a3f23fe3bf0c,2018-06-22 13:20:40,2018-06-22 13:20:40,59.9,1,1,72,655,at_risk,long_tail
3e51f9cbe317bc3a88f2c76583811ee4,2018-08-14 00:22:06,2018-08-14 00:22:06,76.09,1,1,20,708,activated,long_tail
3e8bd881d92466e63ba9e3e809cd3c50,2018-02-16 17:13:02,2018-04-25 20:58:05,2242.28,9,3,130,529,dormant,core
3ea00e1dea2b0659dbaf654735929220,2017-02-22 16:04:36,2018-03-14 23:13:24,505.0,7,7,172,170,dormant,core
3ea08c48e851106d2f584349daba335f,2018-06-13 21:43:00,2018-06-13 21:43:00,170.0,1,1,81,647,at_risk,core
3ef37b7ca6dd2b80bd8af81a62504996,2017-03-02 18:58:10,2017-09-01 16:25:37,700.0,2,2,366,178,dormant,core
3f0e48d209018b466fcd3bb4ccfeb520,2017-08-02 14:10:38,2018-01-21 16:56:40,5399.0,9,5,224,331,dormant,high_value
3f2af2670e104d1bcb54022274daeac5,2017-09-29 08:52:58,2018-05-19 23:15:03,973.6,6,4,106,389,dormant,core
3f3486b61f45078d4f31ee5e43d8c5bb,2017-12-04 19:22:50,2018-08-17 10:48:14,3829.73,40,9,16,455,established,core
3f8034bfc6b8b4135534975d49f04c63,2017-01-18 10:42:05,2017-05-24 18:32:55,1313.9,12,5,466,135,dormant,core
3f8247d0f772ffa58560e5c682521ad5,2017-06-11 05:05:03,2017-06-11 05:05:03,139.9,1,1,449,279,dormant,long_tail
3f84fefc07dc159b268d4a77d3e8c425,2018-05-07 10:20:46,2018-06-29 23:02:53,200.6,3,2,65,609,at_risk,core
3f995f07c49d0d55a99d5c54957f7d81,2017-04-13 13:13:48,2018-08-20 23:06:39,3955.7,43,12,13,220,established,core
3f9be91358837bff69df67edfa3e42e8,2018-03-30 11:29:18,2018-05-12 18:04:04,569.7,7,3,113,571,dormant,core
3f9c56764fabca627406093dcb3ef0b4,2018-01-22 09:47:40,2018-04-24 18:02:40,909.3000000000001,7,3,131,504,dormant,core
3fac58ce0ad699020c7944d53c41329c,2018-05-31 13:16:15,2018-08-20 22:29:55,1244.95,10,4,13,633,growing,core
3fadb4cba4c35bce6a7eaf9872d5623a,2017-04-07 20:18:18,2017-05-31 22:12:33,209.5,3,2,459,214,dormant,core
3faf68a3b0af94b10bac70d86077be49,2017-02-04 22:19:45,2017-05-02 06:29:43,1322.93,7,4,489,153,dormant,core
3fd1e727ba94cfe122d165e176ce7967,2017-12-01 22:57:13,2018-04-04 08:20:22,2805.2000000000003,37,5,152,453,dormant,core
3fe7120d6257285ac6a3ce7cb071ccec,2018-01-05 09:35:30,2018-01-10 14:04:29,199.98,2,1,235,487,dormant,core
3febca52652e7209509ccfe61cbde40e,2018-08-07 16:57:23,2018-08-14 15:26:11,84.0,2,1,19,701,activated,long_tail
3fefda3299e6dfaea3466ef346a3571a,2017-08-11 10:15:22,2017-08-11 10:15:22,209.0,1,1,387,340,dormant,core
4003520d80d0bad1d5623f7aa3c63cda,2017-09-26 20:50:49,2017-09-26 20:50:49,70.0,1,1,341,386,dormant,long_tail
400f221ab83037c0ea78f1267da9624d,2017-10-11 19:51:04,2017-10-11 19:51:04,865.0,1,1,326,401,dormant,core
402916f742e5c740cc751493d9cf5053,2018-08-05 20:23:26,2018-08-24 09:26:31,1252.0,9,1,9,699,activated,core
403aa86912527d730337ffcb0fb096ab,2017-01-30 13:13:59,2017-11-15 14:31:58,8959.89,11,7,291,147,dormant,high_value
4049512728d969bec69f84088b012416,2017-04-23 22:08:43,2018-01-31 23:46:01,389.84,7,4,214,231,dormant,core
404e1ba01358af4cd63f679b2c4d1fa1,2017-08-21 01:07:46,2018-08-16 12:36:06,373.9,8,6,17,350,growing,core
40536e7ca18e1bce252828e5876466cc,2017-08-27 15:33:09,2017-09-01 17:22:43,463.96,2,2,366,356,dormant,core
406740ee611378a662d274c7d8c43c4a,2018-03-08 17:10:28,2018-04-13 13:04:33,1790.0,8,2,142,549,dormant,core
406822777a0b9eb5c50e442dd4cd3ec5,2017-10-30 16:01:24,2018-08-23 00:07:26,3648.08,45,11,11,420,established,core
4091f77d8c768fc3e81c20761471761d,2018-01-06 14:14:53,2018-08-07 09:12:17,1079.0,8,4,26,488,growing,core
40d54b51e962dbe09cabbcfd33298dee,2017-07-08 14:21:09,2018-08-25 14:20:27,6785.5599999999995,30,12,8,306,established,high_value
40db9e9aa57f7bb151bcda6b0f9bdbb7,2018-02-09 09:48:04,2018-08-17 16:07:20,23168.0,12,5,16,522,growing,high_value
40ec8ab6cdafbcc4f544da38c67da39a,2018-08-01 22:00:33,2018-08-10 13:24:35,117.8,2,1,23,696,activated,long_tail
411f3b52d857390502ee4e4d5ceabc2d,2018-04-09 18:48:29,2018-08-22 01:27:49,1804.01,21,5,12,581,growing,core
4125d9385a25e82d2f72d3a0fd55bc3f,2018-08-01 16:28:34,2018-08-01 16:28:34,42.9,1,1,32,695,activated,long_tail
412a4720f3e9431b4afa1476a1acddbe,2017-09-10 21:12:43,2018-08-13 21:49:33,2058.1,21,10,20,370,established,core
4170f6a9367e6b5d6401d03ce6d54569,2017-10-20 16:51:47,2017-12-20 00:40:45,568.78,4,3,257,410,dormant,core
417a1e6c7321084d2a0ae0d023cfad93,2018-01-31 12:13:17,2018-01-31 12:13:17,48.9,1,1,214,513,dormant,long_tail
41958cbd3335433c8740300e8cd600d5,2018-06-04 19:22:19,2018-06-04 19:22:19,32.99,1,1,90,637,at_risk,long_tail
41ab63a91b8b264e8c8780368bf1dd5b,2017-10-05 23:06:13,2018-07-12 09:28:43,2571.95,12,7,52,396,established,core
41b14765bd56c8ad10971074380f9c0c,2018-03-20 14:33:00,2018-07-29 00:48:48,395.5,8,5,36,561,growing,core
41b39e28db005d9731d9d485a83b4c38,2017-01-19 15:21:44,2018-08-20 14:19:56,17112.55,195,20,13,136,established,high_value
41b86b552e54e3a7009596125aa8b167,2017-03-20 18:47:14,2017-04-09 19:12:02,1595.3,10,2,511,196,dormant,core
41c2bad7229b0c25e6becf179ebf63ff,2017-11-27 23:23:49,2018-07-20 21:11:30,782.0,20,4,44,449,growing,core
41c9d3997dd3c072c31139dc5bb5761f,2017-01-27 12:31:05,2017-03-05 14:28:33,998.8,3,3,546,144,dormant,core
41da412d33e8da4f22baf55cb1bde82c,2018-01-24 19:13:01,2018-06-20 08:46:31,862.9,15,6,75,506,at_risk,core
41e0fa5761c886a630994a55c12087e7,2018-04-03 16:31:37,2018-06-14 20:24:49,423.6,5,3,80,575,at_risk,core
4200ddf1967c5e41e48db62bc6d4b5ac,2017-08-20 19:18:04,2018-04-18 14:22:18,734.8,22,9,137,349,dormant,core
4221a7df464f1fe2955934e30ff3a5a1,2018-06-27 20:35:02,2018-08-13 12:29:00,849.5,5,3,20,660,growing,core
422be4cc81a457fdb46f47edeb968ae5,2017-01-26 16:20:32,2017-01-26 16:20:32,239.9,1,1,584,143,dormant,core
427165bf50f8ca07efc7bdc2bfcf1688,2018-04-05 22:19:06,2018-04-26 18:02:59,1603.5,5,1,129,578,dormant,core
42b6488f5b8246d9141712abd4b1b693,2018-04-12 20:51:03,2018-08-14 19:10:40,247.99,2,2,19,584,activated,core
42b729f859728f5079499127a9c2ef37,2018-01-09 22:55:44,2018-08-23 13:23:25,4118.86,104,8,10,492,established,core
42bde9fef835393bb8a8849cb6b7f245,2017-07-06 20:25:32,2018-08-19 18:19:11,7703.0,35,9,14,304,established,high_value
42d4b7e70819438f5ada61c965e92d7e,2018-03-20 14:07:40,2018-03-20 14:07:40,49.6,1,1,166,561,dormant,long_tail
42ef3192a9ff87a22d1867b74b3ee205,2018-01-02 22:14:43,2018-08-02 19:25:36,1354.0900000000001,23,7,31,485,established,core
42fa4ee7240e9b8eb4576358ec142ba7,2018-02-04 10:58:23,2018-07-09 11:28:58,3845.7,22,6,55,517,established,core
42fb44130ac3134cde8e35cf8ec7df25,2017-02-04 10:12:38,2017-03-23 16:19:43,62.699999999999996,3,2,528,152,dormant,long_tail
430315b7bb4b6e4b3c978f9dfa9b0558,2018-01-09 23:49:14,2018-08-06 10:23:00,3118.4,20,7,27,492,established,core
4305fe92735c8a43d154ff6dd2b8d927,2017-07-26 17:16:18,2018-08-25 20:26:35,2885.9,19,6,8,324,established,core
431050a06a317f2b38168dec3dcd2b46,2018-04-28 23:02:40,2018-08-06 15:03:43,1487.8,12,5,27,601,growing,core
431af27f296bc6519d890aa5a05fdb11,2017-04-26 18:11:15,2018-07-31 18:46:13,13109.5,117,16,33,233,established,high_value
4324dd16853115efb0fd9d0d131ba6f4,2017-05-31 08:51:45,2018-03-06 11:51:44,1052.25,12,6,180,268,dormant,core
432c37c9dfba871172ec162e20118b8c,2017-03-02 14:06:01,2018-04-12 22:26:18,2968.87,46,14,143,178,dormant,core
432c67955c0acd1fd6b0b5d678766a71,2016-10-04 16:28:25,2017-02-01 09:24:38,1151.0,3,2,578,29,dormant,core
43402bdf22aa2310e8f99e2f94f78628,2018-05-14 18:13:58,2018-06-28 00:15:39,649.95,4,2,67,616,at_risk,core
4342d4b2ba6b161468c63a7e7cfce593,2017-12-23 14:20:57,2018-07-25 11:21:39,2867.1,20,4,39,474,growing,core
436bf27f2f18474fc6047702e9f8a866,2017-01-18 12:51:23,2017-01-18 12:51:23,29.9,1,1,592,135,dormant,long_tail
4371b634e0efc0e22b09b52907d9d469,2017-06-16 13:58:31,2018-08-13 18:15:19,8194.0,102,14,20,284,established,high_value
43753b27d77860f1654aa72e251a7878,2017-09-08 12:12:48,2017-09-08 12:12:48,23.9,1,1,359,368,dormant,long_tail
4391ea5c5990502176a1dcda44a2373d,2017-10-15 19:48:23,2018-05-16 10:02:45,2349.0,3,3,109,405,dormant,core
439a47cc365d6e3bd526812ea9de3c29,2017-08-21 15:37:43,2018-07-05 01:16:37,1186.5,8,6,60,350,growing,core
43a1d4bab73b816e44ef4e4facd9f9b5,2017-02-20 16:17:04,2017-02-20 16:17:04,189.9,1,1,559,168,dormant,core
43a5d4a57af536fddc96d08be3afdfcb,2017-06-14 20:17:04,2017-06-14 20:17:04,75.0,1,1,445,282,dormant,long_tail
43b2c864251aa0ce4030c746984e088a,2018-07-28 15:35:20,2018-08-23 12:49:42,94.8,2,2,10,691,activated,long_tail
43f8c9950d11ecd03a0304a49e010da6,2017-07-27 10:31:56,2018-05-29 19:22:17,4249.59,41,9,96,325,dormant,core
44073f8b7e41514de3b7815dd0237f4f,2017-02-22 23:49:42,2018-08-08 18:12:16,18729.64,144,18,25,171,established,high_value
440dd6ab244315c632130ecfb63827b1,2016-10-04 13:16:57,2018-08-04 14:55:00,13696.9,94,21,29,29,new,high_value
443d880f15cbd3572885e1d44bf2c478,2017-07-21 09:28:29,2017-07-21 09:28:29,94.8,1,1,408,319,dormant,long_tail
4450bd8327d471c4a11a83d1445b1b62,2017-04-11 06:33:17,2017-04-11 06:33:17,199.0,1,1,510,218,dormant,core
446cc09cdbb130904da114e807dbec40,2018-03-06 12:22:00,2018-06-04 00:18:20,252.8,3,3,91,547,dormant,core
44717f64ec2a457979cf83c429077666,2018-08-01 00:48:09,2018-08-18 22:35:00,107.0,2,1,15,695,activated,long_tail
447d377bdb757058acb569025ee18a93,2018-02-02 18:46:41,2018-02-02 18:46:41,64.99,1,1,212,515,dormant,long_tail
44ed138eca6214d572ce1d813fb0049b,2018-08-08 00:43:30,2018-08-21 09:31:11,129.79,2,1,12,702,activated,long_tail
44f091b5abab8018f682fce8124b85e5,2017-09-11 07:12:41,2017-11-13 11:16:06,1680.1,6,3,293,371,dormant,core
45213867cefbf2cd4c6177e10216a951,2017-01-27 18:16:50,2017-10-11 11:41:40,4955.42,14,8,326,144,dormant,high_value
4559697a8f7e637227c2eeaed843baff,2017-02-14 16:20:34,2018-06-27 12:45:26,3696.0,42,12,67,162,at_risk,core
455befea1bb853c75ccbca94cff26e5c,2018-06-07 08:36:30,2018-06-07 08:36:30,19.99,1,1,88,640,at_risk,long_tail
455c5640e8c5bd1b2ee85c0158f85727,2018-02-15 13:43:21,2018-05-14 23:49:10,6729.5,8,4,111,528,dormant,high_value
455f46ef09a9e45667e2981df84b5cc2,2018-08-07 19:13:51,2018-08-07 21:26:48,59.8,2,1,26,701,activated,long_tail
457fe919b032a3f7dadba6fb92cf7855,2018-05-02 18:19:06,2018-08-06 14:48:29,1104.89,9,3,27,604,growing,core
458c6fa920810ce2492da71bc26d9eec,2017-12-12 12:05:08,2017-12-21 15:09:09,756.76,2,1,255,463,dormant,core
458d868c9642f55f18f04e951a3fdde6,2017-05-31 18:30:10,2017-08-01 10:25:49,2718.0,2,2,397,268,dormant,core
45a3d05fb00435e52a28859dd03703b3,2017-02-03 18:08:16,2017-02-03 18:08:16,1299.0,1,1,576,151,dormant,core
45ba18c210d42734ec52c0c1c574e9ee,2018-04-03 00:54:42,2018-08-23 19:03:09,5589.13,38,5,10,575,growing,high_value
45c20d94d9171b0bcfab3c955e47d67b,2017-05-05 13:35:44,2017-08-30 17:53:35,129.45999999999998,4,3,368,242,dormant,long_tail
45d33f715e24d15a6ccf5c17b3a23e3c,2016-10-03 21:13:36,2018-08-17 08:06:17,4838.2300000000005,59,15,17,28,new,high_value
461ff5303b6c9c1a4a07f40c5aece516,2018-02-23 11:35:10,2018-07-14 19:34:45,102.69999999999999,3,3,50,536,growing,long_tail
466222e777149751370e7e98fb623b0c,2018-08-06 23:14:27,2018-08-06 23:14:27,87.9,1,1,27,701,activated,long_tail
4677a5437afda5fa7140b927b07be1cc,2018-04-13 16:52:01,2018-08-09 14:20:29,3415.7,11,4,24,585,growing,core
46dc3b2cc0980fb8ec44634e21d2718e,2016-10-04 21:25:32,2018-08-17 22:29:33,128111.19,521,21,16,30,new,high_value
46ef1a25845fc051c2998d878354810c,2017-09-13 22:26:26,2018-08-17 21:23:04,250.41,5,4,16,374,growing,core
4736e9d642ef4257cd7622516931eb51,2017-11-16 15:50:27,2018-08-25 17:37:28,1078.8700000000001,16,7,8,437,established,core
47648caee88ccfe951fbb27fbf7b4cbe,2018-04-03 09:43:42,2018-05-21 19:01:41,1564.99,3,2,104,575,dormant,core
478bfe564db21eeb44386606aa30b650,2017-10-08 20:24:03,2017-12-27 19:51:59,182.70000000000002,3,2,249,398,dormant,core
47efca563408aae19bb7206c2d969ea9,2018-01-05 08:26:03,2018-08-23 20:49:24,2522.0,12,7,10,487,established,core
47f55702f598c7c6cc8458b0fbc1c49a,2017-09-15 09:57:51,2017-10-30 10:46:44,127.5,2,2,307,375,dormant,long_tail
48162d548f5b1b11b9d29d1e01f75a61,2017-01-26 11:09:00,2018-08-17 12:16:27,20510.14,68,19,16,143,established,high_value
4830e40640734fc1c52cd21127c341d4,2017-07-25 17:24:33,2018-08-27 17:32:01,9843.47,210,14,6,323,established,high_value
48328ec9a579151d9cc6a86d4a59336c,2017-09-19 14:23:31,2017-09-19 14:23:31,1099.0,1,1,348,379,dormant,core
483ca627d131e18f988349b1655c0acd,2018-03-27 16:37:34,2018-03-27 16:37:34,264.0,1,1,159,568,dormant,core
48436dade18ac8b2bce089ec2a041202,2017-03-15 09:19:06,2018-08-18 21:19:10,12271.710000000001,138,15,15,191,established,high_value
485452467ff670447e84a8370c3fc898,2018-02-02 14:32:10,2018-03-01 22:20:35,175.7,3,2,185,515,dormant,core
4867209cb29b56b92893d7bde3ce8012,2018-06-16 16:05:44,2018-06-16 16:05:44,150.0,1,1,78,649,at_risk,long_tail
4869f7a5dfa277a7dca6462dcf3b52b2,2017-03-07 12:43:03,2018-08-24 19:42:51,229472.63,1132,17,9,183,established,high_value
48985c61529077fa4f1e38bcff0f2ed3,2017-01-31 08:37:02,2017-08-01 13:29:51,879.3000000000001,7,6,397,148,dormant,core
48b6c3f4c6a93171da04b75313f2130f,2018-03-09 18:08:44,2018-04-25 12:58:56,290.26,2,2,130,550,dormant,core
48bad451945f5227341793478d6353ea,2017-02-16 19:36:07,2017-12-26 12:19:08,307.0,3,3,250,164,dormant,core
48e5ee06fb2dc74df1c711a9b6dfac2a,2018-02-03 13:49:34,2018-02-03 13:49:34,57.0,1,1,211,516,dormant,long_tail
48e954b2da4f6a750c844173b347ed40,2018-04-09 21:04:43,2018-05-07 14:28:20,397.79999999999995,2,2,118,581,dormant,core
48efc9d94a9834137efd9ea76b065a38,2016-12-23 23:16:47,2017-01-26 10:00:37,345.6,33,2,584,110,dormant,core
48fb026ed7455a42f5d3e9390ed5088e,2017-05-24 12:42:59,2017-12-04 10:09:35,555.71,11,5,272,261,dormant,core
49067458c68f7701fd334ce326accbe0,2017-09-27 16:49:41,2018-08-17 20:47:06,1047.6499999999999,17,8,16,387,established,core
4917cee8d902e13428c3ec4b1ca6f315,2017-05-21 10:32:54,2018-08-17 01:48:47,5421.9,33,14,17,258,established,high_value
491a5ada3aa1678414e990262c4bbdc1,2017-03-06 20:51:57,2017-04-05 09:55:00,2840.0,2,2,515,182,dormant,core
49383af7ab774e4e8f3000f49c83dc4b,2018-04-27 19:48:04,2018-08-20 23:18:27,660.0,8,5,13,599,growing,core
4965a7002cca77301c82d3f91b82e1a9,2018-04-21 09:36:56,2018-04-21 09:36:56,8.49,1,1,134,593,dormant,long_tail
497709c2976a8fa308730a2dec5b0726,2018-07-19 19:22:05,2018-07-19 19:22:05,76.0,1,1,45,682,activated,long_tail
4978a02ea9c8be7a9b5480680f40334e,2018-03-21 14:03:09,2018-08-05 11:58:34,2356.61,18,6,28,562,established,core
499185655c29ecfdbfe776ef7cf875b5,2018-06-02 13:29:22,2018-06-02 13:29:22,89.0,1,1,92,635,dormant,long_tail
4992e76a42cb3aad7a7047e0d3d7e729,2017-05-12 14:58:01,2018-08-13 20:53:44,2211.1,57,16,20,249,established,core
499ec63c58e51296c9cf57edcfe1c8a8,2018-04-11 16:15:39,2018-06-03 19:20:42,365.0,5,3,91,583,dormant,core
49cdc90518a4f82676b38b3c1aa43ff6,2018-06-11 11:10:56,2018-08-28 17:39:38,1539.5,5,3,5,644,growing,core
49e7217cfe4e427191c378ec626d8737,2017-05-20 15:56:32,2018-05-27 20:45:09,3002.7,13,7,98,257,dormant,core
49f8d2ea7b718d0ce587d34207caf2b4,2018-08-23 20:34:07,2018-08-23 20:34:07,149.9,1,1,10,717,activated,long_tail
4a1917ef994878940e1fb03eeb787ad7,2018-06-19 16:41:53,2018-07-26 10:31:00,768.0,2,2,38,652,activated,core
4a1f694197d05fe70026b016a7316b41,2018-02-17 01:22:20,2018-08-12 20:10:32,907.77,14,5,21,530,growing,core
4a23adac87cf538689fa600d976f78b2,2018-08-18 11:49:40,2018-08-22 13:02:19,405.0,3,1,11,712,activated,core
4a3ca9315b744ce9f8e9374361493884,2017-01-08 09:35:14,2018-08-27 10:46:11,200472.92,1806,20,6,125,established,high_value
4a3ccda38b2129705f3fb522db62ca31,2017-09-13 15:07:45,2018-08-19 14:51:36,17062.59,66,12,14,373,established,high_value
4a5b36211b1f51bf7eaa5c10a57fa483,2018-08-05 21:20:52,2018-08-05 21:20:52,139.19,1,1,28,700,activated,long_tail
4a82168aaef173cbb6e46ae88728f919,2018-07-13 15:26:30,2018-08-07 13:32:25,512.0,4,2,26,676,activated,core
4a82c4af97ffc0fb2dc26bfdc03b1842,2017-05-30 19:12:37,2017-08-15 14:31:33,143.7,3,3,383,267,dormant,long_tail
4aba391bc3b88717ce08eb11e44937b2,2017-02-02 01:00:37,2018-08-04 10:49:08,7595.87,29,16,29,150,established,high_value
4aba6a02a788d3ec81c03137144d9a80,2018-01-16 14:09:55,2018-01-16 14:09:55,89.9,1,1,229,498,dormant,long_tail
4b0fdb526525f9890eb145bf1534640e,2018-02-25 15:14:28,2018-08-22 15:53:04,2419.0,18,7,11,538,established,core
4b1eaadf791bdbbad8c4a35b65236d52,2016-10-04 09:16:33,2017-03-18 16:32:13,1849.79,8,2,533,29,dormant,core
4b39558c138930b9e5489c93b6df5fe3,2017-11-15 00:16:15,2018-01-14 16:43:17,1096.7,4,2,231,436,dormant,core
4b5f66b7adcf57f1ecc0d3c07dd6b177,2017-03-21 16:03:34,2018-07-25 16:11:44,6381.78,23,12,39,197,established,high_value
4b90495391ac0bd181a80a459df1e718,2016-10-05 22:24:40,2016-10-05 22:24:40,248.0,1,1,697,31,dormant,core
4b9750c8ad28220fe6702d4ecb7c898f,2017-10-12 12:42:46,2018-08-27 12:11:07,15915.3,218,11,6,402,established,high_value
4b98b0428fc1932cc2514ef9ce2505e6,2017-09-11 11:28:21,2017-11-16 17:01:40,327.63,2,2,290,371,dormant,core
4ba52dfeba874da5b9ee7b17c7494f04,2017-07-31 15:18:44,2017-10-23 18:48:32,1463.0,11,4,314,329,dormant,core
4bc3d93e4a5f88a598d3d8ce4ae510b3,2018-07-08 13:34:57,2018-07-08 13:34:57,169.0,1,1,56,671,activated,core
4bcec44888b30ba9001234c534716d3f,2018-01-06 11:57:52,2018-07-18 15:22:25,146.0,5,5,46,488,growing,long_tail
4bde6149c15cf7e177b36fa060dd6de8,2016-10-07 11:33:35,2016-10-10 11:22:36,159.8,2,1,692,32,dormant,core
4be2e7f96b4fd749d52dff41f80e39dd,2016-10-05 22:44:13,2016-10-05 22:44:13,267.0,1,1,697,31,dormant,core
4be6b962d83299498bae2190f95d6566,2018-03-07 16:53:53,2018-08-12 16:08:03,508.8,11,4,21,548,growing,core
4be9ae93c4fc0f41713d71a4194ee1b3,2018-08-17 17:26:08,2018-08-17 17:26:08,109.9,1,1,16,711,activated,long_tail
4bf2f4ee540798a61f9636d12cd9cc80,2017-03-29 10:31:33,2018-08-09 09:12:58,4995.56,29,10,24,205,established,high_value
4bf658053d453036c70976bccb2c31b2,2017-04-15 12:11:01,2017-05-18 12:26:29,1742.99,2,2,472,222,dormant,core
4bfc7a4a1cf8d4d2121c27422d9e50b5,2018-03-25 20:34:15,2018-08-22 19:14:34,8124.4,26,6,11,566,established,high_value
4c03b9dd4c11ee2cb35c96c49efc9420,2017-05-04 08:41:54,2017-10-06 19:35:38,6458.6,48,6,331,241,dormant,high_value
4c18691b6037662be2df78a765d98ab5,2018-02-25 18:55:59,2018-08-28 10:57:13,3195.52,63,7,5,538,established,core
4c1c7281388a33dd06daac44f9fadbd1,2018-04-04 09:12:02,2018-06-20 19:31:47,188.32,5,2,74,576,at_risk,core
4c2b230173bb36f9b240f2b8ac11786e,2017-02-14 14:24:24,2018-08-20 21:37:48,14592.27,261,17,13,162,established,high_value
4c498c7345e89aebad651544829beca0,2017-12-02 18:06:27,2018-08-16 10:32:24,4819.76,48,9,17,453,established,high_value
4c4d546adf3c3868fe19c9ec6e9ffda9,2018-06-07 09:19:48,2018-08-16 15:54:42,111.69999999999999,2,2,17,640,activated,long_tail
4c60877808f4318ef1107fbeb8f89afa,2017-12-01 18:40:44,2018-01-16 14:33:54,118.0,2,2,229,452,dormant,long_tail
4c61e37f664c3c88aff092aa5ac779d7,2018-03-10 18:18:20,2018-04-17 11:12:01,788.3100000000001,7,2,138,551,dormant,core
4c8545742faaf58fafd5fd14d25d75cf,2018-03-15 22:07:54,2018-05-19 18:08:37,3020.0,4,3,106,557,dormant,core
4c8b8048e33af2bf94f2eb547746a916,2017-08-22 16:50:10,2018-08-24 21:17:00,2020.73,23,7,9,351,established,core
4cc43a222a0f94910728b62b97a8c5f8,2018-01-31 14:13:06,2018-01-31 14:13:06,108.5,1,1,214,513,dormant,long_tail
4cc4fd4fdd406a85bbdc1f824b731bd7,2018-02-26 12:08:58,2018-02-26 12:08:58,539.98,1,1,188,539,dormant,core
4ce6e5f6c52515177e18c1c9361d8677,2018-07-16 22:08:56,2018-07-16 22:08:56,226.6,1,1,48,680,activated,core
4ce8b55b4bfa4659184e7becc1fba3f2,2018-04-23 13:47:32,2018-04-29 19:19:56,199.0,2,1,126,595,dormant,core
4cf490a58259286ada5ba8525ba9e84a,2017-03-14 13:06:10,2017-11-23 12:17:53,1254.2,8,5,283,190,dormant,core
4d0041cdbe51b4617d95c70b19decc74,2018-05-10 21:50:13,2018-07-31 09:52:59,5235.200000000001,8,3,33,613,growing,high_value
4d232b78ab7ef10393dc3807d827bc0d,2018-07-22 14:07:35,2018-08-15 20:14:22,1475.0,5,2,18,685,activated,core
4d600e08ecbe08258c79e536c5a42fee,2016-10-06 07:53:10,2017-03-15 19:08:27,4465.34,8,4,536,31,dormant,core
4d6d651bd7684af3fffabd5f08d12e5a,2017-04-25 11:30:33,2018-08-23 17:09:58,43587.4,369,17,10,232,established,high_value
4d6fb82c629c7a5028bfd973c07b05e0,2017-02-22 19:36:22,2017-02-28 21:49:29,278.0,2,1,551,170,dormant,core
4d8809767a5bafe22909c77951fb6b41,2017-10-25 17:17:47,2017-10-25 17:17:47,50.0,1,1,312,415,dormant,long_tail
4d9fea3499bdc22aa4da4e339365f215,2018-02-17 16:39:44,2018-07-04 16:17:34,192.54000000000002,2,2,60,530,activated,core
4da0e408c99d2fdc2126dc9fce518060,2017-01-14 15:42:20,2018-08-13 18:42:05,3026.0,44,17,20,131,established,core
4dab98ca6cd6d3df586203cefd28a042,2018-03-05 13:28:54,2018-03-05 13:28:54,154.9,1,1,181,546,dormant,long_tail
4dbd95a08b31ede5c82d3f861cb1ce1a,2017-05-21 11:56:58,2017-11-14 16:47:06,1304.67,6,4,292,258,dormant,core
4dc2e811a1760953cb7c6a590b498943,2018-08-20 22:32:41,2018-08-20 22:32:41,175.0,1,1,13,715,activated,core
4dc646b9b9e8e411ef48ba000ea3ac6f,2018-02-03 18:28:57,2018-08-16 16:49:11,289.7,4,4,17,516,growing,core
4ddeb3e828550cddc8d45c8bc36ab2d1,2017-03-15 12:19:23,2017-03-15 12:19:23,152.0,1,1,536,191,dormant,long_tail
4de6e4ba574aa9dfdc824bc44dc47fdd,2018-01-09 06:37:43,2018-07-05 10:50:12,451.1,14,6,59,491,established,core
4deebb3199eeafb282ae33229144f94b,2018-01-14 18:19:35,2018-07-28 13:14:25,779.7,4,3,36,496,growing,core
4e06067cc08b3f41d837768d392c3ee3,2017-07-16 15:27:12,2018-08-04 19:38:07,941.72,31,10,29,314,established,core
4e0d109ccfba9a1151c103049880c857,2017-11-24 02:25:07,2018-05-31 17:29:44,279.89,2,2,94,445,dormant,core
4e17c65a516f69d023a2ae78b84f28d6,2017-03-13 23:46:04,2018-08-26 19:22:51,7639.26,61,16,7,190,established,high_value
4e2627090e6e5b9fabba883a37897683,2018-01-14 21:52:31,2018-02-26 21:40:14,199.5,2,2,188,497,dormant,core
4e326052e5dbba8adcd512f3450a307e,2018-01-31 16:24:50,2018-02-25 11:56:11,570.0,3,2,189,513,dormant,core
4e42581f08e8cfc7c090f930bac4552a,2017-11-24 18:11:33,2017-12-07 10:29:18,336.0,3,2,269,445,dormant,core
4e480be820e37de1444325ff358c9296,2018-07-11 20:01:00,2018-07-11 20:01:00,430.3,1,1,53,674,activated,core
4e5725ba188db8252977a4f0227bd462,2018-02-20 18:27:39,2018-05-25 23:56:57,1930.59,22,4,100,533,dormant,core
4e6015589b781adaa5ce7f1892d06bb1,2017-10-12 19:42:09,2018-01-24 11:06:18,684.0,3,2,221,402,dormant,core
4e7c18b98d84e05cbae3ff0ff03846c2,2017-02-04 20:09:10,2018-07-12 16:53:30,9177.9,82,17,52,152,established,high_value
4e85b538b0dad58852641540686d0e14,2017-07-27 08:45:34,2018-06-25 14:34:45,361.97999999999996,4,4,69,325,at_risk,core
4e8dacf3d38f281ae26c3e0321d92d88,2017-01-27 14:59:18,2017-06-05 12:13:39,2644.95,10,5,454,144,dormant,core
4e922959ae960d389249c378d1c939f5,2016-10-10 17:49:21,2018-08-28 19:44:25,46030.37,420,21,5,35,established,high_value
4e92348462c75b6c842b994ce84a0ed4,2018-07-03 22:20:41,2018-07-03 22:20:41,69.9,1,1,61,667,at_risk,long_tail
4ea2f12dbe91deeacd2c1e74f069a6e6,2017-09-05 21:20:12,2018-04-08 23:24:30,210.2,4,3,147,366,dormant,core
4eb61f060e7dcc1d5a80d806c35cc541,2018-03-23 13:10:56,2018-08-23 00:46:54,1313.0,8,4,11,564,growing,core
4ebdc7e6cd6102a022dadc49156d4ea8,2017-02-22 10:39:37,2018-07-19 19:38:57,928.6999999999999,29,18,45,170,established,core
4eeb99008a0f59d2c7759c59f9a346eb,2018-04-23 10:39:30,2018-06-18 14:07:12,1282.0,2,2,76,595,at_risk,core
4ef4c39cf3c24f326434cf0b2e48046a,2018-01-18 19:22:23,2018-08-23 09:53:04,891.0,8,6,10,500,growing,core
4f0d637c1197fd65405ebd755ac9f86b,2018-05-30 21:48:24,2018-06-20 20:30:31,199.8,2,2,74,633,at_risk,core
4f1f1c8666cdb6442f775c4e8caed465,2018-07-25 22:39:01,2018-08-01 14:04:51,944.98,2,2,32,689,activated,core
4f40d2ed38d1cc945364a7cd202a82c7,2017-11-25 15:23:14,2017-11-25 15:23:14,319.9,1,1,281,446,dormant,core
4fae87d32467e18eb46e4a76a0a0b9ce,2018-08-17 21:45:54,2018-08-17 21:45:54,100.9,1,1,16,712,activated,long_tail
4fb41dff7c50136976d1a5cf004a42e2,2017-11-27 20:01:56,2018-02-02 21:38:36,1230.0,3,3,212,448,dormant,core
4fe2f67634d00c021aa01f96b6f2d68e,2018-08-11 19:27:59,2018-08-16 20:58:56,86.8,2,1,17,705,activated,long_tail
5011f0d93373a4c5753adf58ca77af8d,2017-08-16 11:32:22,2018-05-14 14:34:52,1009.4200000000001,12,5,111,345,dormant,core
503c1de08ae81a2d86f17951b204db55,2017-06-28 15:23:34,2018-07-26 09:26:38,4906.99,22,12,38,296,established,high_value
5058e8c1e82653974541e83690655b4a,2017-10-16 17:57:03,2018-08-03 18:54:39,10022.82,63,11,30,406,established,high_value
5075aaa8404020ae6aa8bf4792099b41,2017-03-16 10:22:52,2018-01-13 19:23:28,1822.8,13,9,232,192,dormant,core
50770d25768b0486d89be26afca3108f,2017-12-12 19:09:19,2018-07-18 12:16:33,171.76999999999998,6,4,46,463,growing,core
508808d438fe2ff972ed13bb8f4a82e2,2018-08-04 21:13:47,2018-08-27 22:34:17,294.83,10,1,6,698,activated,core
50a7e551a7b3f8d37cd6e32d8bfbe5ea,2018-07-24 22:15:53,2018-07-24 22:15:53,140.0,1,1,40,688,activated,long_tail
50bf89f1349bc0409a268c3a49678009,2018-07-02 00:11:34,2018-07-02 00:11:34,179.9,1,1,63,665,at_risk,core
50c361bcf670d16f6df4d52de3dff924,2018-02-13 21:48:17,2018-02-13 21:48:17,35.0,1,1,201,527,dormant,long_tail
50c9975695009e5e6473912e83a6d1da,2017-02-05 15:53:52,2018-07-23 17:14:32,3964.4,50,16,41,153,established,core
51209b446b2073894bdc0face6c73ffc,2018-06-13 17:05:52,2018-07-19 11:52:13,359.6,2,2,45,646,activated,core
512d298ac2a96d1931b6bd30aa21f61d,2018-01-17 09:54:55,2018-08-17 17:25:51,7401.94,11,6,16,499,established,high_value
513a54369b6a8a6602fcb0e129c6d78d,2018-08-18 00:16:00,2018-08-26 12:06:17,47.8,2,1,7,712,activated,long_tail
5145090ab595c0d0b8557199f5701fbf,2018-03-15 16:04:46,2018-06-09 21:53:29,1459.6,4,3,85,556,at_risk,core
5151aea44289d6c6b090ee31c2132508,2017-02-17 15:29:41,2017-02-20 13:50:49,1315.3,7,1,559,165,dormant,core
515d781150feed28a6ac091bb0e3cb8c,2016-10-07 21:50:26,2017-05-11 15:19:44,1002.35,6,3,479,33,dormant,core
5160d23075764e18e07c1f4a87fad743,2017-08-14 18:37:59,2017-12-05 09:35:38,2429.0,34,5,271,343,dormant,core
516e7738bd8f735ac19a010ee5450d8d,2018-05-11 18:34:36,2018-08-24 19:51:08,6643.09,76,4,9,613,growing,high_value
51702dc2a3e106c76dbff722b5bf0726,2017-02-23 23:49:22,2018-04-29 12:20:23,2705.1,13,9,126,172,dormant,core
5194c22ed1f616ec0c0f33c571542879,2018-06-21 13:37:25,2018-08-05 15:48:29,245.6,4,3,28,654,growing,core
519a7aa428f18d125a283cf8c014fdd6,2018-07-07 16:56:54,2018-07-30 21:54:00,79.69999999999999,3,1,34,670,activated,long_tail
51a04a8a6bdcb23deccc82b0b80742cf,2017-11-14 12:04:09,2017-11-14 12:04:09,167.99,1,1,292,435,dormant,core
51e0557bc7b86de13e946c60ee91ce39,2017-05-14 01:23:01,2017-05-14 01:23:01,45.8,1,1,477,251,dormant,long_tail
51e4e89242cbb846c2deff3dc015650e,2018-04-04 16:32:31,2018-08-20 17:16:49,822.58,16,5,13,576,growing,core
51ed72984a04e5dd35c2b27e77179038,2017-11-11 19:29:52,2018-04-21 18:38:11,1294.3,7,3,134,432,dormant,core
51f108f62cb87d61918159902c8f8583,2018-07-24 12:22:38,2018-08-19 08:24:27,303.73,3,2,15,687,activated,core
5206cc4bc2297c833e6061c49bf9c43f,2016-10-08 12:13:38,2016-10-08 12:13:38,35.0,1,1,694,33,dormant,long_tail
52092ddbd3a58c450a4459bf051b2287,2017-11-11 11:22:49,2018-03-27 15:40:33,351.7,6,4,159,432,dormant,core
520b493b57809f446cb0a233bb3e25c7,2017-03-10 20:04:32,2017-12-19 11:08:36,3698.9,63,10,257,186,dormant,core
522620dcb18a6b31cd7bdf73665113a9,2016-10-03 09:44:50,2018-08-04 22:58:06,57168.49,174,20,29,28,new,high_value
5236605f4d4b0b3e4df85b850393fca0,2017-08-09 13:04:46,2018-08-04 18:22:26,265.3,5,5,29,338,growing,core
52454f90d4c30c016768db02f88c1a74,2018-05-14 21:28:52,2018-07-13 14:38:35,80.5,3,2,51,617,activated,long_tail
52562a9f449c3dc3d53f5f5b9ed74903,2017-04-27 22:05:13,2018-04-14 14:59:46,3266.6,14,10,141,235,dormant,core
525e75a6fb1454a2325ab1734bcec221,2017-04-13 10:14:47,2017-10-02 12:47:00,657.0699999999999,10,5,335,220,dormant,core
5275ca25d0358ca73864e0ae41be1320,2018-07-23 09:33:10,2018-08-07 20:21:41,409.6,4,2,26,686,activated,core
527801b552d0077ffd170872eb49683b,2017-10-05 20:25:27,2018-08-24 20:22:30,17942.8,90,11,9,395,established,high_value
52831e5990d0771cb4951d6f12928167,2018-08-06 16:31:57,2018-08-06 16:31:57,65.0,1,1,27,700,activated,long_tail
528bcf6680c36dddf07620bd35b33a6f,2017-06-11 21:57:20,2017-10-17 01:08:50,969.98,2,2,321,280,dormant,core
528ce32f560edd11add4169f6a5b65be,2017-05-02 10:01:50,2017-07-20 09:58:18,59.8,2,2,409,239,dormant,long_tail
52956b80ae65fda598f06f6b9943e7a9,2018-05-07 21:04:51,2018-05-31 16:24:49,792.0,3,1,94,609,dormant,core
52a50b42accf164f9f019941e5759d9b,2018-08-02 19:52:43,2018-08-22 12:32:55,139.96,4,1,11,696,activated,long_tail
52a52b9f656520e99716f5bc40f661c8,2018-04-29 18:49:23,2018-07-28 13:11:22,783.1,7,4,36,601,growing,core
52ac6f920b7280e4c6d30dd94de6259b,2017-02-28 11:27:39,2018-05-23 08:20:07,5657.3,6,5,103,176,dormant,high_value
52b53f7061969fe471d119b6195da864,2017-08-28 13:15:21,2017-08-28 13:15:21,90.0,1,1,370,357,dormant,long_tail
52bb00821bcdd358a5a5a27e1f6be5a1,2018-01-17 20:41:09,2018-04-11 17:20:17,349.8,2,2,144,499,dormant,core
52d76513f0c4d97f3b99570e2c94ee31,2017-07-14 17:24:44,2018-08-16 14:34:23,8153.1,19,10,17,312,established,high_value
52f0fe436a347ddad7ed5f9aa4e27eaa,2018-01-06 15:42:24,2018-05-18 11:23:17,1484.3700000000001,21,5,107,488,dormant,core
52f6f9f13ba19504c02781132a049e75,2017-03-25 09:08:41,2017-03-25 09:08:41,199.0,1,1,526,201,dormant,core
52f976b17ea7f2f087f56dcc419328f6,2017-10-05 10:28:57,2018-07-23 20:37:29,7630.0,6,4,41,395,growing,high_value
52f9db5cfb423382a2fa5c9e39303202,2017-11-06 20:40:57,2018-08-02 16:45:33,1269.77,22,9,31,427,established,core
5305693ffae2d3463377b1f6fe67b15a,2018-01-02 10:35:07,2018-01-02 10:35:07,93.56,1,1,243,484,dormant,long_tail
53088c75f948b48a7ece173ac17f0c12,2018-05-22 21:45:29,2018-08-07 17:16:46,261.70000000000005,3,3,26,625,growing,core
530ec6109d11eaaf87999465c6afee01,2017-05-24 12:17:36,2018-08-23 15:50:07,12983.810000000001,97,14,10,261,established,high_value
53243585a1d6dc2643021fd1853d8905,2017-08-28 18:29:21,2018-08-21 09:52:32,222776.05,358,12,12,357,established,high_value
53336f97ddbe53e2a617d07b17447b95,2017-10-04 09:13:51,2017-10-04 09:13:51,599.5,1,1,333,394,dormant,core
533d46c1b06970e99f09523a61df4972,2018-02-01 19:36:03,2018-02-04 18:39:24,159.98,2,1,210,514,dormant,core
5343d0649eca2a983820bfe93fc4d17e,2017-12-18 19:26:02,2018-07-29 19:42:00,10000.64,71,8,35,469,established,high_value
534a01cc6df1e034e05c32028a291fa2,2017-08-16 19:24:28,2017-10-23 11:33:12,235.59,5,2,314,345,dormant,core
535bf14f36346c7f59d87cece104d70c,2018-08-19 11:28:30,2018-08-19 11:28:30,50.0,1,1,14,713,activated,long_tail
537eb890efff034a88679788b647c564,2017-07-17 16:21:05,2018-08-28 21:56:12,4679.7,160,14,5,315,established,high_value
538caafddff204241cecbf3a02e6b3cf,2017-05-16 11:42:33,2018-07-12 11:24:13,148.3,9,6,52,253,growing,long_tail
539ed9e19811677513447759be5eccfc,2018-06-16 18:52:33,2018-08-26 11:44:34,32.83,2,2,7,649,activated,long_tail
53b0300ca793f9834cd69c0678d35ee8,2017-11-18 16:05:19,2018-07-30 12:08:24,1662.15,5,5,34,439,growing,core
53d00c40e32aeb924a84ce72b1af869d,2018-01-04 22:09:33,2018-08-04 19:54:42,2165.85,17,5,29,487,growing,core
53e4c6e0f4312d4d2107a8c9cddf45cd,2017-02-21 19:06:14,2018-08-27 17:10:36,30148.95,473,19,6,169,established,high_value
54065e9aef7e9e9c2dc23b7594db021a,2017-03-03 17:42:10,2018-03-05 14:25:21,8003.0,14,6,181,179,dormant,high_value
5415337f1863452476d42d9f14a16a61,2018-08-04 18:07:07,2018-08-04 18:07:07,44.9,1,1,29,698,activated,long_tail
54219883e72aad869adfb2a54b7bfa0f,2017-11-03 12:26:01,2018-07-10 17:16:33,6750.0,5,5,54,424,growing,high_value
542917da124346b47ea1ac79a93ce454,2017-03-04 16:27:08,2017-08-07 14:14:22,1303.9,20,5,391,180,dormant,core
5444b12c82f21c923f2639ebc722c1ea,2017-04-25 01:25:34,2017-04-25 01:25:34,169.9,1,1,496,232,dormant,core
544863df86ed3b78a04e0820d41430ee,2018-07-02 10:21:35,2018-07-02 10:21:35,23.9,1,1,62,665,at_risk,long_tail
54583ab379489add547fe47b628db589,2018-07-23 18:18:54,2018-08-28 15:58:28,2240.0,10,2,5,686,activated,core
54965bbe3e4f07ae045b90b0b8541f52,2017-10-18 21:56:13,2018-07-03 19:59:42,10961.300000000001,78,5,61,409,at_risk,high_value
54a1852d1b8f10312c55e906355666ee,2017-01-12 12:01:14,2018-08-21 19:49:42,17226.44,200,20,12,129,established,high_value
54aa8463e87776b5612f4bdc4bd5d4de,2016-10-07 10:57:46,2017-02-21 10:53:34,649.3,7,2,558,32,dormant,core
54c04bdb5ec46762f8f08c7e8f86ed4a,2018-02-06 15:10:03,2018-08-09 10:00:38,3281.66,18,7,24,519,established,core
55029529919c0123526150bd26ca8f20,2018-06-13 13:31:02,2018-08-13 15:07:30,453.95,7,3,20,646,growing,core
553a440137d6e0cf776aee0bb83ac9f5,2018-05-11 15:20:39,2018-05-29 14:29:23,144.8,2,1,96,613,dormant,long_tail
5563732abe64c3036cb97ad924128dd1,2017-06-25 22:59:52,2017-12-20 09:56:32,404.0,2,2,256,294,dormant,core
5566627eab3fe93fd6ee08798226101a,2017-04-13 00:27:41,2018-01-22 10:33:42,85.5,5,4,223,220,dormant,long_tail
556a6409838156ea299c9d1f9e2dde43,2018-06-19 10:11:16,2018-08-11 23:28:46,1362.8,4,2,22,652,activated,core
557f22c76691849db52d2abccf0015d0,2017-05-08 13:45:25,2017-09-12 23:58:05,865.8599999999999,13,4,355,245,dormant,core
5587130f9850696ed7fafbc91c2cee44,2018-07-13 17:55:51,2018-08-07 09:25:23,69.8,2,2,26,676,activated,long_tail
559d56f3b8f0bc2e5a9a62fe2ce2a39f,2018-08-05 09:19:13,2018-08-05 23:10:33,385.0,2,1,28,699,activated,core
55a5b51f93f2b70ea513f5a047b0262a,2017-04-04 16:33:35,2017-10-06 10:36:09,4002.3,39,7,331,211,dormant,core
55bb6fe5bebe5012e2d7d9928e1128ff,2018-01-20 21:20:55,2018-07-30 13:35:11,1816.55,15,6,34,503,established,core
55c26bcb609f480eb7868594245febb5,2018-04-09 13:11:49,2018-08-09 11:44:40,664.4000000000001,6,3,24,581,growing,core
55c96925041a14097b6a7825554f4ad5,2017-03-23 19:12:49,2018-01-15 16:52:44,294.8,6,5,230,199,dormant,core
55d3daac7c404d59e51c2aa2f4dc5a23,2017-05-31 07:40:50,2018-08-17 11:17:42,4480.6,21,13,16,268,established,high_value
55dedd83e501d8248880557d9073cbfd,2018-08-10 22:50:14,2018-08-28 19:31:41,1055.3,8,1,5,705,activated,core
55f7a3319d80f7fdf078b8f03e6725fe,2018-07-02 19:54:04,2018-08-22 21:06:11,3013.78,22,2,11,665,activated,core
562f8cfc51f265411f487d07e9c40e7f,2017-10-18 12:20:20,2018-05-07 18:58:49,766.9200000000001,13,8,118,408,dormant,core
562fc2f2c2863ab7e79a9e4388a58a14,2018-01-15 18:33:21,2018-08-21 09:42:29,8814.199999999999,260,8,12,497,established,high_value
5656537e588803a555b8eb41f07a944b,2016-10-06 13:07:13,2018-08-23 14:56:46,8065.93,174,17,10,31,established,high_value
5659d77e8d90378e39b960ad5956f64e,2017-09-12 18:03:22,2018-03-24 16:46:37,182.48000000000002,2,2,162,372,dormant,core
56642bcb79900e777d68e91915cb4267,2016-10-10 16:39:37,2018-07-26 12:56:16,3657.64,48,16,38,35,established,core
5670f4db5b62c43d542e1b2d56b0cf7c,2018-04-23 19:03:35,2018-08-17 11:51:36,6630.09,22,5,16,595,growing,high_value
56a8b450e802502ba53a9885ee38e29f,2017-07-06 09:57:31,2017-07-06 09:57:31,62.45,1,1,423,304,dormant,long_tail
56db5c0782e8f7ddc9343f9576ff6d16,2017-01-27 22:01:41,2018-08-07 20:45:25,734.8,2,2,26,145,activated,core
56e361f411e38dcef17cdc2a3d99628b,2018-07-02 16:39:17,2018-08-23 14:41:37,1298.0,5,2,10,665,activated,core
56f413900b5166ab4d730e9ac0b12cb0,2017-06-28 06:52:27,2017-07-12 18:33:35,151.79,3,2,417,296,dormant,long_tail
570d4583587a5fe2d47c7be89b91ad27,2017-06-30 20:48:51,2017-07-05 21:55:49,125.25,2,2,424,298,dormant,long_tail
5721089ba9214e80074f27d5a03fc0eb,2017-11-02 11:01:12,2018-01-30 15:24:11,245.92999999999998,5,2,215,423,dormant,core
5733d806668f8712c24b9abaefbfa642,2018-01-26 14:21:17,2018-04-26 00:13:51,243.8,2,2,130,508,dormant,core
5741dc2bf5044c34d0698681c5081bed,2018-05-28 10:54:51,2018-07-16 22:56:18,89.69999999999999,3,2,48,630,activated,long_tail
575df70bde3f9f2b30bf8d2e9910d725,2016-10-06 15:19:40,2018-08-14 19:32:48,5410.05,27,13,19,31,established,high_value
577719699805dd125d5b6fdde5943bba,2018-04-19 17:28:29,2018-08-21 21:30:35,1077.8000000000002,8,5,12,591,growing,core
578460d8319c51dab351cd9db95eadfe,2017-08-21 15:01:40,2017-08-21 15:01:40,235.0,1,1,377,350,dormant,core
578fa3a9cb6b6dceab39231ad59cdaca,2017-09-16 10:56:48,2018-04-30 22:39:58,150.0,3,3,125,376,dormant,long_tail
5795aebfe331fbcd02a2c4b679fb7952,2018-02-11 15:26:46,2018-08-20 11:59:20,1280.0,6,3,13,524,growing,core
579891617139df7d8671d373f0669622,2017-06-07 20:09:55,2018-07-02 08:00:35,280.3,8,7,63,275,at_risk,core
57a834594e1e9e9219603bfec184eadc,2018-06-03 14:21:44,2018-06-03 14:21:44,139.0,1,1,91,636,dormant,long_tail
57c764b4a836300be881e2ff86e449f9,2017-02-02 09:23:41,2018-08-22 17:14:06,1211.0,29,14,11,150,established,core
57d2ba47f7a3209aa347532ae75c1165,2018-06-21 22:32:27,2018-07-18 11:23:07,318.0,2,2,46,655,activated,core
57df9869a600bd6b7c405f2a862eccfb,2018-04-12 21:38:02,2018-08-14 18:05:19,125.0,5,4,19,585,growing,long_tail
57e632711dec9ec14ca7546769483e7e,2017-02-05 23:17:55,2018-08-08 12:17:57,6350.06,62,19,25,154,established,high_value
57fe6232e67823593374a2281d7a8af8,2017-03-05 22:11:02,2017-12-01 08:46:08,178.68,8,5,276,182,dormant,core
582d4f8675b945722eda7c0cb61ba4c7,2017-01-20 12:04:03,2018-08-03 19:21:12,4702.96,59,19,30,137,established,high_value
585175ec331ea177fa47199e39a6170a,2017-02-21 18:35:38,2017-02-21 18:35:38,3549.0,1,1,558,169,dormant,core
586a871d4f1221763fddb6ceefdeb95e,2017-01-26 23:20:31,2017-01-26 23:20:31,198.0,1,1,584,144,dormant,core
5882820ef11c4c068eea0677a7a879b4,2017-04-04 09:36:12,2018-07-20 10:32:03,9925.5,14,8,44,211,established,high_value
5882f40daf39bc2a465e0cb453ddc222,2017-10-13 17:28:07,2017-10-13 17:28:07,640.0,1,1,324,403,dormant,core
58b98ccb79873e04eac4357cacc590d9,2018-08-04 10:54:42,2018-08-04 10:54:42,23.0,1,1,29,698,activated,long_tail
58c851d1a3c7cd3da329eb59453fed44,2018-08-10 16:25:13,2018-08-21 20:57:32,268.99,2,1,12,704,activated,core
58e4b302b54937e55a678c4d15111da4,2017-01-26 11:09:11,2017-06-26 18:15:22,279.79,3,2,433,143,dormant,core
58f1a6197ed863543e0136bdedb3fce2,2018-05-10 20:49:54,2018-08-18 21:16:18,6833.0,44,4,15,612,growing,high_value
59417c56835dd8e2e72f91f809cd4092,2017-01-25 20:11:36,2017-10-02 17:32:29,36459.0,18,8,335,142,dormant,high_value
594f9aaa48e5bf431f011ddc5669b0d5,2018-04-26 08:51:45,2018-08-27 23:31:47,3248.8,37,5,6,598,growing,core
5962468f885ea01a1b6a97a218797b0a,2017-07-01 16:58:53,2017-12-25 18:36:16,791.0,8,5,251,299,dormant,core
596849622429351f47b32e6cae1055ff,2018-06-04 14:51:21,2018-08-21 20:32:25,1104.7,14,3,12,637,growing,core
5996cddab893a4652a15592fb58ab8db,2018-07-04 12:08:27,2018-07-04 12:08:27,810.0,1,1,60,667,activated,core
59b22a78efb79a4797979612b885db36,2017-07-17 10:29:13,2018-08-24 10:25:51,27184.5,125,14,9,315,established,high_value
59bbc819b99a733f02f0d6b49d1c253d,2018-05-08 20:24:56,2018-06-26 23:09:41,139.8,2,2,68,610,at_risk,long_tail
59cd88080b93f3c18508673122d26169,2017-07-26 16:02:36,2017-12-09 11:52:32,392.33,10,5,267,324,dormant,core
59cea8e446d3834393058e7e0666b6fb,2018-06-16 16:17:45,2018-08-16 14:23:18,696.6,10,3,17,649,growing,core
59de1d4c8c057c2a53acd4ca66531af2,2017-11-10 07:56:18,2017-11-10 07:56:18,135.0,1,1,297,431,dormant,long_tail
59fb871bf6f4522a87ba567b42dafecf,2016-10-06 10:13:53,2018-04-11 23:34:10,21708.57,126,16,144,31,dormant,high_value
5a05a16bb50629ee31afab8a6d4c2674,2018-03-06 17:45:41,2018-07-02 17:52:02,794.3,14,5,62,547,at_risk,core
5a32c398a06c345440bf2a683b017ad3,2017-12-31 12:12:02,2018-03-14 21:29:52,79.8,2,2,172,482,dormant,long_tail
5a413ade68e8f8d93071a7f52a64cb9e,2018-08-08 07:11:24,2018-08-29 08:25:34,778.9,14,1,5,702,activated,core
5a4236931428800e9d9cc04af0987118,2018-07-17 15:23:54,2018-07-17 15:23:54,44.97,1,1,47,680,activated,long_tail
5a425cc503b39b262a847fd6212bf53b,2018-04-27 23:54:06,2018-08-20 13:56:52,1360.5900000000001,15,5,13,600,growing,core
5a6a02f419701fc8c605af71d4fc57a4,2018-05-14 21:43:39,2018-08-24 23:42:21,600.5,10,4,9,617,growing,core
5a8e7d5003a1f221f9e1d6e411de7c23,2016-10-04 22:03:46,2018-08-24 16:26:08,11171.9,139,21,9,30,new,high_value
5a93f3ab0ef4c84ed5e1b5dbf23978bc,2017-05-09 08:38:27,2018-03-03 19:10:32,2338.25,39,11,183,246,dormant,core
5a9b3bcab695173c820e53934574ae80,2018-07-27 16:36:49,2018-07-27 16:36:49,139.0,1,1,37,690,activated,long_tail
5a9c0859cb00fd8aa4db443837f0a700,2018-07-09 17:28:54,2018-07-11 19:44:12,208.0,2,1,53,672,activated,core
5aaa890629f83706d8d9bfecd8377c1c,2017-09-15 13:24:29,2017-09-15 13:24:29,48.9,1,1,352,375,dormant,long_tail
5ab05b6d86d417796c69ffd6774ec832,2017-01-20 21:20:07,2018-08-26 12:38:57,1886.1000000000001,10,9,7,138,established,core
5abb8ea023c77787f2c15da891c8d384,2017-02-17 17:37:52,2017-12-02 21:01:30,2241.0,13,7,274,165,dormant,core
5acd070dd3fe441bbb2ec1f1ede515ee,2017-11-24 16:24:26,2018-02-25 14:01:00,764.17,7,4,189,445,dormant,core
5b07547f10dd980738a1a27f685af669,2018-08-01 10:27:42,2018-08-24 10:46:25,1134.6000000000001,13,1,9,695,activated,core
5b0cc932433fa5184b5b94bfe6bcc256,2018-06-20 15:02:35,2018-08-05 21:34:54,1437.8,12,3,28,653,growing,core
5b179e9e8cc7ab6fd113a46ca584da81,2016-10-04 09:59:03,2017-09-13 16:51:13,5173.5,34,8,354,29,dormant,high_value
5b2e94f2c22b39ccc24d34ad0f669672,2018-05-02 14:36:01,2018-08-07 15:10:27,949.78,10,4,26,604,growing,core
5b33b527da3c5b969cc99dc435cad09a,2017-01-29 00:31:42,2018-08-11 18:52:49,1872.79,16,8,22,146,established,core
5b35136197710e16ac5e7b7c2bd4ea85,2017-08-16 12:02:50,2018-03-31 12:04:24,3104.2000000000003,7,6,155,345,dormant,core
5b51032eddd242adc84c38acab88f23d,2017-10-30 15:35:32,2018-06-16 21:40:32,3280.0,12,7,78,420,at_risk,core
5b581417df4480f632484ba681e53944,2017-07-19 23:37:44,2018-02-03 13:37:35,1790.6,12,7,211,318,dormant,core
5b664594895aefb418afaee6d40a9a23,2017-01-15 10:14:31,2018-08-05 15:20:44,1008.8,16,11,28,132,established,core
5b67882648febfb6e1225e6ad7164f6b,2017-07-09 18:30:33,2018-08-10 19:41:30,6813.4800000000005,27,13,23,307,established,high_value
5b8154610ebb21fb90eb587365e673df,2017-07-10 17:44:35,2018-07-28 17:56:15,9397.54,38,13,36,308,established,high_value
5b85809efd0d0e4dea1a9544e1280ed9,2018-05-16 23:08:51,2018-08-20 14:02:55,1804.6000000000001,12,4,13,619,growing,core
5b925e1d006e9476d738aa200751b73b,2017-10-06 11:52:25,2018-08-20 18:43:09,7748.5,63,10,13,396,established,high_value
5b92bfa4120daa27c574daa2e386c693,2017-02-20 08:30:20,2017-02-20 08:30:20,14.0,1,1,560,168,dormant,long_tail
5b97c06a046398e7005b2b7c0d707a92,2017-05-27 00:14:22,2017-07-27 12:29:26,1519.96,4,3,402,264,dormant,core
5bba18b40e8c973b0f32e748004775b0,2016-10-10 13:57:41,2016-10-10 13:57:41,739.98,1,1,692,35,dormant,core
5bc237df65098fe211bb4818f4d26d78,2017-02-09 13:21:46,2017-09-15 19:24:57,126.80000000000001,2,2,352,157,dormant,long_tail
5bc24d989e71e93c33e50a7782431b0e,2018-05-02 14:07:29,2018-08-21 18:52:27,3148.0,17,4,12,604,growing,core
5bc55dbe2f12b6af6d83ed46023e0dc8,2018-02-21 10:03:23,2018-08-13 20:22:33,2992.1,17,6,20,534,established,core
5bf397d04035b5f45cc41e82ec106803,2018-05-08 22:04:11,2018-07-02 16:45:00,1525.0,3,2,62,611,at_risk,core
5bffbafbb22daf6d3bfc216a46db8708,2017-02-25 14:34:40,2017-06-25 23:06:20,5239.7,21,5,434,173,dormant,high_value
5c030029b5916fed0986310385ec9009,2018-06-13 11:43:43,2018-08-20 14:44:08,4164.4,7,3,13,646,growing,core
5c243662ce92d84573bfaff24c3e3700,2017-01-28 23:45:53,2018-02-09 23:05:25,32862.02,98,14,205,146,dormant,high_value
5c3460cd3e8a984382ae254e7dd20d9f,2018-02-23 21:00:11,2018-08-16 15:40:31,775.76,9,6,17,536,growing,core
5c603ffb38cbbf25a0e0698941324143,2017-01-23 02:54:13,2017-01-25 10:11:38,348.8,2,1,585,140,dormant,core
5c6d4016c2a288f074fa0848a2b653d2,2017-09-27 19:12:25,2018-08-20 09:09:53,3159.0,32,12,13,387,established,core
5c853bb56f70f4d14218944bae111d7a,2017-02-22 17:54:36,2018-08-22 21:25:12,263.13,23,7,11,170,established,core
5ca5d579b5857ee8709479b1047cecc3,2018-01-13 17:32:09,2018-03-22 22:43:50,339.89,2,2,164,495,dormant,core
5cbbd5a299cab112b7bf23862255e43e,2017-09-14 22:29:52,2018-08-16 15:45:56,2726.06,36,12,17,375,established,core
5cf13accae3222c70a9cac40818ae839,2017-01-16 16:41:18,2018-08-23 20:38:24,14383.2,149,19,10,133,established,high_value
5cf1ec37aea089f45110c70653a166ab,2017-04-01 11:23:53,2017-12-13 16:58:37,50.0,3,3,263,208,dormant,long_tail
5d0363b33554b373851fc1622e4d5f3c,2017-11-07 19:31:50,2018-08-21 19:44:49,6610.79,94,10,12,428,established,high_value
5d043cd5512d4bd2f88e5ccdd5736c38,2017-03-11 19:12:49,2017-03-11 19:12:49,650.0,1,1,540,187,dormant,core
5d378b73ab7dd6f0418d743e5dcb0bd1,2017-10-09 12:55:44,2017-11-14 21:07:55,13243.0,7,2,292,399,dormant,high_value
5d3bb11474a06bdc23fb9e89f1164ee0,2017-07-05 21:58:22,2018-08-13 15:36:49,3654.6,31,11,20,304,established,core
5d505d2298ad549e4e4e835562fa0c1e,2017-03-15 14:17:51,2017-04-01 18:01:02,249.8,2,2,519,191,dormant,core
5d76d80a2f5f39c891b996a1bf4c9853,2018-07-25 13:18:32,2018-08-18 14:48:50,1238.5,6,2,15,688,activated,core
5d9dc90a686a8fddacffab6bab5653a3,2017-10-01 10:11:40,2018-08-15 17:00:49,3761.94,12,9,18,391,established,core
5d9f3746e112e696f98ea22c56b3e912,2018-07-24 17:36:19,2018-07-24 17:36:19,1322.64,1,1,40,687,activated,core
5db42a6cd9bf1bf0d3aab9582767f168,2018-05-05 20:10:05,2018-05-05 20:10:05,200.0,1,1,120,607,dormant,core
5dc203c7b84a0e71e878a179de05fb9a,2018-05-28 20:43:51,2018-08-07 14:32:23,421.9,5,4,26,630,growing,core
5dc4bdaf869e8c77c648078cbe8d59c2,2017-09-16 21:43:02,2017-09-16 21:43:02,292.99,1,1,351,377,dormant,core
5dceca129747e92ff8ef7a997dc4f8ca,2017-01-27 13:37:09,2018-06-25 22:59:03,112155.53,325,18,69,144,at_risk,high_value
5de1c80811ce7007f62f00d971236c09,2018-07-03 15:09:35,2018-07-30 20:23:57,76.8,2,1,34,666,activated,long_tail
5debea795b07621e1f90532e18f96145,2017-10-21 11:29:06,2018-08-15 07:41:09,1883.78,25,11,19,411,established,core
5def4c3732941a971cba8fdee992ede1,2018-08-02 12:07:17,2018-08-28 18:49:20,134.8,5,1,5,696,activated,long_tail
5e063e85d44b0f5c3e6ec3131103a57e,2018-07-12 10:13:37,2018-07-12 10:13:37,22.9,1,1,52,675,activated,long_tail
5e105f5c9f63f5f1fd75d6cb942e55b1,2018-05-20 11:35:23,2018-08-25 11:42:43,1471.9,8,4,8,622,growing,core
5e106d93b717c2682b9383da480364a1,2017-04-20 11:42:01,2017-04-20 11:42:01,445.9,1,1,500,227,dormant,core
5e25c632f9db6cfb8bc100421c2737b6,2018-06-12 21:32:28,2018-06-12 21:32:28,259.0,1,1,82,646,at_risk,core
5e49e3a44bdeb5aab2684258bbd4f525,2017-12-14 11:30:41,2018-03-15 14:54:00,507.0,3,3,171,465,dormant,core
5e9f5bd34e0830569f05c9d4f56e04a8,2018-07-12 16:56:22,2018-07-14 20:48:14,239.98,2,1,50,675,activated,core
5ee7fd217d08dfe5d3e2f51f96a12c9a,2017-06-17 23:06:16,2018-08-21 09:28:11,1165.5,9,7,12,286,growing,core
5eeb9c756d9780b96283e5a2ac6da334,2017-10-10 08:27:25,2018-07-18 16:43:02,2471.0,9,7,46,400,growing,core
5ef131ac72773e5b3f6c0d63cf424657,2018-07-03 22:53:10,2018-08-25 16:48:02,575.79,10,2,8,667,activated,core
5f0057b677eb963672bf05dfa3f16c34,2016-10-07 21:19:32,2017-02-19 22:31:47,312.88,5,3,560,33,dormant,core
5f06030071324cc52bf0304014ac7234,2017-08-20 17:34:32,2017-08-26 11:01:38,783.96,4,1,372,349,dormant,core
5f1dc28029d2c244352a68107ec2b542,2017-01-17 12:15:42,2018-06-15 12:52:05,2807.3,62,15,79,134,at_risk,core
5f2684dab12e59f83bef73ae57724e45,2016-10-04 20:41:45,2018-08-29 12:25:59,9000.87,68,19,4,29,new,high_value
5f26c1408a65b42a7224cd463bdf3292,2018-06-28 18:11:28,2018-08-26 19:45:32,1139.8,10,3,7,661,growing,core
5f3ae9136c875522250f8184f253413a,2018-01-15 12:02:56,2018-08-22 10:56:54,1158.0,43,8,11,497,established,core
5f57db27027655e6c6a391601daa0258,2018-08-14 10:41:49,2018-08-14 10:41:49,98.0,1,1,19,708,activated,long_tail
5f5a58930c3c35f3b5af264f34fb8c85,2018-06-25 09:19:01,2018-07-19 12:04:10,560.0,3,2,45,658,activated,core
5f5b43b2bffa8656e4bc6efeb13cc649,2017-11-25 23:53:16,2018-06-18 17:35:29,3677.2,27,6,76,447,at_risk,core
5f67c6082caacb26e431a7b17940cece,2018-02-14 10:07:30,2018-08-06 22:01:08,1662.6,13,4,27,527,growing,core
5f7300535881cef3b625fd683cf7d145,2017-10-15 23:06:38,2018-07-22 21:51:37,665.98,10,5,42,406,growing,core
5fd924b4836098a5be0ecf81ba054ce0,2017-01-17 20:38:15,2017-03-01 08:28:57,1148.8,7,3,551,134,dormant,core
602044f2c16190c2c6e45eb35c2e21cb,2017-10-20 10:00:43,2018-08-23 12:32:01,3739.16,50,10,10,410,established,core
6025c79c035c3d772133b8b8238463b2,2018-07-18 16:51:01,2018-08-06 21:19:27,989.74,2,2,27,681,activated,core
6039e27294dc75811c0d8a39069f52c0,2017-02-27 16:01:28,2018-08-22 22:04:26,13670.7,64,19,11,175,established,high_value
60562ab00b8054280520d390c8c0045c,2017-10-18 08:46:18,2018-08-03 18:20:50,2943.0,17,10,30,408,established,core
6061155addc1e54b4cfb51c1c2a32ad8,2018-06-01 01:20:55,2018-08-26 07:38:38,15633.4,28,3,8,634,growing,high_value
606ce7768feac12c5e8bd58db8b08f0f,2018-04-24 19:18:38,2018-08-07 23:19:34,2916.6,5,4,26,596,growing,core
609e1a9a6c2539919b8205cf7c4e6ff0,2018-01-27 11:28:32,2018-08-24 00:35:51,6595.23,87,8,10,509,established,high_value
60ad151920c4f6f3ebbe8cfdf6166779,2017-05-09 12:57:11,2017-05-13 20:06:13,130.0,2,1,477,246,dormant,long_tail
60da8bfa7eebe230b7d66ac4082d79b3,2018-08-02 18:50:46,2018-08-18 13:37:04,86.6,3,1,15,696,activated,long_tail
610f72e407cdd7caaa2f8167b0163fd8,2018-04-03 00:05:04,2018-08-25 20:59:18,13585.16,16,5,8,575,growing,high_value
612170e34b97004b3ba37eae81836b4c,2018-06-11 14:32:25,2018-08-22 10:02:13,23065.02,107,3,11,644,growing,high_value
612a743d294c27884fb7b80d2b19ba35,2017-01-25 12:49:36,2018-08-15 14:50:52,3057.7000000000003,2,2,18,142,activated,core
615005a3ef192c00c6f0e977cee3d2bc,2017-08-17 12:46:48,2017-12-23 03:16:21,286.5,10,4,254,346,dormant,core
615c3462099ffa940d37b17dfda19594,2018-06-21 12:07:18,2018-07-31 23:06:21,229.0,2,2,33,654,activated,core
6179a28a13a726c29b3bf54c070dccab,2017-07-06 17:11:14,2017-08-29 09:16:06,600.0,2,2,369,304,dormant,core
6187a137b2af59dfdbad8d9f8c373c14,2017-11-28 21:53:19,2018-01-06 18:54:39,74.8,2,2,239,450,dormant,long_tail
61b18775be84fb700a6b2d0ba097bf66,2018-04-16 20:07:20,2018-08-21 19:20:14,334.5,4,4,12,588,growing,core
61b893c57e33626afb104d4112b1be76,2017-03-23 17:21:23,2017-03-23 17:21:23,74.99,1,1,528,199,dormant,long_tail
61c36f0fc4a47f9532e5512b66668e62,2018-03-30 09:27:22,2018-03-30 09:27:22,750.0,1,1,156,571,dormant,core
61f159ef6da2d441951d2c0efa719362,2016-10-05 17:21:29,2017-01-24 21:24:34,154.97,3,2,586,30,dormant,long_tail
620c87c171fb2a6dd6e8bb4dec959fc6,2016-10-04 13:15:46,2018-08-24 11:14:21,114774.5,740,21,9,29,new,high_value
6219ba2359cfb97f2e38fd4c321eb309,2017-09-19 12:20:28,2018-06-29 11:02:18,487.5,6,5,65,379,at_risk,core
6235903333ba7de1928c869e268e5964,2018-05-13 18:19:47,2018-05-13 18:19:47,94.06,1,1,112,615,dormant,long_tail
623ad9d0c1e14bb5464a8c72bff7b4af,2018-05-13 20:05:37,2018-05-13 20:05:37,95.0,1,1,112,615,dormant,long_tail
624f4ece8da4aafb77699233d480f8ef,2016-10-04 10:16:04,2018-08-19 10:47:22,9205.0,53,18,14,29,new,high_value
626ab1cd96932367f0eeec2e47046c12,2018-01-16 11:20:57,2018-07-28 16:45:10,1310.0,3,2,36,498,activated,core
62760d278921b5f352461620d68a9cee,2017-02-06 12:55:28,2017-02-15 09:41:08,397.0,3,1,564,154,dormant,core
6288c69c4ce638e59925e59193f98b16,2017-03-16 13:08:11,2018-08-03 23:17:41,4506.28,22,11,30,192,established,high_value
62c50c1af4dfdc4149d25c5222043d39,2016-10-05 11:08:46,2017-09-21 17:03:07,2785.7200000000003,14,6,346,30,dormant,core
62d977e2b2aee830de3e039a28490d12,2018-01-03 11:20:29,2018-01-05 17:34:54,399.8,2,1,240,485,dormant,core
62de60d81c55c29d76a6bce418b31cef,2018-08-05 20:01:32,2018-08-05 20:01:32,103.0,1,1,28,699,activated,long_tail
630008e0f062605a415d694489f6f82e,2018-07-23 09:52:09,2018-07-30 17:24:54,105.15,2,1,34,686,activated,long_tail
63191ead8d3b2f937cd1996fdcbbad20,2018-08-10 16:24:47,2018-08-10 16:24:47,367.0,1,1,23,704,activated,core
63272377184e969942f7fff221be858d,2017-05-18 11:19:11,2017-05-18 22:42:50,149.7,2,1,472,255,dormant,long_tail
6338ea67c41078a46ad99cc009654956,2017-02-02 17:56:17,2018-08-16 22:28:49,2286.09,37,17,17,150,established,core
633ecdf879b94b5337cca303328e4a25,2017-09-15 11:59:48,2017-09-22 18:11:44,1037.6000000000001,6,1,345,375,dormant,core
634964b17796e64304cadf1ad3050fb7,2017-11-12 21:31:27,2018-08-18 15:27:43,39465.1,268,10,15,434,established,high_value
63704069d9bd3a75c1cf59babe56004a,2018-06-08 12:00:50,2018-06-08 12:00:50,59.3,1,1,86,641,at_risk,long_tail
638cba8be1fb599bbb76fd6948351eb3,2017-05-07 17:57:19,2017-09-28 15:30:58,598.1999999999999,17,4,339,244,dormant,core
63a79f5a7eb5cb48a7e5787b141c7993,2018-04-11 12:14:12,2018-07-16 12:34:46,815.1,11,4,48,583,growing,core
63b464dbf392c7b80d12d932fa7cafed,2017-02-01 15:47:22,2018-01-28 22:03:43,6781.0,37,10,217,149,dormant,high_value
63b9ae557efed31d1f7687917d248a8d,2016-10-05 11:44:41,2017-02-13 19:14:05,139.5,5,3,566,30,dormant,long_tail
63bc58679c44e8a998792119fd7ad23e,2017-02-15 14:38:14,2017-02-15 14:38:14,19.9,1,1,564,163,dormant,long_tail
63ffcb71394dd8ea3872ed9ffda17c74,2017-02-05 13:58:46,2017-07-30 10:07:29,399.0,17,5,399,153,dormant,core
640e21a7d01df7614a3b4923e990d40c,2018-03-17 19:47:48,2018-08-25 20:27:21,7598.88,116,6,8,558,established,high_value
6426d21aca402a131fc0a5d0960a3c90,2017-05-15 21:42:34,2017-10-02 21:37:12,1209.64,23,6,335,253,dormant,core
643214e62b870443ccbe55ab29a4dccf,2017-09-30 21:44:37,2018-08-22 11:39:52,3270.13,66,12,11,391,established,core
643c01d7c56a724bec0454f4780e8a3e,2018-04-05 11:51:59,2018-05-15 14:57:12,205.55,2,2,110,577,dormant,core
6481e96574816ead57975da2c0f6d80d,2017-12-29 16:31:00,2018-07-28 13:11:22,3324.9,32,7,36,480,established,core
64b87978a11c1ea7501a89eabe8c2c1a,2017-01-26 22:52:01,2017-02-09 11:41:40,489.92999999999995,7,2,570,144,dormant,core
64c9a1db4e73e19aaafd3286dc448c96,2018-08-18 14:03:10,2018-08-18 14:03:10,439.0,1,1,15,712,activated,core
64cc804291f90c81f02bfc2bb58ff55a,2018-04-15 00:08:41,2018-07-18 16:51:45,517.6,2,2,46,587,activated,core
651530bf5c607240ccdd89a30c9c9712,2018-08-09 18:09:53,2018-08-09 18:09:53,199.9,1,1,24,703,activated,core
651fe66032c9520ee5587f694908040d,2018-07-16 08:52:35,2018-08-21 21:32:17,464.0,7,2,12,679,activated,core
6524b847b982cd56bb5d4b02b776ee42,2018-02-14 11:42:55,2018-02-14 11:42:55,779.8,1,1,200,527,dormant,core
6548c2550b6e2d8f18053216e1c7b6f3,2018-06-26 11:17:35,2018-08-22 17:58:13,217.7,3,2,11,659,activated,core
655220df33262c7e0c4949a147366f94,2018-01-13 12:49:45,2018-05-14 11:43:07,2245.0,13,5,111,495,dormant,core
6560211a19b47992c3666cc44a7e94c0,2017-02-17 07:39:19,2018-08-29 09:14:11,123304.83,1854,19,4,165,established,high_value
6561d6bf844e464b4019442692b40e02,2018-08-28 09:26:43,2018-08-28 09:26:43,41.9,1,1,5,722,activated,long_tail
6562efe88ce0826a4ca4f189f03b4b84,2017-03-14 08:47:46,2018-01-08 12:25:43,1135.8999999999999,9,5,237,190,dormant,core
656591be56071d4c9ef4e5fee78a578a,2017-03-06 13:59:02,2017-05-07 12:50:03,1702.0,7,3,483,182,dormant,core
6576fd3e23c88f0e5d4d23f39bba0542,2017-03-02 01:33:22,2017-03-02 01:33:22,14.5,1,1,550,178,dormant,long_tail
657969cca82e884d272385ec0ef06edd,2018-05-01 10:10:41,2018-07-31 17:45:44,139.70000000000002,3,3,33,603,growing,long_tail
659e8466eb3ff1b0e8740d74fb7bbedd,2017-05-18 04:17:44,2018-05-06 19:27:01,1486.8,11,8,119,255,dormant,core
65a7c0788e4d632ccb5e1b594b87f0bb,2017-08-15 21:20:12,2017-12-22 14:45:15,266.7,3,3,254,345,dormant,core
65b081a070633e057c462abdd6fb9dd8,2017-10-26 12:25:47,2018-05-07 17:39:18,1885.09,19,8,118,416,dormant,core
65c255b299faf2d12050937cc219c46c,2017-07-26 10:16:50,2017-08-31 17:20:46,88.2,2,2,367,324,dormant,long_tail
65febd49fd28ec955651299159b1f527,2018-04-17 10:14:25,2018-08-22 14:00:26,4319.7,35,5,11,589,growing,core
6601ee6383e7f452be71929f8de48bbb,2017-10-27 17:21:53,2017-11-08 07:29:07,153.6,2,2,299,417,dormant,long_tail
6614814a00d344b846ae209f95ee7e3f,2017-06-08 23:17:57,2017-06-08 23:17:57,13.0,1,1,451,277,dormant,long_tail
661ad5fcc28cdfb8bcadb12bb2272475,2018-01-15 10:56:46,2018-07-17 17:28:51,209.92999999999998,4,3,47,497,growing,core
6624bc09786f0e41ae48dfc5eeb1a9e2,2017-03-05 22:38:18,2017-03-05 22:38:18,89.54,1,1,546,182,dormant,long_tail
6650fcccd8cd2f7e55ffa524f30c4c59,2017-09-05 18:26:23,2017-11-08 12:38:38,529.7,3,3,298,365,dormant,core
666658b8da8370f30e1f89893b1de5e6,2018-03-13 10:58:09,2018-03-13 10:58:09,298.0,1,1,173,554,dormant,core
668bf321538e5072858eaef6087ce027,2018-02-26 09:47:55,2018-02-26 09:47:55,19.9,1,1,188,539,dormant,long_tail
66922902710d126a0e7d26b0e3805106,2017-05-14 21:11:45,2018-08-21 21:44:04,14362.3,151,16,12,251,established,high_value
669ae81880e08f269a64487cfb287169,2017-01-20 14:30:03,2018-08-08 12:55:10,13248.87,162,20,25,137,established,high_value
66d5ae34537110d3affc56174dad2b2f,2018-07-08 18:44:18,2018-07-08 18:44:18,33.81,1,1,56,671,activated,long_tail
66dc1b1632bd6a3e508510c5b3492107,2017-07-19 17:27:37,2018-08-12 11:16:23,3721.39,37,11,21,317,established,core
66e0557ecc2b4dbea057e93f215f68d8,2017-05-24 18:43:12,2018-02-12 22:58:08,12480.0,31,10,202,261,dormant,high_value
66fd84ee7528c0c0de85d0f44a73d5ab,2017-03-22 14:05:51,2017-07-28 10:24:45,1438.11,11,4,401,198,dormant,core
670a9dda115b5a88b18cfadee8de2332,2017-08-29 20:13:34,2018-08-16 16:28:13,918.9000000000001,11,6,17,358,established,core
670c26e0f1bf8d0576271d5cfaec6d2b,2017-11-04 18:20:58,2018-08-01 10:17:18,6341.6,78,10,32,425,established,high_value
671585f5a2af58b6e276bc01003c0d2b,2018-07-27 21:43:27,2018-08-25 23:39:08,1244.0,27,2,8,691,activated,core
67225bff54a172ff67579aaf583efd78,2017-09-15 10:34:54,2018-02-03 19:28:45,1238.0,8,5,211,375,dormant,core
674207551483fec113276b67b0d871ff,2018-07-05 16:36:38,2018-07-05 16:36:38,119.9,1,1,59,668,activated,long_tail
6750d71153f00fc58829af2a8ef1bcf1,2017-03-28 15:29:43,2017-08-08 23:13:27,3514.0,6,6,390,204,dormant,core
67883baaae6134ee81b271a542613728,2018-07-17 13:21:24,2018-08-22 11:39:32,8167.9,19,2,11,680,activated,high_value
679769a98cfcc6da877c8486ff1c13f3,2017-03-01 12:40:04,2018-08-27 15:03:18,7029.0,21,11,6,177,established,high_value
67bf6941ba2f1fa1d02c375766bc3e53,2017-09-17 20:41:21,2018-08-29 14:18:23,5610.0,16,11,4,377,established,high_value
67e43d802fde8cfd3f9580124f8167d1,2017-02-03 11:31:48,2017-02-20 19:58:47,36.0,2,1,559,151,dormant,long_tail
6806dad1da97bfb5a9038eac6881f706,2017-12-28 18:59:26,2018-08-22 18:32:39,1477.0,10,6,11,479,established,core
681fce914360217db47784ae28905a96,2017-10-20 11:05:57,2018-07-30 18:54:21,4127.33,23,8,34,410,established,core
6824a69c9ea0313eba299dd4a2dba09a,2018-07-24 14:23:37,2018-08-20 15:12:42,666.9,6,2,13,687,activated,core
685b870da5b52a710782c9c0fefbeb5b,2017-12-09 13:51:24,2018-03-01 16:36:58,627.0,2,2,185,460,dormant,core
6860153b69cc696d5dcfe1cdaaafcf62,2017-11-21 15:13:52,2018-08-24 00:07:22,3827.63,74,9,10,442,established,core
6861de0f40cacb0602e473c51639f980,2017-11-18 10:53:18,2018-07-04 17:37:50,674.0,5,4,60,439,growing,core
686886775c8f6b1191c7b953fb52708c,2018-06-26 05:48:19,2018-06-26 05:48:19,189.0,1,1,69,659,at_risk,core
6879c4d287a8dd06b11f54ea8f78e4da,2018-06-13 23:58:54,2018-08-14 23:53:56,527.67,6,3,19,647,growing,core
688756f717c462a206ad854c5027a64a,2018-04-10 16:07:47,2018-08-22 09:01:17,5966.54,83,5,12,582,growing,high_value
68ca56ce86830f3d31b1b7ec6a54da3e,2018-07-11 18:16:29,2018-08-10 18:10:00,719.59,6,2,23,674,activated,core
68f86ba270525243e68ae74044f992b9,2017-08-21 16:49:22,2018-08-10 15:14:50,876.5,11,9,23,350,established,core
6902157ee16728322d61a1321fa79e58,2017-09-21 22:46:26,2017-10-07 19:27:08,159.8,2,2,330,382,dormant,core
693660429f9dc4ff704eb3d88dad54d7,2018-07-22 17:24:17,2018-07-23 17:01:07,124.0,2,1,41,685,activated,long_tail
695051e2981c8b19e77cafe450d5bdf3,2017-12-08 12:19:26,2017-12-08 12:19:26,169.76,1,1,268,459,dormant,core
6973a06f484aacf400ece213dbf3d946,2018-01-22 15:14:12,2018-07-03 23:02:29,11011.05,95,6,61,504,at_risk,high_value
698624c6632eeba1774924dbea24c700,2018-04-05 20:23:53,2018-04-05 20:23:53,19.9,1,1,150,577,dormant,long_tail
6989574bd97d9773f10d232b6c07da59,2017-03-22 23:17:07,2018-07-25 13:09:24,2478.3999999999996,7,6,39,199,growing,core
698f5fa55a5f73d0740e9d9a773e8093,2018-06-12 17:26:43,2018-06-20 08:57:50,120.0,4,1,75,645,at_risk,long_tail
69a43819c758c65a5befb0b471c954d7,2017-06-15 11:48:29,2017-09-16 20:40:17,299.85,2,2,351,283,dormant,core
69b5eaa096c3f9d1e5c398c597f567d6,2018-08-15 22:27:30,2018-08-25 10:41:50,938.0,2,1,8,710,activated,core
6a0cbc8af2e8abd1bdfb777943d174c6,2017-05-08 18:46:53,2018-07-04 15:45:43,3894.05,35,12,60,245,established,core
6a3139c7bf09ece22a4713d956acbe5e,2018-07-23 21:47:34,2018-07-23 21:47:34,61.9,1,1,41,687,activated,long_tail
6a38087bc8ad4f89ff453561005f6dea,2018-05-18 10:34:41,2018-08-17 12:56:21,1833.43,15,4,16,620,growing,core
6a51fc556dab5f766ced6fbc860bc613,2017-04-08 19:06:55,2018-08-21 12:46:29,7577.67,26,14,12,215,established,high_value
6a53b90c3ad9e0b56d9fe5c69165fff5,2018-05-16 19:57:22,2018-08-03 00:15:35,139.78,2,2,31,618,activated,long_tail
6a8a889bde935bafa76d7848782dfaf9,2018-03-21 14:04:40,2018-06-04 07:25:50,860.8199999999999,26,4,91,562,dormant,core
6a8b085f816a1f75f92dbac6eb545f8f,2017-07-29 17:28:18,2018-08-23 12:04:18,6018.97,127,14,10,327,established,high_value
6aa3928696eab49a19a466e665a649fd,2018-03-10 12:41:26,2018-08-17 22:23:06,2075.0,18,5,16,551,growing,core
6b15924333bd1a741595fe981ea04822,2017-02-01 11:13:37,2017-07-05 00:35:30,614.3199999999999,21,6,425,149,dormant,core
6b1c4d4d9ccf0be3d8544eb0e71e5318,2018-03-21 14:29:14,2018-03-21 14:29:14,1699.0,1,1,165,562,dormant,core
6b243f80ed07b10f0e8aa0f21a205f3c,2017-07-18 12:35:54,2018-08-23 03:31:57,6260.1,79,14,11,316,established,high_value
6b2612338467c08c9b25f0cc55b1578d,2017-02-12 20:42:26,2017-02-12 20:42:26,92.9,1,1,567,160,dormant,long_tail
6b333a05bf188ef3e1f1662a86bd9855,2018-01-27 20:49:20,2018-08-10 15:03:30,3990.91,12,6,23,509,established,core
6b3bd31ad8fcda4b2635ec9f3ff2ecdf,2018-03-24 14:57:23,2018-08-10 21:12:29,4198.9,36,6,23,565,established,core
6b536a23086fba0d58c08d68814397f6,2017-10-25 14:35:46,2018-07-28 23:06:54,2068.8,19,8,36,415,established,core
6b803197e03abd5056b4313306b4f29d,2018-02-06 23:23:59,2018-08-20 21:11:22,407.0,7,4,13,520,growing,core
6b89abe95848c850399130d149a39b63,2018-02-15 23:30:37,2018-04-13 15:55:02,1135.2,8,3,142,529,dormant,core
6b90f847357d8981edd79a1eb1bf0acb,2018-06-07 14:18:38,2018-08-29 11:06:11,3322.08,45,3,4,640,growing,core
6b9b80d53ba3676eafe60268a810b5a1,2017-02-01 08:42:45,2017-08-28 20:36:01,882.7,10,6,370,149,dormant,core
6ba4733aa33f6386e9fb0c0fd3993b38,2018-04-16 21:43:52,2018-08-17 10:32:19,149.79,3,3,16,589,growing,long_tail
6bb0724edf0b62fb91ac404873a97241,2017-02-20 00:34:48,2018-04-01 21:51:22,3653.0,17,10,154,168,dormant,core
6bb62a4912377c7bfe7cb17b406bc7e6,2018-07-30 15:26:34,2018-08-14 06:30:49,739.52,4,2,20,693,activated,core
6bb66d9870c2e01c05655c7ed0e7ee13,2018-07-25 17:09:53,2018-07-29 06:13:03,269.0,3,1,36,688,activated,core
6bbcb8924baf70b7fe2fe2097e8cd407,2017-11-13 12:19:18,2018-08-09 20:07:20,2382.5,10,7,24,434,established,core
6bcb2352a2a0c38b845f598298ab9d26,2017-06-16 17:30:04,2017-09-29 00:54:27,31.8,2,2,339,284,dormant,long_tail
6bd503a8230299c9316fb0f726933927,2018-07-13 18:59:31,2018-08-17 15:11:32,324.28999999999996,4,2,16,676,activated,core
6bd69102ab48df500790a8cecfc285c2,2017-06-26 13:44:08,2018-05-10 14:00:13,8070.0,5,5,115,294,dormant,high_value
6bef34c5be6f2bbd70aa5165f6df94b1,2018-07-14 16:12:14,2018-07-31 23:31:44,1198.0,2,1,33,677,activated,core
6c12e40690c335dbc2f68a4134d30dc1,2017-02-20 13:35:27,2018-08-06 09:57:33,9139.2,16,10,27,168,established,high_value
6c177e38df6d3f34182b1f1d427231bf,2017-02-06 16:00:46,2018-08-21 13:32:24,8341.89,55,16,12,154,established,high_value
6c17baf138731a4aaacc3210adf2037b,2018-08-06 15:08:47,2018-08-20 23:20:11,538.8,4,1,13,700,activated,core
6c1b6d0c604b776f844125f911eb7377,2017-02-01 15:42:59,2017-03-12 21:28:55,443.06,5,2,539,149,dormant,core
6c6cc59a5c00cacc5054ca06d65cc282,2018-08-11 12:14:35,2018-08-11 12:14:35,1107.0,1,1,22,705,activated,core
6c6e3d67f969468f3bfd33f827a31222,2018-03-11 22:56:57,2018-08-09 18:55:30,224.0,5,3,24,553,growing,core
6c77cd583b36a13aacccf2b3ee23e233,2018-08-23 21:45:16,2018-08-23 21:45:16,18.9,1,1,10,718,activated,long_tail
6c7d50c24b3ccd2fd83b44d8bb34e073,2017-07-09 21:20:45,2018-08-17 07:32:27,8699.34,114,13,17,308,established,high_value
6c9875b2f94ba781186f0c1aed8d1687,2017-05-21 18:55:49,2017-08-13 10:33:17,25.0,2,2,385,258,dormant,long_tail
6c99c983ce3b6ba0ab813e6790e81691,2018-05-31 22:54:21,2018-08-07 11:15:11,546.75,9,4,26,634,growing,core
6cd68b3ed6d59aaa9fece558ad360c0a,2017-01-26 17:40:03,2018-04-23 22:25:36,11188.57,149,16,132,143,dormant,high_value
6cf476a4ca74498db55cbccdaa9dcfb6,2016-10-06 08:28:19,2017-05-31 19:02:28,939.9300000000001,6,5,459,31,dormant,core
6d04126aba80df143fd038e711b8fd96,2017-09-08 14:49:36,2017-09-08 14:49:36,89.99,1,1,359,368,dormant,long_tail
6d1b9c9579132c87d2703ec38c30f2c5,2017-02-21 21:19:19,2017-07-01 12:32:51,299.69,4,4,428,170,dormant,core
6d22a1fcebb6dd08c9cd90b92a93e8d0,2017-08-27 23:06:38,2018-01-26 14:27:45,723.7,12,6,219,357,dormant,core
6d2f2e3b539480db1e0842b3a4e32e6e,2017-06-09 14:43:13,2017-06-22 22:22:55,305.96,3,1,437,277,dormant,core
6d66611d7c44cc30ce351abc49a68421,2017-02-02 07:05:42,2018-08-25 11:43:42,13593.4,166,18,8,150,established,high_value
6d7f8d9d594e28796b6b3205b00f459c,2017-05-11 15:40:17,2017-07-14 12:28:30,417.9,3,2,415,248,dormant,core
6d803cb79cc31c41c4c789a75933b3c7,2017-07-25 00:16:20,2018-06-06 15:11:41,8711.4,58,12,88,323,at_risk,high_value
6d988d6174a2c27441597174f8905515,2017-04-02 15:41:12,2018-08-09 15:39:32,371.73,19,10,24,209,established,core
6da1992f915d77be95d7fa48b36904af,2017-04-27 16:24:28,2017-08-03 11:13:41,261.0,7,5,395,234,dormant,core
6dc9bec584588412a6a338830946a3e4,2017-02-03 20:08:53,2017-02-17 13:53:06,560.0,2,1,562,151,dormant,core
6dd7dce75cd55c1ce255dc38d9f0cd46,2017-12-17 14:44:48,2017-12-17 14:44:48,75.0,1,1,259,468,dormant,long_tail
6ddc28b61be28373b4503a1f61cf98a9,2018-06-14 17:31:48,2018-08-15 18:14:08,1732.9,11,3,18,647,growing,core
6df688df543f90e9b38f4319e75a9d88,2017-01-31 13:01:10,2017-11-22 09:09:01,1949.96,40,11,284,148,dormant,core
6e0908ef4d4efadbc3cc2b74ea477cb0,2017-02-05 17:06:00,2017-09-01 16:11:40,589.4499999999999,8,6,366,153,dormant,core
6e13dd869aa7185f601c941423abcc8f,2018-04-07 18:30:52,2018-07-17 16:29:37,522.0,5,4,47,579,growing,core
6e1862e15f33d9994bc25922a85e1efc,2018-06-08 09:47:41,2018-08-21 15:44:52,732.49,8,3,12,641,growing,core
6e2d3e2dc84fb30f6078f39dd3bddd6f,2017-10-29 16:25:52,2017-10-29 16:25:52,219.0,1,1,308,419,dormant,core
6e386f64c84e482f0b9abf960797ee1b,2018-03-25 23:20:35,2018-08-17 00:56:07,12938.3,30,6,17,567,established,high_value
6e4a902d1054e4e17aa6eab87fac1c75,2018-08-06 23:49:14,2018-08-21 21:15:52,586.57,7,1,12,701,activated,core
6e4f5ff6b086632ba8dcb558fb10249e,2018-02-27 01:52:55,2018-07-19 14:17:07,838.9,5,5,45,540,growing,core
6e85dc5ecd97a61094b89b046a509d8e,2017-05-14 00:32:26,2017-05-14 00:32:26,169.9,1,1,477,251,dormant,core
6e864f5c4669eff3d98140a07cc50202,2017-08-02 13:12:25,2018-05-30 14:51:11,740.59,13,7,95,331,dormant,core
6eb94e1466490d327a09abf8f3552a50,2018-04-23 17:27:41,2018-08-23 13:05:40,1511.95,10,4,10,595,growing,core
6ebf4eceee4dd9847201c82e77ef8123,2018-04-04 23:21:54,2018-04-04 23:21:54,59.9,1,1,151,577,dormant,long_tail
6ec1a01e866584bb679eb9b098345919,2017-07-06 16:18:52,2018-08-24 11:54:56,4248.91,31,13,9,304,established,core
6edacfd9f9074789dad6d62ba7950b9c,2017-01-17 14:57:29,2018-08-27 20:31:22,13147.1,208,20,6,134,established,high_value
6ee85be3693ed79a8e80718743d80655,2017-01-19 11:26:57,2017-05-23 17:14:58,484.5,9,4,467,136,dormant,core
6eeed17989b0ae47c9f11ece6f38ea90,2018-07-03 18:58:41,2018-08-27 21:28:43,557.0,3,2,6,666,activated,core
6f1a1263039c76e68f40a8e536b1da6a,2017-09-17 23:54:20,2018-01-15 15:18:27,256.39,4,3,230,378,dormant,core
6f229cc508fc6915ed5c499efd93baa4,2017-08-11 13:26:28,2018-08-11 18:52:46,2654.8,13,6,22,340,established,core
6f835fd4be26989b1b064399da346143,2018-05-26 08:26:02,2018-06-18 22:59:35,197.8,2,2,76,628,at_risk,core
6f83d9e4da896daae20b9b6b2d3ff8d2,2018-03-22 10:15:19,2018-07-31 17:24:44,765.19,11,5,33,563,growing,core
6f892e20a171e98efe17fdb971ff319b,2017-07-27 16:40:14,2017-12-17 01:25:39,6438.700000000001,44,6,260,325,dormant,high_value
6fa9202c10491e472dffd59a3e82b2a3,2018-07-30 10:04:21,2018-08-13 14:07:50,7014.24,3,2,20,693,activated,high_value
6fc26fe110feebd80a433e1f012a84f9,2017-01-29 04:52:16,2018-08-17 16:22:48,4150.87,35,17,16,146,established,core
6fd52c528dcb38be2eea044946b811f8,2017-08-18 16:58:56,2018-08-11 23:56:26,7743.0199999999995,67,13,22,347,established,high_value
7008613ea464bad5cb9b83456e1e6a8f,2016-10-09 22:36:49,2018-08-21 16:08:39,7777.0,127,20,12,35,established,high_value
700f03c207639c22d933381ff60b35c2,2016-10-07 21:30:12,2017-11-29 17:43:31,1189.8600000000001,4,2,277,33,dormant,core
70125af26c2d6d4ef401a1d02ae7701f,2018-07-03 16:23:42,2018-08-18 16:43:27,371.2,5,2,15,666,activated,core
70126eecc6aa1274392a1743866e9678,2018-06-25 21:19:06,2018-07-25 10:27:00,97.39999999999999,3,2,39,659,activated,long_tail
701938c450705b8ae65fc923b70f35c7,2017-01-27 19:04:57,2018-04-01 21:48:34,11983.28,75,15,154,144,dormant,high_value
702835e4b785b67a084280efca355756,2017-02-13 16:18:07,2017-02-13 16:18:07,7.6,1,1,566,161,dormant,long_tail
7040e82f899a04d1b434b795a43b4617,2017-09-12 22:20:18,2018-08-28 09:18:03,9738.2,212,12,5,373,established,high_value
70849ca4f400aaabb62cb7462a6f1428,2017-12-14 18:10:22,2018-08-18 23:19:12,909.58,12,7,15,465,established,core
709e16e2b25c7474d980076c6bfc4806,2017-10-14 14:08:47,2018-08-26 08:40:36,5151.9,60,11,8,404,established,high_value
70a12e78e608ac31179aea7f8422044b,2017-01-17 16:25:29,2018-08-20 20:10:03,30858.53,315,19,13,134,established,high_value
70b52a4cfc823994561b00bad161b4ed,2017-02-21 16:17:51,2018-07-18 13:50:09,585.0,8,4,46,169,growing,core
70bf57d811208f8923b41bbd499a67a4,2018-06-26 20:41:56,2018-08-27 17:24:25,780.8000000000001,7,3,6,659,growing,core
70c0fda4c313d87115644d39e62eec60,2018-08-04 15:27:00,2018-08-04 15:27:00,25.99,1,1,29,698,activated,long_tail
70c27847eca8195c983ed7e798c56743,2018-04-03 09:02:42,2018-08-22 21:34:37,12077.52,77,5,11,575,growing,high_value
70c4eedec9cb4a85cda2f3f9673557b4,2017-06-05 16:37:47,2017-08-21 10:59:48,479.8,2,2,377,273,dormant,core
70ee69419916dc13e3aed619061f996c,2017-08-07 10:50:46,2017-08-07 10:50:46,45.0,1,1,391,336,dormant,long_tail
70eea00b476a314817cefde4aad4f89a,2017-02-09 15:32:27,2018-08-22 20:43:48,31994.649999999998,108,19,11,157,established,high_value
70f7e8018e3d46c748c92f026aa2585a,2018-08-16 15:59:15,2018-08-16 15:59:15,239.8,1,1,17,710,activated,core
70f84699be677ec988d1fa824aef7d90,2017-04-11 14:43:04,2018-07-18 21:15:01,1588.3,5,5,46,218,growing,core
71039d19d4303bf9054d69e9a9236699,2017-10-07 21:41:11,2018-08-03 13:46:47,3537.2,35,10,30,398,established,core
710e3548e02bc1d2831dfc4f1b5b14d4,2016-10-07 10:18:50,2018-08-16 09:22:47,23979.11,136,20,17,32,established,high_value
71271995e85f5b8530be99ed54a91b89,2017-11-23 11:16:22,2018-07-11 09:55:49,776.0,8,7,53,444,growing,core
712e6ed8aa4aa1fa65dab41fed5737e4,2017-02-08 12:01:45,2018-05-18 18:17:35,39815.0,79,14,107,156,dormant,high_value
712efd3b68f9686dc856b84abd0f21ae,2018-07-30 12:41:54,2018-07-30 12:41:54,139.0,1,1,34,693,activated,long_tail
7139dc5186aa238b006e066d8fbab2e4,2018-01-29 11:30:46,2018-08-02 12:05:29,1712.0,22,8,31,511,established,core
713e3a23ca5e47786eb6f0d99f94cfac,2018-02-06 13:32:02,2018-06-03 20:17:27,1126.0,4,3,91,519,dormant,core
7142540dd4c91e2237acb7e911c4eba2,2017-03-10 11:30:03,2018-08-17 10:23:01,37373.56,319,18,16,186,established,high_value
714b9a1332840f257b49f476bea4e341,2018-01-08 11:48:47,2018-03-24 15:11:38,1499.94,6,3,162,490,dormant,core
71592660bbcb6a4664e97b6f8b68babc,2018-02-16 19:32:22,2018-07-31 20:47:41,2027.18,6,5,33,529,growing,core
71593c7413973a1e160057b80d4958f6,2018-08-03 13:19:41,2018-08-16 10:46:39,299.5,2,1,17,697,activated,core
715bbd5ba4e6b74cb0d2f29eb45058b0,2017-09-10 00:34:50,2018-08-19 15:25:29,4043.3,62,12,14,370,established,core
7178e1eaa97257d8b6d4b80efd77a025,2017-09-05 16:18:47,2017-09-05 16:18:47,167.9,1,1,362,365,dormant,core
7178f9f4dd81dcef02f62acdf8151e01,2017-03-21 22:01:26,2018-08-17 11:27:54,37070.4,203,18,16,198,established,high_value
717b78b0950b51ed00b1471d858b0edc,2018-01-21 23:47:05,2018-07-02 21:06:36,138.6,5,4,62,504,at_risk,long_tail
718539d38d07dd351c76db862760e2e2,2017-04-26 11:19:47,2018-02-22 17:09:58,1318.9,37,8,192,233,dormant,core
71dc18fd8cbf5fd77f45dd8b427abb34,2017-02-14 12:56:01,2017-12-13 23:56:00,1080.0,4,3,263,162,dormant,core
7202e2ba20579a9bd1acb29e61fe71f6,2017-07-22 13:08:11,2018-08-21 20:36:22,12750.5,53,14,12,320,established,high_value
720e6cf846ea7572cbb66b743fb91e6c,2017-03-18 12:23:46,2017-03-18 12:23:46,54.0,1,1,533,194,dormant,long_tail
7210cd29727d674c00741e5e387b3ccd,2018-06-10 13:08:26,2018-08-20 14:31:33,729.0899999999999,9,3,13,643,growing,core
72146da5774cabf2632faedcae097a76,2018-02-06 12:10:35,2018-05-10 17:04:17,200.94,4,4,115,519,dormant,core
7238a95bb63ef7e498389fb863b834a1,2018-04-27 14:01:01,2018-08-16 15:13:00,2265.7,15,5,17,599,growing,core
7238f877570096ae403c51898fa64566,2018-04-11 19:11:36,2018-05-29 15:28:44,1200.0,3,2,96,583,dormant,core
723a46b89fd5c3ed78ccdf039e33ac63,2018-05-28 23:06:44,2018-05-28 23:06:44,66.64,1,1,97,631,dormant,long_tail
723cd880edaacdb998898b67c8f9da30,2018-03-27 12:41:26,2018-08-20 14:00:12,2136.5299999999997,11,5,13,568,growing,core
72431a818f97fe6ab9c81eee3e297e54,2018-04-13 11:22:56,2018-04-13 11:22:56,229.9,1,1,142,585,dormant,core
725af026f869236a8dd0ceb98564d156,2017-10-22 11:20:45,2018-08-03 18:52:57,1177.71,7,6,30,412,growing,core
725c32fa80c2faacc4fc88450d27314e,2017-01-17 12:42:06,2018-08-12 09:20:39,7838.88,89,20,21,134,established,high_value
7299e27ed73d2ad986de7f7c77d919fa,2017-03-09 11:09:46,2018-08-21 14:20:40,34725.43,338,18,12,185,established,high_value
729b2d09b2a0bdab221076327f13d050,2017-11-14 17:32:32,2018-08-21 12:27:17,1822.11,49,9,12,435,established,core
729f06993dac8e860d4f02d7088ca48a,2017-03-24 10:57:40,2018-08-27 19:39:33,20485.079999999998,96,18,6,200,established,high_value
72bc2cce903c872fe376a8faaa81d237,2017-09-19 23:12:15,2018-08-21 22:45:58,2149.2,17,8,12,380,established,core
72c38a04bd6a1c3dbc5298425a0db86d,2018-05-13 22:30:46,2018-07-05 10:00:59,647.3,4,3,59,616,growing,core
72c5da29406b4234927b81855e7b64f6,2018-04-07 17:15:59,2018-08-26 20:32:14,11798.69,31,5,7,579,growing,high_value
72c73be2b085b9d57650dd53eb2004c9,2017-07-24 11:29:43,2017-07-24 11:29:43,29.4,1,1,405,322,dormant,long_tail
730937bf88cb151eb2eb849f642fc213,2018-04-05 16:12:14,2018-08-19 10:36:45,2821.2,22,4,14,577,growing,core
7315baebc0572ff220d226283dc66728,2017-04-26 13:17:05,2017-06-28 09:51:56,49.849999999999994,2,2,431,233,dormant,long_tail
731ef20c231d9a7103a425e83fd91271,2017-10-28 16:27:50,2017-10-28 20:52:15,1692.0,2,1,309,418,dormant,core
734def04b237117a09321dd6d8f3f2a2,2018-04-08 22:50:52,2018-06-21 04:46:11,1252.43,2,2,74,581,at_risk,core
7354220fb240bde543b3c40c060d41e7,2018-01-04 13:40:05,2018-07-25 04:34:42,672.0,7,4,40,486,growing,core
7357b52d27cbaa90f81a96cbc1279396,2018-05-15 18:17:45,2018-08-22 21:33:00,1328.02,12,4,11,617,growing,core
739c7d7be81f63812dea0d1b1451c651,2018-05-16 13:11:47,2018-06-04 11:52:25,77.5,2,2,90,618,at_risk,long_tail
73a63f72308aa20a46f4b1632018f196,2017-03-18 22:33:43,2018-08-01 14:47:50,9606.8,29,13,32,195,established,high_value
73b8eb4a9a729d4019b24ed1be748cbf,2018-06-18 10:32:17,2018-08-07 14:24:49,692.41,8,3,26,651,growing,core
73da1880b39c71de2b262bc7720c1494,2017-07-26 11:19:21,2018-01-09 12:25:33,398.0,2,2,236,324,dormant,core
740205fedfe4e90ca6857bc77db0f2b4,2017-02-17 03:09:22,2017-02-17 03:09:22,229.9,1,1,563,165,dormant,core
7402d13c03a7e91366337cd1de471144,2017-09-19 16:56:43,2018-08-17 11:18:22,528.38,4,3,16,379,growing,core
741f8c587cb4248ebc5b779a0e8e0e51,2018-07-12 19:37:30,2018-08-12 10:49:23,89.95,5,2,21,675,activated,long_tail
744dac408745240a2c2528fb1b6028f3,2017-04-22 21:39:15,2018-08-14 18:33:48,22490.6,79,16,19,230,established,high_value
74636e24f01da9268b0ed88dacd8513e,2018-04-25 14:50:27,2018-08-14 07:54:20,776.0,4,3,20,597,growing,core
747c1cdcd1737dcfbd1547f6eb6f2cf3,2017-09-17 18:20:45,2018-01-27 11:28:32,193.1,2,2,218,377,dormant,core
747e73c01a4593d4cf60dcf970fd2689,2018-03-01 08:17:59,2018-04-26 10:53:16,2217.99,3,2,129,542,dormant,core
74871d19219c7d518d0090283e03c137,2018-04-05 16:56:38,2018-08-21 19:11:28,550.04,6,4,12,577,growing,core
7494d0dcba8551df6cf37f1b905dc2f7,2018-05-03 00:03:53,2018-05-03 00:03:53,45.9,1,1,123,605,dormant,long_tail
749e7cdabbaf72f16677859e27874ba5,2017-09-03 17:20:56,2017-09-03 17:20:56,41.9,1,1,364,363,dormant,long_tail
74a9b9bddf14ece02beb81f52c41a88d,2017-11-27 12:25:21,2018-02-07 20:57:16,95.0,2,2,207,448,dormant,long_tail
74bafed391319577bce6f4d2acc0589a,2017-09-16 22:28:50,2018-04-16 20:20:19,1847.0,3,3,139,377,dormant,core
74c7dec0a384d8a05950e629bd23bde9,2017-07-05 17:24:19,2017-10-01 14:46:59,187.68,5,3,336,303,dormant,core
750303a20e9c56b2a6bc45cdce0b897d,2017-09-06 21:43:47,2018-08-24 17:53:18,8085.0,54,12,9,367,established,high_value
751bdc4d83a466c7206cd42e8f426b03,2017-05-18 11:36:28,2018-07-26 12:43:57,6648.93,54,14,38,255,established,high_value
751e274377499a8503fd6243ad9c56f6,2018-08-20 22:06:10,2018-08-20 22:06:10,218.0,1,1,13,715,activated,core
75745ef7bc7d4f3ea3380f6f5303f514,2017-03-01 16:41:19,2017-04-07 09:50:35,228.4,3,2,513,177,dormant,core
7586919161935337bf6b6d7ff5779648,2017-06-30 09:06:16,2018-03-20 11:03:07,1664.71,11,6,166,298,dormant,core
75a4764c108403a7a0575140cb22287c,2017-12-12 08:14:21,2018-04-10 08:47:23,716.9,5,3,146,463,dormant,core
75d34ebb1bd0bd7dde40dd507b8169c3,2017-01-11 15:18:25,2018-02-05 13:50:59,15048.28,62,13,209,128,dormant,high_value
75fbb52eda0cbc24f479d3b2fbfa8d3e,2017-01-31 10:48:02,2018-06-16 17:34:31,1130.99,40,17,78,148,at_risk,core
75fdd0a732287f9497b179f6bd445d32,2017-09-19 00:19:17,2017-09-19 00:19:17,59.9,1,1,349,379,dormant,long_tail
761681a821d8275bc79f552116d06869,2018-04-23 19:27:59,2018-07-25 12:02:27,354.92,3,3,39,595,growing,core
762ed976527cddf02787edba70fffa2a,2017-11-24 22:46:29,2017-12-12 11:15:32,179.8,3,2,264,446,dormant,core
762fafdaa57a532ee0119731697579dd,2018-06-08 02:18:40,2018-08-11 11:01:19,206.7,5,3,22,641,growing,core
76623fde66e6b63b59440fd34160512d,2017-09-02 12:03:14,2018-01-08 15:05:57,65.4,3,3,237,362,dormant,long_tail
7681ef142fd2c19048da7430856b5588,2018-02-09 21:38:59,2018-08-22 16:21:33,31941.81,59,7,11,523,established,high_value
76833248bbc0e65a0293ec62023e4396,2017-10-06 10:22:39,2017-11-17 10:22:53,2399.98,2,2,289,396,dormant,core
768a86e36ad6aae3d03ee3c6433d61df,2018-06-19 11:51:55,2018-08-23 20:27:42,587.46,17,3,10,652,growing,core
768de2a4fc06aacecb9a586ccc30746a,2017-08-08 21:31:55,2018-05-18 10:33:52,475.59999999999997,14,7,107,338,dormant,core
76c47a299e4a8fe992316a85865acbe9,2017-06-22 11:14:21,2018-06-17 21:01:50,1024.46,6,4,77,290,at_risk,core
76d336555bb25f3165d2f0d6da719c40,2017-02-03 19:52:09,2017-02-16 12:33:56,330.0,2,1,563,151,dormant,core
76d5af76d0271110f9af36c92573f765,2016-10-04 21:35:54,2018-08-01 16:57:20,33461.6,131,21,32,30,new,high_value
76d64c4aca3a7baf218bf93ef7fa768d,2017-05-25 08:39:38,2018-08-26 13:53:04,16911.8,64,14,7,262,established,high_value
76de363de16dacc923eec8daf91df504,2017-09-22 10:58:10,2018-03-21 15:56:34,360.0,2,2,165,382,dormant,core
76ea5315acb3f5f7ade3cd261faf922a,2018-05-18 09:49:56,2018-08-19 11:28:18,1087.06,15,4,14,620,growing,core
77128dec4bec4878c37ab7d6169d6f26,2017-03-15 20:14:39,2017-03-15 20:14:39,6.5,1,1,536,191,dormant,long_tail
7722b1df1b0e383e000397b2c11e3e19,2017-01-19 13:06:45,2018-08-27 16:57:10,7094.09,134,20,6,136,established,high_value
77530e9772f57a62c906e1c21538ab82,2016-10-04 11:03:14,2018-08-25 22:41:57,46610.4,320,21,8,29,new,high_value
77714512e8d4dda9c234da8e3faf16e4,2018-07-27 09:58:16,2018-08-15 17:34:38,243.39999999999998,4,2,18,690,activated,core
777a0c55737f34ffeb78010f7542ab41,2018-06-27 09:02:19,2018-08-20 17:59:47,452.5,6,3,13,660,growing,core
778323240ce2830d68aab11794e00bfb,2018-06-25 11:31:42,2018-07-30 09:18:59,189.98000000000002,3,2,34,658,activated,core
77a515caa36327151d1cc6c32a9f00e1,2018-02-28 23:30:36,2018-08-23 15:58:16,2217.39,26,6,10,542,established,core
77dcbb67ccb3659bd58eaf5661560a30,2017-02-01 23:33:26,2017-02-14 14:28:17,984.0,2,1,565,150,dormant,core
77e4abfd739aed9c46480f90f81c0eb4,2018-01-30 17:55:06,2018-08-14 14:42:14,3736.99,18,8,19,512,established,core
77fccaae319668a8ab6cd0fd16aec48c,2018-05-13 16:45:22,2018-07-30 15:38:45,1667.0,11,2,34,615,activated,core
7813ea3ebd9411dc600b4dd01f7a97b9,2017-08-03 17:22:24,2018-06-07 12:57:35,1599.4,9,5,87,332,at_risk,core
7816cd9c5b1238e320545f5bf7eb80e8,2018-05-24 21:30:11,2018-05-24 21:30:11,489.0,1,1,101,627,dormant,core
781a66c0d89e30814d49fe8b5e14cd07,2017-11-15 12:41:09,2017-11-15 12:41:09,115.0,1,1,291,436,dormant,long_tail
782f78b632a43875dd5b53e3e49c9564,2017-06-19 16:56:09,2017-08-05 16:11:14,146.01,2,2,393,287,dormant,long_tail
784ba75dd9d20200c4caed3d7a77141a,2017-03-29 07:03:56,2018-01-24 09:34:27,8295.13,21,10,221,205,dormant,high_value
78744a20ee2f80ba64f6804c25def2b8,2017-09-10 19:53:37,2018-08-19 15:27:35,2715.0,6,5,14,370,growing,core
78813699ffac347fe27dba345a5f1551,2018-06-24 21:10:34,2018-06-24 21:10:34,152.42,1,1,70,657,at_risk,long_tail
788e857f317e53de488d393e65a80f45,2018-05-28 16:37:29,2018-08-22 11:16:54,1210.0,11,3,11,630,growing,core
788f22bafdd7ab0e1e79f19db72f16a4,2018-08-16 15:46:02,2018-08-21 22:02:04,125.80000000000001,2,1,12,710,activated,long_tail
78a4d36f65a019172c6154468831a69f,2017-10-20 00:43:54,2017-12-08 16:15:26,1545.5,7,3,268,410,dormant,core
78ba5933c21686d1c2f64669c8c459e7,2017-03-20 13:55:36,2017-05-16 10:49:26,191.8,2,2,474,196,dormant,core
78c99c6dff4eeae5be99bf635ed21e3f,2017-02-08 10:18:09,2017-08-18 11:21:40,2030.88,31,7,380,156,dormant,core
78ef7e885d17f35e2382a47aae8b8cce,2017-02-15 15:54:35,2017-07-28 10:05:46,388.0,3,3,401,163,dormant,core
7901646fdd36a55f564ffaf2dbccaaf7,2017-03-02 13:52:03,2018-08-23 00:13:49,11857.08,22,12,11,178,established,high_value
791cfcfe22fe4a771ece27f90017da92,2017-06-12 14:07:14,2017-09-25 11:11:34,596.26,2,2,342,280,dormant,core
79565f7d5603b24ddf07ade262547f2f,2017-02-07 10:07:01,2017-05-24 22:42:55,385.0,8,3,466,155,dormant,core
7957cac1a02f45d0a4a7e45626382ec2,2017-09-08 10:09:43,2017-09-08 10:09:43,343.0,1,1,359,368,dormant,core
7963e546f34e098b578f9ad102494601,2017-11-05 18:19:24,2017-11-05 18:19:24,60.99,1,1,301,426,dormant,long_tail
7994081388d55b9cf976c050653dd359,2017-02-09 14:29:29,2017-11-10 14:03:51,1020.0,2,2,296,157,dormant,core
7994b065a7ffb14e71c6312cf87b9de2,2018-06-05 20:41:45,2018-08-04 00:42:23,453.0,5,3,30,638,growing,core
79a679c36c08d606b3fd47ead9de109b,2018-03-02 12:01:02,2018-05-03 17:57:35,935.0,3,3,122,543,dormant,core
79b93a308a97792cf53ac75f46da00b5,2017-07-23 10:07:01,2017-07-23 10:07:01,99.9,1,1,406,321,dormant,long_tail
79ebd9a61bac3eaf882805ed4ecfa12a,2017-10-10 23:13:16,2018-08-18 22:51:17,15092.79,136,11,15,401,established,high_value
79ed755314cfe6df0daef2c6cd3022cd,2017-02-24 09:06:40,2018-08-08 20:06:57,3907.5,23,9,25,172,established,core
79ee721b6f766066a80264402548d359,2017-02-01 15:21:50,2017-02-13 18:32:55,538.0,2,1,566,149,dormant,core
7a073a40a9d3f1fee8bc45670ea1e909,2016-10-09 12:34:53,2016-10-09 12:34:53,95.0,1,1,693,34,dormant,long_tail
7a188843479798ca813108fa7b959286,2017-11-20 11:45:27,2017-11-20 11:45:27,149.7,1,1,286,441,dormant,long_tail
7a241947449cc45dbfda4f9d0798d9d0,2017-03-10 10:24:46,2018-08-09 17:18:57,8027.63,62,17,24,186,established,high_value
7a2d2949aea47fab95fd98d6c9f618b1,2017-02-04 23:28:25,2018-06-25 20:15:05,1638.99,11,9,69,153,at_risk,core
7a425d299613df3e613bcf9d2eaf5c49,2017-11-09 18:22:26,2018-08-01 23:12:08,1218.8,18,7,32,430,established,core
7a67c85e85bb2ce8582c35f2203ad736,2017-01-27 12:15:07,2018-08-21 01:30:48,141745.53,1160,20,13,144,established,high_value
7a704e63bb29c446869efde5d57524c8,2018-01-25 14:19:53,2018-01-25 14:19:53,94.49,1,1,220,507,dormant,long_tail
7a91bf945c6fae0779f1c61ce97fe45c,2017-07-17 00:25:55,2017-11-20 22:03:16,799.5,5,4,286,315,dormant,core
7a9c12e235c36247c3c81f50d6ea9cea,2017-03-31 23:54:45,2017-05-04 19:13:41,983.9,5,3,486,208,dormant,core
7aa4334be125fcdd2ba64b3180029f14,2017-02-28 10:08:49,2017-12-12 14:44:42,16234.81,217,11,264,176,dormant,high_value
7aa538dd6e114e503a2e6154ea352253,2018-04-23 17:55:31,2018-08-17 15:45:42,1016.6800000000001,5,3,16,595,growing,core
7ab0dd5487bab2dc835337b244f689fb,2017-04-05 17:58:30,2017-04-05 17:58:30,12.5,1,1,515,212,dormant,long_tail
7ad32824caee82087b3e2e5f33b1bf32,2018-01-26 15:36:01,2018-08-27 20:47:15,22505.1,151,8,6,508,established,high_value
7ad41305e96a6cab8294cd65891e9a86,2018-06-05 00:38:47,2018-06-12 20:54:25,180.0,2,1,82,638,at_risk,core
7adbd3210a7b3cc2235e225eef33574d,2018-06-30 21:39:57,2018-08-14 19:39:04,131.9,3,2,19,664,activated,long_tail
7ade73f1b9b4e965f9009a4c3a7e2c15,2018-04-13 14:54:22,2018-08-11 13:27:25,1880.3000000000002,27,5,22,585,growing,core
7b07b3c7487f0ea825fc6df75abd658b,2017-01-25 15:32:48,2018-08-24 10:48:37,9731.85,93,19,9,142,established,high_value
7b0df942f46435babab05d49b744b2c4,2017-02-03 10:09:40,2018-06-25 08:27:27,22600.63,32,14,70,151,at_risk,high_value
7b1222c3624aa89b9558b50a2594188c,2017-02-18 20:50:28,2018-06-26 14:07:10,10103.52,22,11,68,166,at_risk,high_value
7b3447b497e55af8c15fc7bd89d7b81a,2017-11-17 19:53:15,2017-11-17 19:53:15,49.9,1,1,289,438,dormant,long_tail
7b3f6ce5c6c22e9b96e7581ebf0df6e1,2017-12-09 19:07:28,2017-12-09 19:07:28,29.8,1,1,267,460,dormant,long_tail
7b7ed56ae755e2880f2b69632e839c1e,2018-08-07 08:05:25,2018-08-15 19:33:04,321.5,5,1,18,701,activated,core
7b7f91e98f8c6def45a1407923304402,2018-04-15 22:34:55,2018-07-22 00:22:32,417.47,11,4,43,588,growing,core
7b8e8ec35bad4b0ef7e3963650b0a87b,2018-04-02 10:44:37,2018-07-26 14:16:04,2244.2799999999997,5,3,38,574,growing,core
7b98de631987e26dd6d803490c43a13c,2018-05-22 15:14:41,2018-08-02 12:07:34,634.2,8,4,31,624,growing,core
7bac63f6603d382cc8d0832eb6c100a8,2017-11-04 09:09:12,2018-08-03 15:28:52,7751.95,19,7,30,425,established,high_value
7bb8fac2913a6064ec412e583c6d8b4d,2018-02-02 13:40:38,2018-02-02 13:40:38,109.0,1,1,212,515,dormant,long_tail
7bcd7c5f8631701474db233ccf1c094b,2017-04-14 14:28:24,2017-08-27 17:51:48,666.0,11,4,371,221,dormant,core
7c1fea10b5b006671d608b1d7c446ec4,2017-10-04 20:41:38,2018-06-13 15:39:09,423.59999999999997,14,7,81,394,at_risk,core
7c4402417d51474d4d0cda9557340e40,2017-05-08 16:31:38,2017-05-08 16:31:38,119.9,1,1,482,245,dormant,long_tail
7c4618c82226628831613e95e9c22f44,2017-12-14 10:52:55,2018-08-17 06:37:13,333.92999999999995,13,7,17,465,established,core
7c462184585ae80bd6e5774c62ce50f2,2018-05-07 12:38:04,2018-05-07 12:38:04,60.0,1,1,118,609,dormant,long_tail
7c4adcc13272c0e26fa23aac642adb7b,2018-01-28 10:24:50,2018-02-26 12:21:19,135.0,2,2,188,510,dormant,long_tail
7c51de0ab286204ce75ff42bf7c10d92,2018-07-22 10:11:35,2018-08-12 17:52:19,759.0,4,2,21,685,activated,core
7c5b05cbdb5542049f38d90d7815b97d,2018-04-28 14:32:54,2018-07-15 09:56:32,1038.96,22,4,49,600,growing,core
7c67e1448b00f6e969d365cea6b010ab,2017-01-26 22:44:11,2018-08-07 18:58:53,187923.89,982,20,26,144,established,high_value
7c9130f5f3729edd32aa059141d92484,2018-06-20 18:53:42,2018-08-23 11:30:22,126.0,3,2,10,653,activated,long_tail
7caa63f175b1cecbfaadd8b5ab9998c7,2018-01-02 17:05:06,2018-06-10 09:04:06,39.8,2,2,85,484,at_risk,long_tail
7cb946b1ad19faebe28c3e86c2794ec3,2017-11-16 21:01:25,2017-11-16 21:01:25,25.0,1,1,290,437,dormant,long_tail
7cf4ea70955b00d6b3c22542598e2715,2018-07-19 14:00:02,2018-07-19 14:00:02,189.9,1,1,45,682,activated,core
7d13fca15225358621be4086e1eb0964,2018-02-14 21:11:44,2018-08-25 13:51:01,113628.97,565,7,8,527,established,high_value
7d294cf9a6a69dc6a0c3e540fff0e039,2018-05-06 20:37:58,2018-08-01 19:42:37,257.25,5,4,32,608,growing,core
7d456afc660226829370f3173d14520c,2016-10-06 08:58:04,2018-08-21 18:47:23,8338.25,56,15,12,31,established,high_value
7d484ca289afaac6bf5fc6a1e96d2226,2018-08-05 13:27:49,2018-08-17 19:54:09,183.2,2,1,16,699,activated,core
7d76b645482be4a332374e8223836592,2017-07-27 20:53:35,2018-08-14 23:20:59,3843.93,176,14,19,325,established,core
7d7866a99a8656a42c7ff6352a433410,2018-07-03 23:18:04,2018-08-29 14:52:00,147.89,5,2,4,667,activated,long_tail
7d7d2b7a51328016102d4528c411d630,2018-04-07 18:26:07,2018-08-18 08:17:21,918.8,7,3,16,579,growing,core
7d81e74a4755b552267cd5e081563028,2018-08-20 13:31:30,2018-08-20 13:31:30,32.5,1,1,13,714,activated,long_tail
7d948535954aaf8c5d39db007f74372e,2017-07-02 18:28:14,2018-04-08 11:43:25,194.0,4,4,147,300,dormant,core
7daca0837f033a41a6f3428c18657533,2018-04-19 15:47:11,2018-06-10 14:08:05,1228.98,7,3,84,591,at_risk,core
7dc8c42cc750eeafea6c85712ffee9bf,2016-10-07 19:02:48,2018-08-28 22:30:32,6409.68,41,15,5,32,established,high_value
7dc9a3355bae96dd82008b313d3a456c,2018-06-20 07:42:30,2018-06-20 07:42:30,899.0,1,1,75,653,at_risk,core
7ddcbb64b5bc1ef36ca8c151f6ec77df,2017-07-19 08:55:10,2018-06-17 14:13:41,55578.57,334,12,77,317,at_risk,high_value
7dea6f73af847b42cc3985bd620f994d,2018-08-04 13:01:25,2018-08-24 21:42:26,324.0,2,1,9,698,activated,core
7df1fc11cc5cbc518b39faa60cf5d67c,2018-04-14 10:39:22,2018-07-24 11:46:04,1037.6,5,4,40,586,growing,core
7e1fb0a3ebfb01ffb3a7dae98bf3238d,2017-02-04 21:39:14,2018-08-23 19:57:18,27349.53,159,19,10,153,established,high_value
7e26c750b4cb9f6766f58265ff9ebe95,2017-02-03 16:10:44,2017-10-13 12:42:33,1344.3,23,9,324,151,dormant,core
7e3dde9ffba72d5340f9aaf09b4424be,2017-08-29 17:18:49,2017-08-29 17:18:49,220.0,1,1,369,358,dormant,core
7e3f87d16fb353f408d467e74fbd8014,2017-06-29 10:43:25,2018-08-26 11:59:34,4754.99,92,14,7,297,established,high_value
7e79d65b5c6f1f544b7daea036acf720,2017-06-14 14:13:14,2017-10-24 12:11:43,517.8,4,4,313,282,dormant,core
7e93a43ef30c4f03f38b393420bc753a,2016-10-08 01:28:14,2018-07-13 21:30:54,176431.87,336,20,51,33,established,high_value
7e959205cebc10adefcb331f934238a4,2017-02-10 11:11:05,2017-02-25 17:39:11,513.9000000000001,2,1,554,158,dormant,core
7ea5bfa6c340f58f8e71fc1f0412b0d6,2017-11-20 16:35:55,2018-08-11 12:01:37,11002.89,98,10,22,441,established,high_value
7ecd59e5e20407131822c1a68ac59c1f,2017-11-29 10:51:21,2018-08-03 15:30:58,1466.71,24,10,30,450,established,core
7ecef8194babfec876ca720714327841,2017-10-15 22:41:59,2018-07-20 18:38:33,990.5,7,5,44,406,growing,core
7f02656561b680def9986c0795a8a080,2017-08-18 13:19:58,2017-09-22 11:05:56,84.0,2,2,345,347,dormant,long_tail
7f152321c60a266edc53af1925ef96c1,2017-08-29 17:24:40,2018-08-02 18:04:17,3919.8,20,10,31,358,established,core
7f2617c58d5d06806987308b45654351,2017-04-12 22:14:49,2018-06-21 20:53:59,3656.8,22,11,73,220,at_risk,core
7f35f9daf223da737b78738fbae4d977,2018-06-18 05:22:00,2018-07-04 18:15:26,252.0,5,2,60,651,activated,core
7f40d06aa0b5f1aa4f41af8c0480e2ef,2018-08-09 08:17:42,2018-08-27 19:21:58,1309.94,6,1,6,703,activated,core
7f5e4d5efad7e44b91115dd1decb65f3,2018-05-07 12:46:18,2018-07-29 05:12:32,179.9,3,2,36,609,activated,core
7f7b8245c336066a1f9933c359f11d77,2018-04-11 16:00:34,2018-08-17 08:20:42,2094.36,38,5,17,583,growing,core
7fc87cc3e89b3d1d5cabdca32f8485aa,2018-05-02 12:35:31,2018-08-02 12:06:29,2153.9,14,4,31,604,growing,core
7fdb0720c8d7c9075538b365dc8c3a22,2018-04-21 11:38:28,2018-07-22 20:00:05,1804.0,9,4,42,593,growing,core
7fe21dd00d2f4943ae09525efa2fd674,2017-04-22 00:20:19,2017-08-06 14:18:45,299.6,4,3,392,229,dormant,core
7ff588a03c2aeae4fbd23f9ae64b760d,2018-06-06 08:34:53,2018-08-26 21:47:50,1182.2,14,3,7,639,growing,core
800214c63934acd05d47e84214db8ba8,2017-03-31 12:33:22,2017-05-15 08:58:47,259.6,4,3,476,207,dormant,core
80146bc52c4f6af5239b23de2a20262b,2017-02-24 13:50:32,2017-02-24 13:50:32,27.1,1,1,555,172,dormant,long_tail
804287717b9156fb7a787acd9af4fac1,2017-06-07 11:49:07,2017-06-07 11:49:07,18.8,1,1,452,275,dormant,long_tail
8060d731897e33b5c5ae575ce1e209e1,2018-05-07 10:09:40,2018-07-14 14:32:44,199.5,5,2,50,609,activated,core
808d4348b916efa08e766ebad39f61eb,2018-07-07 19:45:17,2018-08-22 10:41:47,731.1,21,2,11,670,activated,core
8090490573c6c0aa343a7231ebcb8c86,2017-09-01 22:51:39,2018-08-16 10:27:30,3871.1200000000003,26,10,17,362,established,core
809413606dbfe5deefd2db646693ef67,2017-11-05 22:41:44,2018-05-06 20:41:35,196.68,3,3,119,427,dormant,core
80ceebb4ee9b31afb6c6a916a574a1e2,2018-07-25 18:10:17,2018-07-25 18:10:17,6729.0,1,1,39,688,activated,high_value
80cfd480be3eb6d6267139f5cb793555,2017-03-10 10:34:16,2017-03-10 10:34:16,99.9,1,1,541,186,dormant,long_tail
80e6699fe29150b372a0c8a1ebf7dcc8,2016-10-10 16:00:30,2018-05-13 19:30:39,11441.56,98,18,112,35,dormant,high_value
80f2cf9abf6b5a0e5c612b5eea6646e6,2018-04-05 08:21:18,2018-07-21 23:27:59,766.08,7,3,43,577,growing,core
8132b9bd16876e1b0f8808d43825dd48,2017-05-05 18:20:43,2017-07-24 13:22:29,727.9,2,2,405,242,dormant,core
813348c996469b40f2e028d5429d3495,2017-05-01 14:48:33,2018-04-24 13:21:26,11205.83,179,12,131,238,dormant,high_value
81336a0f57a33776419727a300249e90,2017-07-19 14:08:55,2018-04-22 22:07:08,1374.8500000000001,16,9,133,317,dormant,core
8160255418d5aaa7dbdc9f4c64ebda44,2017-10-09 14:50:32,2018-08-20 10:29:03,47017.69,385,11,13,399,established,high_value
817245bcc3badd82bbd222e0366951a6,2017-11-14 22:19:50,2018-07-17 14:16:29,5580.5,29,9,47,436,established,high_value
81783131d2a97c8d44d406a4be81b5d9,2018-07-27 13:06:11,2018-08-15 10:06:15,1782.54,13,2,18,690,activated,core
817f85dbb65aa3e70831d90fe75cdf89,2016-10-03 22:44:10,2017-03-15 12:25:24,1552.27,11,4,536,29,dormant,core
8185694b58b2ba6de20fd41ae608bbea,2018-03-10 12:45:26,2018-08-11 13:09:33,1372.3,8,4,22,551,growing,core
818d28f936e791926d33bcb6ee94ef79,2017-02-09 21:19:01,2017-05-24 17:19:22,139.5,5,3,466,158,dormant,long_tail
81a1104df0f08b59c68aa5b03cfe398e,2017-05-21 13:07:26,2018-04-16 18:51:24,9420.880000000001,73,10,139,258,dormant,high_value
81ed90f07c0bacb7594940ba2ef676aa,2017-10-25 23:24:01,2017-11-11 16:51:19,223.9,2,2,295,416,dormant,core
81f89e42267213cb94da7ddc301651da,2018-08-08 12:45:12,2018-08-27 18:45:54,3955.0,46,1,6,702,activated,core
820c7c9eaf76d2b226b6c242bcf3f34d,2017-01-30 17:33:05,2017-01-30 17:33:05,559.0,1,1,580,147,dormant,core
820cc752a266cdc6c1a1e61dd4583330,2017-01-31 20:16:02,2018-04-27 13:39:47,2802.7999999999997,15,11,128,148,dormant,core
821fb029fc6e495ca4f08a35d51e53a5,2018-01-21 19:06:42,2018-08-15 19:03:09,19187.42,28,7,18,503,established,high_value
822166ed1e47908f7cfb49946d03c726,2017-05-25 00:33:44,2018-07-22 15:19:05,3714.83,69,14,42,262,established,core
822b63912576852aea9a8436d72317b7,2016-10-04 19:25:29,2017-01-24 13:02:32,4905.6900000000005,8,2,586,29,dormant,high_value
822bad9bc42b51213ba522fe87b7ab5d,2017-08-10 22:52:11,2018-06-09 10:48:27,5160.0,18,8,85,340,at_risk,high_value
827f8f69dfa529c561901c4f2e0f332f,2016-10-07 14:15:50,2018-03-19 13:16:50,3408.39,91,15,167,32,dormant,core
82921991ff5b557b045605b8bbf08d49,2018-08-05 19:41:36,2018-08-05 19:41:36,18.9,1,1,28,699,activated,long_tail
82bd0703a4aefd6b599e5bfdaed378fb,2016-10-04 23:45:54,2017-08-18 08:57:28,2692.28,21,8,381,30,dormant,core
82cb9f452fe8334df74b22d37824b431,2018-04-11 10:48:10,2018-08-01 15:01:52,838.2,14,5,32,583,growing,core
82e0a475a88cc9595229d8029273f045,2017-02-22 14:08:00,2018-01-18 02:11:56,10930.02,42,11,228,170,dormant,high_value
830379336fad8c6f3b15a4a3ddb5c66e,2018-04-21 17:34:58,2018-07-24 10:54:55,268.0,2,2,40,593,activated,core
83353a83fd769dfafa4f21a72b15e3e5,2017-04-01 17:31:42,2017-12-17 23:30:16,579.5,5,3,259,208,dormant,core
834f3294fba9f932f56edc879193f925,2017-05-10 16:57:39,2018-08-15 09:57:51,39907.5,66,12,18,247,established,high_value
834f8533b2ecb6598dd004ff3de7203a,2017-01-17 22:34:59,2018-08-20 20:13:09,4538.29,43,15,13,135,established,high_value
835f0f7810c76831d6c7d24c7a646d4d,2017-02-11 21:54:04,2018-02-13 16:23:29,5130.0,44,13,201,160,dormant,high_value
83645b1645cdee8953ee54c29ceed564,2017-03-12 12:24:51,2018-08-04 20:00:03,978.9,14,8,29,188,established,core
8378eb36b6b70c5734e83ad7b8cdc3b7,2017-12-20 10:19:57,2018-07-02 21:10:53,1714.8,7,5,62,471,at_risk,core
83a75eea11694e36e56dd0cb2240229a,2018-02-25 20:10:26,2018-04-18 13:43:52,487.0,3,3,137,538,dormant,core
83b08de96980757220871b31bf6cffca,2017-10-13 15:52:21,2018-05-07 10:08:06,1304.17,5,4,118,403,dormant,core
83c465a786b06574376909b35ef6752a,2018-06-25 20:24:55,2018-08-16 18:56:19,281.4,3,3,17,658,growing,core
83c8aafbefb034674a70de0eac5b8954,2018-03-28 21:35:46,2018-07-10 10:30:04,134.9,2,2,54,570,activated,long_tail
83d458c0d6d4f94295d63f091460bd60,2017-03-06 19:54:12,2017-03-06 19:54:12,89.9,1,1,545,182,dormant,long_tail
83d7070a0b9a8b4625fa8682b819fabb,2018-03-23 17:02:33,2018-04-02 18:20:00,694.77,2,2,153,564,dormant,core
83deb69e889cf80f82be1dc6d5f2d486,2017-07-17 22:19:33,2018-08-12 18:45:22,5363.01,40,14,21,316,established,high_value
83e197e95a1bbabc8c75e883ed016c47,2016-10-09 10:34:58,2018-02-27 19:17:20,6693.6900000000005,47,13,187,34,dormant,high_value
83f2b4881141ce3fcd4e985125d3279e,2018-01-24 08:45:48,2018-03-18 14:49:40,60.7,3,2,168,506,dormant,long_tail
8444e55c1f13cd5c179851e5ca5ebd00,2017-03-13 23:13:57,2018-07-05 17:01:31,22873.21,99,17,59,190,established,high_value
845e8036c3f7bf62099352f5ed910240,2018-05-25 22:07:54,2018-08-24 16:35:15,1584.6000000000001,21,4,9,628,growing,core
8476243f92442881ddd5b578975cf115,2018-03-14 10:12:48,2018-08-14 17:50:05,7838.0,12,5,19,555,growing,high_value
84c945f15571830c1a91a33978e94009,2017-03-20 23:42:55,2017-05-14 08:39:56,51.98,2,2,477,197,dormant,long_tail
84deb808079d1be601c209c1e771b1cc,2017-09-05 11:07:37,2017-11-27 21:29:49,34.93,2,2,279,365,dormant,long_tail
8501d82f68d23148b6d78bb7c4a42037,2017-03-11 19:51:36,2017-03-11 19:51:36,19.7,1,1,540,187,dormant,long_tail
85044848b1b767db2a4a58526adef4b4,2018-04-07 19:30:17,2018-07-13 14:02:37,240.60000000000002,4,4,51,579,growing,core
850857dfac77488c307e2b1cbd84ab5a,2018-06-12 21:05:40,2018-06-12 21:05:40,1599.0,1,1,82,645,at_risk,core
850913d59ce317156b00f3705f1c3edb,2018-03-07 12:24:36,2018-07-27 16:20:49,2690.0,32,5,37,548,growing,core
850f4f8af5ea87287ac68de36e29107f,2017-04-10 23:29:46,2018-06-27 11:10:11,45355.36,187,15,67,218,at_risk,high_value
851773c885feb5e2da3b4f82bc2b17ce,2018-02-08 13:55:48,2018-08-26 13:33:43,585.3,10,5,7,521,growing,core
855668e0971d4dfd7bef1b6a4133b41b,2017-05-02 13:41:42,2018-08-26 11:01:05,32208.16,312,16,7,239,established,high_value
8581055ce74af1daba164fdbd55a40de,2017-01-18 17:44:05,2018-04-18 20:55:32,64925.3,387,16,137,135,dormant,high_value
85cc55e048b6bcc90c75afe7f0e72f72,2018-05-07 00:06:34,2018-07-25 21:36:32,308.28,9,3,39,609,growing,core
85d9eb9ddc5d00ca9336a2219c97bb13,2016-10-06 09:07:52,2018-08-19 22:46:19,15415.24,509,21,14,31,established,high_value
85e7c62c1d6ea078c3897424f867a7c8,2017-12-27 19:48:04,2018-01-17 16:46:29,60.0,2,2,228,478,dormant,long_tail
85ecf03781da592876b7844acc1b729f,2018-07-18 15:14:15,2018-08-04 22:12:46,251.0,2,2,29,681,activated,core
8602a61d680a10a82cceeeda0d99ea3d,2017-08-04 16:41:25,2018-08-02 16:31:11,826.99,17,11,31,333,established,core
8603f0038fe0e52fedd3382d266723de,2017-04-24 17:42:25,2018-01-24 17:02:52,2355.0,10,6,221,231,dormant,core
8629a7efec1aab257e58cda559f03ba7,2018-02-16 13:56:54,2018-02-16 13:56:54,45.22,1,1,198,529,dormant,long_tail
8629c241b3622ac12cd4118afdc8d394,2018-03-19 16:11:16,2018-07-10 17:45:13,1167.66,13,5,54,560,growing,core
863d2ebcd347ce4922de7a0f9a5581d6,2017-07-04 17:45:29,2018-08-13 14:51:14,1382.36,18,9,20,302,established,core
8648b1e89e9b349e32d3741b30ec737e,2017-09-28 08:26:10,2018-08-26 21:18:34,7442.55,95,12,7,388,established,high_value
86649b1632b1c0e6c0bcb2c90a8b75d8,2017-08-25 19:10:57,2017-08-25 19:10:57,59.99,1,1,373,354,dormant,long_tail
866558b3bccef2dbc6d29a2b5995016f,2017-10-22 14:36:12,2018-07-20 17:57:36,1519.3999999999999,5,4,44,412,growing,core
86bb7c4b535e49a541baf3266b1c95b1,2016-10-04 13:45:08,2018-02-05 12:56:57,8162.4,16,7,209,29,dormant,high_value
86bf77bdb52e615674772d5817c6212f,2018-04-24 18:39:22,2018-07-31 21:12:24,281.8,4,2,33,596,activated,core
86ccac0b835037332a596a33b6949ee1,2017-03-22 17:23:19,2018-07-30 16:32:00,16619.93,180,17,34,198,established,high_value
86ff3eaef0267069cc891a2ed9d10a17,2018-04-17 15:19:13,2018-07-08 21:08:26,409.75,7,4,56,589,growing,core
870d0118f7a9d85960f29ad89d5d989a,2017-04-08 20:38:00,2018-08-27 09:19:09,3157.2,45,16,6,215,established,core
87142160b41353c4e5fca2360caf6f92,2017-02-03 16:25:13,2018-08-21 21:53:58,31095.98,305,19,12,151,established,high_value
8759e7aedd644f487315e5860962f162,2017-11-28 14:16:21,2017-12-27 17:50:31,627.0,3,2,249,449,dormant,core
876182d1918783bbe15233febfbd4926,2017-05-15 13:51:50,2018-02-27 22:26:24,120.27,3,2,187,252,dormant,long_tail
87b4428a334b8f676fd9a7f3bf544fb5,2018-08-13 19:22:29,2018-08-13 19:22:29,29.99,1,1,20,707,activated,long_tail
87b740daf17b5d1be335a64164ec6842,2016-10-06 13:24:15,2018-03-15 15:58:43,14699.87,13,9,171,31,dormant,high_value
87d30a6a0cbf89356e49324971ab1d24,2017-12-21 13:48:26,2018-06-20 20:25:37,2134.13,17,7,74,472,at_risk,core
87d3c3aeb3ead335511b3ce315eb341e,2018-06-13 14:35:29,2018-08-17 07:44:54,749.3499999999999,15,3,17,646,growing,core
87d73636a3acf123e842bb890a4db036,2018-07-25 15:17:58,2018-07-25 15:17:58,269.9,1,1,39,688,activated,core
87e24fc7052259b1f7f607d61c10d8be,2018-05-15 13:18:27,2018-08-14 11:15:33,7473.49,8,4,19,617,growing,high_value
87f3e35268860433e13d577825aada95,2016-10-05 20:20:59,2017-06-15 22:25:11,161.7,3,3,444,30,dormant,core
880ce4951cf857ab1d9e0b75c1d856f4,2018-02-13 21:06:34,2018-02-13 21:06:34,178.9,1,1,201,526,dormant,core
880eda903e719a5f179f7e9fceb3a69d,2018-08-07 14:27:32,2018-08-07 14:27:32,249.0,1,1,26,701,activated,core
883dd81e82754ac2c65e9790a7db8c9a,2017-10-23 19:51:15,2018-06-23 19:04:41,319.5,5,5,71,413,at_risk,core
88460e8ebdecbfecb5f9601833981930,2017-11-21 12:32:07,2018-08-17 07:01:01,31546.550000000003,248,9,17,442,established,high_value
888faa8bfb0b159c37de6d898b961c31,2017-08-07 14:10:09,2018-08-22 09:20:10,2418.2999999999997,19,6,11,336,established,core
889009a0ed0bb52c87819941192931b8,2017-06-01 11:59:38,2017-06-01 11:59:38,89.9,1,1,458,269,dormant,long_tail
88ae906ea2acf6971f26c3e8b7cb4357,2018-04-27 14:42:36,2018-05-11 14:39:15,246.0,3,2,114,599,dormant,core
88af55b4a7ca402b27df16f7c7c9b5d2,2017-03-30 15:23:23,2017-03-30 15:23:23,130.0,1,1,521,206,dormant,long_tail
88cd3681e0a2ba85e190f7d817629c4c,2018-08-15 21:09:19,2018-08-15 21:09:19,180.0,1,1,18,709,activated,core
88cf19ec1fc2c58f161aee259d57142c,2018-05-20 17:16:24,2018-08-20 18:44:49,1372.97,14,3,13,622,growing,core
88ef59b51bdaa941d10a853429f2b6ce,2018-07-04 14:05:12,2018-08-18 20:16:45,252.9,2,2,15,667,activated,core
891071be6ba827b591264c90c2ae8a63,2017-01-24 21:16:24,2018-08-23 11:37:30,4177.28,92,14,10,142,established,core
8931a84a914b3fe9b1ddaa4d704947ca,2017-03-29 02:00:08,2018-07-19 22:57:19,4668.3,29,15,45,205,established,high_value
8936ba0de1073ee888cb3185ae5dc661,2017-04-05 08:53:24,2017-04-05 08:53:24,389.99,1,1,516,212,dormant,core
897060da8b9a21f655304d50fd935913,2016-10-04 13:02:10,2018-06-14 15:22:53,23023.92,317,17,80,29,at_risk,high_value
89757206b887aed36f3e18d858460fea,2018-05-03 11:45:49,2018-07-04 21:45:50,120.5,2,2,60,605,activated,long_tail
89a51f50b8095ea78d5768f34c13a76f,2018-04-24 15:34:42,2018-07-31 20:54:09,677.16,10,4,33,596,growing,core
89ad3263c0931c47f976d7c5778e60f6,2018-06-25 10:02:54,2018-07-28 14:44:16,568.2,6,2,36,658,activated,core
89bc797e2e29667aa035d4368f9b7f92,2016-10-05 13:12:43,2017-04-10 16:11:37,407.3,17,4,510,30,dormant,core
89c127985a8b130cfa45c1d36764017a,2017-06-30 10:13:23,2018-02-11 20:30:24,1419.5700000000002,7,6,203,298,dormant,core
89d9a386b0b6e5fc8403071b03f7206a,2018-02-10 12:07:53,2018-02-12 22:38:55,167.0,2,1,202,523,dormant,core
89dda63a3c907c468ec88c310ed91213,2018-04-08 09:41:45,2018-04-11 10:45:26,734.99,2,1,144,580,dormant,core
89de2d6f23e9746ff309705b23581faa,2018-07-16 18:40:53,2018-08-03 17:53:36,340.0,8,2,30,679,activated,core
89f69225956f951295ca4c7fb1266553,2018-05-13 21:20:26,2018-08-14 00:04:22,1041.3,11,4,20,616,growing,core
8a130737016f838139d31878787a39c9,2017-12-07 10:53:40,2018-07-20 21:57:45,4222.03,56,8,44,458,established,core
8a1ff5c35f6595a73fef4c7b96e4908a,2018-06-09 11:41:45,2018-08-01 11:56:01,1598.0,2,2,32,642,activated,core
8a207b6080964f3c1fc9d35bd6096ba4,2017-09-20 11:20:55,2017-11-03 11:10:16,553.7,2,2,303,380,dormant,core
8a2d12a90e92f012ce5226fc6592b653,2017-12-23 13:03:06,2018-08-24 00:01:48,1594.6499999999999,18,9,10,474,established,core
8a32e327fe2c1b3511609d81aaf9f042,2016-10-07 22:51:32,2018-02-23 11:16:55,6429.01,132,14,191,33,dormant,high_value
8a40ae794fa3f9892cee24bd5af0488b,2017-06-12 22:07:23,2018-06-19 14:04:13,739.85,6,5,75,281,at_risk,core
8a43128d7f9a3db592b866e6861a6cce,2018-06-25 20:37:05,2018-08-23 09:57:21,990.5999999999999,3,2,10,658,activated,core
8a432f4e5b471f8da497d7dc517666e2,2018-04-05 11:05:44,2018-08-28 11:16:37,7555.0,95,5,5,577,growing,high_value
8a87611c08849ffeeccab52aa798b6c7,2017-01-26 23:48:56,2017-03-04 20:05:28,2369.8,13,3,547,144,dormant,core
8a8835a43bda99fd37310ad76c457510,2018-07-16 18:39:09,2018-08-02 18:50:07,224.34,2,2,31,679,activated,core
8a9260f2b0340411d6d2a56bcf4f7378,2018-02-17 02:10:19,2018-08-17 13:48:52,1256.0,8,4,16,530,growing,core
8ab42aa58097fd4668d60cc648225d5f,2017-10-11 09:18:23,2018-08-03 12:58:11,2616.75,20,10,30,401,established,core
8ae520247981aa06bc94abddf5f46d34,2017-11-01 22:26:06,2018-08-20 22:45:38,16320.99,65,10,13,423,established,high_value
8b11118053756a9a2932f447e11fc1b5,2016-10-06 22:34:03,2016-10-06 22:34:03,79.99,1,1,696,32,dormant,long_tail
8b181ee5518df84f18f4e1a43fe07923,2018-05-30 09:21:06,2018-05-30 09:21:06,27.9,1,1,95,632,dormant,long_tail
8b2492b7ff4468839593fafeed55bad9,2017-08-29 08:50:49,2018-07-30 09:08:42,3660.08,29,12,34,358,established,core
8b28d096634035667e8263d57ba3368c,2017-02-28 14:56:37,2018-07-19 17:43:55,9375.7,143,18,45,176,established,high_value
8b2d4ab22f42c5cfc338b846decfda60,2018-03-28 00:32:25,2018-08-20 00:11:37,458.0,6,5,14,569,growing,core
8b321bb669392f5163d04c59e235e066,2017-10-27 15:34:03,2018-08-21 16:45:44,17535.69,943,11,12,417,established,high_value
8b655f0855926bcb49f5835d38dfddf6,2018-05-13 12:51:15,2018-08-17 10:55:49,1089.5,5,3,16,615,growing,core
8b87cd0d43d49b9bdf40f56229364d59,2017-10-10 00:45:51,2017-12-04 17:22:25,1552.9,5,3,272,400,dormant,core
8b8cfc8305aa441e4239358c9f6f2485,2017-01-29 21:40:02,2018-04-11 10:48:14,11892.0,15,10,144,147,dormant,high_value
8b9d6eec4a7eb7d0f9d579ce0b38324d,2018-05-13 23:56:22,2018-08-20 16:50:24,4232.54,49,4,13,616,growing,core
8bb48dc19fccaa8613b6229bf7f452a2,2017-10-17 22:02:00,2018-07-23 14:45:41,4190.72,82,10,41,408,established,core
8bd0e3abda539b9479c4b44a691be1ec,2017-05-29 19:02:29,2018-01-06 23:02:42,596.55,7,7,239,266,dormant,core
8bd0f31cf0a614c658f6763bd02dea69,2017-01-18 10:55:55,2018-08-16 20:32:56,4455.34,33,13,17,135,established,core
8bdd8e3fd58bafa48af76b2c5fd71974,2018-01-12 20:53:30,2018-08-05 14:50:57,2324.82,11,5,28,494,growing,core
8c0de775f52fe41590b376a3b7c50f68,2018-03-15 22:24:24,2018-07-03 15:02:54,672.7,9,4,61,557,at_risk,core
8c16d1f32a54d92897cc437244442e1b,2016-10-05 08:01:47,2018-08-24 11:44:39,5642.6,108,18,9,30,new,high_value
8c351ed7c326c62123318f4f3246e906,2017-12-27 09:08:17,2018-08-18 23:03:24,114.9,2,2,15,478,activated,long_tail
8c3b533c63cca56240f94f1e3a6b18ef,2017-02-05 18:47:44,2017-08-06 20:49:26,3312.16,5,4,392,153,dormant,core
8c5e007d7bd5693fa1386ffefbc99f6c,2018-06-05 16:09:34,2018-08-19 20:45:58,1029.11,9,3,14,638,growing,core
8c91bfea4263b8fba54081460693e2a1,2017-02-05 21:37:59,2017-02-20 16:53:03,739.0,2,1,559,154,dormant,core
8c9348f33ae3dada25c99c99ade2af78,2018-06-19 11:34:27,2018-07-26 20:18:26,312.99,2,2,38,652,activated,core
8ca1551acf9832a4cf467bbbac15851f,2018-02-27 12:04:55,2018-08-15 17:18:49,2176.4,11,5,18,540,growing,core
8ca5b19e0263150d2c57afdde2b3d011,2017-10-26 12:58:12,2017-11-23 11:03:54,180.60000000000002,3,2,283,416,dormant,core
8cb7c5ddf41f4d506eba76e9a4702a25,2018-02-07 22:52:02,2018-04-20 11:20:41,138.0,2,2,135,521,dormant,long_tail
8cbac7e12637ed9cffa18c7875207478,2017-01-26 14:29:25,2018-08-27 18:25:28,2990.98,67,18,6,143,established,core
8cc6a0e5738e61a87b03c78b2ba9db4b,2017-02-02 12:25:09,2017-04-28 15:54:22,13312.4,24,3,492,150,dormant,high_value
8ccf3cf69651cc1d8a02c8bfaf3b8568,2017-04-22 20:02:16,2017-05-11 18:33:36,250.0,2,2,479,229,dormant,core
8cf21434553b02cbd37c0bbd07e041b0,2017-11-24 15:16:27,2018-03-15 14:49:50,94.98,2,2,171,445,dormant,long_tail
8d46553a36e68f95350a200c12f8f2e2,2017-08-19 10:08:37,2018-03-15 17:34:36,746.6,13,4,171,348,dormant,core
8d79c8a04e42d722a75097ce5cbcf2ef,2017-01-27 22:02:29,2018-03-15 10:37:39,2777.7200000000003,27,11,171,145,dormant,core
8d899e15a5925f097cca50faa49b15e3,2018-05-28 11:02:23,2018-08-17 12:58:36,645.0,4,3,16,630,growing,core
8d92f3ea807b89465643c219455e7369,2017-01-25 16:38:10,2017-02-26 05:12:17,121.2,3,2,554,142,dormant,long_tail
8d956fec2e4337affcb520f56fd8cbfd,2017-10-12 09:04:48,2018-08-26 18:03:59,11015.19,211,11,7,402,established,high_value
8daab2245ebdc277c51098d01c5ad8ef,2018-04-04 22:25:36,2018-08-22 13:49:40,1604.59,16,5,11,577,growing,core
8dd386be0767c330276ea6a3f96532d3,2018-08-10 21:14:35,2018-08-10 21:14:35,89.98,1,1,23,704,activated,long_tail
8de8fe3af4449ed695d2434c933ed73e,2018-08-04 15:52:54,2018-08-04 15:52:54,2090.0,1,1,29,698,activated,core
8def3db7f272735afb2ecd03aeca09a7,2018-07-30 08:36:51,2018-08-06 19:11:34,196.0,2,2,27,693,activated,core
8dfbc5ff27df12f6cef751d3b9554222,2018-05-15 11:48:56,2018-08-15 19:46:26,226.0,4,3,18,617,growing,core
8e29d051f810eb22959ede205b462b9f,2018-06-10 14:03:38,2018-06-19 13:38:23,599.8,2,1,75,643,at_risk,core
8e2b3afb420011ef0c88c9d5f11ea526,2017-11-13 22:31:33,2018-01-29 21:49:38,1384.5,11,2,216,435,dormant,core
8e34331b7eedd03be4e5d965c1956225,2018-01-22 11:43:20,2018-07-05 14:24:57,145.0,5,3,59,504,growing,long_tail
8e4f041ff58e7845456d3482524014b3,2018-02-06 16:04:20,2018-03-03 19:36:34,133.8,2,2,183,519,dormant,long_tail
8e670472e453ba34a379331513d6aab1,2017-09-06 17:07:29,2017-09-06 17:07:29,975.0,1,1,361,366,dormant,core
8e6cc767478edae941d9bd9eb778d77a,2017-01-29 19:08:00,2018-06-19 22:39:33,6830.58,106,14,75,146,at_risk,high_value
8e6d7754bc7e0f22c96d255ebda59eba,2017-12-30 16:52:49,2018-08-26 04:52:35,14497.27,85,5,8,481,growing,high_value
8e8a7ce9f2f970dc00e2acf6f6e199f6,2017-11-30 16:02:21,2018-08-21 08:16:01,9101.0,65,10,13,451,established,high_value
8ea394aed8138685abe1eb9f25e1021d,2017-12-30 10:29:21,2018-06-07 11:31:23,1340.0,2,2,87,481,at_risk,core
8eb88b0acb3f90a717ad659221471fa7,2017-09-19 09:59:54,2018-02-04 17:52:21,119.8,2,2,210,379,dormant,long_tail
8ec76bb0965af3f007692b26fa9d6623,2017-11-17 15:31:37,2017-11-17 15:31:37,1999.0,1,1,289,438,dormant,core
8ed8ea9a57c862f2c18c2fe41f601d56,2018-04-11 11:48:05,2018-06-10 14:06:01,3831.9,19,3,84,583,at_risk,core
8f0fbe2cd4d472157dc1cdef6edecaa9,2017-07-14 09:21:51,2017-09-11 22:51:42,71.88,2,2,356,312,dormant,long_tail
8f119a0aee85c0c8fc534629734e94fd,2017-01-05 19:52:28,2018-08-10 21:02:26,3733.68,77,18,23,122,established,core
8f2b51a30523cdecddc2f179f351c7d6,2017-04-13 16:53:02,2017-07-01 18:50:04,1027.9,7,4,428,220,dormant,core
8f2ce03f928b567e3d56181ae20ae952,2017-04-30 19:04:30,2018-08-24 17:54:37,21712.9,153,16,9,237,established,high_value
8f54d64f28a993550aa7943f12572959,2017-11-10 20:15:35,2018-08-15 19:05:50,2755.5,15,9,18,431,established,core
8f580d36c1e9d6fbce95283403c7d447,2017-12-18 09:12:41,2018-08-14 16:04:40,4813.25,8,6,19,469,growing,high_value
8f78f0903005064036736c7173a5c2ed,2017-04-12 11:35:01,2018-07-29 22:38:20,2113.7000000000003,13,10,35,219,established,core
8fb67a334bacec338885b4e9e1708073,2018-07-15 12:57:04,2018-07-15 12:57:04,59.9,1,1,49,678,activated,long_tail
8fb791022c1fc8909664f48ab7dc636d,2018-07-04 13:44:57,2018-07-22 16:56:59,8119.95,5,1,42,667,activated,high_value
8fbd63429be6d3e5e6d1a709b6464802,2018-04-18 00:27:01,2018-06-28 09:17:04,1061.4,6,3,66,590,at_risk,core
8fbe2ee446b97e128471be4ce983dc0d,2018-06-19 14:01:34,2018-08-01 12:52:42,148.5,3,3,32,652,growing,long_tail
8fd3b4468f6425810648177996c14cbd,2018-06-13 11:33:32,2018-06-13 11:33:32,354.9,1,1,81,646,at_risk,core
8fdca8e349553f99bc738833a62c8802,2016-10-06 12:51:54,2017-08-09 10:26:30,989.34,22,8,389,31,dormant,core
8fe8786ee000001ab51d030dfd4a7bf1,2017-11-20 20:34:03,2018-06-22 21:16:19,2255.0,5,4,72,441,at_risk,core
8fec2e460530482132c436cfb5439925,2018-01-29 17:16:45,2018-02-22 09:54:40,468.46,3,2,192,511,dormant,core
8ff1a9df749e454105c55cda13e79143,2017-11-06 23:31:37,2018-06-22 16:18:40,1400.6000000000001,13,6,72,428,at_risk,core
8ff38bc3969e67c36c48343a07090f66,2017-08-01 09:24:06,2017-09-29 13:19:51,3472.0,2,2,338,330,dormant,core
8fff28c4263ddec387f28d237fb42773,2017-02-25 10:11:17,2018-08-21 08:23:49,339.4,4,2,13,173,activated,core
900ba814c251a692506d7834c1218441,2017-07-04 13:25:07,2018-08-25 18:52:49,29099.690000000002,88,14,8,302,established,high_value
901b460cdce0c64e471230d7f2f9f3a3,2017-10-18 20:37:23,2018-07-15 07:05:30,1904.0,5,4,50,408,growing,core
902c99f1ac505c0d18778b61bcd636f7,2018-07-18 20:38:18,2018-08-10 16:55:53,157.96,4,2,23,681,activated,long_tail
903037660cf848a717166eb7a06d616e,2017-01-23 21:38:10,2018-08-13 17:23:09,7991.51,45,16,20,141,established,high_value
90b36c5aeb728d5504a39f435bef0c5f,2018-07-11 10:34:33,2018-08-02 14:29:13,207.85999999999999,5,2,31,674,activated,core
90b57083da5d803237da74daec6dcb2b,2018-01-28 01:08:44,2018-04-16 16:44:16,206.9,2,2,139,510,dormant,core
90d4125885ab6c86e8820a722be71974,2018-04-13 05:18:38,2018-04-13 10:52:21,1299.5500000000002,3,1,142,585,dormant,core
910a922b426b7ff95eaee129ad6c0e1f,2018-04-04 12:36:36,2018-04-11 21:06:07,119.8,2,1,144,576,dormant,long_tail
913fd0ebba70bb919f7254a02239173c,2018-07-25 06:18:20,2018-07-25 06:18:20,159.9,1,1,40,688,activated,core
9140bd1d9de28b197dce077bdd687438,2018-05-21 21:49:55,2018-08-10 10:10:06,1258.87,6,4,23,624,growing,core
9140ef75cc8211c4035935e80e567204,2018-08-01 18:58:49,2018-08-01 18:58:49,49.9,1,1,32,695,activated,long_tail
91543f9849d68d023e17194926598543,2017-08-04 19:02:19,2018-02-22 17:20:48,834.0,4,3,192,333,dormant,core
916748bc99315c2d202898ae58b1617e,2017-02-12 22:05:47,2017-11-25 14:37:15,369.40000000000003,25,10,281,161,dormant,core
916c9de0b5ad957346eeeb12f332687e,2017-06-23 12:52:21,2018-07-25 10:31:43,5480.25,23,10,39,291,established,high_value
918717417d88a9f9ae9735567e6c7682,2017-12-19 11:55:26,2018-02-27 22:08:50,345.70000000000005,4,3,187,470,dormant,core
918f6fbcf3ab724d805867303e593a1b,2017-02-20 21:44:03,2017-03-02 01:21:42,79.69999999999999,2,2,550,169,dormant,long_tail
9198786624eaeb375793215cad26cfa6,2017-02-02 19:59:34,2018-04-23 20:25:37,908.3000000000001,9,4,132,150,dormant,core
91f0eec23d4a61d7d7caeefa3f0ad1ca,2017-02-08 13:05:17,2018-07-27 15:46:55,2190.8,11,7,37,156,established,core
91f5779a8731baca4809fdeade81803f,2017-11-14 18:14:55,2018-04-09 21:48:58,1971.46,6,4,146,435,dormant,core
91f848e9f4be368f4318775aac733370,2017-02-22 09:19:58,2017-08-01 22:24:02,5932.599999999999,63,7,397,170,dormant,high_value
9200e6ce317b67196b6b0bad4d4bd567,2017-03-25 10:31:25,2017-03-25 10:31:25,36.9,1,1,526,201,dormant,long_tail
921323538c9f1c4e816f2720eac02bea,2017-11-25 02:08:25,2018-08-07 23:50:47,1401.84,15,6,26,446,established,core
9261d76c62caaf0b24677c2ceb7f8f20,2018-07-05 09:49:54,2018-08-20 23:41:45,968.7,6,2,13,668,activated,core
92992bec39dde5766f590d3b1f46d465,2018-04-29 10:04:24,2018-04-29 10:04:24,109.0,1,1,126,601,dormant,long_tail
929f342384a6607afe143d789ade1316,2018-06-20 19:25:54,2018-08-06 15:51:24,209.4,4,3,27,653,growing,core
92c8bc6e8f925792247656fed09aad65,2017-08-30 17:50:54,2017-10-21 17:39:23,259.7,3,3,316,359,dormant,core
92d14edfb62ee5ae7fdff70b0f4e7233,2017-09-11 16:51:05,2018-04-04 22:19:10,322.0,8,6,151,371,dormant,core
92eb0f42c21942b6552362b9b114707d,2017-02-05 18:47:13,2018-08-22 15:57:59,6548.63,341,17,11,153,established,high_value
9315e491484b1b0081ca166fc164108d,2018-07-06 14:41:04,2018-07-06 14:41:04,29.99,1,1,58,669,activated,long_tail
933446e9a59dece7ae9175103820ca8f,2017-01-24 15:37:05,2017-02-22 09:59:09,381.39,2,2,557,141,dormant,core
934ed5cd1b9c1c7382d0a94a94b9e639,2017-02-11 13:15:40,2017-02-11 13:15:40,125.85,1,1,568,159,dormant,long_tail
939e6227d6964a11a70aa91243e418f2,2018-08-15 00:46:23,2018-08-25 20:26:07,425.0,4,1,8,709,activated,core
939f6e231201f26803cb5c3a3d2940b3,2016-10-04 13:11:29,2016-10-06 20:15:20,130.6,3,1,696,29,dormant,long_tail
93b9a99027bd8bd6af682aff18dd19bf,2017-01-26 21:58:53,2018-08-05 06:31:51,1953.0,20,14,29,144,established,core
93bef6edaa84956e8e575016449b6351,2017-07-28 21:49:59,2017-07-28 21:49:59,115.0,1,1,401,327,dormant,long_tail
93dc87703c046b603023e75222018b45,2017-11-08 16:32:33,2018-07-28 07:54:14,8517.35,35,9,37,429,established,high_value
94144541854e298c2d976cb893b81343,2017-02-23 22:06:24,2018-02-06 09:17:35,17286.28,68,13,208,172,dormant,high_value
941554c5757b73ba0e50aa7732310afc,2017-03-05 20:17:09,2017-05-31 17:23:00,107.69,3,3,459,181,dormant,long_tail
94165aea8a35c3c21499cbcae239b16c,2018-06-07 18:01:09,2018-06-07 18:01:09,180.0,1,1,87,640,at_risk,core
94231344608e603693b0a8891143f65d,2018-05-19 15:07:25,2018-08-07 16:58:43,722.0,3,3,26,621,growing,core
9449f25aeaf531019b76999ea49a6949,2017-06-08 22:00:07,2018-04-18 09:23:18,2046.45,10,5,137,277,dormant,core
9485a23c0430ba1d58d359391606fce6,2017-03-21 13:50:46,2017-12-28 11:05:22,1129.9,5,4,248,197,dormant,core
94b9108d4b637ba65bb4f1e53cfcf8d8,2017-09-02 16:05:34,2018-08-03 10:56:56,234.95999999999998,7,6,30,362,growing,core
94c49f20a123aeb9360dbf80ff912bf6,2017-05-22 11:12:38,2017-06-05 16:01:12,277.75,3,2,454,259,dormant,core
94ca168e8bcb407ab85c5da308863027,2017-11-21 21:11:07,2018-08-24 18:37:17,224.3,5,4,9,442,growing,core
94d76e96eedd976258cd3278ce56d5f2,2018-05-09 11:41:46,2018-05-09 11:41:46,385.61,1,1,116,611,dormant,core
94e93ce877be27a515118dbfd2c2be41,2017-04-16 19:32:11,2017-09-13 09:21:17,5674.57,30,6,354,223,dormant,high_value
951e8cef368f09bb3f3d03c00ca4702c,2018-04-16 17:55:25,2018-08-21 18:24:35,4092.29,64,5,12,588,growing,core
9523fb39dd240aa958e040f8183d64f3,2018-08-06 22:00:02,2018-08-06 22:00:02,146.99,1,1,27,701,activated,long_tail
9535a841eecebed61a9fb1ac1cbb5597,2017-01-26 16:25:36,2017-02-10 10:34:36,784.9,2,2,569,143,dormant,core
9539213aa8e023c01937bef95dc006da,2017-11-29 18:10:01,2018-03-11 22:52:36,229.1,9,4,175,450,dormant,core
954e95f20808d7e5d11f0de292d078e0,2017-09-09 12:49:12,2017-11-26 19:11:30,158.78,3,2,280,369,dormant,long_tail
9558aa23f77a9e0a0eca83540999f43b,2017-05-02 11:31:55,2017-05-22 13:41:03,125.7,2,1,468,239,dormant,long_tail
955fee9216a65b617aa5c0531780ce60,2017-07-24 11:33:53,2018-08-28 20:49:17,135171.7,1287,14,5,322,established,high_value
9591fc341b1bfb7ef561e2968ec6e011,2017-09-20 16:30:26,2017-09-20 16:30:26,79.9,1,1,347,380,dormant,long_tail
9596c870880d900012f2e8e6e30d06d7,2017-04-20 13:47:11,2018-08-06 13:05:58,8606.25,22,11,27,227,established,high_value
9599519be538b98748162a2b48248960,2018-04-08 07:57:38,2018-04-08 07:57:38,570.0,1,1,148,580,dormant,core
95b293867b5862941c9cd74f756a3c68,2017-11-27 11:34:56,2018-02-22 09:55:25,648.1,9,3,192,448,dormant,core
95cca791657aabeff15a07eb152d7841,2018-06-30 23:22:38,2018-06-30 23:22:38,9.99,1,1,64,664,at_risk,long_tail
95e03ca3d4146e4011985981aeb959b9,2017-05-14 12:47:08,2018-08-15 08:44:39,11009.960000000001,175,16,19,251,established,high_value
95ec4458365c4d11f452ccf538377619,2018-01-16 13:33:04,2018-08-20 09:18:49,1866.76,27,7,13,498,established,core
95f83f51203c626648c875dd41874c7f,2017-11-24 14:22:48,2018-08-20 17:06:21,3217.46,52,10,13,445,established,core
960945e1a9535cbc0cd6ddd35fbe7ae8,2018-05-07 18:29:38,2018-08-26 10:08:49,3381.73,28,4,7,609,growing,core
9616352088dcf83a7c06637f4ebf1c80,2017-02-27 18:30:11,2018-08-22 11:44:50,5703.0,92,13,11,175,established,high_value
961dff0a659b4561334372337dd897d9,2017-04-01 15:44:55,2017-08-16 21:32:48,9946.0,4,3,382,208,dormant,high_value
9646c3513289980f17226a2fc4720dbd,2017-01-25 18:04:52,2018-08-04 14:29:27,3039.2999999999997,71,19,29,142,established,core
96493fab2fbb13a14d0c0e8772eef5c3,2017-02-08 13:14:41,2018-06-05 10:22:28,18969.0,63,16,89,156,at_risk,high_value
964ff64dc05b13811c6d0f41e0aa5f6b,2018-07-18 22:43:29,2018-07-18 22:43:29,180.0,1,1,46,682,activated,core
966cb4760537b1404caedd472cc610a5,2018-03-19 14:48:23,2018-08-08 14:49:25,51286.05,75,6,25,560,established,high_value
9674754b5a0cb32b638cec001178f799,2017-06-07 14:10:15,2018-08-22 02:28:35,5069.92,86,15,12,275,established,high_value
96804ea39d96eb908e7c3afdb671bb9e,2017-02-07 00:16:04,2018-04-27 12:37:10,3610.7000000000003,38,14,128,155,dormant,core
968268a686aa05d1f529fb07dff08130,2018-01-26 23:07:13,2018-08-10 16:12:00,4677.29,12,7,23,509,established,high_value
968ee78631915a63fef426d6733d7422,2017-06-08 00:06:50,2017-11-27 17:41:30,450.0,2,2,279,276,dormant,core
96e5dc09087bad639b4ee193104ec2e5,2018-08-13 15:24:41,2018-08-21 09:12:03,101.9,2,1,12,707,activated,long_tail
96f7c797de9ca20efbe14545bed63eec,2018-04-10 21:46:56,2018-04-10 21:46:56,138.60000000000002,1,1,145,583,dormant,long_tail
972d0f9cf61b499a4812cf0bfa3ad3c4,2017-10-22 15:28:07,2018-08-22 07:25:32,8089.29,83,11,12,412,established,high_value
973f21788dfab357250f69a8dcb7ddee,2017-01-25 15:47:27,2018-06-25 16:20:24,909.0,10,8,69,142,at_risk,core
974cf2cb8f4b7add98709c30df02fe10,2017-10-16 22:33:02,2018-08-21 23:41:36,2982.67,33,11,12,407,established,core
97512d3fc193b2d1dfcdba0f9d1f0f8a,2018-03-20 10:20:27,2018-08-18 16:49:58,1458.8700000000001,12,6,15,561,established,core
977f9f63dd360c2a32ece2f93ad6d306,2017-09-26 10:51:26,2018-08-20 23:35:44,2858.8700000000003,24,11,13,386,established,core
979e9f8b5b39dd243a2550c8b05aecf0,2018-01-25 12:48:59,2018-04-04 21:49:23,525.0,3,3,151,507,dormant,core
97e4a63591ca439a2b8b7efd20e6e19e,2018-02-23 18:13:43,2018-08-16 19:32:56,349.95,5,4,17,536,growing,core
97e50a621f8e801f4baf69e08687c192,2018-02-21 06:34:33,2018-02-21 06:34:33,89.9,1,1,194,534,dormant,long_tail
97e995629983723d11830a829bc2b246,2017-11-07 16:31:04,2018-08-16 15:44:33,499.5,5,4,17,428,growing,core
9803a40e82e45418ab7fb84091af5231,2018-05-19 10:45:27,2018-08-21 19:44:42,4278.75,11,4,12,621,growing,core
980640c45d7a4635885491d077167e4d,2018-07-01 09:14:54,2018-08-22 15:43:52,1004.29,14,2,11,664,activated,core
98115075dd26cb8835946fc6086f5d30,2018-04-15 23:55:50,2018-08-16 15:02:07,434.96000000000004,4,3,17,588,growing,core
984c273121e743dd14767befe6cb17f5,2017-11-25 20:15:32,2017-11-25 20:15:32,259.6,1,1,281,446,dormant,core
9853a239ab7b7ebbdc3a21248d5b8e1f,2017-04-26 20:47:50,2017-11-28 15:32:25,381.0,5,4,278,233,dormant,core
985c92cc412091f8529c12d7f23d3fef,2018-05-04 13:31:43,2018-08-20 21:03:23,1368.5,12,3,13,606,growing,core
989becdce12ebc39863c2bceab6f3ca1,2016-10-07 22:35:59,2018-07-26 19:28:07,7840.88,18,10,38,33,established,high_value
98dac6635aee4995d501a3972e047414,2017-04-26 11:30:38,2018-08-28 19:32:05,4235.85,91,16,5,233,established,core
98dddbc4601dd4443ca174359b237166,2018-07-13 14:29:51,2018-07-23 13:03:29,158.0,2,1,41,676,activated,long_tail
98e164d549402270247f3c96a1a158ef,2017-06-06 21:40:11,2017-08-18 23:34:56,162.7,2,2,380,275,dormant,core
98f52e1020fe788c10c0418de4393fec,2017-08-09 15:16:29,2017-08-09 15:16:29,21.6,1,1,389,338,dormant,long_tail
99002261c568a84cce14d43fcffb43ea,2017-10-18 23:55:51,2018-08-13 15:13:23,4088.0,36,10,20,409,established,core
9906e7aa42a3c067b7c9a564d01c4320,2018-02-05 08:47:14,2018-08-21 00:18:05,2619.0,12,7,13,518,established,core
994f04b3718c2bab35c2adfa8afecd2a,2017-11-13 18:09:53,2018-08-10 21:20:04,3445.7,49,10,23,434,established,core
9996ae921c50e8dff411ac69c0b4bb8b,2017-10-17 15:35:11,2017-10-22 21:11:46,29.700000000000003,2,1,315,407,dormant,long_tail
999f6d9a1c7c81f43be44c6b7d076210,2017-01-26 14:26:43,2017-03-05 21:27:29,28.0,2,2,546,143,dormant,long_tail
99a25c39b28a74d1151c35c18d178292,2018-06-13 13:35:02,2018-06-13 13:35:02,173.94,1,1,81,646,at_risk,core
99a54764c341d5dc80b4a8fac4eba3fb,2018-04-27 16:58:21,2018-08-28 15:53:09,3708.7599999999998,45,5,5,599,growing,core
99cd94252748d2bdde08e17858233602,2018-06-20 14:02:25,2018-06-21 15:01:12,159.8,2,1,73,653,at_risk,core
99eaacc9e6046db1c82b163c5f84869f,2016-10-04 10:41:17,2018-02-18 21:58:51,13139.17,66,12,196,29,dormant,high_value
9a03a4e9eb0b947652fae4f6121a3f5e,2018-01-02 12:52:36,2018-08-06 14:32:47,1497.0,7,5,27,484,growing,core
9a1aea68d3efa00862ec88c0768037d0,2018-02-09 00:14:41,2018-07-19 17:24:12,1309.2,7,3,45,522,growing,core
9a208dee8f95cfdf00760c4d627828ec,2017-02-16 19:56:08,2017-02-16 19:56:08,269.9,1,1,563,164,dormant,core
9a84ba99f5367fdbd4598363496f1ea2,2017-03-17 19:59:42,2018-07-03 10:00:13,2284.98,16,9,61,193,at_risk,core
9aa388272ee334b6ae07bc73706e254a,2018-03-30 21:23:29,2018-08-17 00:25:31,678.0,6,4,17,572,growing,core
9ac4f14370b1e24ddc58be041b7f99df,2018-02-24 23:39:56,2018-07-05 16:40:15,314.51,5,4,59,538,growing,core
9ac75591b69c3402684b6ce0310f22ee,2018-08-21 22:09:39,2018-08-21 22:09:39,60.5,1,1,12,716,activated,long_tail
9add47bf45ce8e8c7db6b9cf670b1e09,2017-02-05 11:05:44,2018-08-18 10:11:14,4829.24,43,14,15,153,established,high_value
9b00cad94ef3078faf6fba2e792c158f,2017-12-20 12:04:33,2017-12-20 12:04:33,354.9,1,1,256,471,dormant,core
9b00ed88b7fdb95d6ff76e27c1b52d16,2017-08-25 23:02:45,2018-08-03 15:05:58,1627.88,47,12,30,355,established,core
9b013e03b2ab786505a1d3b5c0756754,2017-10-19 13:21:58,2018-08-27 14:54:22,9027.4,174,11,6,409,established,high_value
9b1050e85becf3ae99c1cf4934c9bc5d,2017-09-21 10:50:01,2017-11-06 18:16:33,85.14,2,2,300,381,dormant,long_tail
9b1585752613ec342d03bbab9997ec48,2018-08-07 10:52:58,2018-08-19 09:35:34,4248.98,3,1,14,701,activated,core
9b1ab052f5fca308ba743ac789ebb2e1,2017-04-05 22:29:43,2017-05-07 14:04:26,294.09000000000003,2,2,483,213,dormant,core
9b1f656ca3060f8af17a50d8a024b533,2018-07-25 12:32:23,2018-08-22 21:26:03,41.0,2,2,11,688,activated,long_tail
9b522ba7eae9e1d04082f267144583cc,2017-05-17 18:00:42,2018-04-10 21:00:52,1507.6,4,4,145,254,dormant,core
9b76ad3d04236f76bc71c59470305e13,2018-07-02 11:41:29,2018-08-07 23:46:11,394.70000000000005,2,2,26,665,activated,core
9bade61a92bed55a25d2b67b9f4ed739,2018-03-07 16:42:57,2018-03-29 11:34:59,117.68,2,1,157,548,dormant,long_tail
9baf5cb77970f539089d09a38bcec5c3,2017-01-21 09:44:46,2018-08-05 19:32:36,6129.67,32,18,28,138,established,high_value
9bc484c87d79cd4874e05ca182658045,2017-11-23 13:48:08,2018-05-02 14:22:52,1120.0,9,5,123,444,dormant,core
9bcdfa7b615b3abb9461d9e3ad9886ae,2017-01-31 21:14:52,2018-04-16 20:07:14,2126.07,14,9,139,148,dormant,core
9bf11dfc0bec77e5a23028043c3c5a8f,2017-11-24 22:36:53,2017-11-24 22:36:53,115.0,1,1,282,446,dormant,long_tail
9c068d10aca38e85c50202e17b4a7e88,2017-10-12 09:57:12,2018-07-30 14:26:27,2658.9,17,6,34,402,established,core
9c0e69c7bf2619675bbadf47b43f655a,2017-05-07 13:20:43,2018-06-20 20:54:17,33702.78,157,13,74,244,at_risk,high_value
9c1c0c36cd23c20897e473901a8fb149,2018-05-18 18:22:51,2018-08-23 19:57:47,544.97,6,3,10,620,growing,core
9c351405b754cc5ce3e2ecf277bb034a,2017-03-28 16:59:13,2017-03-28 16:59:13,45.0,1,1,523,204,dormant,long_tail
9c3a1c416c765687bc79a04113269929,2018-02-01 23:09:36,2018-02-01 23:09:36,74.9,1,1,213,515,dormant,long_tail
9c3c24eca51c52b91c1de727d2a2ae06,2016-10-10 15:23:51,2018-05-21 10:41:20,307.5,6,6,104,35,dormant,core
9c4d31c7e46ab03a43fc06e3142afd4e,2018-08-14 17:26:41,2018-08-20 18:55:21,1218.9,2,1,13,708,activated,core
9c54608f0996c32ae4743089d915f845,2018-06-22 16:07:29,2018-07-18 17:18:04,194.8,3,2,46,655,activated,core
9c57bc60cfad5ee62d35d3f1ce4593a1,2017-04-26 13:34:20,2017-04-26 13:34:20,180.0,1,1,494,233,dormant,core
9c690ceacd5c66731bf443ea810195cb,2017-08-22 20:06:39,2018-08-06 01:16:56,871.8,10,7,28,351,established,core
9c7fd21e0aa159b20da593371f08ff7c,2018-03-14 09:25:14,2018-08-21 16:50:51,798.3,7,4,12,555,growing,core
9cad4b68bb993ee401a3c5aaa2bc26dd,2018-01-16 10:17:13,2018-07-15 23:59:54,649.3000000000001,5,5,49,498,growing,core
9cea4682e16655f7da87f406902e989e,2017-03-22 23:39:13,2018-02-02 23:31:10,87.75999999999999,4,4,212,199,dormant,long_tail
9cf787a239c1aa29dbd76f153dc13f9a,2018-06-05 17:11:13,2018-08-16 15:54:48,316.0,4,2,17,638,activated,core
9d213f303afae4983637247556438ede,2018-07-14 00:04:42,2018-07-24 12:43:00,47.7,2,1,40,677,activated,long_tail
9d39404483343dd55c7ae254494d8388,2017-11-25 10:53:06,2018-04-24 00:54:46,293.2,10,6,132,446,dormant,core
9d489893ff6af05029671b785f54b998,2017-06-22 17:19:09,2018-08-23 16:38:38,298.7,5,3,10,290,growing,core
9d4db00d65d7760644ac0c14edb5fd86,2017-12-24 12:20:23,2018-08-18 09:08:48,9979.7,98,9,15,475,established,high_value
9d5604a1f112324ad6b2aa552122e0fb,2017-11-14 22:00:16,2018-08-19 21:37:17,421.5,13,7,14,436,established,core
9d5a9018aee56acb367ba9c3f05d1d6a,2017-03-11 19:59:25,2018-03-21 20:20:40,10292.310000000001,67,12,165,187,dormant,high_value
9d681c7e12db302cb261e721040dde65,2018-05-21 18:18:25,2018-08-16 16:19:13,785.6,13,4,17,623,growing,core
9d69ba0a7a626a64dc5db08e529559cf,2018-07-13 19:38:58,2018-07-13 19:38:58,19.3,1,1,51,676,activated,long_tail
9d7a1d34a5052409006425275ba1c2b4,2017-07-17 16:18:44,2018-08-20 19:58:51,1054.82,13,6,13,315,established,core
9da15f4a4ea758d9eeb49000dbe57e22,2018-07-31 12:52:57,2018-07-31 12:52:57,196.9,1,1,33,694,activated,core
9da1ca0bef29ee170e541927a5aeabdc,2017-06-17 18:33:32,2017-09-25 12:24:16,1484.3999999999999,6,3,342,285,dormant,core
9dc79dd988ac42f4d56c340d7048420a,2018-08-09 09:30:59,2018-08-27 15:18:45,749.6,4,1,6,703,activated,core
9dd459b29a14bf89d47183cf2cd0e4c7,2018-01-14 18:16:33,2018-08-04 12:42:39,180.0,2,2,29,496,activated,core
9dd59e43f0c9f0553244e8f9c2fb247e,2017-10-15 16:10:27,2018-01-23 15:30:59,356.3,10,4,222,405,dormant,core
9dda5bbacd45e18d6485fee649205d09,2017-03-27 16:26:18,2018-08-07 11:29:30,1912.6000000000001,19,13,26,203,established,core
9de4643a8dbde634fe55621059d92273,2017-01-13 15:11:16,2018-02-21 15:59:53,17560.34,72,14,193,130,dormant,high_value
9df5750209b83567ec144eb299d7d634,2016-10-07 08:28:42,2018-07-20 18:39:50,4917.0,11,8,44,32,established,high_value
9e17b9d64683aebcbb9ee362d06463b4,2017-02-19 11:03:43,2017-02-22 21:14:33,98.69999999999999,2,1,557,167,dormant,long_tail
9e25199f6ef7e7c347120ff175652c3b,2017-03-27 09:59:40,2017-03-27 09:59:40,12.5,1,1,524,203,dormant,long_tail
9e6229250fedbe05838fef417b74e7fb,2017-09-24 23:53:13,2018-08-22 09:09:10,13132.2,74,10,11,385,established,high_value
9e6967d3cf386d284251784b18ccb485,2018-06-12 20:43:08,2018-08-14 15:42:47,517.67,9,3,19,645,growing,core
9e7c5f4d7770eab65738cca38f9efccf,2018-06-01 12:50:14,2018-08-07 01:27:47,184.8,2,2,27,634,activated,core
9e94fa26a70ede4d26226e918e8706a2,2017-08-04 03:06:27,2017-08-04 03:06:27,62.8,1,1,395,333,dormant,long_tail
9e9b539eb2806acee3f5c28085c1db9f,2017-11-22 00:37:30,2017-12-07 13:19:30,967.0,3,2,269,443,dormant,core
9ed65337433adfbedefd23dd76eaa494,2017-12-19 09:27:15,2018-08-01 17:15:29,1262.6,6,5,32,470,growing,core
9ef932e837d8b7f392c0bfee9d359dc2,2017-11-20 12:49:35,2017-11-20 12:49:35,59.9,1,1,286,441,dormant,long_tail
9f50216bfd01913736a55a11b55ea842,2018-06-22 00:07:03,2018-08-18 13:46:39,1354.0,17,3,15,655,growing,core
9f505651f4a6abe901a56cdc21508025,2017-10-05 10:35:03,2018-08-29 15:00:37,26361.82,397,11,4,395,established,high_value
9f56a7a649097b166d8ed286ad86a15c,2017-11-06 15:29:29,2017-11-08 00:11:54,27.98,2,1,299,427,dormant,long_tail
9fbd5666d8618fa571c4230fafa09bd6,2017-08-30 18:44:19,2017-08-30 18:44:19,79.9,1,1,368,359,dormant,long_tail
9fc70243fb26800cba56e8f014797004,2017-11-13 15:17:00,2018-07-29 08:32:21,466.6,6,6,36,434,growing,core
9fe7c6641c79970ab48185498f547c09,2017-07-10 20:58:17,2017-07-10 20:58:17,130.0,1,1,419,308,dormant,long_tail
a00824eb9093d40e589b940ec45c4eb0,2017-10-05 19:23:16,2018-04-09 11:32:37,9399.97,3,2,146,395,dormant,high_value
a0415d9b25ede3c4b1e477e9916ffc03,2017-04-09 11:23:37,2018-01-09 11:53:29,4044.1,10,5,236,216,dormant,core
a066df7361163e7ddc5d7452dd17448b,2017-12-12 14:37:18,2018-05-12 17:45:26,1078.3,15,6,113,463,dormant,core
a06c8ff043abea0528ee44171e2140a2,2018-02-22 16:33:54,2018-08-09 21:16:06,514.5,8,6,24,535,growing,core
a080fc8a850289b27500f6b49cca2553,2018-03-13 20:28:59,2018-06-25 19:03:18,383.0,4,3,69,554,at_risk,core
a08692680c77d30a0b4280da5df01c5a,2017-04-07 15:09:26,2018-01-26 08:17:40,2433.0,6,5,220,214,dormant,core
a09a13f18ed27932d08438aa6f12756e,2017-10-28 19:17:28,2017-10-28 19:17:28,29.9,1,1,309,418,dormant,long_tail
a0a14e50070f3225b3eabba5b85da517,2018-07-30 19:14:39,2018-08-15 18:56:56,176.2,4,2,18,693,activated,core
a0d7fbb07bb5ebc3b05980e750db56f3,2018-05-04 00:28:43,2018-08-12 22:56:51,848.99,3,2,21,606,activated,core
a0e19590a0923cdd0614ea9427713ced,2017-05-10 21:12:11,2017-06-25 17:50:06,258.3,2,2,434,247,dormant,core
a1040efe9ff4a6f93c28b0499eada8f5,2018-02-03 14:07:04,2018-02-03 14:07:04,1658.83,1,1,211,516,dormant,core
a1043bafd471dff536d0c462352beb48,2017-02-14 10:44:33,2018-08-25 11:01:56,101901.16,718,19,8,162,established,high_value
a11a0e0ca67423425691db355cff69b0,2018-07-31 10:29:51,2018-08-10 16:05:40,448.9,2,2,23,694,activated,core
a13580f0e8f782b7a543885a0ef99f08,2017-08-17 18:21:17,2018-05-07 20:42:38,1304.9,10,4,118,346,dormant,core
a13aaf2d2886ab9fb30fb9a920160b8f,2018-07-22 23:58:52,2018-08-02 22:48:54,1011.52,4,2,31,686,activated,core
a1474fd46fd3430168f7ec202da39408,2017-02-21 17:37:06,2017-10-22 11:25:09,2752.5,12,6,315,169,dormant,core
a150c540f572d0fb53992264bc5c10b5,2018-02-04 22:19:12,2018-02-04 22:19:12,119.9,1,1,210,518,dormant,long_tail
a1544b9ea0b2390e020537d4daa89049,2017-02-17 01:16:37,2018-08-16 15:35:40,841.2,8,8,17,165,growing,core
a154d7316f158bb42e6fa18bbe3afd3a,2017-03-06 16:42:52,2017-03-10 19:32:26,139.8,2,1,541,182,dormant,long_tail
a17f621c590ea0fab3d5d883e1630ec6,2017-03-23 22:10:46,2018-04-05 08:55:00,2778.58,65,14,151,200,dormant,core
a1bea7061f61f6fdd9a85a6325ba1033,2018-06-27 11:26:01,2018-08-26 13:26:12,810.95,9,3,7,660,growing,core
a1bea9970d8f65b240555f99c2214f7f,2018-07-23 16:24:27,2018-07-23 16:24:27,75.0,1,1,41,686,activated,long_tail
a1ed30492b3b798bc121845bc4aa7366,2017-07-03 09:43:13,2017-07-03 09:43:13,41.8,1,1,426,301,dormant,long_tail
a20d8058c866dbaeca014d2cd20ac62e,2017-12-20 14:52:29,2018-05-16 01:18:19,1194.0,2,2,110,471,dormant,core
a213f1bd6458f4a158f3746cb2514559,2018-05-30 16:20:16,2018-05-30 16:20:16,41.52,1,1,95,632,dormant,long_tail
a218df5c097b0ca409cfaac1488cc7f6,2018-05-03 22:16:54,2018-06-26 09:10:21,130.69,4,2,68,606,at_risk,long_tail
a21c11ec5c3f03e7cc9f9203bff9e1c6,2018-08-03 17:13:19,2018-08-07 12:21:32,385.0,3,1,26,697,activated,core
a23266650e7c84bb93fbbba502137478,2017-08-04 13:52:59,2017-12-29 18:39:33,1512.4,11,5,247,333,dormant,core
a247197e2e9c19a6a53a6888cb8b660f,2017-12-20 11:00:02,2017-12-23 18:25:24,798.0,2,1,253,471,dormant,core
a254c682cc01e119f83530446f1df9a9,2018-03-19 13:24:33,2018-08-22 12:47:22,569.4,6,3,11,560,growing,core
a2a41aedb70551d4a85aa04dc2fced48,2017-11-16 13:53:55,2017-12-03 10:52:08,52.79,2,2,273,437,dormant,long_tail
a2b5b6105ea5942300631d2e76f4ffe0,2018-05-25 10:59:28,2018-08-20 22:06:01,3286.6899999999996,16,4,13,627,growing,core
a2b911e9ad40dc7d61c142a4683e2d85,2017-05-10 17:44:55,2017-05-10 17:44:55,85.9,1,1,480,247,dormant,long_tail
a2deecd5398f5df4987110c80a1972a3,2018-04-04 21:44:26,2018-08-24 14:37:50,827.4300000000001,16,5,9,577,growing,core
a2e85714b56b1cb6bb24a9a6e6cad36f,2017-10-30 14:48:41,2017-10-30 20:40:09,339.70000000000005,2,1,307,420,dormant,core
a2e874074c877c5a05abae80ad6e488f,2017-03-21 13:38:25,2018-08-26 07:54:47,8071.9800000000005,44,13,8,197,established,high_value
a2fa0bdc798ee84cdb08281337cf4fb6,2017-03-08 10:33:45,2018-03-16 04:11:03,392.75,10,7,171,184,dormant,core
a3082f442524a1be452e3189e003b361,2017-07-10 20:27:30,2018-08-09 20:36:13,301.6,3,3,24,308,growing,core
a35124e2d763d7ca3fbe3b97d143200f,2017-03-15 10:37:21,2017-05-08 20:58:10,411.5,4,3,482,191,dormant,core
a353b1083c9863d756d9404695016d64,2017-12-07 23:37:37,2017-12-07 23:37:37,120.0,1,1,269,459,dormant,long_tail
a35ef466c6fd6d052f5d241240d3c5e2,2017-08-14 23:18:10,2017-09-30 18:38:46,569.9,3,2,337,344,dormant,core
a369d693961cb93b61ca2cc518872a85,2017-11-15 23:26:16,2018-07-21 13:54:34,2597.0,11,8,43,437,established,core
a36ac007a4d18f865c8d32c3b2402c2d,2017-01-22 21:25:01,2017-09-06 15:36:32,1359.7800000000002,9,4,361,140,dormant,core
a36b125ac6d5fdbc7f50de85c9157bdc,2016-10-10 09:23:48,2018-08-04 10:42:49,1843.64,24,14,29,35,established,core
a37c340b91cb0169e8b029db6440fba2,2017-06-26 16:37:01,2017-09-14 16:37:03,345.0,5,3,353,294,dormant,core
a3a38f4affed601eb87a97788c949667,2016-10-05 20:20:57,2018-08-23 11:43:36,26533.32,254,21,10,30,new,high_value
a3b0df0065e264a91b7bbf5f844af5cd,2017-09-20 15:08:28,2017-09-23 17:59:17,186.69,2,1,344,380,dormant,core
a3b42d266fa8afc874b909422ce88582,2018-07-31 10:27:34,2018-07-31 10:27:34,839.4000000000001,1,1,33,694,activated,core
a3dd39f583bc80bd8c5901c95878921e,2017-08-23 08:26:50,2018-04-10 09:24:25,4607.81,34,8,145,352,dormant,high_value
a3e9a2c700480d9bb01fba070ba80a0e,2017-05-09 22:58:25,2018-08-19 14:19:27,13440.8,130,16,14,247,established,high_value
a3f0b55de503387383c7b1de3ad7f678,2017-09-26 18:54:19,2018-05-21 13:14:36,4348.400000000001,24,7,104,386,dormant,core
a3fa18b3f688ec0fca3eb8bfcbd2d5b3,2018-04-30 10:10:48,2018-04-30 10:10:48,47.8,1,1,125,602,dormant,long_tail
a414555ce331b8c8aea4a9cb8395194d,2018-03-10 15:31:45,2018-05-04 14:46:10,1450.95,7,3,121,551,dormant,core
a416b6a846a11724393025641d4edd5e,2017-01-26 16:48:24,2018-08-21 21:43:35,25670.72,162,20,12,143,established,high_value
a420f60ff1aa9acc80d0e42959f2b313,2017-08-16 01:00:34,2018-08-13 10:05:23,7443.3,67,13,20,345,established,high_value
a425f92c199eb576938df686728acd20,2016-09-05 00:15:34,2018-07-30 12:02:51,1165.8,17,8,34,0,new,core
a435b009cd956ea60748b5cfbddf2e24,2017-05-09 13:21:53,2017-07-26 10:05:21,361.18,3,2,403,246,dormant,core
a44fb5a447105f8469bdf16bf9159f25,2017-11-21 14:01:29,2018-08-03 14:48:36,3706.1,19,8,30,442,established,core
a45314082d50d578a4721c9787ce09ab,2018-08-02 13:57:47,2018-08-18 12:56:03,424.9,2,1,15,696,activated,core
a45765f8afb1e594b22bf9e974b46765,2017-03-09 14:27:38,2017-03-09 14:27:38,79.99,1,1,542,185,dormant,long_tail
a478c7961d6a992065b24e63b366f90b,2017-02-09 09:33:26,2018-02-21 02:17:40,1281.5,8,5,194,157,dormant,core
a49928bcdf77c55c6d6e05e09a9b4ca5,2017-06-07 20:32:48,2018-05-27 19:10:54,8816.7,98,12,98,275,dormant,high_value
a4b6b9b992b46e9ef863637af96e04bc,2017-02-18 12:45:31,2017-07-01 13:23:05,7147.0,7,5,428,166,dormant,high_value
a4b8d97cd5d3674eeff96abc99d8ed67,2018-06-13 12:16:02,2018-06-13 12:16:02,214.08,1,1,81,646,at_risk,core
a4bd6e9adf39b63f43dc545d3ca1f53d,2017-04-15 09:42:38,2018-05-03 10:34:01,1848.59,4,4,122,222,dormant,core
a4e634166243bbb3a13fa584463fa468,2018-02-26 06:37:45,2018-04-28 19:25:30,155.55,2,2,127,539,dormant,long_tail
a4fc6eadaff1576af888509a53420f6a,2018-05-22 18:15:54,2018-05-22 18:15:54,100.86,1,1,103,624,dormant,long_tail
a513150f33f99a06569e9cd5c4bb889b,2017-11-27 14:19:38,2017-12-01 15:32:44,677.0,2,2,275,448,dormant,core
a5259c149128e82c9d6d46e0c1c812bb,2017-07-31 13:45:07,2018-03-09 10:24:31,1182.26,8,5,177,329,dormant,core
a53f60f05f822b5c621a50ff6a5cb362,2018-06-25 16:19:23,2018-08-17 22:35:51,415.40000000000003,4,2,16,658,activated,core
a56a8043ebf66e42119618fb8cf232c6,2018-08-03 22:23:06,2018-08-03 22:23:06,83.0,1,1,30,698,activated,long_tail
a56e351445e5863fc8960640ba9190c7,2018-04-06 21:36:54,2018-04-27 14:04:53,760.9200000000001,3,1,128,579,dormant,core
a5a1bfcf728ab0e19182959cf0771ee4,2018-01-07 21:45:04,2018-08-20 22:09:12,1812.96,21,7,13,490,established,core
a5bff0f43eb51f0cad7c37fac7244c8a,2017-02-20 13:31:57,2017-09-27 14:51:02,445.0,4,4,340,168,dormant,core
a5cba26a62b8b4d0145b68b841e62e7f,2017-07-22 10:44:10,2018-08-20 17:09:20,14737.84,54,13,13,320,established,high_value
a5dd1946fb63ada8bcaa0c9cd8f11e22,2017-09-08 14:15:39,2018-03-11 11:11:51,219.62,6,4,175,368,dormant,core
a5ff20ff766e7f50bd5066f33da14413,2018-08-19 22:38:41,2018-08-24 13:04:05,66.59,2,1,9,714,activated,long_tail
a61cc04793308395a840807104365121,2018-05-03 09:31:04,2018-05-03 09:31:04,14.63,1,1,122,605,dormant,long_tail
a63bfbaa882c8f4542891b4e2246cc7f,2018-06-11 23:01:49,2018-08-23 18:19:17,6772.0,7,3,10,645,growing,high_value
a64e44665225d19dfc0277eeeaaccc57,2018-06-22 15:06:34,2018-08-22 14:53:45,335.0,6,3,11,655,growing,core
a663d9c3797e90eac99ff60939416a56,2018-05-16 13:31:20,2018-05-16 13:31:20,235.0,1,1,109,618,dormant,core
a673821011d0cec28146ea42f5ab767f,2017-02-27 19:54:44,2018-08-22 01:35:54,13863.69,129,19,12,175,established,high_value
a67780aba9dd436e7ac0aa1f889e73ec,2017-11-24 12:23:11,2018-08-06 18:03:11,863.0,6,5,27,445,growing,core
a69aa24cec11168e7e39a3fbc727e925,2018-06-13 11:29:48,2018-07-18 10:05:02,105.97,3,2,46,646,activated,long_tail
a6bd7d1ccdac48c6b33b28596b7eb122,2017-06-28 08:47:01,2018-07-22 16:18:31,14368.61,16,9,42,296,established,high_value
a6fe7de3d16f6149ffe280349a8535a0,2017-07-11 19:38:14,2018-08-06 19:25:14,2904.7999999999997,51,14,27,309,established,core
a70e9066dbfd10b6b97a3f54a1356762,2017-04-25 13:46:24,2017-11-20 18:11:00,1716.0,2,2,286,232,dormant,core
a72c2f59332659e361d647515c698798,2018-01-14 17:09:25,2018-07-16 21:37:24,802.9,5,4,48,496,growing,core
a72f15980dc3e9bfd1a49ac9b2f3af65,2018-07-25 16:18:46,2018-07-25 16:18:46,89.9,1,1,39,688,activated,long_tail
a7a9b880c49781da66651ccf4ba9ac38,2018-05-16 16:16:03,2018-07-06 11:54:40,307.6,3,3,58,618,growing,core
a7b7354cc588f7566a848bcbb1ce3d96,2017-03-13 22:11:59,2017-03-23 15:16:21,79.8,2,1,528,190,dormant,long_tail
a7c53f6b3b61adbdaa99dda97e8cbd56,2017-03-06 20:29:58,2017-03-06 20:29:58,99.0,1,1,545,182,dormant,long_tail
a7c88262832dfc683781d6a421edefae,2017-03-13 17:02:01,2018-02-12 22:54:10,1520.0,5,3,202,189,dormant,core
a7d0f8dd44f57ef6de7f7f02e3d82630,2018-06-25 12:06:07,2018-08-19 20:26:26,73.78999999999999,2,2,14,658,activated,long_tail
a7dc4098e4da6e41b426269d12ae7e91,2018-07-19 11:18:27,2018-08-10 10:39:43,518.0,2,2,23,682,activated,core
a7ecf689b40a44361e259b28939023e4,2018-07-13 22:05:44,2018-07-13 22:05:44,389.0,1,1,51,677,activated,core
a7f13822ceb966b076af67121f87b063,2016-10-04 18:52:56,2017-05-04 19:31:51,12477.64,75,5,486,29,dormant,high_value
a806a4bb063ea7ca6d374eafa50a6058,2018-01-02 23:26:09,2018-02-12 17:56:55,294.4,5,2,202,485,dormant,core
a81466620e46a6970b22ef40379fdfc9,2017-10-11 10:15:04,2017-10-13 14:29:05,321.8,2,1,324,401,dormant,core
a8739afb32aaa45e01815ca76f76f54b,2018-06-07 22:47:32,2018-08-06 19:31:50,298.83,13,2,27,641,activated,core
a888faf2d1baececa6baf9c3d603ee1f,2017-01-28 21:51:24,2018-05-02 03:50:02,17765.8,54,14,124,146,dormant,high_value
a89e143d5211473ae18db9577ee34b64,2017-06-04 12:09:59,2017-10-07 08:35:07,140.0,2,2,331,272,dormant,long_tail
a90a5da8b09e44264a177c0374a5ac87,2017-02-20 22:26:06,2017-03-08 20:17:07,74.69999999999999,3,2,543,169,dormant,long_tail
a938325a4b357fd23a6a4d5bb126408e,2017-09-15 15:51:25,2018-08-14 14:57:20,3231.0,24,10,19,375,established,core
a9415cf907dfa12f9ed18693244f5329,2018-01-19 16:34:05,2018-01-19 16:34:05,210.0,1,1,226,501,dormant,core
a99504ac23ed125aaf5302af6cc30af9,2017-10-14 14:45:58,2017-10-14 14:45:58,978.0,1,1,323,404,dormant,core
a9ae440659f48b7849df83e82734150b,2017-10-13 13:10:42,2017-10-13 13:10:42,285.0,1,1,324,403,dormant,core
a9b533a26e898b12e8b8d4c07279bf4d,2017-07-31 08:08:14,2017-12-08 19:31:04,119.6,4,3,268,329,dormant,long_tail
aa17b35ce4de7b565be3249ba838944f,2017-08-24 21:26:40,2017-09-01 17:56:59,79.8,2,2,366,354,dormant,long_tail
aa1eb17b9fdf6dfd546e25c45c7b9235,2017-12-01 11:14:08,2018-04-25 19:27:16,117.99,3,3,130,452,dormant,long_tail
aa2640d851ec322526f1295bbeb20092,2018-05-06 21:13:51,2018-05-06 21:13:51,159.98,1,1,119,608,dormant,core
aa762680c40618316a896838866140ea,2018-04-06 22:32:42,2018-05-11 17:57:27,261.0,3,2,114,579,dormant,core
aa8af66c623d7d544dfe4bb85b5ebe3b,2018-06-03 19:46:12,2018-06-03 19:46:12,99.0,1,1,91,636,dormant,long_tail
aac29b1b99776be73c3049939652091d,2017-01-25 12:48:49,2018-08-08 17:52:59,6755.91,98,19,25,142,established,high_value
aac51c486b672a9850d59f3e84b1cf88,2018-08-12 09:56:51,2018-08-24 20:24:26,728.28,10,1,9,706,activated,core
aadfe0417e61315688b6bd7043361e25,2017-08-03 08:40:25,2017-08-03 08:40:25,289.9,1,1,396,332,dormant,core
aae3bfea055532c57fb453ed3ec80b30,2017-01-18 17:20:39,2018-05-15 16:01:56,3057.92,48,13,110,135,dormant,core
aae5953b9edddf14749c0d65d60eb4b9,2017-09-30 00:53:36,2017-10-18 21:52:56,173.0,2,2,319,390,dormant,core
aae5e7b457a3c72ee230a47d98fceda5,2018-04-05 14:35:51,2018-08-17 18:21:02,604.8,5,4,16,577,growing,core
aaed1309374718fdd995ee4c58c9dfcd,2016-10-09 11:43:43,2018-08-01 15:54:56,9376.95,105,21,32,34,established,high_value
aafe36600ce604f205b86b5084d3d767,2017-02-18 22:42:34,2018-08-16 09:28:54,9251.4,129,19,17,167,established,high_value
ab27bbbad5239bc31a34709275a70db4,2017-10-31 17:54:25,2018-07-03 10:16:32,382.9,3,2,61,421,at_risk,core
ab3e0c171fe84a7ba7de130f19cfb485,2017-04-16 12:18:38,2018-04-05 18:57:58,863.42,7,5,150,223,dormant,core
ab75b89cc49c9ab3160d0c91565a442a,2017-07-05 16:05:20,2017-09-08 17:33:58,37.98,2,2,359,303,dormant,long_tail
ab91571efab27993ff2f6b36e38055c3,2018-03-23 17:02:20,2018-07-25 17:22:27,102.24,3,3,39,564,growing,long_tail
ab9db4cf53b08b828b64dccaafc2d9f0,2017-05-18 17:35:59,2018-07-19 14:24:09,277.67,5,4,45,255,growing,core
aba1721a889e04decc910aa13b768ef4,2017-02-08 14:36:40,2018-08-21 10:57:15,14103.3,83,19,12,156,established,high_value
abbf6046bbdf1028606a5bc7f00c99e7,2018-01-24 00:33:52,2018-05-02 22:13:15,2217.15,7,5,123,506,dormant,core
abc015ebac1d283a323ca9db35ede4b9,2017-02-10 10:31:39,2017-12-09 09:44:23,1106.8,12,8,267,158,dormant,core
abcd2cb37d46c2c8fb1bf071c859fc5b,2017-05-29 15:28:10,2018-08-11 20:16:35,4880.22,45,15,22,266,established,high_value
abe021b01ba992245271b9aa422032df,2017-02-04 18:54:15,2017-05-09 14:46:34,6720.0,2,2,481,152,dormant,high_value
abe42c5d03695b4257b5c6cbf4e6784e,2017-08-31 17:25:03,2018-08-05 14:52:28,17159.0,50,13,28,360,established,high_value
ac137bac82ffa8548e62bd9d01d2a14f,2017-05-15 20:39:40,2017-05-15 20:39:40,49.6,1,1,475,252,dormant,long_tail
ac1ed5fc15901fbc92920361eb4ab350,2017-06-17 13:34:04,2017-06-17 13:34:04,110.25,1,1,442,285,dormant,long_tail
ac3508719a1d8f5b7614b798f70af136,2017-05-23 21:17:18,2018-08-05 13:31:47,12775.84,103,16,28,261,established,high_value
ac51cac5e20d69ff485a54746488ef48,2018-01-14 18:50:16,2018-01-30 13:28:14,759.9,4,1,215,496,dormant,core
ac6417315ae5da8f9a38ee11de6f7780,2017-04-27 09:34:25,2018-04-27 21:28:24,788.9,8,6,128,234,dormant,core
ac9b01377919cdbd2a1bbb8d5837c70b,2018-08-05 18:53:35,2018-08-05 18:53:35,55.9,1,1,28,699,activated,long_tail
acadd4d36859671cb635527c6c977533,2017-12-15 16:15:10,2018-08-08 09:49:45,2381.0,12,7,25,466,established,core
acb6c2ca5c82411c1fdb88d5fd5eb95e,2017-02-16 15:56:11,2018-08-01 15:56:40,413.88,10,6,32,164,established,core
acce39e832338debb07b02385cde5967,2018-05-12 17:10:13,2018-08-26 15:11:20,4748.1,44,4,7,614,growing,high_value
ace601496e211a664100321f038f50af,2017-02-15 23:00:16,2017-02-15 23:00:16,165.0,1,1,564,164,dormant,core
aced59e9b31ef866a94f9e7f29d8d418,2017-02-13 11:50:50,2018-08-26 04:51:22,7268.5,61,19,8,161,established,high_value
acf974e4d5950ad143a247471b831eb9,2017-03-07 16:20:35,2017-10-30 13:27:55,423.8,5,3,307,183,dormant,core
ad14615bdd492b01b0d97922e87cb87f,2017-02-10 17:40:30,2017-02-10 17:40:30,8.25,1,1,569,158,dormant,long_tail
ad273c9eb54ecb4532de4bf75bae9e4e,2017-03-01 11:31:23,2018-08-09 01:14:45,645.0,10,9,25,177,established,core
ad420dd0c4f92f8af951ac24b86d0cf5,2017-04-26 10:41:39,2018-08-24 18:00:29,4705.29,42,13,9,233,established,high_value
ad738d3fcf42655ed15c4960b7b6c601,2017-05-21 23:42:14,2017-05-21 23:42:14,65.0,1,1,469,259,dormant,long_tail
ad75519a07f039025e83795a4418470f,2018-01-26 15:38:19,2018-08-15 16:08:01,302.1,3,2,18,508,activated,core
ad781527c93d00d89a11eecd9dcad7c1,2017-07-17 20:24:19,2018-05-16 09:44:37,6899.570000000001,44,10,109,315,dormant,high_value
ad87df7699e83b8a91822a4a0b765c3a,2017-03-21 11:33:31,2017-06-25 16:32:29,349.9,6,4,434,197,dormant,core
ad8ada0ffa993cb1197d102d9ab21a3e,2018-03-13 20:37:20,2018-03-13 20:37:20,599.8,1,1,173,554,dormant,core
ad8b531ae67582f096925cff5630d0d1,2017-04-23 12:01:53,2017-11-24 20:26:39,208.35000000000002,3,3,282,230,dormant,core
ad97a199236354e53fcd91a5a913e9a2,2017-11-16 20:47:34,2018-07-23 23:29:17,13205.9,17,8,41,437,established,high_value
adbc26658d6c7b4b6219f9d934598091,2017-08-28 11:44:24,2018-08-21 12:31:00,11806.4,88,13,12,357,established,high_value
adbe70ab2c97442046d393988c8d1d27,2017-09-07 13:07:38,2017-10-12 16:51:36,289.5,5,2,325,367,dormant,core
adcf50477d6a1f5d91bb9d54c4903cb5,2017-02-08 17:01:04,2018-06-29 16:03:27,1425.14,19,6,65,156,at_risk,core
ade45994b717ccee333492330fbf037b,2018-06-09 20:12:15,2018-08-15 18:26:46,7196.0,10,3,18,642,growing,high_value
aded58c8142dedc5494a81f948431fab,2018-04-01 19:44:52,2018-04-23 12:11:20,289.5,4,1,132,573,dormant,core
ae45ad30c2d2e5913094769690a239d2,2017-12-08 13:21:55,2017-12-08 13:21:55,251.8,1,1,268,459,dormant,core
ae45df84722b1d15c5f32b23a095746c,2018-02-22 18:41:33,2018-08-21 10:19:27,901.83,9,4,12,535,growing,core
ae7ab174effdead6c241e547e4ca13f0,2018-06-11 10:22:49,2018-08-11 19:14:29,2778.6,6,3,22,644,growing,core
ae8bfdbf1c2a2a2dee92d799db0a31c6,2017-02-15 09:34:07,2017-05-15 17:58:25,339.92,8,3,475,163,dormant,core
ae9690c6e8fee182c28c9ff8e11ca52c,2016-10-09 23:25:13,2016-10-09 23:25:13,47.4,1,1,693,35,dormant,long_tail
aeb36d67f1414f234d42a29e27cf1f17,2018-05-14 21:03:30,2018-08-06 20:17:40,3263.8,4,3,27,616,growing,core
aec99834ab5d38ead22766ada8497e87,2018-07-20 17:20:48,2018-07-20 17:20:48,459.0,1,1,44,683,activated,core
af3ef48d0e13835e529c29ac573c63e5,2018-05-16 08:11:59,2018-08-22 19:43:54,1405.63,21,4,11,618,growing,core
af4a0e4cfe1d9c26b6712b1be25a72e5,2017-08-01 11:03:32,2018-03-15 22:35:02,8757.98,21,7,171,330,dormant,high_value
af7cdac9d9897cddead9c6b08976c642,2018-03-14 08:57:54,2018-08-18 11:30:57,543.54,6,4,15,555,growing,core
afa6714acee029b2dfdf357e5579cc03,2016-10-08 15:42:14,2018-08-20 11:23:16,3220.7599999999998,16,10,13,33,established,core
afac9f6b0c4e5f0a7ee87e922cd0f873,2018-02-17 17:16:24,2018-02-17 17:16:24,20.99,1,1,197,530,dormant,long_tail
afe0067131b73e40875c9b6c10bd2e21,2017-02-22 20:39:41,2018-06-10 22:56:17,5130.400000000001,46,13,84,170,at_risk,high_value
b00af24704019bd2e1b335e70ad11f7c,2018-06-20 00:20:03,2018-06-20 00:20:03,189.0,1,1,75,653,at_risk,core
b01c2b7b8599b325103ebcddc67413e1,2018-07-13 09:52:00,2018-08-18 21:10:16,169.45,4,2,15,676,activated,core
b026643914f651e8371425e5b8a1e780,2017-07-07 10:26:23,2017-07-07 10:26:23,27.9,1,1,422,305,dormant,long_tail
b0398568231ba5e6734af1881671a317,2018-03-22 14:59:06,2018-04-10 09:24:49,656.77,4,2,145,563,dormant,core
b05b432bf68945d4d9783f9e3ca29ee8,2017-09-11 21:19:55,2017-09-12 17:49:55,224.8,2,1,355,372,dormant,core
b080809eaacb49e5ca07290981472431,2017-02-24 17:04:27,2018-05-15 08:48:09,424.0,11,7,111,172,dormant,core
b0b346d3a89f5eb4c2968af3f083cd43,2017-11-14 12:22:53,2018-08-03 11:15:31,614.0,11,7,30,435,established,core
b0f2a6122a90a93eb03e68653dd960e3,2018-04-28 17:05:06,2018-08-08 16:54:04,1620.3,6,4,25,600,growing,core
b1204cfda1d4948679db3cfc0d3cb95c,2017-01-17 19:55:40,2018-07-25 21:44:39,2903.7,7,6,39,134,growing,core
b127efdabeffb5d559349c7b172eb75d,2017-01-26 13:51:54,2017-05-17 19:12:52,308.5,10,5,473,143,dormant,core
b12cfd255810394b60caef18ae163547,2017-11-20 16:52:14,2017-11-24 00:34:46,560.0,2,1,283,441,dormant,core
b14db04aa7881970e83ffa9426897925,2016-10-06 17:45:30,2018-08-19 18:43:15,5898.6,83,20,14,31,established,high_value
b16d3dadc47d4eb18be3d88bad0775ce,2018-05-29 23:02:46,2018-08-16 22:06:01,722.1,10,4,17,632,growing,core
b17b679f4f5ce2e03ce6968c62648246,2016-10-05 09:19:46,2018-05-14 12:37:29,4084.75,55,13,111,30,dormant,core
b18871c324516afa228a13e8f1ef0ae9,2018-02-28 22:21:37,2018-06-18 18:47:16,1064.6,9,5,76,542,at_risk,core
b18dc380845b24038cfc48006478f099,2017-10-06 06:30:11,2018-08-03 11:34:23,8353.3,44,10,30,396,established,high_value
b19c48688808720822399ffa9f2dbe2f,2018-08-22 14:14:50,2018-08-22 14:14:50,959.99,1,1,11,716,activated,core
b19f3ca2ea475913750f25a5c37c8d8f,2017-10-05 22:22:48,2018-08-07 22:04:34,6202.91,24,9,26,396,established,high_value
b1a81260566c1bac3114a6d124413f27,2018-03-11 10:24:44,2018-08-17 15:57:10,8684.69,51,6,16,552,established,high_value
b1aaae6b66ad3c40f54b389d7ea4bee0,2017-01-22 11:08:52,2017-05-24 17:01:03,1176.5,15,5,466,139,dormant,core
b1ac6ea7895bc3dd6f0f6f4abbdd2821,2017-03-11 17:05:35,2018-01-15 06:16:49,3139.0,40,11,231,187,dormant,core
b1b3948701c5c72445495bd161b83a4c,2017-06-06 08:37:30,2017-08-12 17:08:34,24699.19,18,3,386,274,dormant,high_value
b1fc4f64df5a0e8b6913ab38803c57a9,2017-05-09 10:49:49,2018-08-10 08:13:28,7994.74,107,15,24,246,established,high_value
b1fecf4da1fa2689bccffa0121953643,2016-10-04 15:35:35,2017-05-27 11:08:23,3669.64,19,5,463,29,dormant,core
b2479f944e1b90cf8a5de1bbfde284d6,2018-01-12 18:17:53,2018-08-20 17:06:38,4752.51,103,8,13,494,established,high_value
b248792ac0b60ec3f93d80af1b4fae47,2018-07-23 23:48:21,2018-08-22 02:31:38,454.5,7,2,12,687,activated,core
b26741d31a563d769b4af0465ab20c56,2018-02-20 18:17:18,2018-03-26 16:14:32,648.0,2,2,160,533,dormant,core
b274baf5bbd142410eb2958cf685d684,2018-05-16 12:51:33,2018-07-20 11:33:51,585.9,7,3,44,618,growing,core
b29d3380981c51df13fc6fbe87e1763d,2018-04-28 14:49:58,2018-08-02 18:56:22,435.3,6,4,31,600,growing,core
b2a6d334e2833acea353624840e25a0e,2017-08-05 18:56:35,2018-06-05 01:26:41,1650.98,25,6,90,334,at_risk,core
b2ac621f0d0322434d04a12b078b9369,2017-08-22 10:55:25,2018-08-16 15:59:08,9575.5,30,11,17,351,established,high_value
b2ba3715d723d245138f291a6fe42594,2016-10-04 16:41:59,2018-08-22 08:25:48,51676.88,337,21,12,29,new,high_value
b2bdc5e7940a7d7ca8c4a37953b27a42,2017-10-30 14:25:15,2017-10-30 14:25:15,250.0,1,1,307,420,dormant,core
b2c97074649f92197d9387d9033dda5f,2018-04-23 10:28:37,2018-08-14 13:27:56,684.71,10,5,19,595,growing,core
b2eecf5ea250510da76590ca79d60e5d,2017-03-05 04:18:49,2017-11-11 21:04:48,1060.0,9,7,295,181,dormant,core
b2f4d63c7203f539a78252565ca32257,2017-09-09 22:15:52,2017-09-09 22:15:52,14.9,1,1,358,370,dormant,long_tail
b32be1695eb7ec5f10f72d9610a12527,2017-11-24 22:29:43,2018-08-13 12:59:34,26874.0,45,10,20,446,established,high_value
b335c59ab742f751a85db9c411a86739,2016-10-04 13:22:56,2017-12-12 19:45:01,2873.34,33,9,264,29,dormant,core
b33aaadd1a8891d2dfef0c4c3bdf0371,2018-01-12 10:45:12,2018-06-21 12:44:54,1504.0,16,6,73,494,at_risk,core
b33e7c55446eabf8fe1a42d037ac7d6d,2017-10-10 20:44:59,2018-08-15 16:14:22,44985.17,152,11,18,400,established,high_value
b347677812ea483b0f528eaf8cbc09b7,2017-11-24 12:12:36,2018-06-22 22:10:44,7288.99,21,8,72,445,at_risk,high_value
b372ee768ed69e46ca8cdbd267aa7a38,2017-03-18 11:24:06,2018-08-23 14:59:37,12630.0,63,15,10,194,established,high_value
b37c4c02bda3161a7546a4e6d222d5b2,2017-04-23 12:07:48,2018-07-15 14:49:44,24075.0,4,4,49,230,growing,high_value
b3809b8d4394588a47c8470ea331e135,2018-07-06 19:46:58,2018-07-06 19:46:58,89.0,1,1,58,669,activated,long_tail
b39d7fe263ef469605dbb32608aee0af,2017-09-16 14:51:37,2018-08-23 12:47:56,5193.1,44,10,10,376,established,high_value
b3b17aab11f273023a5f22ca52e1eb70,2018-01-25 13:07:28,2018-06-09 10:24:21,6850.0,7,4,85,507,at_risk,high_value
b3e2faf2c1004d674f16a3aa3197f0e1,2017-02-07 19:50:11,2017-05-10 10:34:13,61.47,3,3,480,155,dormant,long_tail
b3f19518fcec265b2e97af287725f981,2017-03-20 20:01:39,2017-08-26 12:44:06,486.91,9,3,372,196,dormant,core
b410bdd36d5db7a65dcd42b7ead933b8,2018-01-24 15:42:08,2018-08-21 10:48:37,7726.9,44,8,12,506,established,high_value
b416191c9813d821a295cfabafff4161,2017-07-28 14:33:15,2017-08-16 13:35:48,117.8,2,2,382,326,dormant,long_tail
b43d8b707f887a30f4675391098354a0,2018-04-07 23:06:26,2018-07-22 19:49:25,1342.0,3,2,42,580,activated,core
b44dbfbf62e52125f3c15d230569ea91,2018-04-19 11:45:55,2018-08-10 10:03:27,609.37,4,3,23,591,growing,core
b452cb0ae35044c4a53179c39f49fb06,2018-06-01 17:13:00,2018-06-02 13:16:37,63.699999999999996,2,1,92,634,dormant,long_tail
b45d7ebfb7378630f1bcd74b6ff86ff7,2017-09-03 15:21:44,2018-02-26 00:11:02,1007.5,5,3,189,363,dormant,core
b494891378bd8f4560abe576c52deacd,2018-06-28 18:50:51,2018-08-20 00:59:32,2958.9,20,3,14,661,growing,core
b499c00f28f4b7069ff6550af8c1348a,2016-10-03 22:31:31,2018-08-24 14:09:35,10327.130000000001,152,16,9,29,new,high_value
b4a476fbd28de64b1e347abf9089366a,2017-03-29 19:09:42,2018-06-26 19:58:54,5724.04,33,13,68,205,at_risk,high_value
b4b447d715f9ab302a188fb43d3e96b3,2018-07-03 15:00:40,2018-08-26 22:19:40,685.9300000000001,5,2,7,666,activated,core
b4f8921fcc4ff77b66bea6dda43dcd51,2018-05-19 16:23:57,2018-08-21 21:18:33,11395.05,18,3,12,621,growing,high_value
b4ffb71f0cb1b1c3d63fad021ecf93e1,2017-02-01 14:38:41,2018-08-18 10:55:43,6656.09,144,17,15,149,established,high_value
b55638ad525e906c698fa2ce742c1742,2017-11-06 19:23:13,2018-08-08 12:51:29,1094.8,11,6,25,427,established,core
b561927807645834b59ef0d16ba55a24,2018-01-19 00:48:30,2018-08-26 20:57:20,4501.99,85,8,7,501,established,high_value
b566ab0ef88016e00422755e305103c6,2018-03-11 10:26:01,2018-07-23 13:26:43,1208.0,5,4,41,552,growing,core
b56828a9f9027f3c918c04ca720d9e3c,2017-10-03 14:05:27,2018-05-02 12:17:02,360.0,3,3,123,393,dormant,core
b56906f7fd1696e043f1bcce164c487b,2016-10-06 14:59:56,2018-08-08 09:00:50,2148.49,40,17,26,31,established,core
b57e8460909fa137df7951b4a3b5ea84,2017-03-02 07:53:29,2017-03-02 07:53:29,198.0,1,1,550,178,dormant,core
b586cd24c010a13916af621b0325fbba,2018-06-17 21:50:12,2018-08-23 11:27:36,1108.94,6,3,10,651,growing,core
b5abf4f36adc043117b4fca82c22984c,2017-04-11 12:05:15,2018-08-11 14:35:56,1247.8,11,8,22,218,established,core
b5b800c4065bebf4d3442311c9857344,2018-05-01 12:29:30,2018-05-01 12:29:30,79.9,1,1,124,603,dormant,long_tail
b5bb2b985208834bd5bd86c7a402bbad,2018-01-31 21:10:29,2018-04-21 22:27:34,621.06,2,2,134,513,dormant,core
b5d034ac251546e25afe9067f05c1539,2018-04-21 05:31:57,2018-04-21 05:31:57,69.9,1,1,135,593,dormant,long_tail
b5dd7151a92ccaaa282cbe9681a05f44,2018-07-18 10:09:15,2018-07-18 10:09:15,85.0,1,1,46,681,activated,long_tail
b5e3e38609125694d2ea2417522a60b7,2017-04-16 20:39:21,2017-09-19 13:30:18,995.04,16,6,348,223,dormant,core
b5f0712d22a873b6797ab6cc65c3fcba,2018-08-13 12:22:49,2018-08-13 12:22:49,12.99,1,1,20,707,activated,long_tail
b5f49fe968dff6b112861e6cd8e192ef,2018-01-18 18:21:21,2018-01-18 18:21:21,194.70000000000002,1,1,227,500,dormant,core
b64d51f0435e884e8de603b1655155ae,2018-04-07 11:00:35,2018-08-24 10:35:52,416.18,17,5,9,579,growing,core
b67d6c666e8dce1d078c882825e12704,2018-07-06 12:11:22,2018-08-08 16:42:07,352.84,7,2,25,669,activated,core
b6c6854d4d92a5f6f46be8869da3fa1a,2017-04-28 07:04:04,2017-04-28 07:04:04,69.9,1,1,493,235,dormant,long_tail
b6d44737c043328708f6749c2dbe50bd,2017-03-15 12:56:04,2018-08-07 17:47:15,5369.6,62,15,26,191,established,high_value
b6dc74ed30f124f95227bed4e43a3bed,2017-01-31 17:57:18,2017-12-05 10:31:53,518.9599999999999,11,9,271,148,dormant,core
b6e1504972665f739dec4facb9943775,2017-05-22 21:17:02,2018-03-26 12:35:07,1484.48,14,8,160,260,dormant,core
b6f52e346160519c24a23af05410ad32,2018-04-26 08:13:16,2018-04-26 08:13:16,129.9,1,1,130,598,dormant,long_tail
b74d1c09cb380e1d03a6f859c6f4224b,2018-02-23 16:51:37,2018-08-09 13:35:56,2221.6,31,7,24,536,established,core
b76a1f8356322f12529c37b67d5c96c2,2017-12-19 19:01:13,2018-02-19 15:11:22,298.5,5,3,195,470,dormant,core
b76dba6c951ab00dc4edf0a1aa88037e,2017-01-06 21:30:38,2018-08-27 20:03:07,2574.7799999999997,159,19,6,124,established,core
b76f4d90e85657a240495c876313adc5,2018-08-25 22:28:18,2018-08-25 22:28:18,299.0,1,1,8,720,activated,core
b77a27b1864483e721dc831d5ba4afa0,2017-03-30 06:24:14,2017-05-10 20:35:15,41.8,2,2,480,206,dormant,long_tail
b7ba853e9551f4558440881fd3e5c815,2016-10-04 14:51:15,2016-10-06 16:17:56,376.8,2,1,696,29,dormant,core
b7cc6c5e001441ae8cdd5c69a480cbe4,2017-02-26 23:33:43,2018-01-30 22:12:10,651.8,6,5,215,175,dormant,core
b7d5b4b87af9d42b601865d3f3810bff,2017-05-06 18:49:21,2017-11-07 18:05:08,1049.0,2,2,299,243,dormant,core
b7e1750c1157341d2abd0251e07c186b,2017-02-14 13:18:53,2017-04-20 14:30:07,159.6,3,3,500,162,dormant,long_tail
b7ed9fb14c8eadb37adb9c45d67ab0fb,2017-07-01 12:10:10,2018-07-27 20:09:23,566.0,7,5,37,299,growing,core
b8114f2f589a6804810f04f99b36b498,2018-04-04 16:05:12,2018-08-17 10:28:31,1399.62,8,5,16,576,growing,core
b81e3a6c866a764974fe849821abeebd,2018-07-14 19:31:09,2018-08-15 22:06:09,836.1500000000001,8,2,18,677,activated,core
b839e41795b7f3ad94cc2014a52f6796,2018-03-01 10:18:57,2018-08-25 15:12:30,42829.0,33,6,8,542,established,high_value
b83cedfb587e7911540e3f576d6917ce,2017-06-23 17:21:18,2018-05-14 12:20:47,2224.95,24,11,111,291,dormant,core
b8555308bfdb4ca1ed54325a58da9a97,2017-12-11 13:47:29,2018-08-23 11:29:01,3047.2000000000003,26,9,10,462,established,core
b8578d2d823bd8e251f6fdd02b40902d,2018-04-12 20:58:52,2018-07-19 15:42:35,1255.6,9,4,45,584,growing,core
b8630e1121437d41cb08e3c749c2c2e2,2017-11-25 04:02:51,2018-08-06 09:14:27,6988.0,12,7,27,446,established,high_value
b86a47b3366e3b5424a7b225781f4908,2018-01-05 10:01:43,2018-01-05 10:01:43,86.5,1,1,240,487,dormant,long_tail
b87a7ea0c30fad2dd6781b74a0064859,2018-01-10 19:14:05,2018-07-02 14:00:47,515.4,9,4,62,492,at_risk,core
b88e7c57cb2d8b973b7dd4a2bfa14b36,2017-05-21 13:09:50,2017-12-01 00:13:14,353.9,4,3,276,258,dormant,core
b8a0adc91af209270c2c725168eb00fd,2018-04-16 19:54:11,2018-06-27 10:15:28,281.4,6,3,67,588,at_risk,core
b8bc237ba3788b23da09c0f1f3a3288c,2017-08-07 08:31:36,2018-06-30 07:43:15,13685.710000000001,45,11,65,336,at_risk,high_value
b8d890108a7a80e4f5d59eea9f362438,2017-09-05 08:05:20,2017-10-19 12:07:22,89.69999999999999,2,2,318,365,dormant,long_tail
b906dd0e57f282c7089171b6ed07982e,2018-04-18 01:06:13,2018-06-25 17:58:26,175.0,2,2,69,590,at_risk,core
b90e891671cffd9557f33a97dc523645,2017-08-18 16:54:56,2018-08-23 12:56:27,4449.0,34,12,10,347,established,core
b92e3c8f9738272ff7c59e111e108d7c,2017-01-17 22:26:00,2018-08-07 15:23:50,8231.09,62,19,26,135,established,high_value
b94cc9f10ddc85e4ba73a6f7974e7101,2017-11-02 09:30:52,2018-06-12 16:20:38,25346.1,39,5,82,423,at_risk,high_value
b98b715fe9e276204e2a3464f48cd796,2017-02-03 15:20:03,2018-04-24 08:53:11,450.58000000000004,6,3,132,151,dormant,core
b9a03475e6447e631b6799ec8274800f,2017-11-06 15:24:21,2018-07-28 19:42:23,1349.1,10,5,36,427,growing,core
b9c0ffa92f3ff9a5a3d45ef7213c0842,2017-09-17 06:44:58,2017-12-14 20:24:06,490.0,3,3,262,377,dormant,core
b9ca8e8baa5d4aa038394a700f63e69f,2018-04-23 14:23:32,2018-08-28 12:38:17,1289.77,14,5,5,595,growing,core
b9de031b671cd48b28fae9d828cbf2b4,2018-07-18 13:52:45,2018-07-18 13:52:45,155.32,1,1,46,681,activated,long_tail
b9ec22de23f18567de0e09d776ca0309,2018-06-22 14:30:06,2018-08-14 23:20:29,341.98,2,2,19,655,activated,core
ba143b05f0110f0dc71ad71b4466ce92,2018-04-24 13:18:10,2018-08-18 21:58:12,6110.58,85,5,15,596,growing,high_value
ba5daa4041e1f15cdf34b76e3e18a450,2018-02-03 12:38:58,2018-08-20 11:16:03,806.8000000000001,15,7,13,516,established,core
ba6b4a237f92479743cf0ca06b67a9ac,2018-01-17 08:46:59,2018-08-03 18:35:52,801.89,8,5,30,499,growing,core
ba6b68b55fe8704377a7d43c8e5c0185,2017-05-02 06:49:31,2017-06-03 14:27:54,739.77,5,2,456,239,dormant,core
ba6ce6de456f6c11d08c17701ba5c26f,2018-02-15 17:02:21,2018-07-23 19:41:14,744.35,6,6,41,528,growing,core
ba89796db68db180bd389de96b2ff3b6,2018-07-13 13:42:50,2018-07-29 10:00:52,309.8,2,1,35,676,activated,core
ba8e85df286308fe68a2ce83a8f8b2d6,2018-06-12 22:21:34,2018-06-12 22:21:34,80.9,1,1,82,646,at_risk,long_tail
ba90964cff9b9e0e6f32b23b82465f7b,2018-02-25 12:47:36,2018-08-15 18:28:56,44212.5,38,7,18,538,established,high_value
baa49d93c8c8841e27400a300f5d74b2,2017-05-03 13:31:27,2017-06-05 12:57:58,246.39999999999998,6,2,454,240,dormant,core
bab0a8cd684e41ba6e2637dca0979d3b,2017-08-22 13:33:36,2017-08-22 13:33:36,269.9,1,1,376,351,dormant,core
babcc0ab201e4c60188427cae51a5b8b,2018-07-01 10:23:10,2018-07-01 10:23:10,79.0,1,1,63,664,at_risk,long_tail
bac44fa8e13424950488659b5f765c41,2016-10-04 22:43:33,2016-10-04 22:43:33,19.9,1,1,698,30,dormant,long_tail
bac692d6c0ed08467878018e6cc9c26c,2018-07-31 16:21:04,2018-07-31 16:21:04,477.0,1,1,33,694,activated,core
bacb1f0ed56ad24198f5810d2b3fe9a5,2017-04-30 21:10:28,2018-01-17 22:58:43,6940.45,42,9,228,237,dormant,high_value
baeda7047354773262ba2405f97038ba,2017-09-30 07:55:03,2017-09-30 07:55:03,35.0,1,1,338,390,dormant,long_tail
baf15155e37ef5492731459bdc05be8a,2017-03-16 11:18:01,2017-03-16 11:18:01,47.0,1,1,535,192,dormant,long_tail
bafc5aa11e413978be29040f51342e70,2017-12-04 19:43:40,2018-01-25 09:28:33,1679.55,9,2,220,455,dormant,core
bb135baca94c82fcb731335ad5b04a03,2017-01-21 06:58:31,2018-08-11 16:39:54,1049.8,18,12,22,138,established,core
bb2afe2061d53c6968aa0cffa233a8ec,2018-05-09 17:11:55,2018-07-21 23:56:29,549.4,5,2,43,611,activated,core
bb3dca718920a4d7ec3cc9ffb025108b,2017-02-08 13:09:38,2017-02-15 17:55:10,108.0,2,1,564,156,dormant,long_tail
bb5bd94c8f59cc050072d2930c869cac,2017-02-12 18:43:37,2018-06-08 09:43:52,2543.87,16,11,86,160,at_risk,core
bb5d956dece964a06c12bceb66b923ae,2018-01-21 15:52:24,2018-02-19 12:18:48,1278.36,2,2,195,503,dormant,core
bb7a14e229b1c95156719c3d9552eeee,2017-10-09 08:49:32,2018-04-20 12:56:37,3190.1,11,5,135,399,dormant,core
bb7ad8a45c027be8ab075b8e465f8ca0,2018-07-22 22:54:11,2018-07-28 13:17:15,19.98,2,1,36,686,activated,long_tail
bba3293d6f5d5af2f415e004e8b93ae3,2017-09-02 21:01:18,2018-06-22 22:17:39,11702.1,17,7,72,362,at_risk,high_value
bba74270a87732727b5a3b4fd9ac1c39,2017-10-02 09:21:04,2018-05-31 13:18:45,6001.59,36,8,94,392,dormant,high_value
bba8d0c234a52b87b3957037a215d1a4,2018-05-04 19:24:09,2018-05-04 19:24:09,120.0,1,1,121,606,dormant,long_tail
bbad7e518d7af88a0897397ffdca1979,2017-06-05 11:30:05,2018-08-06 10:55:03,4462.22,69,15,27,273,established,core
bbaff50f3b708fda865918715276cd87,2017-03-15 11:20:40,2018-08-06 21:40:05,449.7,12,10,27,191,established,core
bbd3acfe6de99892e73940d3fdceaf68,2018-08-18 15:57:06,2018-08-21 10:38:28,69.0,2,1,12,712,activated,long_tail
bbe87dce25ba8b38bb61cc7210a3f10b,2018-05-11 10:13:31,2018-08-24 09:18:20,287.0,2,2,9,613,activated,core
bbf4a892cac7b82422baa711dffb8997,2018-06-11 11:35:34,2018-06-11 11:35:34,70.0,1,1,83,644,at_risk,long_tail
bbf9ad41dca6603e614efcdad7aab8c4,2017-02-05 17:07:34,2018-06-23 18:22:41,7846.0,14,10,71,153,at_risk,high_value
bc07d855eac23aab5ac8a120f21d16b2,2018-03-08 19:38:25,2018-08-12 13:26:21,1283.1100000000001,12,5,21,549,growing,core
bc2ac6b95e1accce9858528ee566c17e,2017-08-21 19:07:53,2018-05-21 17:38:06,2045.0,18,8,104,350,dormant,core
bc302730ea8cf49b5c74f579febb5bbf,2017-08-07 12:44:28,2018-08-02 18:35:44,2640.9,11,8,31,336,established,core
bc30de0d71bd6260b936a026b5cf7200,2018-04-11 16:10:27,2018-04-26 13:47:17,392.37,3,1,129,583,dormant,core
bc39d8938f90a3a2b98193723ed59774,2018-04-26 21:37:53,2018-06-21 15:08:30,306.8,2,2,73,599,at_risk,core
bc47d5d1490df2b36add65d733eafaba,2018-01-11 15:08:00,2018-08-08 14:33:34,1004.8,24,8,25,493,established,core
bc503e244f187939d10c92a5c8e378ce,2017-04-04 13:46:04,2018-02-26 18:30:59,637.67,7,6,188,211,dormant,core
bc8c8d665ec4664d286be0d521722b19,2018-08-06 15:03:53,2018-08-06 15:03:53,22.5,1,1,27,700,activated,long_tail
bca9230d3bbb4efa51872bf605a2f1ad,2018-06-07 14:01:50,2018-08-27 23:30:28,117.57,5,2,6,640,activated,long_tail
bcc9dd23e2a8bd8267cf92b19304a1b9,2018-01-19 23:31:34,2018-02-21 22:43:55,202.79000000000002,3,2,193,502,dormant,core
bccf933e006e9b94a6184af782963e77,2017-10-06 19:38:37,2018-08-21 15:13:19,4162.74,45,9,12,396,established,core
bcd2d7510d58e293f20fad6438c1b314,2017-02-09 11:38:52,2017-02-09 11:38:52,23.9,1,1,570,157,dormant,long_tail
bce6a5ecf98e99fd2a8868b15c51f04b,2018-06-02 10:10:55,2018-08-22 10:51:09,3464.9,14,3,11,635,growing,core
bcf5566870987da7bc811fbc8c5b9fd9,2017-08-10 09:31:59,2017-08-10 09:31:59,96.0,1,1,388,339,dormant,long_tail
bd0389da23d89b726abf911cccc54596,2017-03-13 19:41:54,2018-08-14 14:48:11,7472.16,87,16,19,189,established,high_value
bd0a1b0aadca9a83d9304f7e8ff5fbd5,2018-07-15 21:50:53,2018-07-29 20:39:20,150.6,4,1,35,679,activated,long_tail
bd149ed516d4c5d418d5781f8e18919f,2017-10-31 14:13:14,2018-08-23 23:04:04,414.0,8,3,10,421,growing,core
bd15ee794d5e640d9dd71b665b2ab15b,2018-03-21 12:59:12,2018-08-14 11:46:06,374.79999999999995,12,6,19,562,established,core
bd1d49a326abfa9b1036772e40445430,2017-11-07 22:51:11,2018-06-15 12:52:13,637.7,12,6,79,429,at_risk,core
bd23da7354813347129d751591d1a6e2,2017-07-17 11:44:41,2018-08-17 09:08:30,10544.300000000001,89,14,16,315,established,high_value
bd43e172d599bed47a85da877172ca8c,2018-07-17 23:29:45,2018-07-17 23:29:45,23.92,1,1,47,681,activated,long_tail
bd4431c1a8dfa744b59e1e2a8bc99b9e,2018-04-05 22:09:05,2018-08-14 12:35:00,809.5,7,3,19,578,growing,core
bd4889b5e9133b35b66e42a8665cea5c,2017-04-08 19:30:11,2018-07-24 11:50:06,6271.9,36,14,40,215,established,high_value
bd4ff04377f974574f7f0bf9d6ce7dde,2016-10-05 17:14:27,2017-02-20 12:16:48,164.96,4,2,559,30,dormant,core
bd65d163ded559eb90a10cd09fec178f,2017-08-21 10:31:19,2017-08-21 10:31:19,19.8,1,1,377,350,dormant,long_tail
bd697db56ff8e7c9cd1abeb7f72029b2,2017-02-12 12:32:38,2018-08-10 12:30:45,3069.78,22,12,23,160,established,core
bdae679a9b282249bc23b9b69dae9a99,2018-02-14 11:37:48,2018-08-13 12:13:40,663.15,6,5,20,527,growing,core
bdb3edbaee43a761e2d4f258dc08f348,2017-11-21 22:22:38,2017-12-18 11:50:01,259.5,5,2,258,443,dormant,core
bdf0d02d36a1d839d0c39c4a887cdd49,2018-01-07 18:31:16,2018-02-04 20:00:08,120.0,5,2,210,489,dormant,long_tail
be1e9e378700cecaa4ebf71433d7915c,2017-11-19 11:04:14,2018-01-22 17:08:00,119.89000000000001,2,2,223,440,dormant,long_tail
be3b4b0f050a6aa1b2d901c4b77e979f,2018-04-26 09:05:59,2018-06-08 12:12:54,578.1999999999999,3,3,86,598,at_risk,core
be67f78487e2cecb0d55bc769709e4f5,2018-03-23 17:06:29,2018-03-23 17:06:29,102.0,1,1,163,564,dormant,long_tail
be7a093e5b4d147b36b72bb1f9e415e5,2018-07-07 10:44:58,2018-07-07 10:44:58,60.9,1,1,57,670,activated,long_tail
be8e909810184b9b19e886129149d8e5,2017-10-03 13:27:13,2018-05-13 13:20:54,629.85,15,7,112,393,dormant,core
be9a160a9011f627c3e121d076c1ec7b,2017-03-26 11:36:32,2017-12-08 13:25:28,2934.0,7,6,268,202,dormant,core
beadbee30901a7f61d031b6b686095ad,2018-05-28 18:47:40,2018-08-22 09:16:14,4373.98,64,4,11,630,growing,core
bec568278124768c474ee90971ca94d1,2018-06-17 22:38:30,2018-07-30 19:24:57,219.9,2,2,34,651,activated,core
bede56095ba33c42038fb85f707b8a42,2017-08-20 19:28:57,2017-12-17 09:15:37,3973.9,2,2,259,349,dormant,core
bee36b4f9a2b9fdcaff6ec05df202ed0,2017-02-11 17:06:41,2017-03-05 21:02:51,33.8,2,2,546,159,dormant,long_tail
bf00385a5f7fc1ef39a13c2e9ee50a5f,2018-07-03 15:45:08,2018-08-27 19:59:06,870.3,29,2,6,666,activated,core
bf0045791395e66460eb04749c68672a,2017-02-07 13:50:56,2017-03-15 21:04:08,119.8,2,2,536,155,dormant,long_tail
bf0d50a6410d487dc97d2baac0a8c0be,2018-05-09 14:14:06,2018-05-09 14:14:06,27.9,1,1,116,611,dormant,long_tail
bf100ecb7997df312b285358fb32f92c,2017-01-23 07:33:11,2018-02-04 20:43:44,1991.9,20,10,210,140,dormant,core
bf3c6d2a28b2b5501e6c15448982dcc9,2017-05-29 22:47:27,2018-05-09 12:03:22,3956.5,35,10,116,267,dormant,core
bf84056e679dbe9c69929847a40e338f,2018-02-19 11:58:17,2018-04-29 13:50:30,2024.04,36,3,126,532,dormant,core
bf961104a38e01b9062ee026bb657dee,2017-02-02 13:51:50,2017-02-09 19:08:19,585.56,4,1,570,150,dormant,core
bfd27a966d91cfaafdb25d076585f0da,2017-02-05 12:45:04,2018-07-02 10:01:40,19921.0,117,18,62,153,at_risk,high_value
bfd938b22bc99bce1ae60dc602889f52,2017-01-22 21:50:07,2017-04-15 13:21:33,922.8000000000001,6,3,505,140,dormant,core
bff9deb0ec77d437f3305a79cf25529e,2018-06-23 07:13:25,2018-08-16 22:31:19,161.95,5,3,17,656,growing,core
c003204e1ab016dfa150abc119207b24,2017-10-18 23:51:56,2018-08-26 16:19:58,25108.09,197,11,7,409,established,high_value
c00396cbdd2e088fe4281baa5920aef1,2018-04-04 14:36:46,2018-04-04 14:36:46,832.4100000000001,1,1,151,576,dormant,core
c004e5ea15737026cecaee0447e00b75,2018-08-06 11:06:21,2018-08-10 00:17:59,4700.0,2,1,24,700,activated,high_value
c0098efcf800861dcae589affca31408,2017-12-06 18:59:33,2018-07-17 08:06:39,1189.28,9,5,48,457,growing,core
c013e57c075a06e5b5c48ee03c525719,2018-02-27 15:10:06,2018-08-26 19:04:05,1971.55,42,7,7,540,established,core
c026ef0d72e9132d9fa112308090c8dc,2018-08-05 11:38:06,2018-08-05 11:38:06,520.0,1,1,28,699,activated,core
c03121937e54a93fcc1825c3098bbb6e,2017-03-28 17:03:51,2018-05-03 20:52:38,1043.0,7,6,122,204,dormant,core
c04d70d515d15a7e3db3a73320598566,2017-05-24 22:17:27,2017-11-13 10:38:36,158.2,3,3,293,262,dormant,long_tail
c0563dd588b775f2e37747ef6ad6c92c,2017-02-28 15:22:46,2018-08-20 16:08:31,3697.2000000000003,28,15,13,176,established,core
c092292535a57dacd95a8765f5518f87,2018-07-05 16:07:58,2018-07-05 16:07:58,125.0,1,1,59,668,activated,long_tail
c0aff2da32c17759d30b22fb0af6649d,2018-06-11 13:15:42,2018-08-22 15:27:49,188.8,4,2,11,644,activated,core
c0e0b73d039eb9a99b6ce4cb7a429cd3,2018-06-15 15:53:06,2018-06-15 15:53:06,29.88,1,1,79,648,at_risk,long_tail
c0e6839516f5398edc34adf5f1d53d1a,2017-05-06 10:58:50,2017-08-12 17:39:56,432.92,3,2,386,243,dormant,core
c0f3eea2e14555b6faeea3dd58c1b1c3,2018-08-03 00:26:04,2018-08-03 00:26:04,79.99,1,1,31,697,activated,long_tail
c0f783394e37cd9c9d7f5f81141450fa,2017-11-10 13:49:38,2017-12-13 17:14:37,249.39999999999998,6,2,263,431,dormant,core
c113b8df1fc375bc3d73d29c1b1144d1,2017-06-15 10:15:14,2017-08-02 16:17:16,333.0,3,3,396,283,dormant,core
c12b92bf1c350f3e6bf88d3596219c86,2018-05-01 14:15:31,2018-08-13 15:17:31,4808.78,17,4,20,603,growing,high_value
c12d7463a579237ffb9248bd7cff378b,2016-10-06 13:16:56,2016-10-06 13:16:56,25.9,1,1,696,31,dormant,long_tail
c13ef0cfbe42f190780f621ce81f2234,2018-01-18 13:36:21,2018-01-18 13:36:21,390.0,1,1,227,500,dormant,core
c13fb473e7cb8b83ccd543c094df0608,2017-01-30 22:18:53,2017-03-20 10:48:56,54.8,2,2,531,148,dormant,long_tail
c1552b1dab6e6f760950368ae61fb600,2018-08-22 14:24:54,2018-08-25 11:00:52,53.8,2,1,8,716,activated,long_tail
c157bdeedcbc9a8e3c8bf0d87ff24428,2017-05-05 16:46:55,2017-08-20 12:22:14,514.27,7,4,378,242,dormant,core
c161d1327ebc3a156c09582ab2f59f6c,2017-08-04 13:54:51,2018-02-09 16:25:56,52.99,3,3,205,333,dormant,long_tail
c18309219e789960add0b2255ca4b091,2017-12-05 13:49:27,2017-12-05 13:49:27,9.9,1,1,271,456,dormant,long_tail
c1849d4d32d7a6cecd5aa471809d3135,2018-08-04 12:56:08,2018-08-26 22:41:03,388.98,3,1,7,698,activated,core
c1d1ebb4745cc43cb6f05e9c8a705c9a,2017-04-20 20:47:53,2017-11-18 02:39:31,34.5,3,3,289,227,dormant,long_tail
c1dde11f12d05c478f5de2d7319ad3b2,2018-08-19 18:13:40,2018-08-19 18:13:40,12.5,1,1,14,713,activated,long_tail
c1ed9e3daf6154542826a6996af0fb8c,2017-08-15 20:57:47,2018-03-02 15:27:23,971.25,9,7,184,344,dormant,core
c1f12f926d0ba950578b4fa41115cbb6,2018-02-24 12:00:07,2018-08-01 17:20:32,479.6,2,2,32,537,activated,core
c200c73f9d7e5a08ca439d6a0803da7c,2017-05-23 12:55:16,2017-05-23 12:55:16,40.0,1,1,467,260,dormant,long_tail
c240c4061717ac1806ae6ee72be3533b,2018-05-08 17:40:24,2018-05-08 17:40:24,59.9,1,1,117,610,dormant,long_tail
c24173065483e421f9e5e7f599de101d,2017-07-11 14:17:47,2017-11-24 14:46:52,373.91,9,5,282,309,dormant,core
c26a2be5b53b7db6b276280da212a779,2017-08-08 13:37:37,2018-08-03 16:58:12,7482.0,13,9,30,337,established,high_value
c26ba52cf8d2f34915f2f6b7ffa0a3f3,2017-12-10 22:31:27,2018-02-15 16:51:40,125.96,4,3,199,462,dormant,long_tail
c273175f7c6c80fb02f051e2fc6d0d72,2017-01-25 16:25:03,2017-07-20 11:33:01,1188.23,14,4,409,142,dormant,core
c286ec035ee04ba81c97508f0b5df544,2017-05-12 22:47:15,2017-09-20 16:36:47,493.0,2,2,347,250,dormant,core
c2bda99904207edd1834f03e0022b007,2017-08-11 11:42:45,2017-09-27 09:25:55,79.8,2,2,340,340,dormant,long_tail
c2d70ce2c5d0a2eb75e78668236e6dc8,2017-09-22 11:58:32,2018-08-27 23:12:55,2470.9,13,7,6,382,established,core
c31eff8334d6b3047ed34bebd4d62c36,2017-11-25 11:48:45,2018-08-17 08:05:07,13191.5,122,9,17,446,established,high_value
c3251e13f1bbda6c74e37c160f991e19,2017-03-18 18:18:22,2017-05-26 16:15:49,437.79999999999995,2,2,464,194,dormant,core
c32fc744b9160ac853450488e3cfea93,2018-03-19 17:28:25,2018-06-06 22:51:55,185.70000000000002,3,3,88,560,at_risk,core
c33847515fa6305ce6feb1e818569f13,2018-05-09 20:36:26,2018-08-22 16:38:09,15519.85,114,4,11,611,growing,high_value
c33a5c3c983090c8b78a28e65052a20d,2018-01-15 10:28:06,2018-06-24 23:22:22,629.1,9,5,70,497,at_risk,core
c353f8fc0ce8344999f17d578eb69a5e,2017-01-23 07:23:50,2017-02-06 14:54:29,175.98,2,2,573,140,dormant,core
c35672b10ad50968f567ea3f4b91e877,2017-08-21 20:40:53,2018-08-04 16:27:58,1150.57,18,9,29,350,established,core
c35affa65afd250151285c5917fc1c8a,2017-11-04 17:06:18,2018-06-25 11:15:35,5279.91,9,6,69,425,at_risk,high_value
c360e4787614ed31ac7a2f95d3b22dc6,2018-06-13 09:32:06,2018-06-13 09:32:06,188.9,1,1,81,646,at_risk,core
c37b2059d4f90d4feead554e5246565e,2017-11-03 16:43:28,2018-07-02 20:39:32,839.3,12,7,62,424,at_risk,core
c3867b4666c7d76867627c2f7fb22e21,2017-03-30 13:28:48,2018-07-09 00:04:47,37153.4,245,16,56,206,established,high_value
c394e193cda3b4225ff2094d32184849,2018-04-19 13:54:06,2018-05-20 09:53:33,3419.88,3,2,105,591,dormant,core
c398bc00a606d33758afd91f4e64fd15,2018-05-30 22:12:22,2018-06-28 14:33:53,150.0,2,2,66,633,at_risk,long_tail
c3aad7dc65449ae90a5e9c3c6c1e78e0,2018-08-10 15:26:47,2018-08-23 00:23:11,510.0,6,1,11,704,activated,core
c3acdfac4e3e97ff87529454fbc03642,2018-03-24 13:40:27,2018-08-16 18:52:14,16788.0,12,6,17,565,established,high_value
c3cfdc648177fdbbbb35635a37472c53,2017-01-27 17:16:40,2018-08-27 21:04:17,43048.18,278,20,6,144,established,high_value
c3e1abd72a42fe690fcd89cf5720fe29,2018-05-22 19:45:11,2018-08-13 13:36:58,1798.61,13,4,20,624,growing,core
c3e2398fcc7e581cda2e546557bf6968,2018-06-23 20:33:24,2018-06-23 20:33:24,14.9,1,1,71,656,at_risk,long_tail
c3ee2331a724e6fc02c4b698b57a73f3,2017-11-22 08:33:09,2017-12-02 09:45:39,1347.0,2,2,274,443,dormant,core
c3f5668699a1b04c0fa61ecea1e2bff6,2018-03-26 06:56:38,2018-08-02 20:20:53,407.81,3,3,31,567,growing,core
c3fe93ba3085f92855c97e57f38c8c05,2017-06-08 18:45:48,2018-07-24 23:30:08,245.0,7,6,40,276,growing,core
c42fd8e4d47dfb18ce5222f2dd7752f9,2017-02-13 11:10:57,2017-05-21 15:02:45,466.99,7,3,469,161,dormant,core
c43d924a0f1688ee9fae0efcd6f539d4,2016-10-09 23:50:37,2016-10-09 23:50:37,29.9,1,1,693,35,dormant,long_tail
c447f8dd3ed213f291d65ef074a268eb,2017-02-06 00:25:15,2017-06-19 02:03:15,655.0,7,4,441,154,dormant,core
c458e2045a8aa8964f8879af03fdcce6,2017-02-12 18:48:56,2017-05-05 12:35:47,494.91,4,3,485,160,dormant,core
c4af86330efa7a2620772227d2d670c9,2018-01-02 19:00:43,2018-06-15 20:46:53,5396.0,4,3,79,484,at_risk,high_value
c4b911d06343b21dd906651f8101cb49,2017-11-08 19:49:12,2017-11-09 06:13:41,90.98,2,1,298,429,dormant,long_tail
c4d51195486dc781531876a7d00453d8,2018-03-31 21:04:40,2018-06-05 00:43:11,11468.98,17,4,90,572,at_risk,high_value
c4f7fee5b0db50e87766f5a4d1b1b758,2018-04-15 13:07:03,2018-07-12 12:14:56,11961.829999999998,8,2,52,587,activated,high_value
c4fabeea6e569d42d02993bb1f4f1cbc,2018-01-12 12:45:01,2018-08-07 15:42:52,859.3000000000001,11,7,26,494,established,core
c4fb51fb1c5b7c07bc5e67be6e7e8f6e,2017-07-24 13:37:49,2018-08-12 18:23:47,1567.9,15,10,21,322,established,core
c500367424994318b9e779ff1ae9a330,2017-09-01 09:24:39,2017-12-01 16:51:00,4346.4,9,4,275,361,dormant,core
c510bc1718f0f2961eaa42a23330681a,2018-04-17 11:10:00,2018-08-13 19:38:49,12251.0,13,4,20,589,growing,high_value
c522be04e020c1e7b79f3acff36513d5,2018-04-23 01:40:58,2018-08-23 13:33:34,739.9300000000001,7,5,10,595,growing,core
c52c644cc0dc85121207a27013efc6af,2018-08-10 14:19:56,2018-08-10 14:19:56,397.8,1,1,23,704,activated,core
c53bcd3be457a342a97e39e5a9f0be22,2017-01-30 23:20:41,2018-07-22 20:44:34,509.5,5,4,42,148,growing,core
c542f5a8c64d973f30e9df8d06f70b4a,2017-01-18 09:52:32,2017-01-18 09:52:32,81.0,1,1,592,135,dormant,long_tail
c54679b132454625907c773d273d4126,2018-03-27 14:16:24,2018-07-28 18:11:21,1032.0,7,5,36,568,growing,core
c5e60e39c0f42b8e827daa13cff74afa,2018-08-15 16:58:08,2018-08-26 11:02:58,134.0,6,1,7,709,activated,long_tail
c5ebe6598748b0aeaa61cfb820478b92,2018-07-04 22:19:41,2018-08-28 14:01:04,297.0,3,2,5,668,activated,core
c5f7e746b7e6d07def6c0dae9903279b,2018-04-15 18:59:34,2018-08-22 22:36:53,1429.0,10,4,11,587,growing,core
c5f7feb04a6a1fb3596322bfc3cf1917,2018-06-14 16:20:35,2018-08-17 09:07:53,1720.6,11,3,16,647,growing,core
c60b801f2d52c7f7f91de00870882a75,2018-01-27 19:13:48,2018-08-21 12:26:53,12913.5,41,8,12,509,established,high_value
c611f4ce9ce875bcc063fa97fd4d7d12,2018-07-31 14:42:55,2018-07-31 14:42:55,319.0,1,1,33,694,activated,core
c6218512d16fcac0af02fe92691cf274,2017-04-11 13:00:12,2017-06-02 14:34:31,674.0,8,3,457,218,dormant,core
c6381b1321d7d97717a5bb4ed5b77882,2018-07-09 20:42:03,2018-08-09 23:19:46,66.0,2,2,24,672,activated,long_tail
c6381d2d013342748761e906d45aff76,2017-10-31 23:50:58,2018-07-25 01:12:50,2042.98,15,9,40,422,established,core
c64a2aec32cc408a8a4c6d7c46017f91,2017-11-24 14:41:34,2018-02-14 17:51:11,3221.5,9,4,200,445,dormant,core
c66dccfb3f109511246da627dd5a2498,2018-01-15 13:54:27,2018-08-24 16:32:04,12708.55,45,8,9,497,established,high_value
c679fb69a36e1d8349e8c50a217b4d58,2018-07-22 21:45:44,2018-08-20 15:12:17,1825.68,14,2,13,686,activated,core
c68fb906c8f4b4b946d8386bfa6e5467,2017-03-18 17:09:49,2018-07-30 17:46:46,4541.16,45,16,34,194,established,high_value
c6a7539d424a8402232c2228d7a03c5e,2017-09-05 13:30:15,2018-05-22 22:39:03,607.5,10,7,103,365,dormant,core
c6bda72e4dbf5c5866b13cb1810c6d03,2017-07-12 18:18:00,2018-08-23 18:06:57,14059.380000000001,59,12,10,310,established,high_value
c70a353f02429c00775a46a75fb787da,2018-07-17 18:27:15,2018-08-10 15:11:34,242.0,6,2,23,680,activated,core
c70c1b0d8ca86052f45a432a38b73958,2018-04-06 17:12:41,2018-08-29 08:46:11,36537.369999999995,261,5,5,578,growing,high_value
c714262700f93defc16bf17a51a4cb23,2018-03-16 23:37:45,2018-05-15 00:50:44,421.8,4,3,111,558,dormant,core
c716e0b86ed568878475b60fbb6323ad,2018-03-26 13:11:28,2018-03-26 13:11:28,35.0,1,1,160,567,dormant,long_tail
c7246702dc991a06d788120dc7544391,2018-02-19 22:45:39,2018-02-19 22:45:39,54.86,1,1,195,533,dormant,long_tail
c72de06d72748d1a0dfb2125be43ba63,2018-05-10 12:09:59,2018-08-18 14:50:45,17522.0,21,4,15,612,growing,high_value
c731d18cea9bf687ffee82a241c25b11,2017-02-23 12:20:44,2018-08-27 12:39:11,3662.0,24,14,6,171,established,core
c747d5b92c7648417faea95d36d763e8,2017-11-24 22:46:55,2017-11-24 22:46:55,139.0,1,1,282,446,dormant,long_tail
c74f14c1e26cf1bd5bd34b6a1e274426,2018-01-27 19:05:19,2018-01-27 19:05:19,39.0,1,1,218,509,dormant,long_tail
c76d418370990614e89e956c7a7567d9,2017-08-11 14:51:35,2017-09-12 13:52:34,305.24,2,2,355,340,dormant,core
c79151301b9d90985d1fa52879213105,2017-11-18 11:32:47,2018-04-16 20:22:37,322.3,4,3,139,439,dormant,core
c794dab4928dd97beb41d05514441e86,2017-12-08 09:46:41,2018-06-24 03:33:48,1312.3999999999999,16,7,71,459,at_risk,core
c7a0a13cbcf29d5ce51c8f80afdc0b89,2017-10-04 23:18:03,2018-08-08 23:12:35,483.08,8,7,25,395,growing,core
c7b7db6c8f3c64a7cc1afa634db21d50,2018-03-11 10:27:45,2018-03-11 10:27:45,1489.0,1,1,175,552,dormant,core
c7bb64409aa480bb7d0335faaaf3d242,2018-06-23 16:04:00,2018-07-02 10:34:59,97.6,4,2,62,656,at_risk,long_tail
c7c7b2682c648339a0e9846bb1023a39,2017-10-12 23:15:50,2017-12-13 18:53:25,168.0,2,2,263,403,dormant,core
c7dcd301ecfe5ab7f778ac172cf74be7,2016-10-04 12:06:11,2016-10-06 16:34:16,457.69,4,1,696,29,dormant,core
c7fdb77fdbff3c41981bc52f787e959e,2018-01-10 02:05:46,2018-07-21 19:34:46,696.32,10,6,43,492,established,core
c8025364abeecb115431bf95c11a747f,2018-05-16 19:07:31,2018-08-09 20:57:18,928.0,2,2,24,618,activated,core
c8143b3069f6746a77421b5ce30a450c,2017-07-02 13:10:36,2017-07-02 13:10:36,142.47,1,1,427,300,dormant,long_tail
c826c40d7b19f62a09e2d7c5e7295ee2,2017-08-27 13:02:01,2018-08-27 15:21:15,45643.74,354,13,6,356,established,high_value
c840d3fdbba0790404fdae73d253b253,2017-10-21 09:09:48,2018-06-29 12:41:16,4522.28,9,5,65,411,at_risk,high_value
c8417879a15366a17c30af34c798c332,2017-02-22 10:49:34,2017-09-28 20:11:40,1767.9,26,8,339,170,dormant,core
c84592044b180dec206770c38603814b,2018-02-28 14:53:09,2018-05-22 20:31:58,511.94000000000005,15,4,103,541,dormant,core
c8467937e403e76a8ee9f0ab13f6f5ef,2017-09-21 15:17:42,2018-08-13 20:11:13,1853.79,30,8,20,381,established,core
c847e075301870dd144a116762eaff9a,2017-02-15 12:18:51,2018-01-10 11:38:12,15348.7,42,9,235,163,dormant,high_value
c85d7b477a709c85a1e8b8f25aa1b270,2017-06-28 21:28:34,2017-06-28 21:28:34,75.0,1,1,431,297,dormant,long_tail
c864036feaab8c1659f65ea4faebe1da,2017-07-19 16:15:37,2018-08-09 16:23:03,10454.2,58,14,24,317,established,high_value
c8660dcf9ba70575f45d80fe28c27713,2017-02-07 13:59:49,2017-03-20 20:31:35,335.0,4,2,531,155,dormant,core
c8665a4dd081a2c436b1cd921079d0d9,2018-06-18 12:48:25,2018-06-18 12:48:25,79.39,1,1,76,651,at_risk,long_tail
c8771b1a10bb99bb34d3c459c5cffb53,2017-05-30 16:14:58,2017-05-30 16:14:58,64.9,1,1,460,267,dormant,long_tail
c878515173c84a492ebe50d6b493230b,2017-03-13 14:28:41,2017-11-15 20:16:54,1118.84,9,5,291,189,dormant,core
c87abc38c8ed3240861729e1aeadf221,2017-12-26 02:35:27,2017-12-26 02:35:27,133.0,1,1,251,477,dormant,long_tail
c88f62b4c386a59281014d677864d016,2017-03-04 14:08:26,2017-03-04 14:08:26,1099.0,1,1,547,180,dormant,core
c89cf7c468a48af70aada384e722f9e2,2017-06-07 16:38:50,2018-08-06 14:31:24,745.0,14,8,27,275,established,core
c8b0e2b0a7095e5d8219575d5e7e1181,2017-07-12 19:56:51,2018-08-17 12:03:54,12170.210000000001,84,13,16,310,established,high_value
c8b3445d737de6befde0c88ede534a5e,2017-11-17 10:26:28,2018-06-27 09:21:40,3149.04,30,8,67,438,at_risk,core
c8c1bea22194a4eefa2dc9a9fa89f536,2018-06-04 10:34:10,2018-08-03 10:20:22,1266.0,7,2,30,637,activated,core
c8cc60ffd415254af5d9b9f34f32c369,2018-06-05 19:11:38,2018-08-15 17:47:48,722.2,8,3,18,638,growing,core
c8e135e7b21ecbc36c1153a29d2f5a06,2017-02-01 14:39:07,2017-05-28 21:29:35,1165.5,7,3,462,149,dormant,core
c963a25b8671419c6ce9eebe8fd03218,2018-05-01 01:28:38,2018-05-01 01:28:38,49.0,1,1,125,603,dormant,long_tail
c97aa4ee7420f937da13b7f9e2228b99,2018-08-17 20:47:06,2018-08-17 20:47:06,29.9,1,1,16,711,activated,long_tail
c990d6cf976a5718aaedc539f383ab88,2017-10-05 15:37:40,2018-01-20 17:59:58,200.9,10,3,225,395,dormant,core
c9a06ece156bb057372c68718ec8909b,2016-10-05 14:36:55,2017-02-28 12:49:50,4688.9,14,3,551,30,dormant,high_value
c9aafcd0621b2207c10e32c649cada4d,2018-07-14 21:25:42,2018-08-12 12:13:28,2997.25,44,2,21,678,activated,core
c9c7905cffc4ef9ff9f113554423e671,2017-06-02 09:41:21,2018-08-21 19:49:49,10657.18,127,15,12,270,established,high_value
c9d2ba8dde44a275ae06475ed1d2fafc,2017-02-06 00:33:42,2017-02-06 00:33:42,28.79,1,1,574,154,dormant,long_tail
c9e5ad1f6647f5dbd1172adf6ae3cada,2017-10-23 22:10:42,2018-06-09 01:16:23,259.03,4,3,86,414,at_risk,core
ca3bd7cd9f149df75950150d010fe4a2,2017-01-25 11:32:02,2018-08-06 17:47:40,9731.85,71,18,27,142,established,high_value
ca4b77513ac2040591b0d8fae6958380,2018-07-15 13:52:04,2018-08-22 10:28:17,1772.45,14,2,11,678,activated,core
ca5832c6960267b71041f74bb39e8b12,2017-06-19 17:11:51,2017-06-19 17:11:51,79.9,1,1,440,287,dormant,long_tail
ca77545ca4d2dfd1431bf61334e2fa3c,2018-01-02 09:37:13,2018-04-24 15:34:22,760.0,6,4,131,484,dormant,core
ca7c6bd577e559472af1c699de9e764e,2018-03-22 11:49:41,2018-04-04 13:47:39,148.0,6,2,151,563,dormant,long_tail
caa9bc43a9fe8cf9c564ddd8a03cc4a6,2018-04-16 13:04:33,2018-08-27 18:50:06,803.87,13,4,6,588,growing,core
cab85505710c7cb9b720bceb52b01cee,2016-10-08 04:01:53,2018-08-28 11:26:02,11389.1,206,21,5,33,established,high_value
cac4c8e7b1ca6252d8f20b2fc1a2e4af,2016-10-08 17:43:26,2018-08-16 04:29:53,4168.18,75,18,18,33,established,core
cac4e0bc1a3269fa2b6ea5e763f6115b,2017-11-26 20:39:49,2018-03-27 05:53:39,57.88,2,2,160,447,dormant,long_tail
cac63f48c38cd7d002a7e846dcd99a23,2017-11-27 22:26:08,2018-08-18 19:39:10,874.0,10,8,15,449,established,core
cac876b37d3abcd6bd76caca30277996,2018-02-13 12:38:05,2018-07-26 13:09:26,2229.77,27,6,38,526,established,core
cad10cc982ab6a391570c211b995c17c,2018-04-22 12:03:21,2018-04-22 12:03:21,47.4,1,1,133,594,dormant,long_tail
cad9969167c09b48ae6f1d123f7fa68d,2018-07-24 10:56:17,2018-07-31 21:45:27,43.2,2,1,33,687,activated,long_tail
cb0b3bcf14e0a709df412a99424a59d7,2018-04-05 22:53:51,2018-04-16 17:46:55,460.0,2,1,139,578,dormant,core
cb162c8eef257253782d245c08d9097c,2017-11-19 20:37:11,2017-11-19 20:37:11,34.99,1,1,287,440,dormant,long_tail
cb32766839f443db85c82a43c4a6c19e,2017-02-10 15:43:45,2017-02-26 16:03:49,234.0,2,1,553,158,dormant,core
cb3dd9ce66268c7a3ca7241ac70ab58c,2017-02-07 01:47:42,2018-04-23 21:42:34,2879.76,50,15,132,155,dormant,core
cb41bfbcbda0aea354a834ab222f9a59,2017-11-28 09:10:12,2018-07-06 16:21:43,4002.0,12,7,58,449,established,core
cb4a705d00e100b9732d0ca34817d441,2017-11-24 22:07:05,2017-11-24 22:07:05,998.0,1,1,282,446,dormant,core
cb5df0dcb9e280b1780e9d589889f2c7,2017-01-29 14:57:59,2017-06-14 17:06:33,2934.7200000000003,16,5,445,146,dormant,core
cb5ff1b9715e99589f3e0c7a6afab9e3,2018-08-02 12:05:14,2018-08-21 15:22:16,85.0,4,1,12,696,activated,long_tail
cb6c9f5888a7a090c75beaf615925792,2018-04-30 06:31:44,2018-08-19 19:12:14,779.8900000000001,11,5,14,602,growing,core
cb810bd318f51b3dc3c753944d61a1fa,2018-08-16 15:02:31,2018-08-16 15:02:31,1750.0,1,1,17,710,activated,core
cb8bcce248bb1fb274ba762d8b971456,2017-01-26 00:16:29,2018-08-18 06:29:22,9402.2,68,19,16,143,established,high_value
cb9fb4ca75d7ba8437480e8dde64fe98,2017-06-07 16:32:26,2017-10-11 09:41:39,532.14,10,5,326,275,dormant,core
cbbd5ae8f53de5f5097cd8217b529e24,2017-02-10 21:37:36,2017-02-12 00:02:36,351.8,2,1,568,159,dormant,core
cbd996ad3c1b7dc71fd0e5f5df9087e2,2017-02-15 21:50:37,2018-08-27 22:12:59,8411.04,165,18,6,164,established,high_value
cbf09e831b0c11f6f23ffb51004db972,2018-05-03 11:21:25,2018-08-21 17:40:41,1535.2,10,4,12,605,growing,core
cc1f04647be106ba74e62b21f358af25,2018-06-22 12:48:41,2018-06-22 12:48:41,11.9,1,1,72,655,at_risk,long_tail
cc3d14116804f7209f3884f6367f1152,2017-05-03 21:07:12,2018-08-21 16:40:15,5477.8,27,15,12,240,established,high_value
cc419e0650a3c5ba77189a1882b7556a,2017-01-31 17:15:33,2018-08-27 16:12:22,104288.42,1706,20,6,148,established,high_value
cc5a78bbad32776dc4e3af205218368c,2018-05-08 13:49:19,2018-08-24 02:24:29,4269.18,33,4,10,610,growing,core
cc63f0dd2acba93ffed4fe9f8e0321fa,2018-05-10 14:37:54,2018-08-24 09:17:45,7096.71,55,4,9,612,growing,high_value
cc80e2f693fa6e2408f47ccf62413fc1,2017-11-27 17:51:39,2017-12-01 16:49:36,420.0,2,2,275,448,dormant,core
cca3071e3e9bb7d12640c9fbe2301306,2016-10-03 22:06:03,2018-08-22 22:53:19,64009.89,712,21,11,29,new,high_value
ccada0ef508e698917a6eab263375905,2017-07-13 09:44:51,2017-10-05 17:01:01,172.8,3,3,332,311,dormant,core
ccb83a794700270fde70898fe9ff368b,2017-02-21 21:50:47,2017-08-06 13:09:40,11062.0,12,6,392,170,dormant,high_value
ccbd753e6863fe7314dc6c0ca5a074e7,2018-08-12 20:58:54,2018-08-12 20:58:54,495.0,1,1,21,706,activated,core
ccc4bbb5f32a6ab2b7066a4130f114e3,2017-01-07 13:29:22,2018-08-21 20:53:43,74004.62,187,20,12,124,established,high_value
cce6ab8d1682639fe45ab70234f1665f,2017-05-31 17:06:39,2018-07-15 10:32:58,2522.7,63,8,49,268,established,core
ccf8813e5a7d6c84d865cd38bfc2b130,2017-08-30 15:25:39,2018-08-23 09:27:52,2635.5,26,10,10,359,established,core
cd06602b43d8800bd0afad514919d35c,2017-01-26 11:48:46,2018-08-04 16:19:07,2588.07,44,15,29,143,established,core
cd2169d9f31ff6fbb9ca3373b0c9e354,2018-06-15 11:46:28,2018-06-15 11:46:28,569.0,1,1,79,648,at_risk,core
cd233f8bfa30ebfd651f47ee7d054951,2018-08-19 11:28:23,2018-08-19 11:28:23,79.9,1,1,14,713,activated,long_tail
cd3d09fbe6e3e9ff0c0ac0c300e93ae7,2018-06-27 12:13:43,2018-08-18 12:18:56,651.04,12,3,15,660,growing,core
cd52a8efd71af3336b14b5039b951cc1,2017-09-11 15:20:28,2017-11-25 01:15:04,170.8,3,2,282,371,dormant,core
cd68562d3f44870c08922d380acae552,2017-04-16 19:48:10,2018-06-15 23:27:00,18569.7,125,13,79,223,at_risk,high_value
cd6efc47efaabf134f8bdb654e10b4f1,2017-11-13 08:04:09,2018-08-15 14:18:13,4158.55,31,9,18,434,established,core
cd843d4cf8ef32827de0396605163ba3,2017-07-28 10:36:12,2018-08-13 16:25:25,1915.0,5,5,20,326,growing,core
cda598c48d7c614bc1cad7d8ff6f0010,2018-03-17 21:11:23,2018-08-15 10:36:56,1118.6000000000001,17,6,18,558,established,core
ce20a2ec1514c25e16f2b5b39bc818f0,2018-06-01 14:12:09,2018-08-13 14:18:20,287.0,4,2,20,634,activated,core
ce248b21cb2adc36282ede306b7660e5,2017-07-18 15:19:37,2018-08-04 12:12:10,15230.06,65,14,29,316,established,high_value
ce27a3cc3c8cc1ea79d11e561e9bebb6,2016-10-04 12:53:17,2018-08-25 13:07:13,10682.65,135,12,8,29,new,high_value
ce33c6211beaa8fef4cae8b52db39862,2017-02-12 15:53:19,2017-02-12 15:53:19,49.0,1,1,567,160,dormant,long_tail
ce3ad9de960102d0677a81f5d0bb7b2d,2018-07-30 12:20:10,2018-07-30 12:20:10,158.0,1,1,34,693,activated,long_tail
ce4755084bc097113867e6454f8f5e52,2018-06-12 11:26:30,2018-06-12 11:26:30,18.9,1,1,82,645,at_risk,long_tail
ce616e1913288884e7742faac9d981db,2018-05-19 20:17:34,2018-08-21 19:13:36,365.1,15,4,12,621,growing,core
ce69a8021d18961dd2a40269b7c2c293,2018-03-27 20:39:09,2018-08-20 19:34:29,4818.0,19,6,13,568,established,high_value
ce7d1888639e6fb06b2749cbfdac1ff7,2017-08-12 20:33:46,2018-08-18 13:33:20,11793.89,78,13,15,341,established,high_value
cea729054f157f5870bdd321a958d994,2018-03-27 00:17:22,2018-08-13 13:59:20,2482.1,24,6,20,568,established,core
ceaec5548eefc6e23e6607c5435102e7,2018-01-18 21:47:52,2018-08-15 20:48:09,52917.18,203,8,18,501,established,high_value
ceb7b4fb9401cd378de7886317ad1b47,2017-08-25 17:50:50,2017-08-25 17:50:50,399.9,1,1,373,354,dormant,core
cecd97bc34ed8330bd4cd15713eda670,2018-08-13 17:09:30,2018-08-13 17:09:30,57.99,1,1,20,707,activated,long_tail
cee48807215b30a12ca2ca10ffb5f250,2017-08-04 15:34:27,2018-08-21 12:20:32,7212.2300000000005,39,13,12,333,established,high_value
cf1313c6e2c01c2f4b014f97db4bcd2b,2018-06-15 15:55:16,2018-08-06 20:55:21,315.70000000000005,5,3,27,648,growing,core
cf2384dd2f1dddea3f838efed0945e65,2017-03-09 20:28:23,2018-08-02 12:14:15,2101.5,16,8,31,185,established,core
cf281cf8b7affbdfe751b29cc85580e1,2016-10-06 13:38:39,2016-10-06 13:38:39,64.9,1,1,696,31,dormant,long_tail
cf654707ed6a99f112c7ec3d6f314b8b,2018-05-14 08:59:51,2018-08-14 21:18:48,756.0,3,3,19,616,growing,core
cf6f6bc4df3999b9c6440f124fb2f687,2017-05-01 18:58:54,2017-05-01 18:58:54,3.5,1,1,489,238,dormant,long_tail
cf8ab1616079e2793aa29d524df01bb1,2017-12-01 14:09:20,2018-03-09 00:37:23,14391.0,9,3,178,452,dormant,high_value
cfa5ab0e4d3fc212fd0b3410e7081c62,2017-10-15 16:50:20,2018-08-20 21:59:32,6180.8,16,8,13,405,established,high_value
cfb1a033743668a192316f3c6d1d2671,2017-02-01 09:12:31,2018-08-10 23:06:33,12803.64,147,18,23,149,established,high_value
cfd7ddab722b902f7ac5b5f3ba6d723d,2018-06-07 18:54:10,2018-08-02 20:52:16,3385.0299999999997,12,3,31,640,growing,core
cfe94489ddd337d1e29e12f2a7205d10,2018-02-26 18:44:28,2018-08-22 18:20:04,2376.0,20,7,11,539,established,core
d03698c2efd04a549382afa6623e27fb,2016-10-07 22:46:51,2018-07-31 20:19:04,8865.47,18,13,33,33,established,high_value
d05ae8f7a5bd1d2a690a44cd079e4e27,2017-04-22 16:02:43,2018-08-18 12:25:09,13436.0,78,13,15,229,established,high_value
d06d019f72a04e5497a0b64190af170c,2018-03-28 11:15:26,2018-08-21 17:00:16,2415.93,17,5,12,569,growing,core
d0d70d21e2234dd7cd3cf63fe414148a,2018-06-28 00:41:07,2018-08-15 20:43:17,598.4,8,3,18,661,growing,core
d101c6da914ae3d53f7bee42283f2fe2,2016-10-05 08:46:55,2017-05-30 09:27:49,1297.4,13,2,460,30,dormant,core
d12c926d74ceff0a90a21184466ce161,2016-10-06 23:21:10,2018-05-13 22:20:16,3944.18,78,18,112,32,dormant,core
d13e50eaa47b4cbe9eb81465865d8cfc,2018-08-04 09:09:37,2018-08-28 10:00:01,7155.05,67,1,5,698,activated,high_value
d149de2f383552baea37a7198c2296ce,2018-08-20 21:01:51,2018-08-27 17:18:42,320.70000000000005,3,1,6,714,activated,core
d1582f4043306e6b91afa6a8a884f898,2017-11-20 11:47:02,2018-02-12 20:28:01,990.0,9,4,202,441,dormant,core
d17f467e4bf608a510c20d82f4ba3b6b,2018-07-17 20:23:27,2018-07-31 20:20:14,3021.66,12,1,33,680,activated,core
d180e07dc1e58c31c3f0cd599dc4d945,2018-01-26 14:08:25,2018-01-26 14:08:25,58.8,1,1,219,508,dormant,long_tail
d197aa8fbc64087f61984deef05f6227,2018-05-16 21:36:57,2018-08-21 13:46:22,519.09,6,3,12,619,growing,core
d1a1b40ec554c593a1a99366746289dd,2017-01-26 23:11:32,2017-01-26 23:11:32,49.7,1,1,584,144,dormant,long_tail
d1a5cc844736958c11b8efab9a2b4c87,2017-10-23 13:04:06,2017-10-23 13:04:06,237.6,1,1,314,413,dormant,core
d1aa1ec0839dcab73a6161130eb1f94a,2017-04-19 10:20:51,2017-04-19 10:20:51,119.9,1,1,501,226,dormant,long_tail
d1b65fc7debc3361ea86b5f14c68d2e2,2017-03-28 09:00:00,2018-06-06 20:01:45,11703.07,40,12,88,204,at_risk,high_value
d1b9d4be4b6f9ebd85f8acd6745ba612,2017-10-11 14:49:49,2018-08-21 17:03:40,1154.35,11,8,12,401,established,core
d1c281d3ae149232351cd8c8cc885f0d,2017-02-14 23:12:30,2018-08-16 18:04:47,26942.6,215,19,17,163,established,high_value
d1c7fa84e48cfa21a0e595167c1c500e,2018-03-24 18:25:24,2018-07-23 15:59:52,1156.03,12,5,41,565,growing,core
d1e2fe627180431ffda076abb303c56f,2018-03-23 20:22:36,2018-03-23 20:22:36,289.0,1,1,163,564,dormant,core
d1ef48b38baca7e831711c4a0aeb398f,2018-02-23 12:26:34,2018-07-25 21:14:25,1469.1200000000001,29,6,39,536,established,core
d20b021d3efdf267a402c402a48ea64b,2017-02-26 15:43:16,2018-07-30 00:59:02,4140.17,90,16,35,174,established,core
d23019c84ffae2d5ef2270367b8605fc,2017-10-10 10:47:08,2018-08-22 19:54:03,29205.1,39,10,11,400,established,high_value
d2374cbcbb3ca4ab1086534108cc3ab7,2017-02-10 15:36:37,2018-08-21 11:28:41,21223.92,524,19,12,158,established,high_value
d2572f31e9023e9850ef986a636ff9bf,2017-03-25 12:28:48,2017-03-25 12:28:48,279.0,1,1,526,201,dormant,core
d25aa0aaacb370e912f8cf6efeba38b3,2018-03-11 12:49:14,2018-08-14 19:44:00,2658.45,17,6,19,552,established,core
d263fa444c1504a75cbca5cc465f592a,2018-07-24 09:46:27,2018-07-24 09:46:27,399.0,1,1,40,687,activated,core
d26aa40b90272d4843d63be7c1462c8d,2018-07-11 20:15:42,2018-08-01 12:43:05,152.9,2,2,32,674,activated,long_tail
d297f1055de2956aedfd3b04113dce3e,2018-08-20 22:00:09,2018-08-20 22:00:09,54.3,1,1,13,715,activated,long_tail
d29ba1220fb8634fa3a107e54497b8a4,2018-04-15 17:04:07,2018-08-15 21:17:21,724.94,9,4,18,587,growing,core
d2df77822373f19934e87694d8640767,2018-04-18 19:29:53,2018-04-26 10:46:49,155.9,2,1,129,590,dormant,long_tail
d2e753bb80b7d4faa77483ed00edc8ca,2017-10-06 16:05:51,2018-05-18 00:35:08,1320.7,14,6,108,396,dormant,core
d2f3e277560ed4c6361284429b00f037,2017-07-08 11:34:46,2017-10-08 13:26:33,320.55,7,4,329,306,dormant,core
d32e3909cfb714fb2a6cb092c85b9c5f,2017-08-10 17:08:10,2018-04-25 10:36:34,2827.9,10,6,130,339,dormant,core
d354c38a7182125a748cb10474fe963b,2017-05-02 17:07:34,2018-03-16 17:44:05,1610.33,18,9,170,239,dormant,core
d3674f271c91f824f82d24d92011f669,2017-07-07 13:26:33,2018-08-12 20:53:01,1718.3,20,11,21,305,established,core
d36b07fd3c5088e477a72d1fccfe29d4,2017-05-06 11:20:18,2017-05-06 11:20:18,328.9,1,1,484,243,dormant,core
d379f449f2a3b271bc01c0782020f705,2017-01-28 13:23:50,2018-08-22 10:48:54,4423.06,28,15,11,145,established,core
d3891911c2feae53c52fea2bd14054e5,2018-06-04 19:02:10,2018-06-19 14:14:49,141.0,2,1,75,637,at_risk,long_tail
d3dcf0604eabf0224fbd5948b5e02f69,2018-02-15 08:09:22,2018-07-27 15:54:52,2902.2999999999997,9,5,37,528,growing,core
d3e7d37c0df9aef383f3f2a15b0dddfb,2018-07-22 11:50:22,2018-07-22 11:50:22,161.0,1,1,42,685,activated,core
d3f39f05462b79a4562d35893a28f159,2017-06-21 18:27:41,2018-06-17 02:25:02,2411.3,34,10,78,289,at_risk,core
d4828feed4cda2cd9d6b37899a95a71e,2018-08-07 00:33:24,2018-08-07 00:33:24,39.9,1,1,27,701,activated,long_tail
d4910f1cdcfdabd48d6b316e395d4a23,2018-07-30 13:01:12,2018-08-17 17:13:02,1146.88,11,2,16,693,activated,core
d4a5e99e0dd915df64ba55a7fbd583fd,2017-10-26 11:22:23,2017-10-26 22:55:40,65.15,2,1,311,416,dormant,long_tail
d4d99b60c4c94cd35acd502cec65dc8d,2016-10-09 12:13:58,2016-10-09 12:13:58,72.9,1,1,693,34,dormant,long_tail
d4e12e7884759a14fa0f5f896c791cae,2017-09-07 15:21:22,2018-07-23 08:06:43,1400.0,29,11,42,367,established,core
d4e4b5192cba4e0e66eb12a9d347239d,2017-03-14 00:25:55,2017-11-06 22:21:20,441.8,12,6,300,190,dormant,core
d4f117125b59ce73c3302f88ee40c458,2017-12-05 19:02:08,2018-08-12 15:55:36,783.29,17,9,21,456,established,core
d4f91e8be86b38da2ee35bc489645a9d,2016-10-08 09:50:08,2016-10-08 09:50:08,49.99,1,1,694,33,dormant,long_tail
d4ffeb15b67e81ff9af2b4252d99fb7e,2018-04-26 13:43:04,2018-07-27 19:57:12,1400.4,11,4,37,598,growing,core
d50d79cb34e38265a8649c383dcffd48,2016-10-08 15:02:10,2018-08-10 10:56:10,13012.42,70,18,23,33,established,high_value
d51e0a403fe2e689ece6c73359d96e12,2017-08-21 15:49:41,2018-07-25 11:49:46,7790.0,19,11,39,350,established,high_value
d52cbce9845184537284a23c3bc3da0e,2018-02-02 00:54:15,2018-03-02 10:30:09,75.0,2,2,184,515,dormant,long_tail
d558ebe531605a1285ab2b1bc3256dfb,2018-03-16 18:48:02,2018-06-09 18:56:00,709.0,3,3,85,557,at_risk,core
d566c37fa119d5e66c4e9052e83ee4ea,2018-03-16 14:11:50,2018-08-26 19:39:08,5145.7,65,6,7,557,established,high_value
d57e18d5f73c7ccb7f7339b61166898d,2017-09-10 12:54:36,2018-08-21 13:41:26,3187.7,61,12,12,370,established,core
d58d521f3789def2e7a22715e0badd93,2017-11-10 10:25:55,2018-03-20 12:08:39,65.98,2,2,166,431,dormant,long_tail
d594982fd877af63ace38ea1fca27c76,2018-06-29 18:11:23,2018-08-21 11:11:03,217.04,7,3,12,662,growing,core
d598f929fc44e1e38678e7f47250ec04,2018-06-22 10:43:09,2018-06-22 10:43:09,69.9,1,1,72,655,at_risk,long_tail
d5b9a084373da994a6e37f732169a853,2018-01-20 21:21:28,2018-05-07 22:23:50,1769.0,7,4,118,503,dormant,core
d5ba419e26d246a0719437cf37d9b46d,2017-05-05 18:30:01,2018-08-22 10:44:46,4061.4,34,10,11,242,established,core
d5c530f4884a75ae0dba9c148718d278,2017-09-15 13:52:28,2017-11-28 14:56:51,280.88,6,2,278,375,dormant,core
d624126b9206f595fb3fbb6ba03b28a8,2017-05-14 21:45:11,2018-08-16 19:27:59,7198.8,23,13,17,252,established,high_value
d63c73efd41eb002280e7ec831424edb,2017-11-20 11:46:07,2018-05-29 14:21:11,5598.0,2,2,96,441,dormant,high_value
d63f306de130e0391d38a792541723b8,2018-08-20 10:09:33,2018-08-20 10:09:33,49.0,1,1,13,714,activated,long_tail
d650b663c3b5f6fb392b6326366efa9a,2017-12-03 19:47:05,2018-08-13 22:51:49,19242.9,60,8,20,454,established,high_value
d65f31d2413268e671989503f6cf9993,2017-02-07 17:57:14,2017-03-05 19:39:34,488.8,2,2,546,155,dormant,core
d66c11a9572221d92fbb8c4897db5f9b,2018-06-23 22:12:28,2018-08-22 18:36:40,776.56,16,3,11,657,growing,core
d66c305afaec317ebee552073a674429,2017-01-11 00:13:51,2017-05-19 18:41:40,4886.46,41,4,471,128,dormant,high_value
d673a59aac7a70d8b01e6902bf090a11,2017-10-31 18:03:11,2018-08-23 00:20:45,3908.94,79,11,11,421,established,core
d6ab728cf30867cf3f1a2e216ae2f9b7,2018-03-12 09:49:18,2018-08-21 15:43:35,2002.0,12,6,12,553,established,core
d6b1ce66b035a475f00c017792ff9769,2018-03-17 14:39:25,2018-08-26 22:50:16,12277.4,92,6,7,558,established,high_value
d6b664fa0667064c6d76394e7848d790,2017-05-04 01:04:02,2018-05-16 12:19:35,6080.0,6,4,109,241,dormant,high_value
d6cd01c59123df02fc226eadbadb5f89,2018-01-11 23:07:22,2018-05-28 11:18:59,244.9,2,2,97,494,dormant,core
d71d863e5ef30d94e440c11be17dcd8f,2017-10-15 20:06:58,2018-05-19 19:12:08,11900.9,29,5,106,405,dormant,high_value
d73cbd89533ce8b041a9190241453ac8,2017-03-23 12:31:36,2017-07-31 16:05:08,368.6,4,2,398,199,dormant,core
d7485b33791774c36108f8c69602d48d,2018-04-06 12:25:07,2018-07-24 22:56:00,399.82,10,4,40,578,growing,core
d7827b2af99326a03b0ed9c7a24db0d3,2018-04-12 19:18:18,2018-04-12 19:18:18,1455.0,1,1,143,584,dormant,core
d79e8478eed9999493990b44955fb22e,2018-06-28 09:14:43,2018-08-19 12:33:05,721.89,5,3,14,661,growing,core
d7ab82074b5f1dfba46db123df101bff,2018-01-03 23:46:30,2018-01-04 12:52:13,38.67,2,1,241,486,dormant,long_tail
d7b2377bae6ace1b11fc69a11900ac36,2017-08-31 18:00:12,2017-11-29 21:46:31,329.6,4,3,277,360,dormant,core
d7d517afce974cd491b8d52bb5b5b1fc,2018-08-16 02:24:08,2018-08-16 02:24:08,89.99,1,1,18,710,activated,long_tail
d7f1cfc638473be93baedbfd02208016,2018-07-19 01:00:07,2018-07-19 01:00:07,30.0,1,1,46,682,activated,long_tail
d85efbc8eff2b7adf524e2820569adc8,2018-05-12 22:49:25,2018-05-12 22:49:25,55.0,1,1,113,615,dormant,long_tail
d8b8f2cf9ff6ba0389072541cb42498c,2018-05-23 10:49:50,2018-05-23 10:49:50,149.0,1,1,102,625,dormant,long_tail
d8bf0fc082fd4a77fc2e5679b6c00133,2018-07-20 14:50:31,2018-07-20 14:50:31,139.9,1,1,44,683,activated,long_tail
d8c7ba53e7e38711eaef8c2849d6d2e1,2018-05-08 23:46:50,2018-08-21 06:58:44,1190.87,22,4,13,611,growing,core
d8cf3b6a2151949f930d0252b180ec42,2018-04-13 10:09:10,2018-06-21 11:12:14,623.7,6,3,73,585,at_risk,core
d8d9567d0bfb0bc7eb845a205ba42657,2018-03-28 22:20:31,2018-08-22 08:25:48,74.6,4,3,12,570,growing,long_tail
d8dd176509baa37f359644d082bf7f7b,2017-11-16 13:02:20,2017-11-25 11:34:38,198.0,2,1,281,437,dormant,core
d90fe2229fee1a5da999ccd0c06c1667,2018-07-22 13:03:37,2018-08-08 19:23:00,450.0,3,2,25,685,activated,core
d91fb3b7d041e83b64a00a3edfb37e4f,2017-02-07 23:53:13,2018-08-24 17:59:20,40889.74,535,18,9,156,established,high_value
d921b68bf747894be13a97ae52b0f386,2018-04-17 08:33:54,2018-08-22 10:59:51,15645.8,77,5,11,589,growing,high_value
d93844a9c55ba7ce353388bcf849ea56,2017-03-15 08:19:58,2018-04-29 09:43:34,2708.5,12,10,126,191,dormant,core
d93919c944be9cff128f6c9cb899eacb,2017-11-29 14:47:08,2018-07-24 14:38:19,2666.7000000000003,33,8,40,450,established,core
d93b8458c6fe139d85cfa5eadbf55bd2,2017-11-19 19:35:01,2017-11-19 19:35:01,19.9,1,1,287,440,dormant,long_tail
d9442042130b7fe579d1295f9f4a248f,2017-04-23 00:17:47,2017-09-11 20:01:57,772.16,19,6,356,230,dormant,core
d94a40fd42351c259927028d163af842,2017-07-22 07:12:13,2018-08-08 13:18:36,13823.8,101,14,25,320,established,high_value
d94ba08b99bedd6a5f6c875ecc4a6fac,2017-04-12 11:02:29,2017-07-27 10:15:39,599.0,9,4,402,219,dormant,core
d97df38225e5abadaff1e72cb72b823c,2017-11-03 16:38:02,2018-08-08 17:25:12,1846.0,29,9,25,424,established,core
d98eec89afa3380e14463da2aabaea72,2017-01-18 08:01:37,2018-08-27 10:46:53,6968.53,168,20,6,135,established,high_value
d9a84e1403de8da0c3aa531d6d108ba6,2018-02-22 15:13:31,2018-08-28 09:18:17,1425.2,54,7,5,535,established,core
d9b00a97818674c7f8d8b1ef0e689679,2018-08-14 15:26:06,2018-08-14 15:26:06,69.9,1,1,19,708,activated,long_tail
d9bd94811c3338dceb4181f3dbc0c73e,2018-05-01 12:25:50,2018-08-21 15:39:07,6911.02,54,4,12,603,growing,high_value
d9c349beabc06aa6ff1c6d68b5e9e22e,2018-04-30 16:52:39,2018-04-30 16:52:39,168.1,1,1,125,602,dormant,core
d9cb0052a666de5308b32f32ad5f1b1c,2018-01-19 00:21:43,2018-05-15 22:07:28,231.89999999999998,3,3,110,501,dormant,core
d9cd369bffa979d1634f8e1318bf2f1b,2018-05-13 22:12:59,2018-08-10 11:02:08,678.0,3,3,23,616,growing,core
d9d43faf741ceaa8da52fdbb81d9e0e3,2018-04-05 11:22:54,2018-08-07 09:46:50,210.0,6,3,26,577,growing,core
d9e7e7778b32987280a6f2cb9a39c57d,2018-01-10 14:42:48,2018-06-08 16:40:18,722.5,11,4,86,492,at_risk,core
d9e8c084b68fe958861d8f2c21202e6b,2017-10-05 11:57:47,2018-07-20 16:14:47,3050.0,9,6,44,395,growing,core
da03c298e3999e9d828591fc2179d109,2017-12-04 21:12:17,2018-02-28 16:31:10,787.7,4,2,186,455,dormant,core
da20530872245d6cd9d2f5725613c430,2017-10-18 23:22:09,2017-10-26 23:51:35,314.96000000000004,2,1,311,409,dormant,core
da2782c804606d2a5d8e1760dbb3e7ec,2017-11-26 00:47:01,2017-11-26 00:47:01,89.0,1,1,281,447,dormant,long_tail
da3fede3469bf49b7293ce3fc45b294d,2018-03-17 18:07:02,2018-03-17 18:07:02,44.9,1,1,169,558,dormant,long_tail
da4d149c0ddbac90557103ac0a0ec356,2018-08-20 12:37:54,2018-08-20 12:37:54,730.0,1,1,13,714,activated,core
da6a60cc8cc724fe51be021ff8be779c,2018-05-21 21:49:53,2018-08-17 00:51:18,728.79,12,4,17,624,growing,core
da7039f29f90ce5b4846ffc0fcc93beb,2018-04-20 08:04:26,2018-08-18 09:47:18,1259.1,17,5,15,592,growing,core
da8622b14eb17ae2831f4ac5b9dab84a,2017-02-05 21:46:05,2018-08-28 21:56:30,160236.57,1314,19,5,154,established,high_value
dace965ca58120f92f8d742a9fa1864b,2018-03-25 18:37:26,2018-05-19 16:18:30,1442.0,8,3,106,566,dormant,core
dadc51ef321949ec9a3ab25cd902e23d,2017-09-15 15:51:13,2017-09-15 15:51:13,85.0,1,1,352,375,dormant,long_tail
daeb5653dd96c1b11860f72209795012,2017-09-07 16:56:45,2018-08-10 15:03:50,2305.9,40,12,23,367,established,core
daf565f087a52def0fd5c5825b3661bc,2018-06-16 21:14:44,2018-08-22 12:44:03,813.9000000000001,9,3,11,649,growing,core
db1f0f7c7e5e87f40b62226f020bb297,2017-04-03 18:04:29,2017-05-09 10:19:17,59.01,3,2,481,210,dormant,long_tail
db2956745b3a8e9f3785c99f34b5d25e,2018-04-14 15:12:34,2018-08-10 23:54:45,8599.0,47,5,23,586,growing,high_value
db4350fd57ae30082dec7acbaacc17f9,2017-03-06 19:45:34,2018-08-21 16:53:34,3331.31,137,17,12,182,established,core
db46ca7bce82b11f7e247539271fc390,2017-03-21 10:42:25,2017-07-05 09:08:28,933.97,16,5,424,197,dormant,core
db6a4d4b5f1f5f98820ce6ce2619e2de,2018-01-08 16:50:16,2018-01-08 16:50:16,135.99,1,1,237,490,dormant,long_tail
db7ed69a53aa9fb1c01930ba54a88bbe,2018-06-22 18:52:53,2018-06-22 18:52:53,109.0,1,1,72,655,at_risk,long_tail
dbb9b48c841a0e39e21f98e1a6b2ec3e,2017-01-11 10:24:36,2018-06-26 18:51:12,7186.85,108,18,68,128,at_risk,high_value
dbbcfe2c8d026742134ac3e28ccde274,2017-07-25 09:07:16,2018-06-06 10:11:30,308.59000000000003,4,4,88,323,at_risk,core
dbc22125167c298ef99da25668e1011f,2017-04-09 13:43:53,2018-08-23 19:09:34,33776.78,406,17,10,216,established,high_value
dbc51f5e45d654ecc16cb68e6817ecea,2017-02-24 22:28:55,2017-02-24 22:28:55,199.99,1,1,555,173,dormant,core
dbd66278cbfe1aa1000f90a217ca4695,2017-11-25 20:26:00,2018-08-23 00:09:30,4928.9,85,10,11,446,established,high_value
dbdd0ec73a4817971d962698f2fea022,2018-04-30 11:04:32,2018-08-19 21:21:03,6384.0,16,5,14,602,growing,high_value
dbec9a0a7efeff029d4d9dce7dc4cc95,2018-06-15 21:45:12,2018-08-14 18:15:54,1170.0,3,2,19,649,activated,core
dc120d932ddf9d4dfb6fd68beefda622,2018-04-25 09:00:27,2018-04-25 09:00:27,130.0,1,1,131,597,dormant,long_tail
dc317f341ab0e22f39acbd9dbf9b4a1f,2017-01-16 14:04:11,2018-07-01 17:40:56,18988.4,55,11,63,133,at_risk,high_value
dc4a0fc896dc34b0d5bfec8438291c80,2017-02-04 21:27:04,2018-08-20 12:55:19,24180.77,231,19,13,153,established,high_value
dc50afafdfa325eadc890c7fa42a8f4e,2018-06-25 16:10:17,2018-08-11 10:25:29,424.2,4,3,22,658,growing,core
dc64d75cc406bb0697be983831430e60,2018-05-22 15:15:50,2018-08-16 09:41:52,813.0,4,3,17,624,growing,core
dc7192adf8ba09569261f4a8d576afe0,2018-07-22 19:49:25,2018-08-22 18:50:34,917.0,7,2,11,685,activated,core
dc8798cbf453b7e0f98745e396cc5616,2016-10-05 00:32:31,2017-11-20 21:36:39,2056.3,41,10,286,30,dormant,core
dcb7367a92f5ffb89f1e2152ed260285,2018-03-18 16:47:16,2018-03-18 16:47:16,79.9,1,1,168,559,dormant,long_tail
dcf3755cefcdc158ad0b7bdde51e871b,2018-03-18 14:44:29,2018-08-11 10:48:51,269.70000000000005,3,3,22,559,growing,core
dd264199fc8b687ad029de7de6d760e6,2017-01-19 11:47:55,2017-01-19 11:47:55,87.9,1,1,591,136,dormant,long_tail
dd2bdf855a9172734fbc3744021ae9b9,2016-10-05 12:44:09,2018-01-03 10:05:57,10816.7,108,14,242,30,dormant,high_value
dd39ad39b5d3df33037e141c72497ba6,2017-05-03 10:35:16,2017-06-10 22:07:50,135.8,2,2,449,240,dormant,long_tail
dd4d95ba2d15c071e6c695e2ef6ce169,2018-07-08 17:12:30,2018-08-12 13:03:21,1748.0,4,2,21,671,activated,core
dd533b429f380718b70ad9922c294bae,2017-03-31 13:22:29,2018-03-07 10:43:39,2819.77,41,11,179,207,dormant,core
dd5450b022b2d00a2145a66331e1aef6,2018-06-29 12:16:28,2018-06-29 12:16:28,59.0,1,1,65,662,at_risk,long_tail
dd55f1bb788714a40e7954c3be6df745,2017-11-10 09:22:13,2018-07-16 19:20:36,7041.759999999999,35,7,48,431,established,high_value
dd58ee93286b0821565574c570e9e1dc,2017-01-30 17:05:18,2017-05-06 15:22:18,2948.0,2,2,484,147,dormant,core
dd7ddc04e1b6c2c614352b383efe2d36,2017-04-26 10:53:06,2018-07-25 15:40:35,9178.51,122,15,39,233,established,high_value
dd88d13bea9e4c2bf47daf224f8141e5,2018-04-10 23:09:48,2018-04-10 23:09:48,458.0,1,1,145,583,dormant,core
dd8a29ce82d5c705ba932d81494600a5,2017-05-25 21:25:09,2017-09-01 16:13:42,205.75,2,2,366,263,dormant,core
dd9661d3cda1e6feb237f0c4d8b26f2e,2017-10-12 09:19:59,2017-10-12 09:19:59,174.0,1,1,325,402,dormant,core
dda37071807e404c5bb2a1590c66326f,2018-04-24 08:37:20,2018-04-24 08:37:20,199.99,1,1,132,596,dormant,core
ddd51ae8cda92f3995a51fc0f0f3eec7,2017-01-28 18:30:17,2018-01-16 20:24:56,842.6999999999999,8,5,229,145,dormant,core
dde698c6d0bd24834c586e5111c2bba7,2018-07-30 02:16:14,2018-07-30 02:16:14,155.9,1,1,35,693,activated,long_tail
de09d00cfc265b8804c7df34075a68fa,2017-10-15 10:29:07,2018-05-07 15:48:42,784.0,3,3,118,405,dormant,core
de0c78824586e9a5f5f04fd84e25df39,2018-04-08 10:59:17,2018-08-03 14:39:54,2489.3,14,5,30,580,growing,core
de23c3b98a88888289c6f5cc1209054a,2017-05-05 14:21:17,2018-08-17 13:11:13,26399.670000000002,164,15,16,242,established,high_value
de66a66f2dd06bb9ec37aa96987466a3,2016-10-10 11:08:53,2017-02-04 21:38:34,353.32,7,3,575,35,dormant,core
de722cd6dad950a92b7d4f82673f8833,2018-01-09 15:59:12,2018-08-23 13:48:07,55426.1,339,8,10,491,established,high_value
de9727ca376d1be6ec121b110aa7954c,2018-05-12 15:48:03,2018-08-15 08:52:48,1058.7,10,4,19,614,growing,core
deaadd805612bf94faaa9fa702516e11,2017-05-09 21:42:43,2017-05-09 21:42:43,50.0,1,1,481,247,dormant,long_tail
debe6615cd90cc0c2eac2b8988e1f628,2017-01-28 23:09:31,2017-03-20 19:58:27,278.5,5,2,531,146,dormant,core
dedcab67899479e4ea5dcc4eba47f587,2018-06-10 22:28:53,2018-08-17 17:59:38,84.0,2,2,16,644,activated,long_tail
dee656f0f566ed1aa85bd137c943f08f,2017-10-10 19:29:16,2018-08-22 10:16:30,6271.9800000000005,93,11,11,400,established,high_value
df0f42bc4c2142eacf0eaf2cffd0cfbb,2017-11-19 21:30:09,2018-07-15 01:16:15,1654.0,14,7,50,441,established,core
df47da4ae86fa4db890d05aaf24e21d8,2018-07-23 17:57:33,2018-08-23 10:47:14,310.5,5,2,10,686,activated,core
df560393f3a51e74553ab94004ba5c87,2016-10-04 14:13:22,2018-03-10 21:24:16,3661.1800000000003,28,13,176,29,dormant,core
df56d7b40d437f88407c5f78b63bc328,2017-10-19 10:05:02,2018-03-28 11:26:34,2791.28,22,5,158,409,dormant,core
df683dfda87bf71ac3fc63063fba369d,2017-03-13 20:17:10,2017-03-13 20:17:10,39.9,1,1,538,189,dormant,long_tail
df91910b6a03bb2e3358fa6a35e32f6f,2018-06-24 09:54:00,2018-08-14 21:21:39,2312.1,14,3,19,657,growing,core
dfa0c4c6229ab200a4a1336b4d7128ff,2018-05-02 10:23:08,2018-08-23 07:36:13,4777.1,77,4,11,604,growing,high_value
dfc475d54e1b6dbeeb7d7d9bdaa63827,2018-02-21 14:30:22,2018-08-24 13:04:05,1793.76,19,7,9,534,established,core
dfc5fb7259bb2b599ca565e6e9448f0f,2017-07-27 19:34:53,2018-08-06 22:05:30,6124.63,33,13,27,325,established,high_value
dff87e4de60c9736ce8df835951b09bc,2017-11-12 19:43:04,2017-11-15 07:45:44,998.0,2,1,292,433,dormant,core
e00d85ce20ea50c1224c66ca5050527d,2017-07-13 11:24:43,2017-07-13 11:24:43,149.0,1,1,416,311,dormant,long_tail
e0482f2c769468c3bbcd8a01e09d98c5,2018-08-10 20:43:30,2018-08-10 20:43:30,189.0,1,1,23,704,activated,core
e0487761face83d64fcada2408959a36,2018-08-24 15:05:27,2018-08-27 18:58:15,49.25,2,1,6,718,activated,long_tail
e067ad2c1c0b48758eb1b5228bcf7a68,2017-02-01 12:44:51,2018-08-13 20:25:15,5042.55,54,18,20,149,established,high_value
e06f09ec0a4aca210779cf1cfc63cf19,2017-06-27 23:17:52,2017-12-19 23:35:40,5279.49,29,7,257,296,dormant,high_value
e0878efa0e0b7e5313ac0b43bc04c081,2017-11-04 19:22:13,2018-03-05 08:58:05,5065.299999999999,27,5,182,425,dormant,high_value
e09887ca8c7bf8a4621ce481820414ef,2017-09-09 08:33:15,2017-11-25 14:10:20,119.96000000000001,3,2,281,369,dormant,long_tail
e0a366315b1b726b6c7832d664c0f530,2017-06-10 15:22:55,2018-08-16 22:08:23,7400.09,43,13,17,278,established,high_value
e0a3c37054ade6478d923a6efc10f308,2018-07-03 20:23:05,2018-07-17 21:05:10,219.8,2,1,47,666,activated,core
e0b162a693bc7f9eab00f783a31d60ea,2018-05-04 13:13:49,2018-05-04 13:13:49,20.0,1,1,121,606,dormant,long_tail
e0eabded302882513ced4ea3eb0c7059,2018-04-02 03:54:22,2018-06-03 20:14:44,978.4000000000001,8,3,91,574,dormant,core
e116c7455dd26a4d8c3e92532583905f,2018-04-05 10:50:34,2018-04-05 10:50:34,36.76,1,1,150,577,dormant,long_tail
e1643dff33666ca629e3644c02738179,2018-05-11 00:09:19,2018-05-28 21:16:13,170.0,3,1,97,613,dormant,core
e174dc2de86d60fee178170a154c05e7,2017-08-17 12:18:55,2017-08-17 12:18:55,19.8,1,1,381,346,dormant,long_tail
e1a210d482714ce337763a19aef94ba4,2017-04-30 15:59:34,2017-04-30 15:59:34,49.9,1,1,490,237,dormant,long_tail
e1b12447a7563944843191754aeb5562,2017-09-12 13:52:02,2018-01-05 00:47:54,472.46000000000004,9,4,241,372,dormant,core
e1bed63d68ac36fe1f3061befe196af5,2017-01-30 18:30:53,2017-01-30 18:30:53,199.0,1,1,580,147,dormant,core
e1c76f339ebd5460999f25a2aa8c92c5,2018-05-12 17:51:47,2018-05-12 17:51:47,899.9,1,1,113,614,dormant,core
e1dc0754bada9ee4cfe9713f22f61292,2018-06-13 18:23:39,2018-08-20 14:38:06,885.0,12,3,13,646,growing,core
e21a1e8be4715b0fcfd5385643bc49c4,2017-04-25 13:35:09,2018-02-22 20:29:58,703.5999999999999,21,10,192,232,dormant,core
e24d3429d294b2eb200b064ebb035879,2018-06-25 09:22:58,2018-08-26 04:53:46,1878.58,19,3,8,658,growing,core
e24fc9fcd865784fb25705606fe3dfe7,2016-10-08 10:07:25,2018-03-26 23:31:51,12936.0,52,16,160,33,dormant,high_value
e250d617a0ad591ba9bd663e584a895d,2018-02-26 19:29:46,2018-08-21 10:47:37,904.12,8,5,12,539,growing,core
e256a62e0ac58c0edfba09966142d561,2018-04-15 18:43:59,2018-07-30 09:37:39,1474.1100000000001,12,4,34,587,growing,core
e26901d5ab434ce92fd9b5c256820a4e,2017-01-30 15:32:24,2017-09-12 22:47:46,11990.9,202,9,355,147,dormant,high_value
e2a1ac9bf33e5549a2a4f834e70df2f8,2017-03-08 18:51:06,2017-07-06 14:51:37,14999.449999999999,5,3,423,184,dormant,high_value
e2aee0892199b1d92530e371abd825bf,2017-01-12 00:06:12,2018-07-31 20:54:24,5662.57,38,13,33,129,established,high_value
e2c92f9c1c7746d899d18f2e158bbff7,2018-04-18 22:14:34,2018-08-07 16:05:28,1894.7,14,5,26,591,growing,core
e333046ce6517bd8bb510291d44f0130,2017-07-13 09:00:21,2018-08-24 16:27:11,7268.0,68,14,9,311,established,high_value
e38db885400cd35c71dfd162f2c1dbcf,2017-08-20 19:32:32,2018-08-15 14:11:19,2066.8,30,11,18,349,established,core
e3a386fc36e22064434e1fa256f6a9fa,2018-01-23 17:08:56,2018-08-16 06:29:04,793.9,16,6,18,505,established,core
e3b4998c7a498169dc7bce44e6bb6277,2017-01-16 16:24:13,2017-02-12 20:37:36,6897.9,3,2,567,133,dormant,high_value
e3d3b3efac954a60d61be70b7e05b49b,2018-06-06 12:18:34,2018-06-25 01:28:11,1282.05,3,1,70,639,at_risk,core
e3dd723429d1b23614b7fa85e2c7a853,2018-03-25 14:10:37,2018-06-08 17:19:34,471.05,7,4,86,566,at_risk,core
e3e15e2c0b9700561efac21c6be48066,2018-02-04 17:31:51,2018-07-14 10:27:55,97.24,3,2,50,517,activated,long_tail
e3e290b38963293022cdcd6db8328103,2017-11-25 01:04:21,2017-12-03 20:13:13,135.7,3,2,273,446,dormant,long_tail
e4253cef933647000a82ff39c67b7bde,2017-05-07 22:55:53,2017-05-20 19:09:21,68.0,2,1,470,245,dormant,long_tail
e433f5fd4050e3352b5d83522b7fe24b,2018-08-23 11:45:59,2018-08-23 11:45:59,548.06,1,1,10,717,activated,core
e439f7176d763f92de325271111b2fd5,2018-05-01 16:18:19,2018-08-01 11:11:04,1348.4,7,3,32,603,growing,core
e45edf75f568ed2f93f78d060e246e25,2018-06-06 11:26:30,2018-07-24 20:48:52,164.29999999999998,6,2,40,639,activated,core
e46bc031f2c5bae4ccb40bb90712e9b4,2018-04-06 22:13:21,2018-04-06 22:13:21,277.3,1,1,149,579,dormant,core
e48b04bf1aa1ef711caebeb7aede6180,2017-01-26 18:33:10,2018-07-31 16:16:19,3187.1000000000004,25,15,33,143,established,core
e48cc16ab70bfa09e1401740dce0b3d7,2017-05-27 10:15:14,2018-06-14 10:51:59,1084.83,14,10,80,264,at_risk,core
e49c26c3edfa46d227d5121a6b6e4d37,2017-02-04 18:51:41,2018-07-25 14:20:31,3654.25,35,13,39,152,established,core
e4ebd3f87bf70440014f07ddda7fbe03,2017-12-07 21:14:24,2018-03-05 18:13:14,671.5,7,4,181,458,dormant,core
e4f121bf6ef8b9a1d4d3e65dd0473fab,2018-04-01 21:17:46,2018-05-07 08:58:38,70.0,2,2,119,574,dormant,long_tail
e4fc40017a6d22c46a14ac2e17f87c3e,2017-05-30 15:55:30,2017-08-01 23:16:17,387.0,3,3,397,267,dormant,core
e503f22be6a4f456d9851920a5d9c670,2018-07-30 12:28:26,2018-08-14 15:12:04,198.9,2,2,19,693,activated,core
e504a4e2efaa45cbff7e268a2c58c956,2018-05-14 17:58:27,2018-08-15 10:11:11,1188.8000000000002,11,4,18,616,growing,core
e51f22821f0c12a16ad5c020cdcd55e9,2018-05-29 09:23:00,2018-08-07 15:17:28,898.71,4,3,26,631,growing,core
e53d5b9b29d1218281f4a907ada18626,2018-07-20 16:50:02,2018-08-20 08:11:26,350.67,4,2,14,683,activated,core
e546117ed9cafbc40239c0c78635c584,2018-04-23 17:07:27,2018-08-23 19:02:12,456.0,2,2,10,595,activated,core
e5475dcab1e07b63d7f6e902d8f5eda8,2017-09-10 11:01:26,2018-08-06 20:27:28,2192.0,19,11,27,370,established,core
e5545d4d4473876ea78c5bcebca365c3,2018-06-27 11:45:21,2018-06-27 11:45:21,44.5,1,1,67,660,at_risk,long_tail
e560e4022d8f7aebf155db95946c5c0f,2018-06-12 11:26:51,2018-07-11 20:39:58,780.0,2,2,53,645,activated,core
e5899683388855d3dabe8913bbe365de,2018-07-01 22:28:19,2018-08-22 13:05:05,452.88,3,2,11,665,activated,core
e58a5b390e28abc0b216cfb0e07d27d7,2018-04-25 19:54:53,2018-08-09 10:30:41,1022.6,7,3,24,597,growing,core
e595809a6c31ec4314fd06ef198c244d,2018-03-12 03:12:59,2018-03-12 03:12:59,39.0,1,1,175,553,dormant,long_tail
e59aa562b9f8076dd550fcddf0e73491,2017-09-05 16:19:06,2018-08-20 14:22:51,31574.3,70,11,13,365,established,high_value
e59e489e2ea74bd409b798b5daf49de3,2017-09-05 18:29:33,2018-05-01 15:58:00,495.0,3,3,124,365,dormant,core
e59e575a175fadcadf8479e191770425,2018-06-09 11:53:43,2018-06-09 11:53:43,199.9,1,1,85,642,at_risk,core
e5a3438891c0bfdb9394643f95273d8e,2017-05-15 21:33:28,2018-04-11 10:56:21,7738.349999999999,224,12,144,253,dormant,high_value
e5a38146df062edaf55c38afa99e42dc,2016-10-08 13:54:03,2018-08-21 17:33:29,15360.07,121,20,12,33,established,high_value
e5bd51692380fd8cabb19b756b95e714,2017-12-20 22:59:28,2018-05-05 15:04:54,119.69999999999999,3,2,120,472,dormant,long_tail
e5c84227854980f1db19a58958c551d9,2018-07-26 16:14:02,2018-08-15 11:56:10,72.81,4,2,18,689,activated,long_tail
e5cbe890e679490127e9a390b46bbd20,2018-06-11 22:31:34,2018-08-19 20:04:58,908.99,2,2,14,645,activated,core
e5d4b2b0c3bca22085f7a19a28de0c42,2017-08-26 13:41:37,2017-11-26 05:27:45,205.8,4,3,281,355,dormant,core
e5def42655b7490edac5a56fe8e9e603,2017-03-28 21:56:39,2017-03-28 21:56:39,129.9,1,1,523,205,dormant,long_tail
e5e33c0d8e7e002f398f5dc4cbbb338f,2017-03-04 17:36:19,2018-08-08 18:04:56,6698.7,28,13,25,180,established,high_value
e5f9e61ceb5f523cc966e0f34095032f,2017-07-10 14:25:38,2018-02-28 11:29:07,2238.0,4,3,186,308,dormant,core
e601b04acf48b4576e73ddca9481f0dc,2018-04-13 08:56:04,2018-08-27 11:19:47,491.94,15,5,6,585,growing,core
e603cf3fec55f8697c9059638d6c8eb5,2017-02-07 11:32:53,2017-06-16 17:21:21,297.0,8,4,443,155,dormant,core
e627629ba868740e287800f1a9be81c2,2017-02-03 21:44:34,2017-07-13 13:08:15,504.5,13,5,416,152,dormant,core
e628d4a53c109f09ca88098338b3a3f5,2017-12-11 09:25:26,2017-12-11 09:25:26,285.0,1,1,265,462,dormant,core
e62b2d6ac10570a035a30bafcf01d263,2017-09-16 20:43:05,2018-08-20 13:42:28,5340.39,62,12,13,376,established,high_value
e63e8bfa530fb16910dd6956e592bb81,2017-08-07 09:14:30,2018-08-28 10:44:03,1311.7,42,12,5,336,established,core
e644cbadf7eeb30d0d29f335ce7d52ec,2018-07-03 09:10:24,2018-08-21 23:14:33,878.9,8,2,12,666,activated,core
e64882b4ef12aee8d0faca4db5b681f4,2018-01-12 15:28:49,2018-01-12 15:28:49,230.0,1,1,233,494,dormant,core
e64d65bc8dbec2accda90c58de5d1246,2017-11-19 13:57:09,2018-03-15 09:38:31,1678.8000000000002,12,3,171,440,dormant,core
e64ddbe1cbcf4f2fc3092b7c481f3f9d,2018-03-30 12:00:06,2018-03-30 12:00:06,20.9,1,1,156,571,dormant,long_tail
e6a69c4a27dfdd98ffe5aa757ad744bc,2017-02-01 17:21:33,2018-06-10 18:20:21,2076.2,24,12,84,149,at_risk,core
e6ffc9ac6a7adc9d16a1cfc2286dd546,2018-03-29 09:57:50,2018-03-29 09:57:50,34.99,1,1,157,570,dormant,long_tail
e70053bf73d1b5863932e53a9fa47496,2018-02-14 13:38:33,2018-08-04 16:22:05,4025.0,7,5,29,527,growing,core
e72b4feb7abe210c52aa667abc25a3a2,2017-06-17 11:54:02,2017-06-17 11:54:02,38.2,1,1,442,285,dormant,long_tail
e732329483fd5f27367dd997b47f598a,2017-08-31 15:28:40,2017-08-31 15:28:40,109.9,1,1,367,360,dormant,long_tail
e73bf2cea7fe4b0b4d287a7568ed1099,2018-07-29 19:40:38,2018-08-26 10:48:04,737.6999999999999,4,2,7,692,activated,core
e76ecc7e9a1a1e3c6df9d2a8261c423d,2017-08-13 10:23:44,2017-08-13 10:23:44,20.0,1,1,385,342,dormant,long_tail
e7d5b006eb624f13074497221eb37807,2017-08-12 11:02:56,2018-07-19 13:03:38,3478.93,28,7,45,341,established,core
e7df4cd29ab5abab70fb0783ddb53987,2017-02-16 12:58:36,2018-08-19 20:46:26,9608.699999999999,23,14,14,164,established,high_value
e7f3bf1ecd8526eb7f3b18059e6716e5,2017-02-28 17:39:47,2017-09-25 20:16:38,1471.54,18,6,342,176,dormant,core
e819bcfade7b5d88a27325eb6cfd62c5,2018-07-20 14:35:51,2018-08-20 23:35:44,202.89999999999998,5,2,13,683,activated,core
e81e1f9c3e762e620f3fb60a51499e16,2017-05-02 11:14:08,2018-04-25 20:10:45,4465.99,17,8,130,239,dormant,core
e82de6494d91d3c4c54450f59b227a94,2017-10-09 01:17:54,2018-03-02 10:22:22,118.9,3,2,184,399,dormant,long_tail
e83c76265fc54bf41eac728805e4da77,2017-02-10 17:43:20,2017-05-08 09:08:43,237.29999999999998,8,4,482,158,dormant,core
e83e93b71371817b11d78a63ff156aee,2017-02-07 20:31:37,2017-04-09 15:32:33,286.0,2,2,511,155,dormant,core
e84ad2127668df3aafc6b73531a0beb8,2017-12-11 15:30:13,2018-08-08 13:37:57,987.0,19,7,25,462,established,core
e88165a185134e13fdfc85d4fa654db8,2018-05-16 20:57:48,2018-06-18 09:27:06,108.0,2,2,76,618,at_risk,long_tail
e882b2a25a10b9c057cc49695f222c19,2018-01-04 19:07:29,2018-08-18 15:49:58,51057.54,57,8,15,486,established,high_value
e883aa812c37a7413226856f4579fe91,2018-02-04 20:43:02,2018-08-17 18:20:27,4097.1,26,7,16,517,established,core
e88c9b79e592e370d6bd852eeefbf057,2017-05-21 19:53:52,2017-07-13 11:44:22,251.87,8,3,416,258,dormant,core
e88f7a2995ba184710d339c5c4bf2e30,2018-03-08 12:54:55,2018-04-26 10:43:55,251.6,2,2,129,549,dormant,core
e89c4adbe7b1d0819dbb636e16461cf1,2018-01-10 13:22:49,2018-08-17 16:12:59,3181.3,24,8,16,492,established,core
e8a85b5f3df47be0984c55fd4064dbb4,2018-02-11 08:14:07,2018-08-21 08:35:57,743.0,8,6,13,524,growing,core
e8b3a3a38279a82f0e5d006d5e5b7d2c,2017-10-10 01:06:52,2018-03-05 15:23:25,13154.7,87,6,181,400,dormant,high_value
e8b4225284fbb02d16f200513f1f395d,2018-04-05 20:32:06,2018-08-19 11:55:56,5788.52,31,5,14,577,growing,high_value
e8dba4d70f7f2b20e775d09cae01142d,2018-05-29 21:59:03,2018-08-21 12:20:19,855.91,9,4,12,632,growing,core
e8f6dc8e6a1dcde89d20e3995c8d90b3,2016-10-04 13:40:43,2017-11-30 02:29:55,2256.34,36,9,277,29,dormant,core
e8ff5a6ceb895583033fc2a0f314e3c2,2018-08-26 14:17:08,2018-08-26 14:17:08,139.89,1,1,7,720,activated,long_tail
e908c0f3646e8b60375734a350d95d71,2017-04-05 16:12:50,2017-04-05 16:12:50,2951.0,1,1,515,212,dormant,core
e94b64dc6979b302a5a5be1662c83bb6,2018-07-01 12:21:19,2018-07-03 19:34:23,306.89,2,1,61,664,at_risk,core
e9511df20ccd82658a30c37b7fb343af,2017-11-23 19:55:23,2018-08-08 14:23:32,2096.6,22,9,25,444,established,core
e96498ed8daaa3e9c23f7a62da76591c,2017-10-10 17:26:22,2018-07-19 20:37:53,9619.09,34,10,45,400,established,high_value
e9729944ba65dc3ce425e0c5a22ae7b2,2018-05-03 07:32:52,2018-06-09 13:31:20,916.7,4,2,85,605,at_risk,core
e9779976487b77c6d4ac45f75ec7afe9,2017-03-01 09:25:31,2018-08-28 01:57:12,43162.95,657,18,6,177,established,high_value
e9874ae10b2d60d43917b6bbfa13a599,2018-04-18 20:42:34,2018-04-18 20:42:34,199.0,1,1,137,590,dormant,core
e99e927c81e3f51739c94fcdfca9f10f,2017-01-26 22:15:22,2018-03-23 16:00:33,2702.83,22,12,163,144,dormant,core
e9b6c33b71b67737693b4cfa68341c8d,2017-08-16 20:08:12,2017-08-16 20:08:12,119.9,1,1,382,345,dormant,long_tail
e9bc59e7b60fc3063eb2290deda4cced,2017-03-07 16:07:57,2018-08-16 16:37:43,34343.06,216,18,17,183,established,high_value
e9c2dc0dd4ac38448289be644ac94f42,2018-07-03 23:37:11,2018-08-21 22:39:47,118.39,3,2,12,667,activated,long_tail
e9c6969d40e6a3d2d0f90013165c2b98,2017-11-06 08:57:51,2018-06-03 13:31:36,5239.98,10,5,91,427,dormant,high_value
e9d99831abad74458942f21e16f33f92,2017-01-24 17:11:53,2018-08-26 20:58:26,4922.4800000000005,130,20,7,141,established,high_value
e9e446d01bd10a97a8ffcfc4a3a20cb2,2018-06-05 19:53:27,2018-07-08 19:59:16,60.05,4,2,56,638,activated,long_tail
ea00f977a203ff88adf7057cb7806998,2018-07-02 21:01:18,2018-08-20 22:53:49,389.71999999999997,19,2,13,665,activated,core
ea1776927851da2532aa70d6a32c095a,2018-07-17 20:51:27,2018-08-05 22:27:23,318.8,3,2,28,680,activated,core
ea3ebea5317b0efbc663ecc8ce5e9bc2,2018-05-03 08:15:45,2018-05-20 20:16:42,299.70000000000005,3,1,105,605,dormant,core
ea4e9ce63a2134743b4a92777437fcdd,2018-04-15 15:23:10,2018-08-21 10:00:51,316.6,3,3,12,587,growing,core
ea566164622c6b439516ab18062c42cd,2017-11-12 23:19:39,2018-08-19 22:47:43,10309.42,50,10,14,434,established,high_value
ea65d8b58316a6f2362f2a9e4b3e86ad,2018-03-01 16:43:57,2018-08-25 12:13:10,2061.4,9,4,8,542,growing,core
ea67327e24487bdfac5fbfa37ea124df,2018-01-07 23:08:30,2018-08-22 16:41:47,6250.18,32,6,11,490,established,high_value
ea6b12bf9ffe2bac34602ec631d97a47,2016-10-05 22:49:57,2017-05-30 22:15:57,2625.7999999999997,11,5,460,31,dormant,core
ea846a0e7ad98a741783e886d89dfa44,2018-08-07 09:30:10,2018-08-17 16:44:32,137.0,2,1,16,701,activated,long_tail
ea8482cd71df3c1969d7b9473ff13abc,2017-08-15 12:54:48,2018-08-24 09:20:03,37177.52,1146,13,9,344,established,high_value
eaaa46e98c9e61f6764dd1d7a2ab8b3e,2018-08-05 14:07:53,2018-08-05 14:07:53,98.0,1,1,28,699,activated,long_tail
ead2bab70821ea148476ae9bc08548ac,2017-10-04 16:29:59,2018-08-01 17:19:21,412.1,9,7,32,394,growing,core
eae9af4811c294c56795d70e715b7337,2017-10-17 01:24:28,2017-10-17 01:24:28,15.9,1,1,321,407,dormant,long_tail
eaf6d55068dea77334e8477d3878d89e,2018-06-26 11:01:38,2018-07-28 19:53:30,51.0,3,2,36,659,activated,long_tail
eb1bf309f4f6af9a97e9ddac3fdbeabe,2018-05-24 11:05:40,2018-05-24 11:05:40,22.3,1,1,101,626,dormant,long_tail
eb3071b9f0b0ddaa2df5ea130f09f26b,2017-02-15 11:20:36,2018-05-16 10:05:44,6230.0,9,8,109,163,dormant,high_value
eb4a59a06b3948e851a7d7a830bcbc42,2018-02-23 17:55:18,2018-05-14 15:12:30,64.0,2,2,111,536,dormant,long_tail
eb4df17aed01d918c65f0f8d650900c0,2017-11-09 12:22:48,2018-08-15 15:01:55,3739.87,11,6,18,430,established,core
eb5b6204dde3a6e03b5f1bb8479f055b,2017-12-16 19:22:08,2018-06-11 22:12:41,452.2,19,7,83,467,at_risk,core
eb72802c83dc7547529c9546d1a9b8ef,2018-05-07 20:36:52,2018-07-27 10:59:09,1063.92,8,3,37,609,growing,core
eb9267cccc90f1b49c8d2f9887c7dd97,2018-05-06 21:44:22,2018-05-06 21:44:22,319.9,1,1,119,609,dormant,core
eb9cd5b35d95206585e2185318cb5c61,2018-06-21 12:24:00,2018-07-16 11:01:26,550.0,2,2,48,654,activated,core
eba88037e1dca898cd02881f67ced679,2017-04-26 14:18:33,2018-03-10 17:32:15,838.1,6,5,176,233,dormant,core
ebd1417732defaf66c50b5a800eb293e,2017-03-28 09:40:41,2017-03-28 09:40:41,309.0,1,1,523,204,dormant,core
ebd2d60905fb58271facef5596b620d3,2017-02-13 14:48:03,2018-08-17 18:41:50,7941.72,84,17,16,161,established,high_value
ebe3dabc4955c9b0d695e7bda38bf5c3,2018-02-20 15:22:53,2018-02-20 15:22:53,55.0,1,1,194,533,dormant,long_tail
ebef8d8c92b4fd3226e5d407bbff21ac,2017-01-29 13:42:10,2017-03-13 22:19:52,253.70000000000002,3,3,538,146,dormant,core
ec21206b7894c503788a684a7bc822a6,2017-08-03 19:04:35,2017-11-17 06:34:36,247.8,3,2,290,332,dormant,core
ec2e006556300a79a5a91e4876ab3a56,2018-02-02 14:26:45,2018-08-15 14:02:53,125.2,4,3,18,515,growing,long_tail
ec4608a1f76453166bb312b2968aeaf4,2017-02-22 15:57:47,2018-08-14 14:19:51,1181.75,18,10,19,170,established,core
ec5c1d94df153d473b37f880977ae58e,2018-05-22 14:50:54,2018-06-03 13:21:09,199.67000000000002,2,2,91,624,dormant,core
ec80e49e69745ab6c14f984bf2149423,2018-02-04 22:12:07,2018-08-22 22:17:56,3709.0,12,6,11,518,established,core
ec8463980a4e0ea9f8517aea1ed0c419,2018-07-16 16:35:30,2018-07-16 22:36:53,239.2,2,1,48,679,activated,core
ec8879960bd2221d5c32f8e12f7da711,2017-05-16 22:35:38,2018-04-11 16:50:30,4062.4,36,12,144,254,dormant,core
ec933281fb017b5020d06df29c3f77e8,2017-10-16 10:45:42,2018-07-30 21:21:05,1432.0,8,6,34,406,growing,core
ecccfa2bb93b34a3bf033cc5d1dcdc69,2016-09-15 12:16:38,2016-10-10 11:39:06,1338.64,15,2,692,10,dormant,core
ececbfcff9804a2d6b40f589df8eef2b,2017-06-26 16:05:09,2018-08-15 16:54:26,6792.4,98,15,18,294,established,high_value
ed4311e67debd72b8610a5347a743087,2017-12-14 14:07:48,2018-08-28 16:33:22,3636.0,25,5,5,465,growing,core
ed46f1eb4a638113deb2a1137b5f22e9,2018-07-26 16:11:51,2018-08-23 23:05:07,3470.0,4,2,10,689,activated,core
ed49da7cadefc454d6a67de249eab240,2016-10-03 21:01:41,2016-10-08 16:02:07,43.0,2,1,694,28,dormant,long_tail
ed4acab38528488b65a9a9c603ff024a,2017-03-23 16:39:19,2018-07-27 15:27:42,12759.45,32,14,37,199,established,high_value
ed859002ad59dbf8cf3602696a6c3000,2016-10-04 20:41:55,2017-01-23 20:35:00,2421.7,7,2,587,29,dormant,core
ed8cb7b190ceb6067227478e48cf8dde,2018-07-19 15:36:35,2018-08-27 12:39:11,573.5,15,2,6,682,activated,core
ed9eef5be0992d413d251fadba1a410d,2017-01-26 00:20:23,2017-03-17 10:30:06,404.09999999999997,3,3,534,143,dormant,core
edb1ef5e36e0c8cd84eb3c9b003e486d,2017-09-28 09:48:29,2018-08-20 19:09:20,79284.55,166,12,13,388,established,high_value
edb58a1390adf273840030a3d6253829,2018-08-25 11:15:44,2018-08-25 11:15:44,39.9,1,1,8,719,activated,long_tail
edb65fe661681b1c0de8bd47c8655855,2017-04-26 12:37:33,2017-04-26 12:37:33,69.0,1,1,494,233,dormant,long_tail
edc518ba25576a0188a0e8f2c3af186f,2018-06-30 20:06:44,2018-08-20 13:02:40,1647.3899999999999,6,3,13,663,growing,core
edd066cd02126d7800f9b66e980e9931,2017-06-17 11:42:52,2018-06-13 07:25:51,987.6999999999999,6,5,82,285,at_risk,core
eddd1991bd6d9309995a480c39b95137,2017-10-07 17:31:53,2017-11-06 18:48:57,866.0,3,2,300,397,dormant,core
ede0c03645598cdfc63ca8237acbe73d,2018-02-21 12:25:12,2018-06-19 14:56:02,2518.37,46,5,75,534,at_risk,core
ede2977fbaf3738583170735ca403f6c,2018-02-25 17:37:45,2018-02-25 17:37:45,289.9,1,1,189,538,dormant,core
edf3fabebcc20f7463cc9c53da932ea8,2018-05-22 21:13:21,2018-05-22 21:13:21,219.9,1,1,103,624,dormant,core
edf96ef93ed595084bbcbd9224bd2894,2017-02-07 23:16:34,2018-08-16 15:32:45,3757.0,25,14,17,156,established,core
ee27a8f15b1dded4d213a468ba4eb391,2017-05-24 18:14:34,2017-05-24 18:14:34,6499.0,1,1,466,261,dormant,high_value
ee2fbacc2fc3794e656cc4d933d59ce7,2018-08-07 14:05:50,2018-08-21 21:36:22,464.97,2,1,12,701,activated,core
eeb6de78f79159600292e314a77cbd18,2017-02-18 18:28:46,2018-08-11 08:30:03,43739.84,83,19,23,166,established,high_value
eebb3372362aa9a46975164bed19a7e7,2017-03-28 11:33:47,2017-05-23 22:11:22,591.92,7,3,467,204,dormant,core
eec3469d83e142f9a104886655338c37,2017-02-03 16:32:12,2018-08-17 14:22:37,185.7,4,4,16,151,growing,core
eed78ac17f7f795a19a709745f00cd4e,2017-08-01 18:44:07,2018-07-17 14:25:51,4349.5,22,10,47,330,established,core
ef0ace09169ac090589d85746e3e036f,2017-11-14 10:43:54,2018-08-23 21:20:25,16223.300000000001,129,10,10,435,established,high_value
ef2fbc2b607d8492bcffe657a4645434,2018-07-02 16:44:40,2018-08-26 11:44:34,970.8,20,2,7,665,activated,core
ef30892870c278497523264be1be2241,2017-12-05 21:18:13,2018-01-31 18:59:31,783.2,9,2,214,457,dormant,core
ef506c96320abeedfb894c34db06f478,2017-01-23 07:03:04,2018-08-21 13:16:24,9771.43,324,20,12,140,established,high_value
ef728fa1f17436c91ed1ccd03dcf9631,2018-07-23 18:35:14,2018-08-23 12:31:37,128.7,3,2,10,686,activated,long_tail
ef990a83bbea832f36ebe81376335aa8,2017-11-27 20:25:14,2018-08-12 18:43:51,4642.59,43,8,21,448,established,high_value
ef9952469137ff190bacafe117f51537,2017-03-10 12:46:23,2017-05-30 15:57:13,1002.66,5,3,460,186,dormant,core
efb628aa07c8ca93d7db0d85b91a4f5a,2017-11-17 08:47:34,2017-11-17 08:47:34,204.0,1,1,290,438,dormant,core
efcd8d2104f1a05d028af7bad20d974b,2017-04-26 03:54:32,2018-08-22 03:16:24,2424.78,47,16,12,233,established,core
efff9341f3f8f5237b44ff67ed36a7bf,2018-05-01 22:37:30,2018-08-15 19:42:43,872.99,5,2,18,604,activated,core
f00e21b1e91a79653163b7fd8f293ff1,2017-03-25 21:54:29,2017-12-02 18:38:46,3900.09,31,10,274,202,dormant,core
f00f5b35d0abcacbdd863672f4bb2c1a,2017-05-27 14:15:33,2017-05-27 14:15:33,299.0,1,1,463,264,dormant,core
f021c962aaba8ef6eb527a9c2c8394d1,2017-05-17 11:36:51,2017-08-06 17:55:55,4398.5,5,3,392,254,dormant,core
f049a72cf58fd31b11f8919cade515e7,2018-07-25 12:03:29,2018-08-06 18:48:35,138.75,3,2,27,688,activated,long_tail
f0563bacf40c311f1c4d3d6b67b8a7a7,2016-10-05 14:16:28,2016-10-05 14:16:28,1199.0,1,1,697,30,dormant,core
f0837c8d71434931d9e38e7b79234797,2017-11-18 12:08:24,2018-08-14 17:27:42,3446.9,22,7,19,439,established,core
f08a5b9dd6767129688d001acafc21e5,2017-10-07 14:32:01,2018-01-16 09:15:25,14069.630000000001,11,4,229,397,dormant,high_value
f08c008c8a8d31417763738a1788a2a8,2017-10-10 23:58:26,2018-01-22 18:14:24,1291.72,22,4,223,401,dormant,core
f09b760d23495ac9a7e00d29b769007c,2016-10-03 16:56:50,2016-10-03 16:56:50,21.9,1,1,699,28,dormant,long_tail
f09e26011d833ddab11593c1a097a92a,2018-03-01 11:42:23,2018-03-01 11:42:23,79.9,1,1,185,542,dormant,long_tail
f0b47fbbc6dee9aafe415a6e33051b3f,2017-07-25 10:57:26,2018-08-28 19:32:05,3795.91,68,8,5,323,established,core
f0e103c63864d5405b958d984b6e94c9,2017-04-04 14:13:05,2017-08-26 00:59:30,951.7,11,4,373,211,dormant,core
f0ec6a2adb05c62655a26dd347b8dede,2018-04-11 17:08:59,2018-04-11 17:08:59,72.0,1,1,144,583,dormant,long_tail
f0ec78809fe0bc3edb11c9fe5b97b059,2018-06-09 12:47:27,2018-07-18 12:50:16,62.599999999999994,2,2,46,642,activated,long_tail
f114dca2828bf718548db175ebe2cfcd,2018-01-06 01:06:31,2018-01-06 01:06:31,139.0,1,1,240,488,dormant,long_tail
f1198c871e0171278b63f40d112caeec,2017-08-15 21:33:49,2017-11-10 18:13:05,475.8,2,2,296,345,dormant,core
f125f3a310c2e5f822d116147de1e474,2018-01-15 19:59:47,2018-08-20 16:19:23,2761.4,16,8,13,497,established,core
f12d3c2a14729ae461b920c11fe20fdc,2018-05-03 20:25:44,2018-07-31 20:56:04,364.45,9,3,33,605,growing,core
f12ff17ad8bbf01ec5c33b17e506649b,2018-01-03 12:03:50,2018-05-22 11:20:15,6241.0,29,5,103,485,dormant,high_value
f18112da765e0971ca5d510dec322bdd,2018-01-01 22:11:36,2018-01-02 19:20:35,327.8,2,1,243,484,dormant,core
f181738b150df1f37cb0bd72e705b193,2017-05-15 19:45:02,2018-08-22 16:51:32,5529.7,36,12,11,252,established,high_value
f19516b9ff26bfeb091b30108db4ddbd,2017-08-17 21:08:06,2017-11-14 21:09:04,727.6,5,4,292,346,dormant,core
f1b854361f4e15d5851b494df66f22b2,2018-04-15 17:02:51,2018-07-25 15:35:55,1168.8,3,2,39,587,activated,core
f1b93673502375d491780bb49d615dbc,2018-03-11 19:07:43,2018-08-18 11:57:34,2638.9300000000003,8,5,15,552,growing,core
f1c1ac3f3efc07e659c035008e615e66,2017-03-30 12:39:15,2017-09-27 12:56:13,2561.96,4,4,340,206,dormant,core
f1ce5fdecd64935c28b9ff932751d0dc,2017-03-25 21:48:06,2017-06-29 17:19:23,158.0,2,2,430,202,dormant,long_tail
f1ed6bd0a9b11b581f16c851c6a5a527,2017-03-04 21:08:40,2018-05-19 00:41:02,1622.77,17,11,107,180,dormant,core
f1fd5ab1181f827ffad998c1a5de7d74,2017-11-16 13:58:07,2018-08-09 06:47:46,7045.99,15,9,25,437,established,high_value
f1fdf2d13186575751aa25876536d85c,2018-03-29 21:39:51,2018-03-29 21:39:51,26.3,1,1,157,571,dormant,long_tail
f205b1a3ca9a34e0f8a228bae6e4c7b3,2018-07-13 12:35:28,2018-08-26 17:28:44,1088.0,8,2,7,676,activated,core
f214d28e8d8e3ef068748498ccc2f813,2017-08-13 12:10:48,2018-08-19 13:40:36,2212.41,54,11,14,342,established,core
f22a247b79dd22ecd91dc8e3b2a1b07c,2018-05-02 15:21:52,2018-08-23 20:21:35,439.94,8,3,10,604,growing,core
f2336e113377dd21c744d9c4fc8293a9,2017-02-22 17:46:56,2017-09-15 13:18:29,3563.0,4,3,352,170,dormant,core
f235413f677777a0738ff215d0184901,2017-01-16 18:36:49,2017-02-22 16:10:31,1696.7,3,2,557,133,dormant,core
f25e239052084705e17a982bc600ab2a,2017-03-18 17:56:04,2018-08-15 18:01:23,7380.0,8,8,18,194,growing,high_value
f262cbc1c910c83959f849465454ddd3,2017-11-04 10:25:02,2018-08-27 07:18:36,10482.83,192,10,7,425,established,high_value
f266295f49a28eee21f413e0cbb0521d,2017-11-08 18:18:31,2017-11-09 15:06:08,149.8,2,1,297,429,dormant,long_tail
f26d70155c2b6326fcfa1780c8c684e4,2017-06-26 16:50:06,2017-06-26 16:50:06,202.89,1,1,433,294,dormant,core
f27e33c6d29b5138fa9967bcd445b6d5,2017-07-25 12:31:12,2018-08-25 20:24:40,8888.3,93,14,8,323,established,high_value
f3041c2e75ec683697a6a5ea82192210,2017-02-05 20:43:42,2017-02-05 20:43:42,145.0,1,1,574,153,dormant,long_tail
f3055483058c84d75ca2a3314fb4deef,2017-12-04 11:30:23,2017-12-04 11:30:23,67.5,1,1,272,455,dormant,long_tail
f307937c1bb287c3efc2a514b94b0d1d,2017-06-03 23:46:04,2017-06-03 23:46:04,189.99,1,1,456,272,dormant,core
f326006815956455b2859abd58fe7e39,2017-11-07 14:07:03,2018-08-01 13:30:49,3147.16,9,6,32,428,growing,core
f3295428338a40977a03f555246a70f4,2017-10-23 14:59:46,2018-02-05 23:24:02,644.98,7,5,209,413,dormant,core
f3511c85f59f8dec53d140501ee8e7a8,2017-08-13 20:03:35,2017-08-13 20:03:35,69.9,1,1,385,342,dormant,long_tail
f356c348fbc8df6a882823e21f5ce8b7,2018-08-17 13:57:35,2018-08-20 12:40:44,195.18,2,1,13,711,activated,core
f35b3c613c4f7b2275f4185d0a3c59ec,2018-02-28 07:37:29,2018-06-03 00:27:27,4047.25,9,5,92,541,dormant,core
f35becee938e982bd615edf8ef12bcfb,2017-03-09 10:36:58,2017-08-02 18:18:33,148.59,6,4,396,185,dormant,long_tail
f3862c2188522d89860c38a3ea8b550d,2018-05-15 17:41:00,2018-05-15 17:41:00,15.5,1,1,110,617,dormant,long_tail
f3975e8a41157005d4bcbb358678cd9b,2018-04-02 16:10:57,2018-08-19 14:29:37,178.8,2,2,14,574,activated,core
f3b80352b986ab4d1057a4b724be19d0,2017-02-14 10:49:41,2018-07-26 19:00:25,10505.1,87,17,38,162,established,high_value
f3c38ab652836d21de61fb8314b69182,2018-04-11 13:05:11,2018-08-06 17:54:58,1581.0,15,5,27,583,growing,core
f3da5b2ff499efb8d4a6d371d175d7dd,2017-11-04 09:24:45,2018-07-10 15:47:15,3702.29,79,9,54,425,established,core
f410c8873029fcc3809b9df6d0b28914,2018-08-08 18:22:24,2018-08-20 09:32:27,289.8,2,1,13,702,activated,core
f419677537694f0462a91990df6ca44f,2017-12-27 08:36:53,2018-03-14 15:47:48,220.5,6,4,172,478,dormant,core
f41ce2e25237f9092cd8e6e7516c7a2f,2016-10-07 14:42:07,2017-12-18 14:55:09,2030.9,27,11,258,32,dormant,core
f435898e493ba0356019a0b1cb8b55b1,2017-02-05 02:16:12,2018-05-25 10:23:03,649.76,10,6,100,153,dormant,core
f43827dd686be3a4a80e00aa299990fb,2018-01-25 10:09:48,2018-01-25 10:09:48,95.54,1,1,220,507,dormant,long_tail
f44b6f775a2b390380e0e30b5c9d3eee,2017-06-30 20:06:54,2018-08-26 13:49:27,2930.0,10,8,7,298,established,core
f44bdc12aa39f5271f0b95f66cd4c289,2017-11-20 15:39:42,2018-08-07 19:58:03,357.5,5,4,26,441,growing,core
f45122a9ab94eb4f3f8953578bc0c560,2017-02-09 22:25:41,2018-08-22 09:39:57,22078.29,187,19,11,158,established,high_value
f457c46070d02cadd8a68551231220dd,2017-12-23 17:20:36,2018-06-30 13:24:32,19093.0,199,7,64,474,at_risk,high_value
f46490624488d3ff7ce78613913a7711,2018-05-23 13:50:08,2018-08-21 16:39:32,5802.85,83,4,12,625,growing,high_value
f4a04f7be452aa3bb31760bf00055dd0,2017-10-31 21:47:13,2018-08-17 16:02:15,1312.1,18,6,16,422,established,core
f4aba7c0bca51484c30ab7bdc34bcdd1,2016-10-07 15:53:31,2017-07-29 15:38:47,3009.79,110,8,400,32,dormant,core
f4c4daa86e30c7e5a553a8d518ac03a5,2017-03-21 14:37:07,2017-11-27 13:26:43,6301.91,20,8,279,197,dormant,high_value
f4ce8ca9fa7157e3b33f536ac9a4487d,2018-07-16 08:45:31,2018-08-20 10:58:06,409.6,4,2,13,679,activated,core
f4db9b37944bcb8873e6b456ee190bbf,2017-04-08 19:22:41,2018-08-15 10:31:34,3409.78,21,10,18,215,established,core
f524ad65d7e0f1daab730ef2d2e86196,2018-01-29 22:29:52,2018-01-29 22:29:52,578.0,1,1,216,512,dormant,core
f52c2422904463fdd7741f99045fecb6,2018-06-15 21:52:01,2018-08-21 18:44:58,567.79,12,3,12,649,growing,core
f5403d3f50089112c4eed37928b7f622,2017-02-05 18:11:48,2017-02-25 15:37:25,190.8,2,1,554,153,dormant,core
f543ba3c973276f519d89d59bd46cead,2018-02-09 17:36:42,2018-06-24 14:49:59,258.0,2,2,70,522,at_risk,core
f593898ec748b7a8cb81fc04edafd98a,2017-09-17 16:34:35,2018-02-06 20:34:19,2813.04,20,6,208,377,dormant,core
f5a590cf36251cf1162ea35bef76fe84,2017-03-28 18:48:20,2018-08-18 23:53:24,53201.78,117,17,15,204,established,high_value
f5b44895715ddfe3087dc414f30268f3,2017-09-18 12:19:09,2018-07-25 20:05:09,378.8,19,10,39,378,established,core
f5b84683a9bf9e1df748cf40f601b39c,2016-10-08 22:11:57,2016-10-08 22:11:57,83.9,1,1,694,34,dormant,long_tail
f5f1f2c5f923f36ad79ea1d07185ddc9,2018-02-22 14:47:02,2018-04-04 18:42:39,1912.15,12,3,151,535,dormant,core
f5f2ab9bdb6b30c14c61be68c5ed37da,2016-10-05 22:53:45,2017-12-04 19:12:17,2134.6800000000003,18,9,272,31,dormant,core
f5f46307a4d15880ca14fab4ad9dfc9b,2017-07-12 14:37:58,2017-11-29 21:51:19,1422.94,9,4,277,310,dormant,core
f5fea3ffed6c2e889bab72705557c63a,2017-02-23 12:18:09,2017-04-18 23:53:54,1059.9,3,2,502,171,dormant,core
f6122bc84774df1b372bdb3bb88ddb9f,2017-10-04 09:43:36,2018-03-19 14:01:34,4799.87,3,3,167,394,dormant,high_value
f615fe7efbef0f4f08fd3086bc7a3e60,2017-07-12 17:40:18,2017-10-21 11:08:42,2359.27,23,4,316,310,dormant,core
f61c63d13f7cd800549d5acdd390ae72,2017-09-14 10:23:41,2018-08-20 10:19:46,3072.3,26,11,13,374,established,core
f626e15b7314c267e4429010866f70e9,2018-02-24 09:33:05,2018-07-30 20:48:59,193.54999999999998,5,4,34,537,growing,core
f62d7bb4a613ec758a03342d46b580b2,2018-01-10 18:29:18,2018-08-09 18:02:26,24665.0,32,8,24,492,established,high_value
f63d8f293af3a6454377546bd9dd19ff,2017-05-14 14:59:05,2018-02-13 16:01:40,1751.82,17,9,201,251,dormant,core
f650a9708fa1bab22bdd8d3a818cc415,2017-01-25 13:42:49,2017-08-02 14:08:18,507.75,5,3,396,142,dormant,core
f664f98bfda2eaf266a23ff144e7a872,2017-07-18 11:48:20,2017-11-19 20:27:48,153.99,2,2,287,316,dormant,long_tail
f67efa3f0b6761102a7f8c6b7b571f5d,2016-10-04 18:02:37,2018-04-09 10:47:49,5188.68,31,11,146,29,dormant,high_value
f680f85bee2d253556ac91be391d2c82,2017-09-30 19:19:56,2018-08-24 21:06:11,5183.92,45,12,9,390,established,high_value
f682e0f848abafc6f41e0d4e868c66ef,2017-10-11 12:45:13,2018-05-18 14:37:45,269.98,2,2,107,401,dormant,core
f7315bb81aea4ddca2d39e249a801c98,2018-06-14 12:12:21,2018-08-01 15:15:05,379.8,2,2,32,647,activated,core
f7496d659ca9fdaf323c0aae84176632,2016-10-08 10:55:44,2018-08-16 11:34:12,5087.57,26,16,17,33,established,high_value
f76a3b1349b6df1ee875d1f3fa4340f0,2018-01-04 17:09:02,2018-08-17 19:14:14,4160.79,24,7,16,486,established,core
f7720c4fa8e3aba4546301ab80ea1f1b,2017-03-28 23:13:25,2018-08-17 18:16:56,2083.45,60,16,16,205,established,core
f783a638e9c6af4a7d0dbfde811e7a81,2018-02-04 03:44:01,2018-04-03 16:17:10,849.8,5,3,152,517,dormant,core
f789d2c4f2c2eb38fc4373e7a4b35264,2017-04-04 22:29:47,2018-08-22 11:28:14,4864.24,44,13,11,212,established,high_value
f7ba60f8c3f99e7ee4042fdef03b70c4,2017-07-31 16:03:55,2018-08-26 22:37:58,68395.0,219,14,7,329,established,high_value
f7c31656c19db6275a8acadca289f426,2018-02-15 11:26:40,2018-02-15 11:26:40,61.56,1,1,199,528,dormant,long_tail
f7ccf836d21b2fb1de37564105216cc1,2017-12-08 13:53:26,2018-08-19 22:12:22,2787.4,70,9,14,459,established,core
f7df46c1e0ec44eed5c6726478da4a17,2017-06-17 22:46:24,2017-07-05 23:56:40,429.70000000000005,3,2,424,286,dormant,core
f805b96fa705ba7995a221f1749dc141,2017-06-28 12:18:17,2018-03-14 16:13:12,2744.44,7,6,172,296,dormant,core
f80edd2c5aaa505cc4b0a3b219abf4b8,2017-04-06 15:51:57,2018-08-27 12:59:16,9108.2,119,17,6,213,established,high_value
f8201cab383e484733266d1906e2fdfa,2017-06-17 15:21:29,2018-08-11 19:39:37,889.0,10,7,22,285,established,core
f84a00e60c73a49e7e851c9bdca3a5bb,2017-02-20 11:45:39,2018-07-25 11:32:31,5949.9400000000005,90,17,39,168,established,high_value
f84fa566034f5e8e880a07ec624c56af,2017-07-21 00:45:06,2018-08-14 16:22:27,5093.79,91,9,19,319,established,high_value
f88adb15807168d3c43d71021090ce4a,2018-04-23 22:45:21,2018-08-14 18:06:34,488.8,3,2,19,596,activated,core
f8d5c7085db9a4ad2b8c1ffbeb2798c8,2017-03-30 11:59:33,2018-02-05 19:51:29,263.0,6,6,209,206,dormant,core
f8db351d8c4c4c22c6835c19a46f01b0,2017-01-25 22:46:24,2018-08-25 19:56:43,50525.6,667,20,8,143,established,high_value
f8e2c1b59cd4225a3e4fd0d013a76b93,2017-09-01 10:23:11,2017-12-31 02:09:21,219.8,2,2,246,361,dormant,core
f8f35af4634605e6693c17cc3ffff5a8,2017-11-12 18:04:56,2017-11-12 18:04:56,90.0,1,1,294,433,dormant,long_tail
f90f77ef2799a27f80d90c425ca944f7,2018-05-15 08:42:18,2018-05-15 08:42:18,70.0,1,1,111,617,dormant,long_tail
f918546be4bec7104d117789ba758b2b,2017-12-05 09:22:52,2018-06-26 15:07:53,1483.0,20,6,68,456,at_risk,core
f9244d45189d3a3605499abddeade7d5,2017-02-07 22:29:03,2018-08-18 12:45:56,15731.43,21,13,15,156,established,high_value
f92d8c817434bd2d84d4e9c61322b7fa,2018-01-19 14:57:16,2018-07-26 18:24:47,174.84,5,5,38,501,growing,core
f97e2b0650c2068227e1d366140eb62f,2017-06-14 17:57:21,2018-08-19 09:49:20,3654.0,16,10,14,282,established,core
f9903dd0f812c7e771fcad47b6fff231,2017-11-15 10:43:50,2018-08-20 14:34:51,1684.8500000000001,10,7,13,436,established,core
f9a02f1922d1de564392e656d82b3fda,2017-04-05 09:11:24,2017-04-05 09:11:24,125.9,1,1,515,212,dormant,long_tail
f9bbdd976532d50b7816d285a22bd01e,2017-05-25 23:22:43,2017-09-14 21:21:35,268.0,2,2,353,263,dormant,core
f9d010e39375d9c91dce3f40b73a2f84,2018-02-17 15:54:49,2018-07-23 09:02:12,1212.0,4,4,42,530,growing,core
f9ec7093df3a7b346b7bcf7864069ca3,2018-07-05 06:46:44,2018-08-26 20:08:21,519.2,9,2,7,668,activated,core
f9eda05b67bef472deaddbba84aca289,2018-06-05 19:06:38,2018-06-05 19:06:38,185.0,1,1,89,638,at_risk,core
f9eedec3129e8cc6b6429c42d0808c5b,2018-07-24 21:30:17,2018-07-26 00:39:18,789.8,2,1,39,688,activated,core
f9f68daa2af419d38f745478bcb3da1a,2017-01-27 19:55:05,2017-04-24 09:00:17,22.4,2,2,497,144,dormant,long_tail
fa14641f57b655e933124a9ea49cd7a5,2017-05-19 18:42:14,2018-02-05 13:55:53,359.92999999999995,7,4,209,256,dormant,core
fa18c782a4866d313cadab567097f8f1,2017-05-16 22:17:00,2017-05-16 22:17:00,58.99,1,1,474,254,dormant,long_tail
fa1a9dec3a9940c072684a46728bf1fc,2016-10-06 12:22:07,2018-08-22 20:55:15,6674.0,55,18,11,31,established,high_value
fa1c13f2614d7b5c4749cbc52fecda94,2017-01-07 20:45:31,2018-08-29 09:48:09,194042.03,585,20,4,124,established,high_value
fa3a0b5aabb344b9a92e3524b0202123,2018-01-26 00:09:45,2018-06-16 21:53:42,1789.0,7,4,78,508,at_risk,core
fa40cc5b934574b62717c68f3d678b6d,2016-10-10 00:01:50,2018-05-21 20:30:42,16055.87,307,18,104,35,dormant,high_value
fa5fdc4e4bb6bd1009ad0e4ac4096562,2016-10-10 12:39:06,2016-10-10 12:39:06,161.99,1,1,692,35,dormant,core
fa74b2f3287d296e9fbd2cc80f2d1cf1,2017-07-20 16:59:53,2017-12-26 15:47:25,2459.89,11,3,250,318,dormant,core
fa7ad8ae9bcb2c4493fdf38e96b1d74f,2017-11-13 00:07:07,2017-11-13 00:07:07,88.0,1,1,294,434,dormant,long_tail
fa8d335d68129e464e60c1826a683e96,2017-10-20 08:49:05,2017-10-20 08:49:05,139.9,1,1,318,410,dormant,long_tail
fac1a9017ade7bdc94058fc1c969f355,2018-05-11 15:21:35,2018-08-17 14:01:36,2010.84,9,3,16,613,growing,core
fac35d150712afb921ec59ac5f39bb11,2018-02-24 14:37:03,2018-07-16 13:57:23,696.0,5,4,48,537,growing,core
fad44952713764836814be105382aee5,2018-01-04 19:21:49,2018-08-14 08:38:20,5129.0,32,7,20,486,established,high_value
fadb07c842a2aef5d5a676b85f220e71,2018-06-05 13:24:11,2018-08-27 15:04:59,398.75,7,3,6,638,growing,core
fb3cfbc8a86f5d7fbb4d36b8df63f60d,2018-06-11 23:08:00,2018-08-18 15:58:52,1007.3000000000001,10,2,15,645,activated,core
fb503a924a0b9db19d83dd0ac6dbef8c,2017-05-16 00:48:59,2017-05-16 00:48:59,13.9,1,1,475,253,dormant,long_tail
fb8904a8ea99f8831b64ce27db2c1765,2017-11-12 14:52:36,2017-11-24 21:39:39,278.0,2,1,282,433,dormant,core
fb89df7f89fd1b8f03fa2acca1ba7364,2017-10-10 20:21:15,2018-08-18 21:18:15,2220.0,22,8,15,400,established,core
fbc14c0cf93505ef89f64665ffa4a7b5,2017-08-17 17:36:22,2018-08-08 21:34:09,12227.82,18,10,25,346,established,high_value
fc0b214b59a83615fea981c6424a02ae,2018-08-17 10:15:31,2018-08-17 10:15:31,159.9,1,1,16,711,activated,core
fc38b5dceee1a730fad8853453437fbd,2017-04-05 08:23:43,2017-12-15 19:13:52,119.2,5,5,261,212,dormant,long_tail
fc4751cfe3b279c419615b9b00c1abb4,2017-02-16 15:53:00,2017-02-16 15:53:00,453.7,1,1,563,164,dormant,core
fc59392d66ef99377e50356ee4f3b4e1,2018-05-20 01:15:58,2018-08-12 07:47:57,519.99,5,4,22,622,growing,core
fc5a0d7a310a7a41abf86a458585ff2b,2017-06-02 16:34:22,2018-05-16 08:53:35,162.8,2,2,110,270,dormant,core
fc6295add6f51a0936407ead70c1001d,2017-11-06 19:20:14,2017-11-06 19:20:14,160.0,1,1,300,427,dormant,core
fc906263ca5083d09dce42fe02247800,2017-04-11 12:45:06,2017-12-23 18:17:06,4497.7,114,8,253,218,dormant,high_value
fc908879b9ca1bd65419e54e50432d38,2017-12-18 10:29:38,2018-07-25 21:39:51,119.19999999999999,4,3,39,469,growing,long_tail
fc99f99385ae90f66f01733856fb88c9,2017-06-13 21:10:05,2017-06-13 21:10:05,89.9,1,1,446,281,dormant,long_tail
fcb5ace8bcc92f75707dc0f01a27d269,2017-11-20 11:47:07,2018-08-09 23:10:26,8318.63,62,10,24,441,established,high_value
fcba71d4d5db057f43249145e4eb1e27,2017-10-30 21:45:33,2018-02-26 21:43:45,494.55,3,3,188,421,dormant,core
fcdd820084f17e9982427971e4e9d47f,2018-03-07 15:15:15,2018-08-17 11:15:25,4783.99,16,6,16,548,established,high_value
fce62094ffe6a4009188ec44e681dfdd,2017-02-07 18:01:15,2018-03-01 18:07:51,2969.7,4,4,185,155,dormant,core
fcf16b7a8697e559f0123190bb30177d,2018-02-18 18:41:59,2018-08-13 20:33:57,1052.8,3,3,20,531,growing,core
fd312b6bf05efac6c3772d5b52205d8a,2017-03-29 17:44:04,2017-06-26 16:04:07,118.69999999999999,2,2,433,205,dormant,long_tail
fd386aa7bed2af3c7035c65506c9b4a3,2018-02-23 10:29:24,2018-08-28 14:11:30,2304.15,69,7,5,536,established,core
fd435faa3c0422b60440ea3480d0e77c,2018-08-20 07:36:53,2018-08-20 07:36:53,749.0,1,1,14,714,activated,core
fdaaf5bfda82b7b80535610c831b8d09,2017-09-05 22:14:52,2018-05-06 11:40:50,2588.9,10,6,119,366,dormant,core
fdb9095204a334cd8872252ffec6f2db,2017-06-27 23:21:05,2018-05-28 10:55:14,8156.0,46,9,97,296,dormant,high_value
fde0cc9ea29c8ccfc0a2c22256a58c71,2017-10-11 13:27:29,2018-08-19 19:06:06,3922.0,35,11,14,401,established,core
fdf736c18c589ed030e058312203e1b2,2018-08-02 12:07:30,2018-08-02 12:07:30,30.0,1,1,31,696,activated,long_tail
fe19dce63ae80346207c6c55713d1023,2017-01-31 15:39:27,2017-01-31 15:39:27,49.9,1,1,579,148,dormant,long_tail
fe1b067411b8c5066e962aa146ccee03,2018-07-24 13:41:59,2018-08-21 09:33:04,847.78,8,2,12,687,activated,core
fe1bbc5feda5c8979a8a1b3b2512d5a6,2017-02-03 06:55:52,2017-07-14 17:24:41,724.72,9,5,415,151,dormant,core
fe2032dab1a61af8794248c8196565c9,2017-03-08 11:54:55,2018-08-21 15:12:32,65959.61,294,18,12,184,established,high_value
fe26f3ecb51a15e6d8335cd92da42562,2017-11-17 13:15:59,2018-02-18 21:05:38,2708.96,7,3,196,438,dormant,core
fe49ee029e61e789a1f3a5525f57ba8d,2017-11-28 14:09:58,2018-03-26 11:59:06,2527.5899999999997,17,5,160,449,dormant,core
fe4cd9461203cee790d36792420b310f,2017-03-13 08:11:00,2017-09-06 22:28:42,391.15,3,3,361,189,dormant,core
fe701d88b67eaca109dffd464d1be9f9,2017-11-21 23:13:30,2018-07-24 14:11:22,1548.9,11,6,40,443,established,core
fe8055980a4ff7f64ed889c2b5926929,2018-06-11 13:46:46,2018-07-25 19:07:16,196.70000000000002,3,2,39,644,activated,core
fe87f472055fbcf1d7e691c00b1560dc,2018-05-07 13:09:18,2018-08-19 21:44:37,1085.8,6,2,14,609,activated,core
fe9d9cf8631285d5982c6e2cf27fb114,2018-07-19 21:58:43,2018-07-19 21:58:43,69.9,1,1,45,683,activated,long_tail
feb793c88d836c3a75efa4b5a3465d70,2018-03-23 19:26:13,2018-03-23 19:26:13,466.0,1,1,163,564,dormant,core
febab0275244b9a49a623f0bd613ca2f,2017-02-15 20:49:15,2018-08-17 20:05:53,7272.42,109,19,16,163,established,high_value
fec6275253471ace26d209bbaa64cd0f,2018-01-22 11:14:54,2018-07-06 16:38:58,2840.0,9,5,58,504,growing,core
fec6912baad85d41729669edd6b4d3b8,2018-04-13 20:44:27,2018-04-13 20:44:27,210.0,1,1,142,585,dormant,core
fec8cd45395b3cb0c2b173d7739706a1,2018-01-04 11:11:33,2018-04-25 15:44:24,1280.0,4,3,130,486,dormant,core
fedaedd3ca31d56ab33e92035e4b361c,2016-10-06 20:06:26,2016-10-06 20:06:26,39.9,1,1,696,31,dormant,long_tail
fedf2c1386e137f296b3bbf3b635e69d,2018-02-28 09:08:07,2018-05-23 20:01:45,131.74,2,2,102,541,dormant,long_tail
ff063b022a9a0aab91bad2c9088760b7,2017-02-14 06:59:36,2018-08-20 14:39:22,12076.5,94,16,13,162,established,high_value
ff1e15b778c700abdd4d239b81ac466d,2018-08-02 12:06:18,2018-08-21 18:42:15,414.3,7,1,12,696,activated,core
ff1fb4c404b2efe68b03350a8dc24122,2018-01-20 23:30:17,2018-08-21 06:06:38,6771.0,46,8,13,503,established,high_value
ff314fa6033cc68ec451c47aee2d6ba4,2017-01-25 09:09:46,2017-05-19 16:09:06,537.9,2,2,471,142,dormant,core
ff4e2d38692ce827b1a4f4b8196e680d,2017-08-20 16:31:57,2018-07-08 10:36:42,518.9,11,6,56,349,established,core
ff4ea69c2a729e83e63c7579e4ef8170,2017-02-28 19:07:02,2017-07-21 12:54:47,7017.0,9,5,408,176,dormant,high_value
ff69aa92bb6b1bf9b8b7a51c2ed9cf8b,2017-12-02 19:55:21,2018-06-18 22:43:08,21940.8,20,7,76,453,at_risk,high_value
ff82e8873fba613f2261a9acc896fd84,2017-12-06 12:41:52,2018-02-16 19:30:29,124.6,4,3,198,457,dormant,long_tail
ffa6adafb71b807dc13159e26431354c,2018-03-16 07:38:09,2018-08-13 14:18:44,2669.9,18,5,20,557,growing,core
ffad1e7127fb622cb64a900751590acd,2018-03-13 14:21:08,2018-07-14 17:40:59,884.3,10,5,50,554,growing,core
ffc470761de7d0232558ba5e786e57b7,2018-02-20 18:47:21,2018-08-17 20:31:07,1649.01,28,7,16,533,established,core
ffcfefa19b08742c5d315f2791395ee5,2018-06-23 17:34:33,2018-06-23 17:34:33,69.9,1,1,71,656,at_risk,long_tail
ffdd9f82b9a447f6f8d4b91554cc7dd3,2017-03-05 16:21:27,2018-08-19 14:37:08,2101.2,18,11,14,181,established,core
ffeee66ac5d5a62fe688b9d26f83f534,2017-09-30 15:56:56,2018-05-14 08:55:22,1839.8600000000001,14,7,112,390,dormant,core
fffd5413c0700ac820c7069d66d98c89,2017-07-24 21:13:55,2018-08-26 19:56:12,9062.3,60,14,7,322,established,high_value
ffff564a4f9085cd26170f4732393726,2016-10-07 17:37:49,2017-04-03 22:08:47,1426.3,20,4,517,32,dormant,core
