purchase_month,category,gmv_proxy,orders,avg_review,late_rate,active_sellers,gmv_per_seller,gmv_share,gmv_growth
2016-09,furniture_decor,72.89,1,1.0,,1,72.89,0.2726286654697785,
2016-09,health_beauty,134.97,1,1.0,,1,134.97,0.5048249551166966,
2016-09,telephony,59.5,1,1.0,,1,59.5,0.2225463794135248,
2016-10,air_conditioning,1707.09,5,3.8,,2,853.545,0.0344813307678044,
2016-10,audio,156.99,2,5.0,,1,156.99,0.0031710244434901,
2016-10,auto,1833.25,11,2.75,,11,166.6590909090909,0.0370296232946578,
2016-10,baby,1630.16,11,3.4285714285714284,,9,181.1288888888889,0.0329274298159113,
2016-10,bed_bath_table,478.99,5,3.375,,4,119.7475,0.0096750684641528,
2016-10,books_general_interest,119.5,1,5.0,,1,119.5,0.0024137678896558,
2016-10,books_technical,267.0,1,1.0,,1,267.0,0.0053931048245867,
2016-10,computers_accessories,1399.32,18,2.761904761904762,,9,155.48,0.0282647170155083,
2016-10,consoles_games,3882.26,10,3.4,,4,970.565,0.0784173600610491,
2016-10,cool_stuff,1111.0,8,3.75,,8,138.875,0.0224409717607335,
2016-10,diapers_and_hygiene,134.9,1,5.0,,1,134.9,0.0027248308645571,
2016-10,electronics,1306.99,2,3.0,,2,653.495,0.0263997530887139,
2016-10,fashio_female_clothing,54.9,1,5.0,,1,54.9,0.0011089193066285,
2016-10,fashion_bags_accessories,508.3,8,3.2222222222222223,,5,101.66,0.0102670980611889,
2016-10,fashion_male_clothing,24.9,1,1.0,,1,24.9,0.0005029524724052,
2016-10,fashion_shoes,29.99,1,5.0,,1,29.99,0.0006057648452784,
2016-10,fixed_telephony,704.88,5,4.0,,5,140.976,0.0142377967369089,
2016-10,food,79.9,1,5.0,,1,79.9,0.0016138916684812,
2016-10,furniture_decor,5807.89,51,3.575757575757576,,34,170.82029411764708,0.117312957227225,78.68020304568529
2016-10,garden_tools,1359.88,5,4.2,,5,271.976,0.0274680726174495,
2016-10,health_beauty,4552.51,44,3.391304347826087,,14,325.17928571428575,0.0919556690823197,32.72979180558643
2016-10,housewares,1287.0700000000002,9,3.083333333333333,,6,214.51166666666668,0.0259973911107897,
2016-10,industry_commerce_and_business,359.6,3,4.25,,1,359.6,0.0072635224528891,
2016-10,market_place,1306.19,7,4.538461538461538,,7,186.59857142857143,0.0263835939731346,
2016-10,office_furniture,1300.88,6,1.6,,2,650.44,0.0262763378434771,
2016-10,perfumery,5688.7,30,4.151515151515151,,5,1137.74,0.1149054509948561,
2016-10,pet_shop,689.6800000000001,4,4.25,,2,344.84000000000003,0.0139307735409025,
2016-10,sports_leisure,3333.64,19,3.947368421052632,,16,208.3525,0.0673358425746642,
2016-10,telephony,500.08,9,3.8,,5,100.01599999999999,0.0101010631486117,7.404705882352941
2016-10,toys,4465.09,25,3.72,,11,405.91727272727275,0.0901898817273933,
2016-10,unknown,65.89,2,5.0,,2,32.945,0.0013309051568989,
2016-10,watches_gifts,3360.24,5,4.0,,3,1120.08,0.0678731331676754,
2016-12,fashion_bags_accessories,10.9,1,5.0,,1,10.9,1.0,-0.9785559708833366
2017-01,agro_industry_and_commerce,65.97,2,4.333333333333333,,1,65.97,0.0005483203916588,
2017-01,air_conditioning,663.7,3,3.5,,3,221.23333333333335,0.0055164505675909,-0.6112097194641173
2017-01,auto,5218.53,30,3.5294117647058822,,16,326.158125,0.0433746614140282,1.846600300013637
2017-01,baby,6397.87,32,4.625,,18,355.4372222222222,0.0531769377623524,2.9246883741473226
2017-01,bed_bath_table,3960.16,45,4.104166666666667,,10,396.01599999999996,0.032915514358522,7.267730015240401
2017-01,books_general_interest,234.89,2,5.0,,1,234.89,0.0019523264634947,0.9656066945606694
2017-01,computers,2199.99,1,4.0,,1,2199.99,0.0182855749347513,
2017-01,computers_accessories,3924.14,24,4.32258064516129,,12,327.01166666666666,0.0326161282662445,1.8043192407740904
2017-01,consoles_games,5954.2,21,4.181818181818182,,6,992.3666666666667,0.0494893023497818,0.5336942914694016
2017-01,construction_tools_construction,310.0,1,1.0,,1,310.0,0.0025766154526942,
2017-01,cool_stuff,7784.87,32,3.725,,21,370.7080952380952,0.0647052139974717,6.007083708370837
2017-01,dvds_blu_ray,29.8,1,5.0,,1,29.8,0.0002476875499686,
2017-01,electronics,617.0,11,3.8181818181818175,,6,102.83333333333333,0.0051282959171367,-0.5279229374363996
2017-01,fashio_female_clothing,77.3,2,4.0,,1,77.3,0.0006424915306234,0.40801457194899826
2017-01,fashion_bags_accessories,1671.97,30,4.363636363636363,,7,238.85285714285715,0.0138968507691654,152.39174311926604
2017-01,fashion_male_clothing,126.9,1,5.0,,1,126.9,0.0010547500030545,4.096385542168675
2017-01,fashion_shoes,34.9,1,5.0,,1,34.9,0.0002900770299968,0.16372124041347114
2017-01,fashion_underwear_beach,137.25,2,3.0,,1,137.25,0.0011407757125235,
2017-01,fixed_telephony,677.12,19,4.3,,4,169.28,0.0056279930817043,-0.0393825899443877
2017-01,food,42.82,2,5.0,,1,42.82,0.0003559053989818,-0.46408010012515644
2017-01,furniture_bedroom,73.2,8,5.0,,1,73.2,0.0006084137133458,
2017-01,furniture_decor,13521.31,137,3.782967032967033,,45,300.47355555555555,0.1123845686666771,1.3280933351010433
2017-01,furniture_living_room,1241.9,8,4.8,,3,413.9666666666667,0.0103222539700033,
2017-01,garden_tools,8152.75,40,3.844827586206896,,19,429.0921052631579,0.0677629084901723,4.995198105715209
2017-01,health_beauty,12561.32,82,4.048192771084337,,26,483.1276923076923,0.1044054555427029,1.7592075580284279
2017-01,home_appliances_2,2126.68,7,4.714285714285714,,4,531.67,0.0176762469385029,
2017-01,home_comfort_2,72.8,2,4.5,,2,36.4,0.0006050890482456,
2017-01,housewares,2827.58,21,4.071428571428571,,16,176.72375,0.0235018913604172,1.1969123668487338
2017-01,kitchen_dining_laundry_garden_furniture,110.0,1,5.0,,1,110.0,0.0009142829025689,
2017-01,luggage_accessories,492.5,4,4.8,,2,246.25,0.0040934939046836,
2017-01,market_place,447.04,6,3.6666666666666665,,4,111.76,0.0037156457160401,-0.6577527006025157
2017-01,music,19.8,2,5.0,,1,19.8,0.0001645709224624,
2017-01,musical_instruments,339.74,1,4.0,,1,339.74,0.0028238043028979,
2017-01,office_furniture,1444.35,7,2.8,,2,722.175,0.0120049500938677,0.11028688272553944
2017-01,perfumery,5112.599999999999,29,4.818181818181818,,4,1278.1499999999999,0.0424942069788543,-0.10127094063670095
2017-01,pet_shop,967.12,13,4.2,,7,138.16,0.0080383752793861,0.40227351815334633
2017-01,security_and_services,183.29,1,4.0,,1,183.29,0.0015234446655623,
2017-01,small_appliances,1660.79,6,4.666666666666667,,5,332.158,0.0138039263796134,
2017-01,sports_leisure,9717.62,62,3.962025316455696,,24,404.90083333333337,0.0807695801787456,1.9150178183607114
2017-01,stationery,1561.99,7,4.785714285714286,,4,390.4975,0.0129827340998514,
2017-01,telephony,2945.86,21,4.0,,8,368.2325,0.0244849948305613,4.890777475603904
2017-01,toys,4814.09,43,4.255813953488372,,14,343.86357142857145,0.0400130925311647,0.07816191834879027
2017-01,unknown,1702.64,11,3.615384615384616,,10,170.264,0.0141517694657271,24.840643496736988
2017-01,watches_gifts,8086.52,11,4.0,,3,2695.5066666666667,0.0672124270661983,1.4065304859176728
2017-02,agro_industry_and_commerce,224.84,7,3.857142857142857,,2,112.42,0.0009091680319957,2.4082158556919815
2017-02,air_conditioning,3095.3,12,2.727272727272727,,4,773.825,0.0125162240234672,3.6637034804881727
2017-02,audio,163.8,5,3.4,,4,40.95,0.0006623453284153,0.043378559143894435
2017-02,auto,13162.4,77,4.247058823529412,,35,376.06857142857143,0.0532237738140035,1.5222428538304849
2017-02,baby,3048.48,33,4.151515151515151,,15,203.232,0.0123269016286173,-0.523516420308634
2017-02,bed_bath_table,16282.73,146,4.195121951219512,,19,856.9857894736842,0.0658412097029789,3.1116343784089535
2017-02,books_general_interest,772.71,8,4.375,,6,128.785,0.0031245473670317,2.289667503938014
2017-02,books_imported,99.0,1,1.0,,1,99.0,0.0004003186050861,
2017-02,books_technical,159.0,1,4.0,,1,159.0,0.000642935941502,-0.4044943820224719
2017-02,cine_photo,59.0,1,5.0,,1,59.0,0.0002385737141422,
2017-02,computers,3549.0,1,5.0,,1,3549.0,0.0143508154489985,0.6131891508597769
2017-02,computers_accessories,11972.59,97,3.933333333333333,,33,362.8057575757576,0.0484126315966541,2.05100990280673
2017-02,consoles_games,4294.77,18,4.111111111111111,,7,613.5385714285715,0.0173664276319795,-0.2786990695643411
2017-02,construction_tools_construction,336.79,3,5.0,,2,168.395,0.001361851545525,0.08641935483870977
2017-02,construction_tools_safety,379.0,1,5.0,,1,379.0,0.0015325328416935,
2017-02,cool_stuff,13323.6,69,4.3,,26,512.4461538461538,0.0538756057245075,0.7114736662269248
2017-02,costruction_tools_garden,579.98,1,5.0,,1,579.98,0.0023452200462412,
2017-02,dvds_blu_ray,14.9,1,4.0,,1,14.9,6.024997187660709e-05,-0.5
2017-02,electronics,1218.85,14,4.2105263157894735,,10,121.88499999999999,0.0049285690081746,0.975445705024311
2017-02,fashio_female_clothing,457.8,4,3.0,,3,152.6,0.001851170276853,4.9223803363518766
2017-02,fashion_bags_accessories,2374.11,35,4.153846153846154,,13,182.62384615384616,0.0096000040759712,0.4199477263348028
2017-02,fashion_male_clothing,642.85,7,4.142857142857143,,4,160.7125,0.0025994425785823,4.065799842395587
2017-02,fashion_shoes,107.05,2,4.333333333333333,,2,53.525,0.0004328697643886,2.067335243553009
2017-02,fashion_underwear_beach,396.97,6,4.0,,2,198.485,0.0016051967339501,1.892313296903461
2017-02,fixed_telephony,759.23,18,4.136363636363637,,7,108.46142857142857,0.0030700393387836,0.12126358695652173
2017-02,food,715.63,9,3.888888888888889,,3,238.54333333333332,0.0028937374076547,15.712517515179822
2017-02,furniture_bedroom,450.0,1,5.0,,1,450.0,0.001819630023119,5.147540983606557
2017-02,furniture_decor,20986.1,221,3.8333333333333335,,74,283.5959459459459,0.0848598613959506,0.5520759453041162
2017-02,furniture_living_room,3791.63,15,3.739130434782609,,4,947.9075,0.0153319195212415,2.0530880103067877
2017-02,garden_tools,13144.61,63,3.986111111111111,,35,375.5602857142857,0.0531518377737562,0.6122915580632302
2017-02,health_beauty,22838.79,155,4.072727272727272,,46,496.4954347826087,0.0923514399460225,0.8181839169768783
2017-02,home_appliances,740.9,7,4.142857142857143,,2,370.45,0.0029959197425086,
2017-02,home_appliances_2,15.99,1,5.0,,1,15.99,6.465752015482869e-05,-0.992481238362142
2017-02,home_confort,414.66,3,3.0,,2,207.33,0.00167672841197,
2017-02,home_construction,695.6,3,5.0,,1,695.6,0.0028127436535146,
2017-02,housewares,12659.67,68,3.740740740740741,,33,383.62636363636364,0.0511909235883977,3.4772101938760356
2017-02,industry_commerce_and_business,119.0,1,5.0,,1,119.0,0.0004811910505581,-0.6690767519466074
2017-02,kitchen_dining_laundry_garden_furniture,139.9,2,4.0,,2,69.95,0.0005657027560763,0.27181818181818196
2017-02,luggage_accessories,1694.18,20,4.333333333333333,,4,423.545,0.0068506239834839,2.439959390862944
2017-02,market_place,1688.22,19,3.909090909090909,,14,120.58714285714287,0.0068265239947332,2.776440586972083
2017-02,musical_instruments,2221.28,8,4.444444444444445,,6,370.21333333333337,0.0089820172838973,5.538176252428328
2017-02,office_furniture,11805.98,53,3.5873015873015874,,5,2361.196,0.04773892368965,7.173905216879566
2017-02,perfumery,8127.179999999999,49,4.235294117647059,,12,677.265,0.0328632460695384,0.5896373665062786
2017-02,pet_shop,3729.07,37,4.325,,16,233.066875,0.0150789505118053,2.8558503598312517
2017-02,small_appliances,7251.58,25,4.678571428571429,,13,557.8138461538462,0.0293226504067762,3.3663437279848747
2017-02,sports_leisure,16372.16,139,4.141025641025641,,58,282.27862068965516,0.0662028308429068,0.684791131984992
2017-02,stationery,2341.4,19,4.526315789473684,,10,234.14000000000001,0.0094677371914018,0.49898526879173377
2017-02,tablets_printing_image,792.0,8,4.25,,1,792.0,0.0032025488406894,
2017-02,telephony,6899.09,100,4.08256880733945,,18,383.28277777777777,0.0278973139915557,1.3419612608881617
2017-02,toys,9403.34,62,4.283582089552239,,16,587.70875,0.038023555070213,0.953295430704453
2017-02,unknown,9034.1,52,3.8620689655172415,,27,334.5962962962963,0.0365304879819098,4.305936663064418
2017-02,watches_gifts,11756.21,35,4.0,,7,1679.4585714285713,0.047537672609093,0.4538033665903254
2017-03,agro_industry_and_commerce,81.99000000000001,2,2.0,,2,40.995000000000005,0.0002190229689619,-0.6353406867105497
2017-03,air_conditioning,4103.81,16,4.411764705882353,,4,1025.9525,0.0109626619131104,0.32581979129648175
2017-03,art,223.25,5,4.0,,4,55.8125,0.0005963761168528,
2017-03,audio,1134.77,13,3.857142857142857,,5,226.954,0.0030313537564215,5.927777777777777
2017-03,auto,14482.07,76,4.080459770114943,,34,425.94323529411764,0.0386864979645743,0.10026059077371907
2017-03,baby,3724.08,43,4.25,,25,148.9632,0.0099482748902547,0.22161864273342768
2017-03,bed_bath_table,25773.02,249,3.929824561403509,,25,1030.9208,0.0688484371205865,0.5828439088531223
2017-03,books_general_interest,2648.96,20,4.24,,6,441.49333333333334,0.007076266421046,2.4281425114208433
2017-03,books_technical,75.0,2,5.0,,2,37.5,0.0002003503192114,-0.5283018867924528
2017-03,computers_accessories,28624.6,150,3.8554913294797686,,39,733.9641025641025,0.0764659699640144,1.3908444204637425
2017-03,consoles_games,10768.84,48,3.857142857142857,,16,673.0525,0.0287672070871654,1.5074311313527846
2017-03,construction_tools_construction,773.4,4,1.75,,3,257.8,0.0020660124917088,1.296386472282431
2017-03,construction_tools_safety,380.0,2,1.0,,1,380.0,0.0010151082840048,0.0026385224274405594
2017-03,cool_stuff,21095.21,121,4.414634146341464,,41,514.5173170731707,0.0563524274311108,0.5832965564862349
2017-03,drinks,463.87,4,3.6,,3,154.62333333333333,0.001239153367635,
2017-03,dvds_blu_ray,1873.7,4,3.2,,3,624.5666666666667,0.0050052852414207,124.75167785234899
2017-03,electronics,3986.0,32,4.351351351351352,,17,234.47058823529412,0.010647951631693,2.270295770603438
2017-03,fashio_female_clothing,19.9,1,3.0,,1,19.9,5.315961803078075e-05,-0.9565312363477501
2017-03,fashion_bags_accessories,4861.16,62,4.328358208955224,,18,270.06444444444446,0.012985799436508,1.0475715110083357
2017-03,fashion_male_clothing,580.8,7,4.0,,4,145.2,0.0015515128719737,-0.09652329470327459
2017-03,fashion_shoes,1515.0,13,4.571428571428571,,3,505.0,0.004047076448072,13.152265296590379
2017-03,fashion_sport,39.9,1,5.0,,1,39.9,0.0001065863698205,
2017-03,fashion_underwear_beach,394.14,6,3.8333333333333335,,4,98.535,0.0010528809975201,-0.007129002191601508
2017-03,fixed_telephony,1592.35,15,3.142857142857143,,10,159.23499999999999,0.0042537044106187,1.0973222870539887
2017-03,food,2667.56,22,3.9583333333333335,,5,533.512,0.0071259533002105,2.7275687156770956
2017-03,food_drink,110.8,5,5.0,,4,27.7,0.0002959842049151,
2017-03,furniture_decor,23477.63,265,3.969325153374233,,74,317.26527027027026,0.0627166755310552,0.11872286894658868
2017-03,furniture_living_room,3324.0,17,4.173913043478261,,5,664.8,0.008879526147453,-0.12333218167384474
2017-03,garden_tools,23747.15,121,3.931972789115646,,32,742.0984375,0.0634366544381736,0.8066074231186775
2017-03,health_beauty,25995.25,193,4.276190476190476,,50,519.905,0.0694420884730981,0.13820609585709231
2017-03,home_appliances,313.3,9,4.3,,4,78.325,0.0008369300667861,-0.5771359157781077
2017-03,home_appliances_2,500.9,2,4.0,,2,250.45,0.0013380729985737,30.32582864290181
2017-03,home_comfort_2,342.88,3,4.666666666666667,,2,171.44,0.0009159482326831,3.70989010989011
2017-03,home_confort,2123.4,12,3.769230769230769,,4,530.85,0.0056723182375155,4.120821878165244
2017-03,home_construction,591.96,5,4.3,,3,197.32000000000002,0.0015813249994724,-0.14899367452558943
2017-03,housewares,13511.81,178,4.096059113300493,,46,293.735,0.0360946059549991,0.06731139121319907
2017-03,industry_commerce_and_business,238.0,2,4.0,,1,238.0,0.0006357783462977,1.0
2017-03,kitchen_dining_laundry_garden_furniture,113.98,3,4.0,,2,56.99,0.0003044790584496,-0.18527519656897784
2017-03,luggage_accessories,5924.01,35,4.578947368421052,,5,1184.8020000000001,0.0158250305934937,2.496682760981714
2017-03,market_place,1808.59,17,4.411764705882353,,12,150.71583333333334,0.0048313544509693,0.0712999490587718
2017-03,music,27.99,1,5.0,,1,27.99,7.47707391297263e-05,0.4136363636363636
2017-03,musical_instruments,1667.33,9,2.7,,7,238.19,0.0044540013030784,-0.24938323849312116
2017-03,office_furniture,11783.51,60,3.2,,5,2356.702,0.0314777331990897,-0.0019032727482173328
2017-03,perfumery,19808.13,104,4.180952380952381,,14,1414.8664285714287,0.0529142022464346,1.437269754084443
2017-03,pet_shop,8369.960000000001,41,4.333333333333333,,18,464.99777777777786,0.0223589887704981,1.244516729372203
2017-03,signaling_and_security,75.0,1,1.0,,1,75.0,0.0002003503192114,
2017-03,small_appliances,11171.06,31,4.7,,12,930.9216666666666,0.0298416724924087,0.5405001392799913
2017-03,sports_leisure,27001.59,171,4.166666666666667,,62,435.50951612903225,0.0721303623429019,0.6492380968668765
2017-03,stationery,5902.62,56,4.563636363636364,,19,310.6642105263158,0.0157678906824546,1.5209789015119157
2017-03,tablets_printing_image,495.0,5,3.2,,1,495.0,0.0013223121067958,-0.375
2017-03,telephony,8121.05,159,3.808139534883721,,22,369.13863636363635,0.0216940661310991,0.17711901134787333
2017-03,toys,12429.47,100,4.41747572815534,,24,517.8945833333333,0.0332033104283943,0.3218143765938484
2017-03,unknown,6714.17,57,3.918032786885246,,36,186.50472222222223,0.0179358147032023,-0.2567970246067677
2017-03,watches_gifts,26770.38,76,4.1375,,7,3824.34,0.0715127223788368,1.277126727065951
2017-04,air_conditioning,2582.23,14,4.5,,6,430.37166666666667,0.0071743113184295,-0.37077252601850486
2017-04,art,119.9,1,4.0,,1,119.9,0.0003331228926469,-0.46293393057110854
2017-04,audio,942.2,9,3.5454545454545454,,4,235.55,0.0026177513715758,-0.16969958670038854
2017-04,auto,15548.17,81,3.852272727272727,,38,409.16236842105263,0.0431980931256576,0.07361516689257819
2017-04,baby,3980.45,48,3.7450980392156863,,16,248.778125,0.011059041017819,0.06884116345513513
2017-04,bed_bath_table,24347.69,234,4.016483516483516,,26,936.4496153846153,0.0676461461390404,-0.05530318138890988
2017-04,books_general_interest,923.38,12,4.666666666666667,,7,131.91142857142856,0.0025654630242896,-0.6514179149553032
2017-04,books_imported,19.99,1,1.0,,1,19.99,5.55390043704112e-05,-0.7980808080808081
2017-04,books_technical,75.0,1,4.0,,1,75.0,0.0002083754541161,0.0
2017-04,christmas_supplies,69.0,1,5.0,,1,69.0,0.0001917054177868,
2017-04,cine_photo,118.0,2,5.0,,1,118.0,0.0003278440478093,1.0
2017-04,computers_accessories,20691.06,120,3.8296296296296295,,38,544.5015789473684,0.0574867869819129,-0.27715810875959834
2017-04,consoles_games,3772.88,15,4.176470588235294,,8,471.61,0.0104823411110073,-0.6496484301001779
2017-04,cool_stuff,21822.08,119,4.0,,37,589.785945945946,0.0606291443967715,0.03445663731245152
2017-04,costruction_tools_garden,1490.21,7,4.375,,3,496.7366666666667,0.0041403091397113,1.5694161867650607
2017-04,costruction_tools_tools,729.0,1,5.0,,1,729.0,0.0020254094140084,
2017-04,drinks,199.93,2,1.0,,1,199.93,0.0005554733938857,-0.5689956237739022
2017-04,dvds_blu_ray,1434.9,2,5.0,,2,717.45,0.0039866391881492,-0.23418903773282806
2017-04,electronics,4822.24,47,4.166666666666667,,16,301.39,0.0133978193314243,0.20979427997992972
2017-04,fashio_female_clothing,64.9,1,2.0,,1,64.9,0.0001803142262951,2.2613065326633173
2017-04,fashion_bags_accessories,3219.8,46,4.12,,18,178.8777777777778,0.0089456971621735,-0.3376478042277974
2017-04,fashion_male_clothing,416.69,6,3.4285714285714284,,3,138.89666666666668,0.0011577062396751,-0.28255853994490354
2017-04,fashion_shoes,1526.5,20,4.681818181818182,,3,508.8333333333333,0.0042411350761096,0.0075907590759076715
2017-04,fashion_sport,189.78,4,3.5,,3,63.26,0.0005272732490953,3.7563909774436093
2017-04,fashion_underwear_beach,98.79,4,3.5,,3,32.93,0.0002744721481617,-0.7493530217689146
2017-04,fixed_telephony,2998.33,7,3.090909090909091,,6,499.72166666666664,0.0083303783378656,0.8829591484284234
2017-04,food,491.3,8,4.25,,5,98.26,0.0013649981414298,-0.8158241988933708
2017-04,food_drink,47.9,2,3.6666666666666665,,2,23.95,0.0001330824566954,-0.5676895306859207
2017-04,furniture_bedroom,858.96,4,1.6,,2,429.48,0.0023864824009008,0.9088
2017-04,furniture_decor,21690.42,169,3.92,,67,323.7376119402985,0.0602633482329191,-0.07612395288621565
2017-04,furniture_living_room,2073.34,11,3.75,,7,296.1914285714286,0.0057604421871609,-0.376251504211793
2017-04,furniture_mattress_and_upholstery,109.4,1,4.0,,1,109.4,0.0003039503290706,
2017-04,garden_tools,20809.28,99,3.890756302521008,,38,547.6126315789473,0.0578152422643877,-0.12371463522991188
2017-04,health_beauty,22935.75,176,4.0,,49,468.0765306122449,0.0637232976232445,-0.11769457881728396
2017-04,home_appliances,499.4,9,4.4,,3,166.46666666666667,0.0013875026904744,0.5939993616342163
2017-04,home_appliances_2,799.8,2,2.5,,1,799.8,0.002222115842694,0.5967258933918946
2017-04,home_comfort_2,12.9,1,5.0,,1,12.9,3.584057810796922e-05,-0.9623775081661222
2017-04,home_confort,2411.1,16,4.294117647058823,,6,401.84999999999997,0.0066988540989243,0.13549025148346971
2017-04,home_construction,1602.69,5,4.2,,3,534.23,0.0044528167540977,1.7074295560510846
2017-04,housewares,15028.84,144,3.912568306010929,,51,294.68313725490196,0.0417552181311761,0.11227437330749912
2017-04,kitchen_dining_laundry_garden_furniture,1033.4,8,3.888888888888889,,4,258.35,0.002871135923781,8.06650289524478
2017-04,la_cuisine,24.0,1,1.0,,1,24.0,6.668014531715203e-05,
2017-04,luggage_accessories,7150.2,47,4.416666666666667,,8,893.775,0.0198656822936125,0.20698648381754925
2017-04,market_place,4090.18,20,3.75,,10,409.018,0.0113639081988878,1.2615296999319914
2017-04,music,59.8,2,5.0,,2,29.9,0.0001661446954152,1.1364773133261878
2017-04,musical_instruments,3818.43,16,3.8125,,8,477.30375,0.0106088944701405,1.2901465216843695
2017-04,office_furniture,9411.3,48,3.948275862068965,,6,1568.55,0.0261477854843047,-0.20131607644920746
2017-04,pc_gamer,259.98,2,2.5,,1,259.98,0.000722312674148,
2017-04,perfumery,19891.11,101,4.057142857142857,,19,1046.9005263157894,0.0552642543883106,0.004189188984522918
2017-04,pet_shop,6182.89,46,4.04,,21,294.42333333333335,0.0171781668199985,-0.26129993452776357
2017-04,signaling_and_security,128.06,3,4.666666666666667,,2,64.03,0.0003557941420547,0.7074666666666667
2017-04,small_appliances,23253.98,21,3.761904761904762,,9,2583.7755555555555,0.0646074485667561,1.0816269897395592
2017-04,sports_leisure,24864.33,198,4.027906976744186,,74,336.0044594594595,0.0690815474005676,-0.07915311653869261
2017-04,stationery,4606.34,36,4.388888888888889,,12,383.8616666666667,0.0127979758575087,-0.21961095242451656
2017-04,tablets_printing_image,1112.88,9,4.0,,3,370.96000000000004,0.0030919583383563,1.2482424242424246
2017-04,telephony,7245.87,141,4.188811188811189,,20,362.2935,0.020131486022883,-0.10776685280844234
2017-04,toys,13039.43,103,4.216216216216216,,31,420.6267741935484,0.0362279619688679,0.04907369340768364
2017-04,unknown,8693.09,63,4.169014084507042,,34,255.67911764705883,0.024152354352295,0.294737845482018
2017-04,watches_gifts,23487.78,90,3.948453608247423,,12,1957.3149999999998,0.0652570243157207,-0.12262059783985146
2017-05,agro_industry_and_commerce,1579.94,4,4.75,,2,789.97,0.0031219721401224,18.269910964751798
2017-05,air_conditioning,1016.77,7,4.25,,7,145.25285714285715,0.0020091444060611,-0.6062434407469512
2017-05,art,6967.65,8,4.5,,5,1393.53,0.013768123588316,57.11217681401167
2017-05,arts_and_craftmanship,21.99,1,5.0,,1,21.99,4.345238892697971e-05,
2017-05,audio,2081.18,17,4.176470588235294,,7,297.31142857142856,0.0041124257747636,1.208851623859053
2017-05,auto,18640.03,106,4.008064516129032,,43,433.48906976744183,0.0368328255193528,0.19885684295965378
2017-05,baby,9849.51,102,4.132075471698113,,27,364.7966666666667,0.0194626984656742,1.4744714793553495
2017-05,bed_bath_table,33346.45,329,4.126038781163435,,35,952.7557142857142,0.0658928110383848,0.3695939943378612
2017-05,books_general_interest,1841.57,19,4.45,,6,306.92833333333334,0.003638954792008,0.9943793454482444
2017-05,books_technical,262.0,3,4.666666666666667,,2,131.0,0.0005177137743914,2.493333333333333
2017-05,cine_photo,59.0,1,5.0,,1,59.0,0.0001165843995767,-0.5
2017-05,computers_accessories,45634.78,260,4.261006289308176,,53,861.0335849056604,0.0901746343409347,1.2055312777595732
2017-05,consoles_games,2507.2,26,4.137931034482759,,13,192.86153846153846,0.0049542441799783,-0.33546786539725626
2017-05,construction_tools_construction,99.99,1,5.0,,1,99.99,0.0001975809171809,-0.8707137315748642
2017-05,cool_stuff,33696.47,236,4.176829268292683,,41,821.8651219512195,0.0665844529288905,0.5441456543097634
2017-05,costruction_tools_garden,1577.24,6,3.0,,3,525.7466666666667,0.0031166369218367,0.058401164936485506
2017-05,costruction_tools_tools,803.9,2,5.0,,2,401.95,0.0015885118444019,0.10274348422496571
2017-05,drinks,90.0,1,5.0,,1,90.0,0.0001778406095237,-0.5498424448556996
2017-05,dvds_blu_ray,89.6,4,4.75,,1,89.6,0.0001770502068147,-0.9375566241549934
2017-05,electronics,6709.11,62,3.791044776119403,,16,419.319375,0.0132572467973573,0.3912849630047446
2017-05,fashio_female_clothing,422.4,5,3.4,,3,140.79999999999998,0.0008346652606983,5.508474576271185
2017-05,fashion_bags_accessories,7498.67,97,4.078703703703703,,25,299.9468,0.0148174227046418,1.328924156779924
2017-05,fashion_childrens_clothes,110.0,1,5.0,,1,110.0,0.0002173607449735,
2017-05,fashion_male_clothing,608.9,3,2.5,,2,304.45,0.001203190523767,0.4612781684225682
2017-05,fashion_shoes,1669.54,22,4.2727272727272725,,4,417.385,0.0032990223469372,0.0937045528987881
2017-05,fashion_sport,124.84,3,5.0,,3,41.61333333333334,0.0002466846854772,-0.3421856886921699
2017-05,fashion_underwear_beach,283.5,6,4.285714285714286,,3,94.5,0.0005601979199999,1.86972365624051
2017-05,fixed_telephony,462.33,10,3.1,,5,92.466,0.0009135672111237,-0.8458041643181371
2017-05,food,387.9,3,3.333333333333333,,2,193.95,0.0007664930270475,-0.2104620394870752
2017-05,food_drink,416.29,12,4.352941176470588,,7,59.470000000000006,0.0008225918593184,7.690814196242172
2017-05,furniture_bedroom,2369.97,6,4.555555555555555,,4,592.4925,0.00468307677059,1.7591156747694883
2017-05,furniture_decor,24028.51,234,3.8846153846153846,,67,358.63447761194027,0.0474804984927613,0.10779367112301186
2017-05,furniture_living_room,4929.43,29,3.6666666666666665,,9,547.7144444444444,0.0097405870644984,1.3775309404149825
2017-05,furniture_mattress_and_upholstery,595.89,3,3.6666666666666665,,2,297.945,0.001177482675657,4.4468921389396705
2017-05,garden_tools,20693.46,124,4.223021582733813,,41,504.7185365853658,0.0408904171061799,-0.005565786033923326
2017-05,health_beauty,46786.02,267,4.16376306620209,,61,766.9839344262294,0.0924494923776921,1.039873123835061
2017-05,home_appliances,1912.79,28,4.714285714285714,,5,382.558,0.0037796859943445,2.8301762114537445
2017-05,home_appliances_2,3093.04,9,4.444444444444445,,4,773.26,0.0061118679875718,2.867266816704176
2017-05,home_confort,5293.87,34,3.4054054054054053,,6,882.3116666666666,0.0104607229726634,1.195624403799096
2017-05,home_construction,1620.5,5,2.571428571428572,,2,810.25,0.0032021189748144,0.011112566996736684
2017-05,housewares,21726.48,264,4.19281045751634,,61,356.1718032786885,0.042931671622294,0.44565249214177527
2017-05,industry_commerce_and_business,519.8,2,3.0,,2,259.9,0.0010271283203385,1.184033613445378
2017-05,kitchen_dining_laundry_garden_furniture,1304.48,9,4.111111111111111,,5,260.896,0.0025776613145732,0.2623185600928972
2017-05,la_cuisine,193.0,1,5.0,,1,193.0,0.0003813693070899,7.041666666666666
2017-05,luggage_accessories,12539.62,64,4.257142857142857,,8,1567.4525,0.024778374044408,0.7537439512181479
2017-05,market_place,2476.98,21,4.5,,13,190.53692307692307,0.0048945292553137,-0.3944080700604863
2017-05,musical_instruments,10019.43,19,4.285714285714286,,9,1113.27,0.0197984615364551,1.6239658707898275
2017-05,office_furniture,8403.43,42,3.767857142857143,,5,1680.6860000000001,0.0166052345921168,-0.10709147514158501
2017-05,pc_gamer,129.99,1,5.0,,1,129.99,0.0002568611203555,-0.5
2017-05,perfumery,20119.04,134,4.13986013986014,,18,1117.7244444444445,0.0397553592959282,0.011458887915254623
2017-05,pet_shop,8151.02,66,4.424657534246576,,22,370.5009090909091,0.0161064707226734,0.3183187797292204
2017-05,signaling_and_security,508.85,3,4.75,,3,169.61666666666667,0.0010054910461797,2.9735280337341874
2017-05,small_appliances,5241.44,16,4.611111111111111,,12,436.78666666666663,0.010357120937582,-0.7746003049800507
2017-05,sports_leisure,36163.5,266,4.143769968051118,,81,446.462962962963,0.0714593209168181,0.4544329165515417
2017-05,stationery,6049.9800000000005,62,4.2615384615384615,,13,465.38307692307694,0.0119548014534083,0.31340283174928474
2017-05,tablets_printing_image,1514.98,7,4.8,,3,504.99333333333334,0.0029936107401817,0.36131478685931984
2017-05,telephony,9264.1,204,3.846846846846847,,19,487.5842105263158,0.0183059243409928,0.2785352207533396
2017-05,toys,22626.95,196,4.5,,41,551.8768292682927,0.044711006440715,0.7352714037346724
2017-05,unknown,10961.94,86,4.09375,,42,260.99857142857144,0.0216608676795914,0.26099465207423367
2017-05,watches_gifts,37973.9,126,4.2407407407407405,,15,2531.5933333333332,0.0750366835777278,0.6167513489993521
2017-06,agro_industry_and_commerce,1390.0,1,1.0,,1,1390.0,0.0032098755168707,-0.12021975518057648
2017-06,air_conditioning,2084.48,9,4.090909090909091,,6,347.41333333333336,0.004813612458566,1.0500998259193328
2017-06,art,421.7,5,2.2,,4,105.425,0.0009738161909815,-0.9394774421792139
2017-06,audio,1671.0,11,3.909090909090909,,2,835.5,0.0038587784091302,-0.19709011234011464
2017-06,auto,31370.69,103,3.945454545454545,,28,1120.3817857142856,0.0724431725024051,0.6829742226809721
2017-06,baby,7864.74,72,3.6103896103896105,,30,262.158,0.0181617527860103,-0.2015095167170753
2017-06,bed_bath_table,35114.81,335,4.014627659574468,,33,1064.0851515151514,0.0810893301428556,0.05302993272147405
2017-06,books_general_interest,1940.08,20,4.571428571428571,,9,215.56444444444443,0.0044801548868853,0.05349240050608994
2017-06,books_imported,99.0,1,5.0,,1,99.0,0.0002286170332159,3.9524762381190603
2017-06,books_technical,145.9,2,5.0,,2,72.95,0.0003369214661233,-0.4431297709923664
2017-06,christmas_supplies,184.7,2,4.333333333333333,,1,184.7,0.0004265208690403,1.6768115942028983
2017-06,cine_photo,79.0,1,5.0,,1,79.0,0.0001824317739804,0.3389830508474576
2017-06,computers_accessories,37007.08,219,3.973076923076923,,50,740.1416,0.0854590791675384,-0.18905974785021418
2017-06,consoles_games,5389.02,27,4.275862068965517,,12,449.08500000000004,0.0124446642862784,1.149417677089981
2017-06,construction_tools_construction,376.37,4,3.0,,3,125.45666666666666,0.0008691373009242,2.7640764076407645
2017-06,cool_stuff,38244.5,197,4.371859296482412,,39,980.6282051282051,0.0883166073417011,0.13497051768330626
2017-06,costruction_tools_garden,434.69000000000005,3,4.75,,3,144.89666666666668,0.001003813516855,-0.7243983160457508
2017-06,drinks,49.99,1,4.0,,1,49.99,0.0001154400554592,-0.4445555555555555
2017-06,dvds_blu_ray,126.69,4,4.75,,1,126.69,0.0002925605246275,0.4139508928571429
2017-06,electronics,2100.04,40,4.146341463414634,,14,150.00285714285715,0.0048495445902513,-0.6869867985470501
2017-06,fashio_female_clothing,154.8,3,3.6666666666666665,,3,51.6,0.0003574739064831,-0.6335227272727273
2017-06,fashion_bags_accessories,6831.03,77,4.109756097560975,,20,341.5515,0.0157746445697912,-0.08903445544343203
2017-06,fashion_childrens_clothes,110.0,1,5.0,,1,110.0,0.0002540189257955,0.0
2017-06,fashion_male_clothing,569.69,8,3.7,,4,142.4225,0.001315564016695,-0.06439481031368033
2017-06,fashion_shoes,1351.1999999999998,17,3.325,,2,675.5999999999999,0.0031202761139538,-0.19067527582447874
2017-06,fashion_sport,495.49,6,4.333333333333333,,4,123.8725,0.0011442167049311,2.969000320410125
2017-06,fashion_underwear_beach,3.9,1,5.0,,1,3.9,9.006125550932411e-06,-0.9862433862433863
2017-06,fixed_telephony,933.67,12,4.333333333333333,,5,186.73399999999998,0.0021560895495228,1.0194882443276447
2017-06,food,149.9,1,5.0,,1,149.9,0.0003461585179704,-0.6135601959267852
2017-06,food_drink,57.4,2,5.0,,2,28.7,0.000132551694006,-0.8621153522784597
2017-06,furniture_bedroom,308.99,2,5.0,,2,154.495,0.0007135391625596,-0.8696228222298172
2017-06,furniture_decor,16943.58,180,4.216450216450217,,58,292.13068965517243,0.0391271817339147,-0.29485515331579015
2017-06,furniture_living_room,1713.3,12,4.533333333333333,,5,342.65999999999997,0.0039564602324134,-0.6524344599679882
2017-06,garden_tools,15851.17,102,4.289473684210527,,39,406.44025641025644,0.0366045197818393,-0.2340009838857301
2017-06,health_beauty,32029.39,239,4.228682170542636,,56,571.9533928571428,0.0739642840153279,-0.3154068245172382
2017-06,home_appliances,2507.19,42,3.895348837209302,,3,835.73,0.005789761005139,0.31075026531924577
2017-06,home_appliances_2,1213.87,6,3.5,,3,404.6233333333333,0.0028031450314129,-0.6075479140263301
2017-06,home_comfort_2,12.9,1,5.0,,1,12.9,2.978949220693029e-05,0.0
2017-06,home_confort,3056.19,18,3.764705882352941,,5,611.238,0.0070575463711549,-0.42269266151227736
2017-06,home_construction,1992.3,4,4.0,,3,664.1,0.0046007445987493,0.2294353594569578
2017-06,housewares,23623.71,289,4.142857142857143,,60,393.7285,0.0545533585227737,0.0873233952301522
2017-06,industry_commerce_and_business,276.97,2,4.5,,1,276.97,0.0006395965625235,-0.4671604463255097
2017-06,kitchen_dining_laundry_garden_furniture,374.8,4,4.75,,3,124.93333333333334,0.0008655117580742,-0.7126824481785845
2017-06,luggage_accessories,8232.09,60,4.442622950819672,,9,914.6766666666667,0.0190100605350192,-0.3435135992956725
2017-06,market_place,1258.95,15,3.75,,11,114.45,0.0029072466057298,-0.49173994138022914
2017-06,music,1066.9,4,3.25,,2,533.45,0.0024637526539204,16.84113712374582
2017-06,musical_instruments,4993.05,17,3.75,,8,624.13125,0.0115302654313033,-0.5016632682697519
2017-06,office_furniture,7279.13,45,3.92,,4,1819.7825,0.0168094253029637,-0.1337906069307414
2017-06,pc_gamer,129.99,1,4.0,,1,129.99,0.0003001810924014,0.0
2017-06,perfumery,24438.1,146,4.097402597402597,,21,1163.7190476190476,0.0564339991862157,0.21467525289477019
2017-06,pet_shop,5243.57,61,4.396825396825397,,20,262.1785,0.0121087819884878,-0.356697689368938
2017-06,signaling_and_security,273.9,2,3.5,,2,136.95,0.0006325071252308,-0.4617274245848483
2017-06,small_appliances,9698.81,23,3.782608695652174,,10,969.881,0.0223971027063176,0.8504094294697642
2017-06,small_appliances_home_oven_and_coffee,71.9,1,5.0,,1,71.9,0.0001660360069518,
2017-06,sports_leisure,32898.33,250,4.368231046931408,,73,450.6620547945206,0.0759708949733349,-0.09028910365423692
2017-06,stationery,3493.57,37,4.368421052631579,,12,291.1308333333333,0.0080675718053771,-0.4225485042925762
2017-06,tablets_printing_image,594.0,6,5.0,,1,594.0,0.0013717021992958,-0.6079156160477366
2017-06,telephony,6757.62,151,4.1125,,19,355.6642105263158,0.0156051215757671,-0.27055839207262444
2017-06,toys,15476.35,152,4.3152866242038215,,44,351.7352272727273,0.0357389618385058,-0.31602138158258186
2017-06,unknown,5527.79,55,3.6666666666666665,,36,153.54972222222221,0.0127651207074842,-0.49572885821305357
2017-06,watches_gifts,28948.63,118,4.139344262295082,,13,2226.8176923076926,0.0668499990532021,-0.23767034726483194
2017-07,agro_industry_and_commerce,1180.0,1,5.0,,1,1180.0,0.0023693281396589,-0.15107913669064743
2017-07,air_conditioning,1396.1,5,3.4,,4,349.025,0.002803236454049,-0.33024063555419103
2017-07,art,386.75,3,4.333333333333333,,3,128.91666666666666,0.0007765573372992,-0.08287882380839462
2017-07,arts_and_craftmanship,129.9,1,5.0,,1,129.9,0.0002608268858827,4.907230559345158
2017-07,audio,771.69,7,4.166666666666667,,6,128.615,0.0015494803661808,-0.5381867145421902
2017-07,auto,14119.74,106,4.14957264957265,,42,336.1842857142857,0.0283510994124307,-0.549906616653953
2017-07,baby,15941.11,124,4.387596899224806,,37,430.8408108108108,0.0320082377122024,1.0269087089973734
2017-07,bed_bath_table,63888.75,513,4.072183098591549,,29,2203.060344827586,0.1282825535446072,0.8194246245387631
2017-07,books_general_interest,1292.4,12,5.0,,4,323.1,0.0025950166844874,-0.33384190342666276
2017-07,books_technical,528.0,2,5.0,,2,264.0,0.0010601739472372,2.6189170664838928
2017-07,cds_dvds_musicals,225.0,4,4.0,,1,225.0,0.0004517786706976,
2017-07,christmas_supplies,65.09,2,4.5,,2,32.545,0.0001306945496698,-0.647590687601516
2017-07,computers_accessories,38709.0,274,4.114551083591332,,60,645.15,0.0777240025068295,0.045989037773312536
2017-07,consoles_games,5680.16,46,4.25,,16,355.01,0.0114052228184451,0.05402466496691405
2017-07,construction_tools_construction,549.4399999999999,5,4.666666666666667,,2,274.71999999999997,0.0011032234347917,0.45984005101363
2017-07,construction_tools_lights,360.0,1,5.0,,1,360.0,0.0007228458731162,
2017-07,cool_stuff,37506.76,222,4.267543859649122,,46,815.364347826087,0.0753100185554535,-0.019290094000444458
2017-07,costruction_tools_garden,347.58000000000004,7,4.5,,4,86.89500000000001,0.0006979076904937,-0.20039568428075183
2017-07,drinks,273.97,2,4.0,,1,273.97,0.0005501057884935,4.480496099219844
2017-07,dvds_blu_ray,749.6999999999999,4,3.333333333333333,,2,374.84999999999997,0.0015053265307646,4.917594127397584
2017-07,electronics,7346.84,87,4.26595744680851,,19,386.67578947368423,0.0147517582623492,2.4984286013599744
2017-07,fashio_female_clothing,310.70000000000005,4,4.0,,2,155.35000000000002,0.0006238561466034,1.007105943152455
2017-07,fashion_bags_accessories,5193.1,82,4.227272727272728,,22,236.05,0.0104272525102228,-0.23977789586636267
2017-07,fashion_male_clothing,719.99,8,4.333333333333333,,5,143.998,0.0014456716671805,0.26382769576436305
2017-07,fashion_shoes,1423.01,19,4.3,,5,284.602,0.0028572691830644,0.05314535227945538
2017-07,fashion_sport,69.9,1,4.0,,1,69.9,0.0001403525736967,-0.8589275262871097
2017-07,fashion_underwear_beach,274.8,3,4.0,,2,137.4,0.0005517723498121,69.46153846153847
2017-07,fixed_telephony,218.73,8,3.4444444444444446,,3,72.91,0.0004391891050742,-0.7657309327706792
2017-07,food,584.16,7,5.0,,4,146.04,0.0011729379034433,2.896997998665777
2017-07,food_drink,168.2,7,4.625,,4,42.05,0.0003377296551615,1.930313588850174
2017-07,furniture_bedroom,1206.99,5,3.6,,4,301.7475,0.0024235215010906,2.9062429204828635
2017-07,furniture_decor,24751.92,253,4.074132492113565,,65,380.7987692307692,0.0496995089547351,0.4608435761509666
2017-07,furniture_living_room,4395.12,27,4.096774193548387,,8,549.39,0.0088249843162524,1.5652950446506741
2017-07,furniture_mattress_and_upholstery,109.4,1,1.0,,1,109.4,0.0002196648292192,-0.8164090687878636
2017-07,garden_tools,20067.05,159,4.144385026737968,,36,557.4180555555555,0.0402927341058842,0.2659664870164158
2017-07,health_beauty,34896.86,278,3.913756613756613,,66,528.740303030303,0.0700695867658807,0.0895262132685013
2017-07,home_appliances,3671.99,37,4.162162162162162,,5,734.3979999999999,0.0073730078267341,0.46458385682776315
2017-07,home_appliances_2,1033.99,7,3.4285714285714284,,2,516.995,0.0020761539009542,-0.14818720291299714
2017-07,home_comfort_2,12.9,1,4.0,,1,12.9,2.5901977120000527e-05,0.0
2017-07,home_confort,4563.85,36,3.86046511627907,,6,760.6416666666668,0.0091637781611716,0.49331357016415867
2017-07,home_construction,93.6,1,5.0,,1,93.6,0.0001879399270102,-0.95301912362596
2017-07,housewares,20874.3,225,4.295620437956204,,65,321.14307692307693,0.0419136155810873,-0.11638349776559231
2017-07,industry_commerce_and_business,245.96,2,5.0,,2,122.98,0.0004938643637546,-0.11196158428710701
2017-07,kitchen_dining_laundry_garden_furniture,1316.5,9,4.454545454545454,,5,263.3,0.0026434071998822,2.512540021344717
2017-07,la_cuisine,469.99,4,5.0,,2,234.995,0.0009436953664053,1.4351813471502592
2017-07,luggage_accessories,8357.61,73,4.356164383561644,,11,759.7827272727274,0.0167812886044874,0.015247646709401819
2017-07,market_place,1573.38,13,3.692307692307693,,9,174.82000000000002,0.0031591978884547,0.24975574883831775
2017-07,music,329.0,1,3.0,,1,329.0,0.0006606008118201,-0.6916299559471366
2017-07,musical_instruments,8411.59,28,4.258064516129032,,13,647.0453846153846,0.0168896753273507,0.6846596769509619
2017-07,office_furniture,16892.61,97,4.004347826086956,,4,4223.1525,0.0339187595129528,1.3206907968397323
2017-07,party_supplies,69.9,1,5.0,,1,69.9,0.0001403525736967,
2017-07,perfumery,12910.02,119,4.158730158730159,,30,430.334,0.0259220963301355,-0.47172570699031424
2017-07,pet_shop,6605.87,71,3.72093023255814,,24,275.2445833333333,0.0132639607440075,0.2598039122201097
2017-07,signaling_and_security,530.19,5,4.6,,4,132.5475,0.001064571259632,0.9357064622124867
2017-07,small_appliances,4621.36,33,3.7058823529411766,,17,271.8447058823529,0.0092792527894019,-0.5235126783595101
2017-07,sports_leisure,38813.41,337,4.187012987012987,,86,451.3187209302326,0.0779336478890852,0.1797987922183284
2017-07,stationery,7091.75,75,4.08125,,22,322.35227272727275,0.0142395617240902,1.029943582066482
2017-07,tablets_printing_image,198.0,2,3.5,,1,198.0,0.0003975652302139,-0.6666666666666667
2017-07,telephony,9064.86,136,4.1875,,26,348.64846153846156,0.0182013795593804,0.341427899171602
2017-07,toys,24511.72,201,4.463414634146342,,42,583.6123809523809,0.0492172101249503,0.5838178898771351
2017-07,unknown,3124.66,55,4.191666666666666,,35,89.276,0.0062740210719209,-0.4347361242015344
2017-07,watches_gifts,36804.56,157,4.011976047904192,,15,2453.637333333333,0.0739000675218361,0.27137484571808734
2017-08,agro_industry_and_commerce,88.0,1,5.0,,1,88.0,0.0001533176689135,-0.9254237288135593
2017-08,air_conditioning,4271.73,12,4.642857142857143,,8,533.96625,0.0074424055207741,2.0597593295609196
2017-08,art,244.7,4,4.25,,2,122.35,0.0004263276543539,-0.3672915319974144
2017-08,audio,1050.7,7,3.7857142857142856,,6,175.11666666666667,0.0018305781219031,0.3615571019450816
2017-08,auto,20421.11,133,4.205479452054795,,48,425.4397916666667,0.0355786020662204,0.4462808805261287
2017-08,baby,19982.13,125,4.234848484848484,,37,540.0575675675676,0.034813790812815,0.25349677657327496
2017-08,bed_bath_table,57137.23,448,4.065476190476191,,45,1269.7162222222223,0.0995471239974766,-0.10567619494824987
2017-08,books_general_interest,3214.8,29,4.5,,15,214.32000000000002,0.0056009732048103,1.4874651810584956
2017-08,books_imported,61.0,1,5.0,,1,61.0,0.0001062770204968,-0.38383838383838387
2017-08,books_technical,1196.38,9,4.666666666666667,,5,239.276,0.0020843885538046,1.2658712121212123
2017-08,cds_dvds_musicals,135.0,2,5.0,,1,135.0,0.0002352032420833,-0.4
2017-08,christmas_supplies,58.9,1,5.0,,1,58.9,0.0001026183033978,-0.09509909356275936
2017-08,computers,33700.0,29,4.206896551724138,,1,33700.0,0.0587136982089429,8.49563257255565
2017-08,computers_accessories,35025.72,297,4.243553008595988,,64,547.276875,0.0610234288911257,-0.09515306517864064
2017-08,consoles_games,8824.25,85,4.230337078651686,,17,519.0735294117648,0.0153740163626191,0.5535213796794456
2017-08,construction_tools_construction,1180.0,6,3.857142857142857,,4,295.0,0.0020558505604318,1.1476412347117066
2017-08,construction_tools_lights,589.0,2,5.0,,1,589.0,0.0010261830339782,0.6361111111111111
2017-08,construction_tools_safety,8.9,1,1.0,,1,8.9,1.5505991515121443e-05,-0.9765789473684211
2017-08,cool_stuff,41720.03,241,4.38403041825095,,56,745.0005357142857,0.0726865653023159,0.1123336166600366
2017-08,costruction_tools_garden,1286.19,7,3.9,,7,183.74142857142857,0.0022408596884083,2.700414293112377
2017-08,drinks,119.9,2,5.0,,2,59.95,0.0002088953238947,-0.5623608424280031
2017-08,dvds_blu_ray,113.4,6,2.833333333333333,,1,113.4,0.0001975707233499,-0.8487394957983193
2017-08,electronics,2854.15,52,3.925925925925926,,14,203.86785714285716,0.0049726320992004,-0.6115132492336841
2017-08,fashio_female_clothing,188.7,4,4.25,,2,94.35,0.0003287618650453,-0.39266173157386564
2017-08,fashion_bags_accessories,6617.68,89,4.252525252525253,,28,236.3457142857143,0.0115296280819987,0.2743216960967436
2017-08,fashion_childrens_clothes,49.9,1,1.0,,1,49.9,8.693808725893932e-05,-0.5463636363636364
2017-08,fashion_male_clothing,1205.05,13,3.1333333333333333,,7,172.15,0.002099493828685,0.6737038014416865
2017-08,fashion_shoes,1491.69,18,4.666666666666667,,5,298.338,0.0025988912902462,0.04826389132894371
2017-08,fashion_sport,265.8,2,3.0,,2,132.9,0.0004630890499684,2.8025751072961373
2017-08,fashion_underwear_beach,1111.0,13,4.384615384615385,,4,277.75,0.0019356355700336,3.042940320232897
2017-08,fixed_telephony,3343.54,14,4.65,,10,334.354,0.0058252699854459,14.286151876743016
2017-08,food,364.5,8,4.75,,5,72.9,0.0006350487536249,-0.37602711585866877
2017-08,food_drink,494.81,12,4.7,,6,82.46833333333333,0.0008620808608536,1.9417954815695602
2017-08,furniture_bedroom,618.0,3,4.666666666666667,,3,206.0,0.0010767081748702,-0.48798250192627945
2017-08,furniture_decor,35511.73,332,4.053990610328638,,80,443.89662500000003,0.061870177985088,0.43470607532668204
2017-08,furniture_living_room,2478.07,21,4.318181818181818,,8,309.75875,0.0043174081341434,-0.43617694169897514
2017-08,furniture_mattress_and_upholstery,509.39,2,4.5,,2,254.695,0.0008874828109986,3.656215722120658
2017-08,garden_tools,24269.4,199,4.310924369747899,,39,622.2923076923078,0.0422832708401222,0.20941543475498414
2017-08,health_beauty,49873.9,345,4.264044943820225,,78,639.4089743589744,0.0868926146321365,0.4291801611950188
2017-08,home_appliances,4587.05,49,3.928571428571429,,5,917.4100000000001,0.0079917706044312,0.24920002505453454
2017-08,home_appliances_2,4004.55,17,4.625,,7,572.0785714285714,0.0069769121709977,2.8729097960328436
2017-08,home_comfort_2,38.7,2,5.0,,1,38.7,6.742492939721347e-05,2.0
2017-08,home_confort,4000.19,24,4.37037037037037,,6,666.6983333333334,0.0069693159774015,-0.12350537375242399
2017-08,home_construction,124.8,1,5.0,,1,124.8,0.0002174323304592,0.3333333333333335
2017-08,housewares,23733.94,249,4.111888111888112,,82,289.43829268292683,0.041350367669708,0.13699333630349275
2017-08,industry_commerce_and_business,956.9,3,4.0,,3,318.96666666666664,0.0016671554248112,2.890469995121158
2017-08,kitchen_dining_laundry_garden_furniture,1006.2,7,3.857142857142857,,7,143.74285714285716,0.0017530481643275,-0.2357007216103304
2017-08,la_cuisine,313.0,2,5.0,,1,313.0,0.0005453230723857,-0.33402838358262943
2017-08,luggage_accessories,6833.1,58,4.444444444444445,,7,976.157142857143,0.0119049427665141,-0.1824098037596873
2017-08,market_place,1937.39,22,4.173913043478261,,12,161.44916666666668,0.0033754104383686,0.23135542589838431
2017-08,musical_instruments,7185.55,24,3.888888888888889,,13,552.7346153846154,0.0125189974529753,-0.14575603423371797
2017-08,office_furniture,9877.36,46,3.844827586206896,,5,1975.4720000000002,0.017208793297955,-0.41528514539789885
2017-08,perfumery,13142.09,118,4.417322834645669,,30,438.06966666666665,0.0228967568574115,0.01797595975838928
2017-08,pet_shop,10500.79,76,4.233333333333333,,26,403.8765384615385,0.0182949618698957,0.5896149939372106
2017-08,signaling_and_security,377.8,4,4.25,,3,125.93333333333334,0.0006582206285857,-0.28742526264169455
2017-08,small_appliances,4297.01,32,4.333333333333333,,14,306.92928571428575,0.007486449505662,-0.0701849671958037
2017-08,small_appliances_home_oven_and_coffee,109.06,2,2.0,,2,54.53,0.0001900093746785,0.51682892906815
2017-08,sports_leisure,41732.26,383,4.326650943396227,,105,397.45009523809523,0.0727078729738024,0.07520210154170948
2017-08,stationery,6366.91,75,4.525,,18,353.71722222222223,0.0110927249929822,-0.10220890471322308
2017-08,tablets_printing_image,450.89,6,4.166666666666667,,3,150.29666666666665,0.0007855614060958,1.277222222222222
2017-08,telephony,10930.29,131,4.0588235294117645,,30,364.343,0.0190432566289681,0.2057869619608026
2017-08,toys,18126.87,170,4.377049180327869,,47,385.678085106383,0.0315814710579448,-0.2604815165969586
2017-08,unknown,5243.4,66,4.0131578947368425,,40,131.08499999999998,0.0091352939225154,0.6780705740784596
2017-08,watches_gifts,36419.2,195,4.372641509433962,,17,2142.305882352941,0.0634512141783719,-0.010470441706136424
2017-09,agro_industry_and_commerce,1993.99,3,3.25,,2,996.995,0.0031934410683609,21.658977272727274
2017-09,air_conditioning,1731.05,8,4.0,,6,288.5083333333333,0.0027723339441954,-0.5947660549707028
2017-09,art,388.54,3,3.333333333333333,,3,129.51333333333335,0.000622259686709,0.5878218226399674
2017-09,audio,1042.59,10,4.1,,7,148.94142857142856,0.0016697424377566,-0.007718663747977694
2017-09,auto,14544.67,97,4.065420560747664,,40,363.61675,0.0232937710338356,-0.28776300602660676
2017-09,baby,24366.3,165,4.069364161849711,,42,580.15,0.0390234369801273,0.2194045379546623
2017-09,bed_bath_table,52473.2,461,4.019011406844107,,45,1166.0711111111111,0.0840375688284892,-0.08162856337277824
2017-09,books_general_interest,965.14,15,4.0,,12,80.42833333333333,0.0015457036959653,-0.6997822570610925
2017-09,books_imported,290.0,3,5.0,,1,290.0,0.0004644446109683,3.754098360655738
2017-09,books_technical,1001.35,8,4.25,,4,250.3375,0.0016036952110107,-0.1630167672478644
2017-09,christmas_supplies,254.7,3,4.75,,2,127.35,0.0004079104910814,3.32427843803056
2017-09,cine_photo,69.0,1,5.0,,1,69.0,0.0001105057867476,-0.12658227848101267
2017-09,computers,52878.880000000005,40,4.463414634146342,,1,52878.880000000005,0.0846872787932396,0.5691062314540061
2017-09,computers_accessories,28930.98,216,3.964426877470356,,64,452.0465625,0.0463339232794196,-0.1740075578746133
2017-09,consoles_games,8910.37,61,4.242424242424242,,16,556.898125,0.014270252855978,0.009759469643312535
2017-09,construction_tools_construction,1289.2,8,4.181818181818182,,5,257.84000000000003,0.0020646965257252,0.09254237288135592
2017-09,construction_tools_lights,229.0,1,1.0,,1,229.0,0.0003667510893508,-0.6112054329371817
2017-09,construction_tools_safety,1124.54,4,3.4,,3,374.84666666666664,0.0018009880786837,125.35280898876404
2017-09,cool_stuff,38210.34,200,4.213235294117647,,56,682.3275,0.0611951258491949,-0.08412481966096386
2017-09,costruction_tools_garden,297.5,5,4.333333333333333,,4,74.375,0.0004764561095278,-0.7686966933345774
2017-09,costruction_tools_tools,916.89,3,4.666666666666667,,3,305.63,0.001468429721899,0.14055230750093295
2017-09,drinks,327.97,7,4.125,,3,109.32333333333334,0.0005252548243423,1.7353628023352794
2017-09,dvds_blu_ray,39.8,2,4.5,,1,39.8,6.374101902254619e-05,-0.6490299823633157
2017-09,electronics,4338.96,65,4.166666666666667,,22,197.22545454545454,0.0069489882386449,0.5202284392901564
2017-09,fashio_female_clothing,355.7,3,4.25,,3,118.56666666666666,0.0005696653383497,0.8850026497085322
2017-09,fashion_bags_accessories,11948.22,103,4.149193548387097,,31,385.4264516129032,0.0191354703091851,0.8054998126231547
2017-09,fashion_childrens_clothes,89.99,1,5.0,,1,89.99,0.0001441219673828,0.8034068136272545
2017-09,fashion_male_clothing,1177.5,10,1.9375,,5,235.5,0.0018858052738454,-0.02286212190365544
2017-09,fashion_shoes,1179.6,13,4.076923076923077,,4,294.9,0.001889168493442,-0.20921907366812154
2017-09,fashion_sport,384.6,2,4.2,,2,192.3,0.0006159496461324,0.4469525959367946
2017-09,fashion_underwear_beach,1789.7,16,4.222222222222222,,4,447.425,0.0028662638629309,0.610891089108911
2017-09,fixed_telephony,13692.91,6,2.230769230769231,,4,3423.2275,0.0219296491654274,3.0953330900781806
2017-09,food,992.92,13,4.294117647058823,,6,165.48666666666665,0.0015901942866298,1.724060356652949
2017-09,food_drink,310.86,6,2.6666666666666665,,6,51.81,0.0004978525922951,-0.3717588569349851
2017-09,furniture_bedroom,709.6,3,5.0,,3,236.53333333333333,0.0011364479170451,0.14822006472491922
2017-09,furniture_decor,30838.69,275,4.135838150289017,,77,400.5024675324675,0.0493891840683518,-0.1315914487973412
2017-09,furniture_living_room,1275.87,11,4.545454545454546,,5,255.17399999999998,0.0020433480889521,-0.48513560956712287
2017-09,furniture_mattress_and_upholstery,86.5,1,5.0,,1,86.5,0.0001385326167198,-0.8301890496476177
2017-09,garden_tools,22507.23,179,4.26457399103139,,38,592.2955263157895,0.0360460747631865,-0.0726087171499914
2017-09,health_beauty,51537.65,360,4.215425531914893,,89,579.0747191011236,0.082539254498174,0.033359131730223535
2017-09,home_appliances,1820.19,10,4.4,,7,260.02714285714285,0.0029150946084082,-0.6031894136754559
2017-09,home_appliances_2,1627.8,6,4.666666666666667,,5,325.56,0.0026069756473593,-0.5935123796681275
2017-09,home_comfort_2,12.9,1,3.0,,1,12.9,2.0659777522383063e-05,-0.6666666666666667
2017-09,home_confort,4592.34,26,4.393939393939394,,4,1148.085,0.0073547847059798,0.14803046855274382
2017-09,home_construction,1357.81,9,3.5454545454545454,,8,169.72625,0.0021745777145478,9.87988782051282
2017-09,housewares,20313.26,223,4.177165354330708,,75,270.84346666666664,0.0325323590972343,-0.14412609115890584
2017-09,industry_commerce_and_business,219.98,2,5.0,,1,219.98,0.0003523052604165,-0.770111819416867
2017-09,kitchen_dining_laundry_garden_furniture,464.09,5,4.0,,5,92.818,0.0007432555155319,-0.538769628304512
2017-09,luggage_accessories,3885.38,41,4.547619047619048,,10,388.538,0.0062225648364276,-0.4313883888718152
2017-09,market_place,1147.21,11,3.8181818181818175,,9,127.46777777777778,0.0018372948349963,-0.40785799451839844
2017-09,musical_instruments,9034.97,24,4.25925925925926,,14,645.3549999999999,0.0144698038853802,0.2573804371272901
2017-09,office_furniture,9208.65,37,3.868852459016393,,5,1841.73,0.014747958161356,-0.06770128860343261
2017-09,party_supplies,269.8,1,1.0,,1,269.8,0.0004320936415146,2.859799713876967
2017-09,perfumery,14744.87,142,4.01875,,34,433.67264705882354,0.0236143979687178,0.12195777079596937
2017-09,pet_shop,8534.92,62,4.309859154929577,,25,341.3968,0.0136689572380881,-0.18721162883935405
2017-09,security_and_services,100.0,1,1.0,,1,100.0,0.000160153314127,-0.454416498445087
2017-09,signaling_and_security,438.4,5,4.666666666666667,,3,146.13333333333333,0.0007021121291327,0.1604023292747485
2017-09,small_appliances,10965.63,32,4.121212121212121,,16,685.351875,0.0175618198599046,1.5519209869188106
2017-09,small_appliances_home_oven_and_coffee,640.99,1,1.0,,1,640.99,0.0010265667282226,4.877406931964057
2017-09,sports_leisure,50167.48,416,4.224780701754386,,107,468.8549532710281,0.0803448818340001,0.20212708346013364
2017-09,stationery,6130.41,71,4.103896103896104,,21,291.9242857142857,0.009818054784573,-0.03714517717385668
2017-09,tablets_printing_image,233.9,3,3.6666666666666665,,2,116.95,0.000374598601743,-0.48124819800838337
2017-09,telephony,18559.25,164,4.318181818181818,,33,562.4015151515151,0.0297232539521153,0.6979650128221666
2017-09,toys,31399.22,273,4.136518771331058,,55,570.8949090909091,0.0502868914400279,0.7321920441863379
2017-09,unknown,5904.14,62,3.95945945945946,,35,168.6897142857143,0.0094556758806978,0.12601365526185315
2017-09,watches_gifts,47135.6,255,4.260377358490566,,16,2945.975,0.0754892255336464,0.29425138388542305
2017-10,agro_industry_and_commerce,3350.28,5,4.2,,5,670.056,0.0050439355560556,0.6801889678483846
2017-10,air_conditioning,2562.42,9,3.9166666666666665,,5,512.484,0.0038577913928233,0.48026920077409674
2017-10,art,349.05,3,4.666666666666667,,3,116.35000000000001,0.0005255040491664,-0.10163689710197155
2017-10,audio,2348.48,32,3.5161290322580645,,5,469.696,0.0035356990384939,1.2525441448699874
2017-10,auto,21505.28,132,4.05,,49,438.88326530612244,0.0323767704296154,0.478567750248029
2017-10,baby,16497.5,134,4.345588235294118,,43,383.66279069767444,0.0248374245842221,-0.32293782806581217
2017-10,bed_bath_table,46198.0,445,3.8493530499075783,,51,905.843137254902,0.0695523164686706,-0.11958866621437225
2017-10,books_general_interest,734.5,8,4.7,,4,183.625,0.0011058092654712,-0.23897051205006525
2017-10,books_technical,880.0,6,4.833333333333333,,3,293.3333333333333,0.0013248633813678,-0.12118639836221101
2017-10,cds_dvds_musicals,45.0,1,5.0,,1,45.0,6.774869563812671e-05,-0.6666666666666667
2017-10,christmas_supplies,388.05,7,4.583333333333333,,3,129.35,0.0005842195853861,0.5235571260306244
2017-10,cine_photo,69.0,1,3.0,,1,69.0,0.0001038813333117,0.0
2017-10,computers,40393.92,26,4.1923076923076925,,2,20196.96,0.0608141198157964,-0.23610484942192433
2017-10,computers_accessories,44022.09,265,4.040752351097178,,68,647.3836764705882,0.066276426150316,0.5216245699246966
2017-10,consoles_games,10608.87,101,3.981651376146789,,22,482.22136363636366,0.0159719356598767,0.1906205915130348
2017-10,construction_tools_construction,2576.18,15,4.2105263157894735,,7,368.0257142857143,0.0038785074384228,0.9982780018616193
2017-10,construction_tools_lights,500.0,2,3.5,,1,500.0,0.000752763284868,1.183406113537118
2017-10,construction_tools_safety,1668.85,9,3.1666666666666665,,3,556.2833333333333,0.0025124980159041,0.48402902520141566
2017-10,cool_stuff,44910.01,246,4.27843137254902,,63,712.8573015873017,0.0676132133021161,0.17533657120036117
2017-10,costruction_tools_garden,746.9,8,4.0,,4,186.725,0.0011244777949359,1.5105882352941178
2017-10,costruction_tools_tools,1018.6,5,4.6,,3,339.53333333333336,0.0015335293639332,0.11092933721602383
2017-10,drinks,596.98,10,4.25,,1,596.98,0.000898769251601,0.8202274598286428
2017-10,dvds_blu_ray,194.5,5,4.2,,1,194.5,0.0002928249178136,3.8869346733668344
2017-10,electronics,3454.32,56,3.936507936507936,,16,215.895,0.0052005705403709,-0.203882958128215
2017-10,fashion_bags_accessories,7906.06,95,4.027272727272727,,33,239.57757575757577,0.0119027833919281,-0.3383064590374131
2017-10,fashion_childrens_clothes,39.99,1,5.0,,1,39.99,6.02060075237486e-05,-0.55561729081009
2017-10,fashion_male_clothing,1041.8,9,4.545454545454546,,4,260.45,0.0015684575803511,-0.1152441613588111
2017-10,fashion_shoes,1860.92,16,4.222222222222222,,5,372.184,0.0028016645041533,0.577585622244829
2017-10,fashion_sport,59.9,1,5.0,,1,59.9,9.018104152719532e-05,-0.844253770150806
2017-10,fashion_underwear_beach,187.8,3,4.666666666666667,,3,62.6,0.0002827378897964,-0.8950662122143376
2017-10,fixed_telephony,3751.88,6,3.7142857142857135,,6,625.3133333333334,0.0056485550264616,-0.7259983451289755
2017-10,food,806.06,12,4.727272727272728,,3,268.68666666666667,0.0012135447468015,-0.18819240220763
2017-10,food_drink,2297.23,15,4.823529411764706,,4,574.3075,0.0034585408017949,6.389918291192176
2017-10,furniture_bedroom,1193.9,4,4.625,,4,298.475,0.0017974481716079,0.6824971815107104
2017-10,furniture_decor,30227.51,270,3.918205804749341,,81,373.1791358024691,0.0455083194419651,-0.019818610972126227
2017-10,furniture_living_room,1532.79,13,4.421052631578948,,6,255.465,0.0023076560708258,0.20136847797973156
2017-10,garden_tools,25978.74,214,4.185714285714286,,31,838.023870967742,0.0391116833182672,0.1542397709536003
2017-10,health_beauty,41915.72,332,4.204735376044568,,84,498.99666666666667,0.0631052301496209,-0.1866971039618609
2017-10,home_appliances,1951.08,8,4.375,,6,325.18,0.0029374027796808,0.07191007532180693
2017-10,home_appliances_2,2803.17,10,3.1,,7,400.45285714285717,0.0042202469144872,0.7220604496866938
2017-10,home_comfort_2,64.5,3,5.0,,1,64.5,9.71064637479816e-05,4.0
2017-10,home_confort,3619.8,26,3.925925925925926,,4,904.95,0.0054497050771309,-0.21177438952690786
2017-10,home_construction,4201.17,15,4.0,,10,420.117,0.0063249730589784,2.0940779637799105
2017-10,housewares,15996.63,191,4.145922746781116,,74,216.17067567567565,0.0240833514912383,-0.2125030645007251
2017-10,industry_commerce_and_business,2256.69,5,4.8,,3,752.23,0.0033975067546578,9.258614419492682
2017-10,kitchen_dining_laundry_garden_furniture,3428.6,14,3.4,,10,342.86,0.0051618483969973,6.387791161197182
2017-10,la_cuisine,137.0,1,5.0,,1,137.0,0.0002062571400538,-0.5623003194888179
2017-10,luggage_accessories,6240.34,52,4.517857142857143,,13,480.0261538461539,0.0093949976741872,0.6061080254698381
2017-10,market_place,1019.54,10,3.9,,7,145.64857142857142,0.0015349445589087,-0.11128738417552153
2017-10,music,54.9,1,5.0,,1,54.9,8.265340867851457e-05,-0.833130699088146
2017-10,musical_instruments,6859.16,22,4.25925925925926,,13,527.6276923076923,0.0103266476260714,-0.24082094351171057
2017-10,office_furniture,17890.83,69,3.1515151515151514,,8,2236.35375,0.0269351199196325,0.9428287534003359
2017-10,party_supplies,137.8,2,4.5,,1,137.8,0.0002074615613096,-0.4892512972572276
2017-10,perfumery,16984.62,177,4.296296296296297,,36,471.79499999999996,0.0255707966868719,0.15190028803237987
2017-10,pet_shop,8243.58,64,3.907894736842105,,23,358.4165217391304,0.0124109287197455,-0.03413505926241844
2017-10,signaling_and_security,744.0,7,4.444444444444445,,3,248.0,0.0011201117678836,0.697080291970803
2017-10,small_appliances,6464.85,30,4.433333333333334,,12,538.7375000000001,0.0097330034443587,-0.4104442699598654
2017-10,sports_leisure,49751.45,424,4.137634408602151,,109,456.4353211009174,0.0749021298578995,-0.008292822362215624
2017-10,stationery,8607.86,93,3.8217821782178216,,25,344.31440000000003,0.012959361938569,0.40412468334091867
2017-10,tablets_printing_image,99.0,1,4.0,,1,99.0,0.0001490471304038,-0.5767421975203078
2017-10,telephony,22850.76,228,4.052208835341365,,38,601.3357894736841,0.034402426318664,0.23123294314156007
2017-10,toys,34633.01,279,4.225694444444445,,57,607.5966666666667,0.0521409167449377,0.10298950101308257
2017-10,unknown,18800.48,63,3.8732394366197194,,34,552.9552941176471,0.028304622163793,2.1842876354557985
2017-10,watches_gifts,65959.53,287,4.012820512820513,,27,2442.9455555555555,0.0993038249423086,0.39935696161712175
2017-11,agro_industry_and_commerce,13932.49,13,2.789473684210526,,5,2786.498,0.0137908391880886,3.1586046539393715
2017-11,air_conditioning,4076.62,16,3.9444444444444446,,11,370.60181818181815,0.004035173242611,0.5909257654873128
2017-11,art,75.0,1,5.0,,1,75.0,7.423747938140621e-05,-0.7851310700472711
2017-11,audio,3677.23,33,3.555555555555556,,10,367.723,0.0036398438174091,0.5657914906663033
2017-11,auto,34955.38,245,3.9444444444444446,,66,529.6269696969697,0.0345999906935895,0.6254324519373846
2017-11,baby,21738.78,190,3.732673267326733,,53,410.16566037735845,0.0215177630936923,0.31770146991968473
2017-11,bed_bath_table,89412.54000000001,817,3.572245322245322,,55,1625.6825454545456,0.0885034879291887,0.9354201480583577
2017-11,books_general_interest,2664.96,38,4.162162162162162,,16,166.56,0.0026378655073636,2.6282641252552756
2017-11,books_imported,324.0,3,5.0,,2,162.0,0.0003207059109276,0.11724137931034484
2017-11,books_technical,768.9,5,3.6666666666666665,,1,768.9,0.0007610826386181,-0.12624999999999997
2017-11,cds_dvds_musicals,195.0,3,5.0,,1,195.0,0.0001930174463916,3.333333333333333
2017-11,christmas_supplies,1340.58,20,3.375,,7,191.51142857142855,0.001326950401455,2.454657904909161
2017-11,cine_photo,242.0,1,1.0,,1,242.0,0.0002395396001373,2.5072463768115942
2017-11,computers,9768.0,7,4.285714285714286,,1,9768.0,0.0096686893146343,-0.7581814292844071
2017-11,computers_accessories,72656.0,444,3.7930056710775046,,83,875.3734939759037,0.0719173106924726,0.6504441292996312
2017-11,consoles_games,12608.88,129,4.037313432835821,,17,741.6988235294117,0.012480686253635,0.18852243452884232
2017-11,construction_tools_construction,6993.56,36,4.239130434782608,,19,368.0821052631579,0.006922456884035,1.7147016124649679
2017-11,construction_tools_lights,2199.48,9,3.4,,3,733.16,0.0021771180153308,3.3989599999999998
2017-11,construction_tools_safety,3318.59,13,4.266666666666667,,2,1659.295,0.0032848500893378,0.9885490008089406
2017-11,cool_stuff,56295.24,291,4.063758389261745,,77,731.1070129870129,0.0557228895836175,0.25351207893295946
2017-11,costruction_tools_garden,1218.5,14,3.3529411764705883,,6,203.08333333333334,0.0012061115816832,0.6314098272861159
2017-11,costruction_tools_tools,269.5,4,4.2,,1,269.5,0.0002667600092438,-0.7354211663066954
2017-11,drinks,748.61,15,3.947368421052632,,5,149.722,0.0007409989258628,0.25399510871385966
2017-11,dvds_blu_ray,79.78999999999999,3,3.6666666666666665,,2,39.894999999999996,7.8978779731232e-05,-0.5897686375321337
2017-11,electronics,10026.14,165,3.967391304347826,,28,358.07642857142855,0.0099242048203345,1.9024931100766573
2017-11,fashio_female_clothing,79.88,3,2.5,,2,39.94,7.90678647064897e-05,-0.7754287320775934
2017-11,fashion_bags_accessories,13414.89,185,3.56,,40,335.37225,0.013278501597051,0.6967857567486204
2017-11,fashion_male_clothing,929.99,11,3.5,,5,185.998,0.0009205348459988,-0.10732386254559412
2017-11,fashion_shoes,1777.7,18,4.2105263157894735,,6,296.28333333333336,0.001759626227951,-0.04471981600498676
2017-11,fashion_sport,59.9,1,5.0,,1,59.9,5.929100019928309e-05,0.0
2017-11,fashion_underwear_beach,1221.6,10,3.2,,4,305.4,0.0012091800641643,5.504792332268369
2017-11,fixed_telephony,943.98,5,4.0,,4,235.995,0.0009343826104861,-0.748398136400951
2017-11,flowers,187.8,6,4.333333333333333,,2,93.9,0.000185890648371,
2017-11,food,556.95,11,3.571428571428572,,4,139.2375,0.0005512875218863,-0.30904647296727283
2017-11,food_drink,2445.57,28,3.575757575757576,,8,305.69625,0.0024207060326771,0.06457342103315744
2017-11,furniture_bedroom,873.0,3,3.333333333333333,,3,291.0,0.0008641242599995,-0.2687829801490913
2017-11,furniture_decor,63223.97,547,3.627922077922078,,108,585.4071296296296,0.0625811755904752,1.0916036418481045
2017-11,furniture_living_room,6212.95,29,3.3684210526315788,,13,477.91923076923075,0.0061497833003027,3.0533602124230974
2017-11,furniture_mattress_and_upholstery,334.0,2,3.0,,2,167.0,0.0003306042415118,2.861271676300578
2017-11,garden_tools,45972.18,433,3.8327239488117,,48,957.75375,0.0455047835315772,0.7696077638869321
2017-11,health_beauty,79120.4,530,4.068221070811744,,114,694.038596491228,0.0783159875153148,0.887606845355394
2017-11,home_appliances,4515.94,25,3.8,,7,645.1342857142856,0.0044700267018355,1.3145847428091106
2017-11,home_appliances_2,4854.93,13,3.5384615384615383,,7,693.5614285714286,0.0048055702103089,0.7319427647984247
2017-11,home_comfort_2,38.7,3,3.6666666666666665,,1,38.7,3.830653936080561e-05,-0.3999999999999999
2017-11,home_confort,5355.39,40,3.2,,6,892.565,0.0053009420627251,0.4794712415050555
2017-11,home_construction,4936.72,33,3.7714285714285714,,14,352.6228571428572,0.004886528656157,0.175082179488095
2017-11,housewares,34855.32,353,3.918854415274463,,97,359.33319587628864,0.0345009479977642,1.1789164342739689
2017-11,industry_commerce_and_business,2074.77,7,4.0,,6,345.795,0.0020536759346154,-0.08061364210414368
2017-11,kitchen_dining_laundry_garden_furniture,5007.39,28,3.939393939393939,,14,357.6707142857143,0.0049564801583954,0.46047657936183883
2017-11,la_cuisine,137.0,1,,,1,137.0,0.0001356071290033,0.0
2017-11,luggage_accessories,8538.95,65,4.277777777777778,,15,569.2633333333334,0.0084521349941847,0.3683469169949074
2017-11,market_place,1355.98,11,4.375,,9,150.66444444444446,0.0013421938305546,0.32999195715714946
2017-11,musical_instruments,16509.9,44,3.816326530612245,,18,917.2166666666667,0.0163420448111877,1.4069856950413757
2017-11,office_furniture,18048.2,76,2.911764705882353,,9,2005.3555555555556,0.0178647050049532,0.0087961262836882
2017-11,party_supplies,870.69,4,3.75,,3,290.23,0.0008618377456346,5.318505079825834
2017-11,perfumery,31831.81,293,3.942122186495177,,48,663.1627083333334,0.0315081778473045,0.874154970791222
2017-11,pet_shop,11325.68,84,4.224489795918367,,26,435.6030769230769,0.011210532473072,0.37387882449130116
2017-11,signaling_and_security,596.79,3,1.0,,2,298.395,0.0005907224709337,-0.19786290322580646
2017-11,small_appliances,7826.82,30,3.903225806451613,,14,559.0585714285714,0.007747245178293,0.21067310146407103
2017-11,sports_leisure,64874.05,557,4.161716171617162,,135,480.54851851851856,0.0642144793235108,0.30396300007336485
2017-11,stationery,16699.09,152,4.321212121212121,,36,463.86361111111114,0.0165293113275099,0.9399815982137254
2017-11,tablets_printing_image,350.40000000000003,6,4.0,,3,116.80000000000001,0.0003468375036699,2.5393939393939395
2017-11,telephony,26564.88,351,3.7244094488188977,,39,681.1507692307692,0.026294796416927,0.16253813877525314
2017-11,toys,64320.89,452,4.04989816700611,,80,804.011125,0.0636669432689159,0.8572133926563124
2017-11,unknown,14115.98,115,3.69672131147541,,46,306.8691304347826,0.0139724636559778,-0.24916917014884732
2017-11,watches_gifts,97724.57,430,3.91991341991342,,31,3152.405483870968,0.0967310100057571,0.4815837832683163
2017-12,agro_industry_and_commerce,5291.7,9,4.636363636363637,,5,1058.34,0.0071133206133175,-0.6201899301560596
2017-12,air_conditioning,668.8,3,4.333333333333333,,3,222.9333333333333,0.0008990284457143,-0.8359425210100524
2017-12,art,115.25,3,5.0,,3,38.416666666666664,0.0001549237864362,0.5366666666666666
2017-12,audio,2686.9300000000003,17,4.176470588235294,,8,335.86625000000004,0.003611881730926,-0.2693059721583909
2017-12,auto,39287.64,243,3.9384615384615382,,60,654.794,0.0528120602945363,0.12393685893273099
2017-12,baby,19943.08,139,3.778571428571429,,44,453.25181818181824,0.0268083077379746,-0.08260353156892875
2017-12,bed_bath_table,50505.85,481,3.7851919561243146,,52,971.2663461538461,0.0678920392119967,-0.4351368387476746
2017-12,books_general_interest,2397.1,38,4.5,,16,149.81875,0.0032222803337648,-0.10051182756964461
2017-12,books_imported,231.0,3,3.333333333333333,,1,231.0,0.000310519693421,-0.2870370370370371
2017-12,books_technical,670.69,4,4.0,,3,223.56333333333336,0.0009015690613878,-0.12772792300689284
2017-12,cds_dvds_musicals,65.0,1,5.0,,1,65.0,8.737567130896296e-05,-0.6666666666666667
2017-12,christmas_supplies,493.9,14,4.4,,5,98.78,0.0006639206778384,-0.6315773769562428
2017-12,computers,16741.0,19,3.5,,1,16741.0,0.0225039402058976,0.7138615888615889
2017-12,computers_accessories,37880.65,252,4.005281690140845,,74,511.9006756756757,0.0509207265133825,-0.4786301200176173
2017-12,consoles_games,9075.01,88,4.172043010752688,,20,453.7505,0.0121990013982392,-0.28026835055928834
2017-12,construction_tools_construction,5830.35,22,3.592592592592593,,13,448.4884615384616,0.0078373960802494,-0.16632587694965084
2017-12,construction_tools_lights,176.0,2,4.0,,1,176.0,0.0002365864330827,-0.9199810864386128
2017-12,construction_tools_safety,1384.92,7,3.857142857142857,,2,692.46,0.0018616663801416,-0.582678185614975
2017-12,cool_stuff,39011.54,235,4.012145748987854,,57,684.4129824561404,0.0524409153276378,-0.30701885274847385
2017-12,costruction_tools_garden,928.9,6,4.166666666666667,,3,309.6333333333333,0.0012486655550599,-0.23766926549035705
2017-12,costruction_tools_tools,349.4,6,4.0,,1,349.4,0.0004696778393131,0.2964749536178106
2017-12,diapers_and_hygiene,76.0,1,1.0,,1,76.0,0.0001021623233766,-0.43661971830985913
2017-12,drinks,2132.84,31,4.117647058823529,,5,426.56800000000004,0.0028670511814555,1.849066937390631
2017-12,dvds_blu_ray,119.9,1,4.0,,1,119.9,0.0001611745075376,0.502694573254794
2017-12,electronics,8537.51,190,4.004761904761905,,23,371.19608695652175,0.0114764718085689,-0.14847488664630648
2017-12,fashion_bags_accessories,10028.46,124,4.066666666666666,,31,323.4987096774193,0.013480668072232,-0.25243814895239547
2017-12,fashion_male_clothing,450.89,4,3.75,,3,150.29666666666665,0.0006061048682538,-0.5151668297508576
2017-12,fashion_shoes,1099.0,12,4.384615384615385,,4,274.75,0.00147732096567,-0.3817854531135737
2017-12,fashion_sport,59.9,1,5.0,,1,59.9,8.052004171395202e-05,0.0
2017-12,fashion_underwear_beach,1173.1,13,4.230769230769231,,3,391.0333333333333,0.0015769292309622,-0.03970203012442697
2017-12,fixed_telephony,998.77,5,4.4,,5,199.754,0.0013425876805115,0.058041483929744286
2017-12,flowers,82.7,2,5.0,,2,41.35,0.0001111687387269,-0.5596379126730564
2017-12,food,978.19,12,4.181818181818182,,10,97.819,0.001314923198734,0.75633360265733
2017-12,food_drink,1098.68,19,4.590909090909091,,6,183.11333333333334,0.0014768908085189,-0.5507468606500734
2017-12,furniture_bedroom,185.0,1,5.0,,1,185.0,0.0002486846029562,-0.7880870561282932
2017-12,furniture_decor,32011.75,315,3.8753246753246753,,84,381.0922619047619,0.0430315099388414,-0.4936770025672226
2017-12,furniture_living_room,2316.01,16,4.1,,7,330.85857142857145,0.0031132758232041,-0.6272286112072365
2017-12,furniture_mattress_and_upholstery,803.7,8,4.5,,3,267.90000000000003,0.0010803665697079,1.4062874251497006
2017-12,garden_tools,27689.69,245,3.871473354231975,,38,728.676052631579,0.0372216192628781,-0.39768594832788007
2017-12,health_beauty,61264.66,432,4.110151187904967,,94,651.7517021276597,0.0823544737694672,-0.2256780804950429
2017-12,home_appliances,1331.0,16,4.1875,,5,266.2,0.0017891849001881,-0.7052662347152531
2017-12,home_appliances_2,1990.16,8,4.125,,4,497.54,0.0026752548617268,-0.590074419198629
2017-12,home_confort,2257.8,14,3.7857142857142856,,4,564.45,0.0030350275489442,-0.5784060544610197
2017-12,home_construction,6735.3,30,3.871794871794872,,13,518.1,0.0090538670610347,0.36432692151874124
2017-12,housewares,25921.95,249,3.863481228668942,,83,312.31265060240963,0.0348453505059595,-0.25629860807475013
2017-12,industry_commerce_and_business,1828.5,9,3.7777777777777777,,5,365.7,0.0024579448459759,-0.1186974941800778
2017-12,kitchen_dining_laundry_garden_furniture,4277.3,16,3.9,,10,427.73,0.0057497224444588,-0.145802503899237
2017-12,luggage_accessories,6248.21,45,4.319148936170213,,14,446.30071428571426,0.0083991006650673,-0.2682695179149662
2017-12,market_place,703.25,13,4.230769230769231,,11,63.93181818181818,0.0009453375515081,-0.48137140665791534
2017-12,musical_instruments,10823.5,41,3.975,,16,676.46875,0.0145493935140393,-0.3444236488409985
2017-12,office_furniture,6964.36,39,3.3541666666666665,,6,1160.7266666666667,0.0093617789267275,-0.6141244002171962
2017-12,party_supplies,515.2,2,5.0,,1,515.2,0.0006925530132058,-0.4082853828572741
2017-12,perfumery,27864.43,233,4.1078838174273855,,37,753.0927027027027,0.0374565119521785,-0.12463570246241107
2017-12,pet_shop,7227.23,71,4.205479452054795,,27,267.67518518518517,0.0097151395839119,-0.36187231141971177
2017-12,signaling_and_security,770.0,2,5.0,,2,385.0,0.0010350656447369,0.29023609644933734
2017-12,small_appliances,8913.77,28,3.7586206896551726,,16,557.110625,0.0119822559637491,0.13887504759276448
2017-12,sports_leisure,59792.66,440,4.063265306122449,,127,470.80834645669296,0.0803757508745935,-0.07832700440314733
2017-12,stationery,25731.0,231,3.992,,37,695.4324324324324,0.0345886676684757,0.5408624062748328
2017-12,tablets_printing_image,419.4,6,4.666666666666667,,1,419.4,0.0005637747161073,0.19691780821917781
2017-12,telephony,13611.01,244,4.011363636363637,,32,425.3440625,0.0182964790145078,-0.4876314141076489
2017-12,toys,57194.14,421,3.8952164009111616,,70,817.0591428571429,0.0768827134990586,-0.11079992829701202
2017-12,unknown,16224.92,137,3.4405594405594404,,33,491.66424242424245,0.0218102042605264,0.14940089175530158
2017-12,watches_gifts,71727.62,346,4.016574585635359,,30,2390.9206666666664,0.0964192145983722,-0.26602265939875724
2018-01,agro_industry_and_commerce,5853.4400000000005,15,4.5,,5,1170.688,0.0061613188866932,0.10615492185876008
2018-01,air_conditioning,4674.74,22,4.0,,12,389.56166666666667,0.0049206216946582,5.989742822966507
2018-01,art,2540.77,19,3.473684210526316,,5,508.154,0.0026744092683522,21.04572668112798
2018-01,audio,3820.28,25,4.115384615384615,,10,382.028,0.004021218858732,0.42180108897515
2018-01,auto,35995.02,244,4.06015037593985,,74,486.4191891891891,0.0378882839070532,-0.08380803733693354
2018-01,baby,30058.47,212,3.769230769230769,,56,536.7583928571429,0.0316394836055555,0.5072130282784806
2018-01,bed_bath_table,76377.79000000001,699,3.858333333333333,,65,1175.0429230769232,0.0803951044259259,0.5122563029827241
2018-01,books_general_interest,2180.15,41,4.688888888888889,,18,121.11944444444445,0.0022948213991813,-0.09050519377581234
2018-01,books_imported,583.0,6,3.8333333333333335,,2,291.5,0.0006136645990976,1.5238095238095237
2018-01,books_technical,1176.55,16,4.823529411764706,,4,294.1375,0.0012384341064637,0.7542381726281886
2018-01,christmas_supplies,851.5,9,3.9,,4,212.875,0.0008962871460234,0.7240332051022476
2018-01,cine_photo,199.98,2,5.0,,1,199.98,0.0002104985360678,-0.1736363636363637
2018-01,computers,7450.0,12,3.9166666666666665,,1,7450.0,0.0078418546539923,-0.5549847679350098
2018-01,computers_accessories,83257.45,593,3.8373751783166905,,82,1015.3347560975609,0.0876366203707426,1.1978886317948607
2018-01,consoles_games,8200.98,53,3.943396226415094,,13,630.8446153846154,0.0086323346550735,-0.09631173960138895
2018-01,construction_tools_construction,9664.18,40,4.1063829787234045,,19,508.641052631579,0.0101724959610764,0.6575642971691236
2018-01,construction_tools_lights,2392.99,6,4.142857142857143,,4,598.2475,0.0025188563447593,12.59653409090909
2018-01,construction_tools_safety,2228.89,9,3.727272727272727,,6,371.4816666666666,0.0023461250227834,0.6093998209282845
2018-01,cool_stuff,39739.7,289,4.12751677852349,,68,584.4073529411764,0.0418299263615112,0.018665246232268506
2018-01,costruction_tools_garden,3927.98,21,4.416666666666667,,6,654.6633333333333,0.0041345836568843,3.2286360211002263
2018-01,costruction_tools_tools,532.3,8,3.857142857142857,,3,177.4333333333333,0.0005602978835329,0.523468803663423
2018-01,diapers_and_hygiene,125.0,1,1.0,,1,125.0,0.0001315747425166,0.644736842105263
2018-01,drinks,2307.61,40,3.980769230769231,,6,384.6016666666667,0.0024289855326307,0.08194238667691911
2018-01,dvds_blu_ray,49.8,2,5.0,,1,49.8,5.241937741863323e-05,-0.58465387823186
2018-01,electronics,15996.68,322,3.9255014326647566,,31,516.021935483871,0.0168380724169699,0.873693852188753
2018-01,fashio_female_clothing,161.79000000000002,3,5.0,,2,80.89500000000001,0.0001702998207341,1.0254131196795195
2018-01,fashion_bags_accessories,7931.72,116,4.447154471544716,,31,255.86193548387098,0.0083489121337132,-0.20907896127620784
2018-01,fashion_male_clothing,550.6,5,4.0,,3,183.53333333333333,0.0005795604258373,0.22114041118676409
2018-01,fashion_shoes,666.7,7,4.222222222222222,,4,166.675,0.0007017670466868,-0.3933575978161965
2018-01,fashion_sport,119.8,2,4.0,,1,119.8,0.0001261012332279,1.0
2018-01,fashion_underwear_beach,754.5,8,4.375,,2,377.25,0.0007941851458304,-0.3568323246100076
2018-01,fixed_telephony,2444.1,10,4.1,,7,349.15714285714284,0.0025726546254795,1.447109945232636
2018-01,flowers,284.6,7,4.25,,2,142.3,0.0002995693737619,2.441354292623942
2018-01,food,868.41,19,3.6,,8,108.55125,0.000914086577191,-0.11222768582790676
2018-01,food_drink,341.17,10,4.2727272727272725,,6,56.86166666666667,0.0003591148392352,-0.6894728219317727
2018-01,furniture_bedroom,914.8,5,3.6,,1,914.8,0.0009629165956338,3.944864864864865
2018-01,furniture_decor,55438.18,478,3.905472636815921,,95,583.5597894736842,0.0583541140727334,0.7318072270338236
2018-01,furniture_living_room,2308.1,22,4.409090909090909,,8,288.5125,0.0024295013056214,-0.003415356583089113
2018-01,furniture_mattress_and_upholstery,860.5,9,4.333333333333333,,3,286.8333333333333,0.0009057605274846,0.07067313674256548
2018-01,garden_tools,27037.94,205,4.02510460251046,,35,772.5125714285714,0.0284600799494449,-0.02353764162762384
2018-01,health_beauty,72470.49,572,4.081861958266453,,120,603.92075,0.0762822884944434,0.18290854792958955
2018-01,home_appliances,1795.05,27,4.178571428571429,,6,299.175,0.001889465932436,0.34864763335837723
2018-01,home_appliances_2,8630.1,12,4.384615384615385,,6,1438.3500000000001,0.0090840254831435,3.33638501427021
2018-01,home_confort,3020.16,18,4.111111111111111,,5,604.0319999999999,0.0031790141948726,0.3376561254318362
2018-01,home_construction,5827.58,28,3.571428571428572,,15,388.50533333333334,0.0061340987039614,-0.13477053731830801
2018-01,housewares,38078.31,322,4.002801120448179,,103,369.69233009708734,0.0400811506697533,0.46896008980805837
2018-01,industry_commerce_and_business,3662.0,16,4.0,,6,610.3333333333334,0.0038546136567677,1.002734481815696
2018-01,kitchen_dining_laundry_garden_furniture,4838.5,20,4.476190476190476,,9,537.6111111111111,0.0050929951333344,0.1312042643723843
2018-01,la_cuisine,112.0,1,5.0,,1,112.0,0.0001178909692949,-0.18248175182481752
2018-01,luggage_accessories,18738.22,123,4.1328125,,23,814.7052173913044,0.0197238117737626,1.9989741061840114
2018-01,market_place,818.72,12,4.214285714285714,,7,116.96000000000001,0.0008617829855458,0.16419480981158907
2018-01,music,24.97,1,5.0,,1,24.97,2.628337056512594e-05,-0.5451730418943534
2018-01,musical_instruments,15405.58,51,4.169811320754717,,17,906.2105882352942,0.0162158817745571,0.4233454982214626
2018-01,office_furniture,20113.41,106,3.167832167832168,,8,2514.17625,0.0211713339350544,1.888048578763878
2018-01,party_supplies,135.8,2,3.5,,1,135.8,0.00014294280027,-0.7364130434782609
2018-01,perfumery,20036.89,213,4.008771929824562,,40,500.92224999999996,0.0210907891406754,-0.28091513086756126
2018-01,pet_shop,10885.96,77,4.056818181818182,,30,362.8653333333333,0.0114585390723723,0.5062423639485667
2018-01,signaling_and_security,1048.79,7,3.625,,5,209.75799999999998,0.0011039541936322,0.362064935064935
2018-01,small_appliances,15450.76,52,4.363636363636363,,19,813.1978947368422,0.0162634381494924,0.7333586125735798
2018-01,small_appliances_home_oven_and_coffee,369.99,1,5.0,,1,369.99,0.0003894507118698,-0.42278350676297605
2018-01,sports_leisure,91574.33,586,3.86687306501548,,149,614.5928187919463,0.0963909511270776,0.5315312949783468
2018-01,stationery,41023.91,379,4.202564102564103,,41,1000.5831707317074,0.0431816831622096,0.5943379581050097
2018-01,tablets_printing_image,161.8,3,4.333333333333333,,1,161.8,0.0001703103467135,-0.614210777300906
2018-01,telephony,14879.96,347,3.875,,40,371.99899999999997,0.0156626152452643,0.09322967215511557
2018-01,toys,21948.23,158,4.049079754601227,,57,385.0566666666667,0.0231026616875696,-0.6162503711044522
2018-01,unknown,22489.45,184,3.4563106796116503,,39,576.6525641025642,0.0236723487447285,0.3861054476693877
2018-01,watches_gifts,75621.24,337,3.9234972677595623,,32,2363.16375,0.0795987614543181,0.054283412721626734
2018-02,agro_industry_and_commerce,7404.8,21,4.185185185185185,,5,1480.96,0.0087716024015815,0.2650338945987316
2018-02,air_conditioning,2626.89,11,4.333333333333333,,7,375.27,0.0031117700184597,-0.43806714384115475
2018-02,art,1251.71,12,3.692307692307693,,4,312.9275,0.0014827547593565,-0.5073501340144917
2018-02,audio,2828.49,15,3.2666666666666666,,6,471.41499999999996,0.0033505820112426,-0.25961186091071864
2018-02,auto,41706.89,303,3.9006309148264986,,74,563.6066216216216,0.0494052852860977,0.15868500698152133
2018-02,baby,25985.82,169,3.718390804597701,,52,499.7273076923077,0.0307823683447311,-0.1354909281809753
2018-02,bed_bath_table,60690.880000000005,593,3.554093567251462,,64,948.2950000000001,0.0718934027606548,-0.20538575415706584
2018-02,books_general_interest,1912.65,29,4.379310344827586,,13,147.12692307692308,0.0022656932440288,-0.1226979794968236
2018-02,books_imported,325.0,3,4.333333333333333,,2,162.5,0.0003849895716986,-0.44253859348198976
2018-02,books_technical,1411.21,23,3.807692307692308,,9,156.8011111111111,0.0016716957953132,0.199447537291233
2018-02,christmas_supplies,2059.65,17,3.555555555555556,,5,411.93,0.0024398269887663,1.4188490898414563
2018-02,cine_photo,227.99,2,5.0,,2,113.995,0.0002700731460048,0.1400640064006402
2018-02,computers_accessories,100855.23,801,3.46,,82,1229.9418292682926,0.1194714209269741,0.2113658297245471
2018-02,consoles_games,11978.73,51,3.5961538461538463,,16,748.670625,0.0141898034836723,0.4606461666776409
2018-02,construction_tools_construction,9003.97,54,3.7971014492753614,,18,500.2205555555555,0.0106659524734993,-0.06831515969280388
2018-02,construction_tools_lights,1610.8,9,3.882352941176471,,8,201.35,0.0019081267756681,-0.3268672246854354
2018-02,construction_tools_safety,5965.75,7,4.5,,6,994.2916666666666,0.0070669278072648,1.6765564922450191
2018-02,cool_stuff,31002.21,182,3.8251366120218577,,51,607.8864705882353,0.0367247001526489,-0.21986804127862059
2018-02,costruction_tools_garden,1538.25,14,4.35,,5,307.65,0.001822185257432,-0.6083864989129273
2018-02,costruction_tools_tools,1318.2,11,4.4,,3,439.40000000000003,0.0015615177028096,1.4764230696975393
2018-02,diapers_and_hygiene,100.0,1,3.0,,1,100.0,0.0001184583297534,-0.19999999999999996
2018-02,drinks,1967.44,27,4.15625,,5,393.488,0.0023305965629007,-0.14741225770385813
2018-02,dvds_blu_ray,24.9,1,5.0,,1,24.9,2.949612410860255e-05,-0.5
2018-02,electronics,14780.6,301,3.857142857142857,,36,410.57222222222225,0.0175088518875345,-0.07602077431066945
2018-02,fashio_female_clothing,29.99,1,4.0,,1,29.99,3.552565309305182e-05,-0.8146362568761976
2018-02,fashion_bags_accessories,9786.63,102,4.102803738317757,,26,376.4088461538461,0.0115930784371475,0.2338597429057001
2018-02,fashion_male_clothing,388.09,3,3.0,,2,194.045,0.00045972493194,-0.2951507446422086
2018-02,fashion_shoes,1033.7,10,3.909090909090909,,4,258.425,0.0012245037546611,0.5504724763761812
2018-02,fashion_underwear_beach,399.3,7,2.833333333333333,,2,199.65,0.0004730041107054,-0.47077534791252484
2018-02,fixed_telephony,6138.67,10,2.6666666666666665,,8,767.33375,0.0072717659510745,1.5116280021275728
2018-02,flowers,134.48000000000002,4,4.75,,2,67.24000000000001,0.0001593027618524,-0.5274771609276176
2018-02,food,1933.42,31,3.6666666666666665,,8,241.6775,0.0022902970391186,1.226390760124826
2018-02,food_drink,1059.1,21,4.166666666666667,,7,151.29999999999998,0.0012545921704185,2.104317495676642
2018-02,furniture_bedroom,1094.8,7,4.375,,3,364.93333333333334,0.0012968817941404,0.1967643200699607
2018-02,furniture_decor,38646.52,342,3.544811320754717,,84,460.077619047619,0.0457800220998229,-0.302889813482333
2018-02,furniture_living_room,4402.78,19,3.0,,11,400.25272727272727,0.0052154596507177,0.9075343356007104
2018-02,furniture_mattress_and_upholstery,389.4,6,2.6666666666666665,,2,194.7,0.0004612767360598,-0.547472399767577
2018-02,garden_tools,26838.03,232,3.641891891891892,,41,654.5860975609755,0.0317918820767228,-0.0073936845780411264
2018-02,health_beauty,86996.06,607,3.9848024316109423,,130,669.2004615384615,0.1030540796272865,0.20043427331593855
2018-02,home_appliances,5583.74,48,4.2312925170068025,,10,558.374,0.0066144051417738,2.1106320158212863
2018-02,home_appliances_2,8998.83,21,3.9047619047619047,,10,899.883,0.01065986371535,0.04272604025445825
2018-02,home_comfort_2,38.7,2,1.3333333333333333,,1,38.7,4.584337361457505e-05,0.0
2018-02,home_confort,3012.76,20,3.857142857142857,,3,1004.2533333333334,0.0035688651754792,-0.0024502013138375522
2018-02,home_construction,5303.9,32,3.8684210526315783,,16,331.49375,0.0062829113517918,-0.08986234423208261
2018-02,housewares,35448.56,342,3.8724747474747474,,100,354.4856,0.0419917720976403,-0.06906162589673759
2018-02,industry_commerce_and_business,4735.59,29,4.057142857142857,,10,473.559,0.0056097008179701,0.2931703986892409
2018-02,kitchen_dining_laundry_garden_furniture,4750.16,17,4.1,,10,475.01599999999996,0.0056269601966152,-0.018257724501395067
2018-02,luggage_accessories,6604.35,45,3.5,,18,366.90833333333336,0.0078234027010702,-0.6475465652553978
2018-02,market_place,1920.92,20,3.821428571428572,,9,213.43555555555557,0.0022754897478994,1.34624780144616
2018-02,music,244.97,2,4.0,,2,122.485,0.0002901873703969,8.81057268722467
2018-02,musical_instruments,9015.73,39,3.954545454545455,,18,500.87388888888887,0.0106798831730783,-0.4147750360583633
2018-02,office_furniture,17774.78,72,3.037037037037037,,10,1777.4779999999998,0.0210557075053456,-0.11627217861118533
2018-02,pc_gamer,129.99,1,1.0,,1,129.99,0.0001539839828464,0.0
2018-02,perfumery,20632.7,198,4.170560747663552,,40,515.8175,0.0244411518030346,0.029735652588799955
2018-02,pet_shop,9595.03,89,3.98019801980198,,34,282.2067647058824,0.0113661122773399,-0.1185866933187334
2018-02,signaling_and_security,715.79,10,3.6666666666666665,,5,143.158,0.000847912878542,-0.31750874817647
2018-02,small_appliances,5245.16,30,3.96875,,15,349.6773333333333,0.0062133289288946,-0.6605241425017281
2018-02,small_appliances_home_oven_and_coffee,3024.9,5,3.6,,2,1512.45,0.0035832460167113,7.1756263682802235
2018-02,sports_leisure,75863.95,585,3.7619414483821263,,123,616.780081300813,0.0898671680549726,-0.1715587763514077
2018-02,stationery,11889.1,144,3.702531645569621,,44,270.20681818181816,0.0140836292827143,-0.7101909593697919
2018-02,tablets_printing_image,694.97,12,3.5384615384615383,,1,694.97,0.0008232498542873,3.2952410383189124
2018-02,telephony,14105.24,333,3.77247191011236,,37,381.2227027027027,0.0167088317117118,-0.0520646560877851
2018-02,toys,14778.93,137,3.803448275862069,,64,230.92078125,0.0175068736334276,-0.32664592999070996
2018-02,unknown,12758.75,110,3.9583333333333335,,35,364.5357142857143,0.0151138021474149,-0.43267843366556324
2018-02,watches_gifts,63462.18,317,3.5988023952095807,,31,2047.1670967741936,0.0751762384531114,-0.1607889529449663
2018-03,agro_industry_and_commerce,6019.0,25,4.071428571428571,,4,1504.75,0.0061217633477426,-0.1871488764044944
2018-03,air_conditioning,2667.58,24,3.6,,11,242.50727272727272,0.0027131240191346,0.015489799725150188
2018-03,art,461.5,7,3.571428571428572,,6,76.91666666666667,0.0004693792631638,-0.6313043756141599
2018-03,audio,10606.69,33,2.9411764705882355,,6,1767.7816666666668,0.010787779711392,2.7499478520341247
2018-03,auto,44753.24,325,3.809941520467836,,87,514.4050574712644,0.0455173192099571,0.07304188828272729
2018-03,baby,41985.74,217,3.5923423423423424,,61,688.2908196721311,0.0427025692407133,0.615717341226869
2018-03,bed_bath_table,69256.39,670,3.5959339263024144,,68,1018.4763235294117,0.0704388154010588,0.14113339598964458
2018-03,books_general_interest,1711.93,34,4.410256410256411,,16,106.995625,0.0017411580541453,-0.10494340313178052
2018-03,books_imported,259.0,2,5.0,,1,259.0,0.0002634219483411,-0.20307692307692304
2018-03,books_technical,913.47,17,4.176470588235294,,5,182.69400000000002,0.0009290658191165,-0.35270441677709197
2018-03,christmas_supplies,854.95,12,3.0,,4,213.7375,0.0008695466978156,-0.5849052023402035
2018-03,cine_photo,711.79,6,2.2857142857142856,,2,355.895,0.0007239425042847,2.122022895741041
2018-03,computers_accessories,85673.53,638,3.830013280212484,,87,984.7532183908046,0.0871362478527551,-0.15052962548397342
2018-03,consoles_games,11858.72,54,3.6666666666666665,,17,697.5717647058823,0.0120611858194289,-0.01001859128638849
2018-03,construction_tools_construction,10549.38,52,3.357142857142857,,23,458.6686956521739,0.0107294912486143,0.1716365114499494
2018-03,construction_tools_lights,2536.7,12,3.230769230769231,,5,507.34,0.0025800094840037,0.5748075490439533
2018-03,construction_tools_safety,5374.87,13,4.181818181818182,,7,767.8385714285714,0.0054666360134377,-0.09904538406738472
2018-03,cool_stuff,38353.22,242,3.8515625,,59,650.0545762711864,0.0390080306469366,0.23711245101558887
2018-03,costruction_tools_garden,2497.23,20,4.086956521739131,,8,312.15375,0.0025398656063936,0.6234227206240859
2018-03,costruction_tools_tools,931.3,8,4.222222222222222,,4,232.825,0.0009472002335525,-0.29350629646487636
2018-03,diapers_and_hygiene,163.0,2,2.6666666666666665,,1,163.0,0.0001657829250177,0.6299999999999999
2018-03,drinks,962.7,20,3.952380952380953,,6,160.45000000000002,0.0009791363307645,-0.5106839344528931
2018-03,dvds_blu_ray,49.8,2,5.0,,1,49.8,5.0650243348992464e-05,1.0
2018-03,electronics,12554.8,244,3.7586206896551726,,31,404.9935483870967,0.0127691501043761,-0.15058928595591525
2018-03,fashio_female_clothing,119.96,1,4.0,,1,119.96,0.0001220080962278,3.0
2018-03,fashion_bags_accessories,10261.58,131,3.8731884057971016,,30,342.05266666666665,0.0104367775932761,0.04853049517556096
2018-03,fashion_childrens_clothes,79.98,2,5.0,,1,79.98,8.134551130627345e-05,1.0
2018-03,fashion_shoes,1252.8,12,3.25,,3,417.59999999999997,0.0012741892543698,0.21195704749927446
2018-03,fashion_sport,89.9,1,5.0,,1,89.9,9.14348770496872e-05,-0.24958263772954914
2018-03,fashion_underwear_beach,289.4,5,3.0,,2,144.7,0.0002943409723935,-0.2752316553969447
2018-03,fixed_telephony,1930.59,12,3.571428571428572,,9,214.51,0.0019635512712275,-0.6855035374111982
2018-03,flowers,89.67,3,5.0,,1,89.67,9.1200950222975e-05,-0.3332093991671625
2018-03,food,1559.9,33,3.7714285714285714,,6,259.98333333333335,0.0015865324216886,-0.19319133969856517
2018-03,food_drink,2350.77,17,4.473684210526316,,10,235.077,0.0023909050714359,1.2195921065055235
2018-03,furniture_bedroom,1071.8,6,4.166666666666667,,4,267.95,0.0010900990124789,-0.021008403361344574
2018-03,furniture_decor,52244.04,442,3.466949152542373,,87,600.5062068965517,0.053136010834026,0.3518433225035529
2018-03,furniture_living_room,3521.87,19,3.526315789473684,,7,503.1242857142857,0.0035819994486649,-0.20008040374490665
2018-03,furniture_mattress_and_upholstery,440.0,4,3.75,,1,440.0,0.000447512190232,0.12994350282485878
2018-03,garden_tools,27612.25,205,3.793436293436293,,48,575.2552083333334,0.028083678351671,0.028847869981515117
2018-03,health_beauty,90034.41,621,3.702255639097745,,126,714.5588095238096,0.0915715818530715,0.03492514488587184
2018-03,home_appliances,9876.59,70,3.9565217391304346,,7,1410.9414285714286,0.0100452145975547,0.76881265961524
2018-03,home_appliances_2,5648.2,12,4.083333333333333,,10,564.8199999999999,0.0057446326201562,-0.3723406265036677
2018-03,home_comfort_2,34.99,1,5.0,,1,34.99,3.558738985504511e-05,-0.09586563307493545
2018-03,home_confort,2522.38,21,3.333333333333333,,4,630.595,0.002565444996358,-0.1627676947383795
2018-03,home_construction,5639.51,34,3.659090909090909,,12,469.9591666666667,0.0057357942543991,0.06327607986575923
2018-03,housewares,37514.44,338,3.7160493827160495,,112,334.9503571428572,0.0381549300221119,0.058278248820262446
2018-03,industry_commerce_and_business,2922.45,26,3.75,,7,417.49285714285713,0.0029723454553265,-0.3828752066796324
2018-03,kitchen_dining_laundry_garden_furniture,2842.66,12,3.9166666666666665,,7,406.0942857142857,0.0028911931879206,-0.4015654209542415
2018-03,la_cuisine,389.0,1,4.0,,1,389.0,0.0003956414590915,2.4732142857142856
2018-03,luggage_accessories,5911.77,52,4.25,,16,369.485625,0.0060127025928368,-0.10486724658747637
2018-03,market_place,1548.74,16,3.3529411764705883,,9,172.0822222222222,0.0015751818852272,-0.19375091102180209
2018-03,music,323.97,2,3.0,,2,161.985,0.0003295011915215,0.32248846797567055
2018-03,musical_instruments,10822.2,51,4.109090909090909,,21,515.3428571428572,0.0110069691480214,0.20036868894698512
2018-03,office_furniture,31301.62,151,3.272277227722772,,11,2845.601818181818,0.031836037554572,0.7610130758299118
2018-03,party_supplies,913.9,5,3.5,,3,304.6333333333333,0.0009295031605751,5.729749631811487
2018-03,perfumery,20473.25,186,3.830845771144279,,40,511.83125,0.0208227930651558,-0.007728023961963371
2018-03,pet_shop,13643.69,110,3.6693548387096775,,32,426.3653125,0.0138766308971529,0.4219538656992212
2018-03,signaling_and_security,921.9,7,3.888888888888889,,7,131.7,0.0009376397458521,0.28794758239148366
2018-03,small_appliances,14260.15,36,3.861111111111111,,17,838.8323529411764,0.0145036158171312,1.7187254535609973
2018-03,small_appliances_home_oven_and_coffee,7890.9,7,4.857142857142857,,4,1972.725,0.0080256225952322,1.6086482197758603
2018-03,sports_leisure,85292.17,672,3.683930942895086,,150,568.6144666666667,0.0867483768326031,0.12427800028867475
2018-03,stationery,13152.74,146,3.7560975609756095,,41,320.79853658536587,0.0133772988294382,0.10628558932131105
2018-03,tablets_printing_image,259.29,2,4.666666666666667,,2,129.645,0.0002637168995574,-0.6269047584787832
2018-03,telephony,25804.89,329,3.539589442815249,,43,600.1137209302325,0.0262454610059032,0.8294541602978751
2018-03,toys,23407.4,222,3.630901287553648,,60,390.12333333333333,0.0238070382764499,0.5838359069296628
2018-03,unknown,17378.11,127,3.873134328358209,,29,599.2451724137932,0.0176748092458947,0.36205427647692767
2018-03,watches_gifts,97861.08,416,3.664285714285714,,35,2796.0308571428573,0.0995318778392614,0.542037793217945
2018-04,agro_industry_and_commerce,4500.7,12,4.0,,5,900.14,0.0045158382186685,-0.25225120451902316
2018-04,air_conditioning,3261.79,22,4.571428571428571,,11,296.5263636363636,0.0032727611134425,0.22275245728338056
2018-04,art,2140.28,26,4.5,,9,237.8088888888889,0.0021474788860959,3.637659804983749
2018-04,arts_and_craftmanship,15.99,1,4.0,,1,15.99,1.6043782770793393e-05,-0.876905311778291
2018-04,audio,7045.07,30,4.096774193548387,,7,1006.4385714285714,0.0070687662717344,-0.3357899589787201
2018-04,auto,49629.19,336,4.101123595505618,,99,501.30494949494954,0.049796119040052,0.1089518881761411
2018-04,baby,49821.84,222,3.967078189300412,,64,778.46625,0.049989417023216,0.18663717728924145
2018-04,bed_bath_table,72357.25,608,3.946185286103542,,79,915.9145569620254,0.0726006254466535,0.04477363027440506
2018-04,books_general_interest,6295.51,43,4.44,,12,524.6258333333334,0.0063166851076521,2.6774342408860177
2018-04,books_imported,317.99,4,4.75,,2,158.995,0.0003190595674349,0.22776061776061773
2018-04,books_technical,1172.1,23,4.478260869565218,,9,130.23333333333332,0.0011760423880954,0.2831291668035074
2018-04,cds_dvds_musicals,65.0,1,5.0,,1,65.0,6.521862914956663e-05,0.0
2018-04,christmas_supplies,275.15,9,4.5,,3,91.71666666666665,0.0002760754740077,-0.6781683139364876
2018-04,cine_photo,521.74,5,4.4,,3,173.91333333333333,0.0005234948857306,-0.26700290816111494
2018-04,computers,13774.92,13,4.066666666666666,,3,4591.64,0.0138212522929992,0.8489825503355706
2018-04,computers_accessories,59651.2,481,3.955473098330241,,82,727.4536585365853,0.059851838325025,-0.30373827248626273
2018-04,consoles_games,7239.400000000001,43,3.74468085106383,,16,452.46250000000003,0.0072637499056211,-0.38952939271692044
2018-04,construction_tools_construction,13293.83,78,4.0989010989010985,,36,369.2730555555556,0.0133385441345751,0.260152729354711
2018-04,construction_tools_lights,4962.67,37,3.5853658536585367,,9,551.4077777777778,0.0049793620664873,0.9563487996215558
2018-04,construction_tools_safety,2887.26,23,4.0,,10,288.726,0.0028969713722827,-0.4628223566337418
2018-04,cool_stuff,35202.4,195,4.159203980099503,,52,676.9692307692308,0.0353208041657646,-0.08215268496360928
2018-04,costruction_tools_garden,1326.79,12,4.333333333333333,,7,189.54142857142855,0.0013312526918362,-0.46869531440836454
2018-04,costruction_tools_tools,1332.99,16,4.352941176470588,,7,190.42714285714285,0.0013374735456935,0.43132180822506183
2018-04,diapers_and_hygiene,149.0,4,4.25,,3,49.666666666666664,0.0001495011652813,-0.08588957055214719
2018-04,drinks,5016.4400000000005,29,4.074074074074074,,10,501.64400000000006,0.0050333129232469,4.210802950036356
2018-04,dvds_blu_ray,92.5,4,4.4,,2,46.25,9.28111260974602e-05,0.857429718875502
2018-04,electronics,11022.43,203,4.075117370892019,,32,344.4509375,0.0110595042230316,-0.12205451301494241
2018-04,fashio_female_clothing,174.95000000000002,1,4.0,,1,174.95000000000002,0.0001755384487648,0.4584028009336447
2018-04,fashion_bags_accessories,9030.85,96,4.295238095238095,,34,265.61323529411766,0.0090612254931594,-0.11993572139962849
2018-04,fashion_male_clothing,195.0,1,,,1,195.0,0.0001956558874486,-0.49753923059084226
2018-04,fashion_shoes,1438.7,11,4.0,,4,359.675,0.0014435391039612,0.14838761174968074
2018-04,fashion_sport,89.9,1,5.0,,1,89.9,9.020238093147757e-05,0.0
2018-04,fashion_underwear_beach,359.4,6,4.166666666666667,,2,179.7,0.0003606088510208,0.24187975120939886
2018-04,fixed_telephony,1921.94,10,3.1818181818181817,,6,320.3233333333333,0.0019284044939648,-0.00448049559979069
2018-04,flowers,158.4,3,3.333333333333333,,2,79.2,0.0001589327824198,0.7664770826363332
2018-04,food,1665.43,36,4.461538461538462,,8,208.17875,0.0016710317160701,0.06765177254952248
2018-04,food_drink,605.0699999999999,16,4.5,,9,67.22999999999999,0.0006071051683004,-0.7426077412932783
2018-04,furniture_bedroom,1470.9,7,4.0,,4,367.725,0.0014758474094784,0.3723642470610189
2018-04,furniture_decor,56793.01,466,3.959527824620573,,94,604.1809574468085,0.056984034730425,0.08707155878450434
2018-04,furniture_living_room,5133.7300000000005,25,2.8823529411764706,,16,320.85812500000003,0.0051509974311385,0.45767163467135386
2018-04,garden_tools,35037.64,238,4.13588850174216,,56,625.6721428571428,0.0351554899913234,0.26891651350397017
2018-04,health_beauty,91751.04,626,4.140988372093023,,141,650.7165957446808,0.0920596469514931,0.01906637695521063
2018-04,home_appliances,15124.25,106,4.117924528301887,,15,1008.2833333333333,0.0151751207986974,0.5313230578570134
2018-04,home_appliances_2,20741.69,23,4.478260869565218,,11,1885.6081818181817,0.0208114552006965,2.6722655005134377
2018-04,home_comfort_2,12.9,1,1.0,,1,12.9,1.2943389477375532e-05,-0.63132323521006
2018-04,home_confort,1939.4,15,3.611111111111111,,4,484.85,0.0019459232211179,-0.23112298702019518
2018-04,home_construction,9318.5,59,3.8157894736842106,,21,443.73809523809524,0.0093498430112344,0.6523598681445728
2018-04,housewares,45405.96,420,4.072340425531915,,135,336.3404444444444,0.0455586840987701,0.21035953088997195
2018-04,industry_commerce_and_business,5690.61,48,4.283018867924528,,8,711.32625,0.005709750511151,0.9472052558640867
2018-04,kitchen_dining_laundry_garden_furniture,3165.47,19,4.157894736842105,,11,287.77,0.0031761171386781,0.11355913123623651
2018-04,la_cuisine,280.0,1,1.0,,1,280.0,0.0002809417871058,-0.2802056555269923
2018-04,luggage_accessories,8680.48,53,4.43859649122807,,18,482.24888888888887,0.0087096770147727,0.4683385855674356
2018-04,market_place,627.23,15,4.6,,7,89.60428571428572,0.0006293397040228,-0.5950062631558557
2018-04,music,1696.86,5,4.0,,5,339.37199999999996,0.0017025674316728,4.237707195110658
2018-04,musical_instruments,19375.31,57,4.366666666666666,,21,922.6338095238095,0.0194404793468906,0.7903300622793887
2018-04,office_furniture,20194.72,88,3.602272727272727,,7,2884.96,0.0202626454532205,-0.35483466989887413
2018-04,party_supplies,43.8,1,1.0,,1,43.8,4.394732241155413e-05,-0.9520735310208994
2018-04,perfumery,17790.31,160,4.2057142857142855,,53,335.66622641509434,0.0178501481591665,-0.13104612115809644
2018-04,pet_shop,18778.3,153,4.124260355029586,,44,426.7795454545454,0.0188414612886047,0.37633587394612444
2018-04,signaling_and_security,2222.3,22,4.166666666666667,,14,158.7357142857143,0.0022297747624474,1.4105651372166181
2018-04,small_appliances,12211.41,61,4.358208955223881,,26,469.6696153846154,0.0122524833874355,-0.1436688954884766
2018-04,small_appliances_home_oven_and_coffee,13980.98,15,4.066666666666666,,4,3495.245,0.0140280053810385,0.7717852209507154
2018-04,sports_leisure,67528.08,532,4.190635451505017,,149,453.2085906040269,0.0677552124108041,-0.20827339719460758
2018-04,stationery,11701.35,131,4.177631578947368,,47,248.9648936170213,0.0117407077876812,-0.11034887027341822
2018-04,tablets_printing_image,52.0,1,5.0,,1,52.0,5.217490331965331e-05,-0.7994523506498515
2018-04,telephony,16636.84,250,3.858156028368794,,46,361.6704347826087,0.0166927984335488,-0.35528343658895656
2018-04,toys,23352.38,196,4.251231527093596,,68,343.4173529411765,0.0234309263227654,-0.002350538718524975
2018-04,unknown,8240.66,74,4.105263157894737,,27,305.2096296296296,0.008268377669041,-0.525802288050887
2018-04,watches_gifts,92658.57,473,4.205588822355289,,39,2375.8607692307696,0.0929702294516794,-0.05316219686110146
2018-05,agro_industry_and_commerce,3279.75,8,4.5,,5,655.95,0.0032912110500638,-0.27128002310751653
2018-05,air_conditioning,2051.2,14,4.066666666666666,,6,341.8666666666666,0.0020583678956905,-0.37114283874804943
2018-05,art,2691.86,35,3.8333333333333335,,7,384.5514285714286,0.0027012666749675,0.25771394396994785
2018-05,arts_and_craftmanship,89.8,1,4.0,,1,89.8,9.0113805105796e-05,4.616010006253909
2018-05,audio,2697.68,20,3.761904761904762,,5,539.536,0.0027071070128931,-0.6170825839913585
2018-05,auto,40928.14,298,4.141479099678457,,104,393.5398076923077,0.0410711629321017,-0.17532121721108085
2018-05,baby,34003.6,224,4.127572016460905,,77,441.6051948051948,0.0341224252037354,-0.31749610211104207
2018-05,bed_bath_table,71702.77,606,3.978260869565217,,76,943.4575000000001,0.0719533345359211,-0.009045119873958618
2018-05,books_general_interest,6019.03,51,4.339622641509434,,19,316.7910526315789,0.0060400634336964,-0.043917013871791255
2018-05,books_imported,410.92,9,4.9,,2,205.46,0.0004123559553905,0.2922418943991949
2018-05,books_technical,3055.48,55,4.345454545454546,,7,436.4971428571429,0.0030661573410318,1.6068424195887725
2018-05,christmas_supplies,524.53,6,5.0,,4,131.1325,0.0005263629642777,0.9063419952753045
2018-05,cine_photo,2277.29,17,4.555555555555555,,7,325.32714285714286,0.0022852479646924,3.3647985586690687
2018-05,computers,9429.92,7,4.5,,1,9429.92,0.0094628727510383,-0.31542832916634
2018-05,computers_accessories,51515.73,409,3.963203463203463,,78,660.458076923077,0.0516957511481381,-0.136384012392039
2018-05,consoles_games,5664.07,40,3.648148148148149,,20,283.20349999999996,0.0056838630299063,-0.21760505014227705
2018-05,construction_tools_construction,20748.6,89,4.112,,38,546.0157894736842,0.0208211057529857,0.5607691688550251
2018-05,construction_tools_lights,5477.81,32,4.2631578947368425,,6,912.9683333333334,0.0054969521463984,0.10380299314683428
2018-05,construction_tools_safety,7298.51,25,3.2758620689655173,,7,1042.6442857142858,0.0073240145623909,1.5278326163906262
2018-05,cool_stuff,30039.11,169,4.131428571428572,,44,682.7070454545454,0.0301440813373225,-0.14667437447446763
2018-05,costruction_tools_garden,1073.28,13,4.25,,8,134.16,0.0010770305650773,-0.1910701768931029
2018-05,costruction_tools_tools,417.9,5,4.8,,2,208.95,0.0004193603469232,-0.6864942722751108
2018-05,diapers_and_hygiene,117.0,3,4.666666666666667,,2,58.5,0.0001174088552046,-0.21476510067114096
2018-05,drinks,2790.98,34,4.020833333333333,,9,310.1088888888889,0.0028007330487101,-0.44363333359912616
2018-05,dvds_blu_ray,439.94,6,3.571428571428572,,3,146.64666666666668,0.0004414773654592,3.7561081081081085
2018-05,electronics,16989.29,223,4.310344827586207,,37,459.17,0.0170486588858112,0.5413379808263696
2018-05,fashion_bags_accessories,11519.16,105,4.567567567567568,,28,411.3985714285714,0.0115594135770877,0.2755344181333983
2018-05,fashion_male_clothing,129.99,1,5.0,,1,129.99,0.0001304442486158,-0.3333846153846154
2018-05,fashion_shoes,1582.7,10,4.5,,3,527.5666666666667,0.0015882307276274,0.1000903593521929
2018-05,fashion_underwear_beach,207.4,5,4.5,,2,103.7,0.0002081247570038,-0.4229271007234279
2018-05,fixed_telephony,1946.1,12,3.294117647058824,,6,324.34999999999997,0.0019529006249041,0.012570631757494954
2018-05,flowers,16.4,1,3.0,,1,16.4,1.645730961843045e-05,-0.8964646464646465
2018-05,food,1542.9299999999998,36,4.477272727272728,,6,257.155,0.0015483217518027,-0.07355457749650252
2018-05,food_drink,1239.44,15,4.68,,10,123.944,0.0012437712093577,1.0484241492719852
2018-05,furniture_bedroom,1484.98,5,4.166666666666667,,4,371.245,0.0014901692461693,0.00957237065742067
2018-05,furniture_decor,54260.98,462,4.024875621890548,,87,623.6894252873564,0.0544505943938696,-0.044583479551444816
2018-05,furniture_living_room,2721.08,13,4.0,,9,302.34222222222223,0.002730588783934,-0.4699604381219893
2018-05,garden_tools,37863.18,230,4.278947368421052,,59,641.748813559322,0.0379954924633148,0.08064298851178342
2018-05,health_beauty,96460.36,686,4.237288135593221,,147,656.1929251700681,0.096797439660077,0.05132715661860621
2018-05,home_appliances,6149.67,63,4.0703125,,14,439.26214285714286,0.00617115995373,-0.593390085458783
2018-05,home_appliances_2,14441.24,23,4.260869565217392,,11,1312.84,0.0144917047532965,-0.3037577940852457
2018-05,home_confort,2776.6,19,3.3181818181818183,,3,925.5333333333333,0.0027863027979593,0.4316799010003092
2018-05,home_construction,10155.28,63,3.871794871794872,,21,483.58476190476193,0.0101907675135277,0.08979771422439242
2018-05,housewares,63003.57,493,4.153344208809135,,138,456.5476086956522,0.0632237352778327,0.3875616769252319
2018-05,industry_commerce_and_business,3890.99,35,4.024390243902439,,6,648.4983333333333,0.0039045870214766,-0.31624377702917617
2018-05,kitchen_dining_laundry_garden_furniture,2310.09,10,3.615384615384616,,6,385.01500000000004,0.0023181625839292,-0.27022211551523145
2018-05,luggage_accessories,6618.46,44,4.244897959183674,,18,367.6922222222222,0.0066415881351949,-0.23754677160710003
2018-05,market_place,957.45,13,3.4285714285714284,,8,119.68125,0.0009607957984247,0.5264735424007143
2018-05,music,729.0,5,3.8,,3,243.0,0.000731547482429,-0.5703829426116473
2018-05,musical_instruments,18757.07,59,4.311475409836065,,20,937.8534999999999,0.0188226163734495,-0.03190865075191063
2018-05,office_furniture,21005.86,83,3.8857142857142857,,11,1909.6236363636365,0.0210792647452075,0.0401659443656559
2018-05,party_supplies,100.7,3,3.0,,3,33.56666666666667,0.0001010518950351,1.2990867579908678
2018-05,perfumery,24757.7,180,4.232323232323233,,59,419.6220338983051,0.0248442155085497,0.3916396060552063
2018-05,pet_shop,11708.46,127,4.237037037037037,,33,354.80181818181813,0.0117493750838419,-0.37648988460084254
2018-05,portateis_cozinha_e_preparadores_de_alimentos,1958.0,2,5.0,,1,1958.0,0.0019648422093223,
2018-05,signaling_and_security,683.5,6,4.0,,5,136.7,0.0006858884831827,-0.6924357647482338
2018-05,small_appliances,10620.99,39,3.9583333333333335,,23,461.7821739130435,0.0106581049319666,-0.13024048819915146
2018-05,small_appliances_home_oven_and_coffee,10161.6,9,4.222222222222222,,3,3387.2000000000003,0.0101971095986977,-0.273183997116082
2018-05,sports_leisure,59664.11,452,4.306122448979592,,153,389.96150326797385,0.0598726055718349,-0.11645481405661173
2018-05,stationery,12923.39,124,4.387596899224806,,48,269.23729166666664,0.012968550643276,0.1044358129617522
2018-05,tablets_printing_image,49.9,1,5.0,,1,49.9,5.007437499754144e-05,-0.04038461538461546
2018-05,telephony,21608.26,243,4.243137254901961,,42,514.4823809523809,0.0216837698253381,0.2988199682151176
2018-05,toys,31767.3,214,4.32579185520362,,68,467.1661764705882,0.0318783104781442,0.360345283864
2018-05,unknown,3136.94,38,3.7142857142857135,,25,125.4776,0.0031479020020999,-0.619333888305063
2018-05,watches_gifts,123872.66,596,3.989763779527559,,40,3096.8165,0.1243055316389369,0.3368721317412948
2018-06,agro_industry_and_commerce,3515.8,10,4.2,,7,502.25714285714287,0.0040639246399167,0.07197194908148496
2018-06,air_conditioning,3567.9,9,2.7333333333333334,,7,509.7,0.0041241471991464,0.7394208268330735
2018-06,art,2500.14,28,4.285714285714286,,9,277.7933333333333,0.0028899199468802,-0.07122212893686897
2018-06,audio,1830.69,19,4.222222222222222,,5,366.13800000000003,0.0021161005173926,-0.32138355920642914
2018-06,auto,45407.49,272,4.110367892976589,,107,424.36906542056073,0.0524866651822557,0.10944426011052544
2018-06,baby,30755.12,207,4.188340807174888,,67,459.03164179104476,0.0355499431058641,-0.09553341410909433
2018-06,bed_bath_table,71565.48,657,3.9410222804718216,,88,813.2440909090909,0.0827227707888592,-0.0019147098501216542
2018-06,books_general_interest,3345.39,33,4.657894736842105,,12,278.78249999999997,0.003866947167396,-0.4441978192499456
2018-06,books_imported,468.17,9,5.0,,2,234.085,0.0005411592236958,0.13932152243745732
2018-06,books_technical,1747.4299999999998,26,4.615384615384615,,7,249.63285714285712,0.00201986001295,-0.4280996766465499
2018-06,christmas_supplies,306.19,6,4.571428571428571,,4,76.5475,0.0003539260155572,-0.4162583646311936
2018-06,cine_photo,435.85,9,4.307692307692308,,7,62.26428571428572,0.0005038004307149,-0.8086102340940329
2018-06,computers,13127.0,8,4.6923076923076925,,2,6563.5,0.0151735419387301,0.39205846921288834
2018-06,computers_accessories,42326.45,358,4.117647058823529,,77,549.6941558441558,0.0489252810385134,-0.1783781380949082
2018-06,consoles_games,6903.01,41,4.418604651162791,,14,493.07214285714286,0.0079792116811513,0.21873670346588248
2018-06,construction_tools_construction,22947.72,108,4.212389380530974,,44,521.539090909091,0.0265253440861001,0.10598883780110468
2018-06,construction_tools_lights,4583.41,35,4.090909090909091,,5,916.682,0.0052979785066957,-0.163276930014002
2018-06,construction_tools_safety,2565.37,16,4.125,,6,427.56166666666667,0.0029653195157583,-0.6485077091077494
2018-06,cool_stuff,19316.37,100,4.281553398058253,,42,459.9135714285714,0.0223278548258573,-0.3569593107119352
2018-06,costruction_tools_garden,799.44,11,4.454545454545454,,3,266.48,0.0009240752927171,-0.2551431127012521
2018-06,costruction_tools_tools,527.0,4,5.0,,2,263.5,0.0006091610117856,0.2610672409667385
2018-06,diapers_and_hygiene,321.0,7,4.142857142857143,,3,107.0,0.0003710449426626,1.7435897435897436
2018-06,drinks,1567.07,30,4.0,,6,261.17833333333334,0.00181138130311,-0.4385233860507779
2018-06,dvds_blu_ray,382.88,5,4.666666666666667,,4,95.72,0.0004425722356594,-0.12969950447788337
2018-06,electronics,9664.57,174,4.424083769633508,,38,254.3307894736842,0.0111713078551682,-0.4311374989772969
2018-06,fashion_bags_accessories,7869.95,82,4.482758620689655,,25,314.798,0.009096900767937,-0.31679480100979585
2018-06,fashion_childrens_clothes,89.99,1,5.0,,1,89.99,0.0001040197333028,0.12515628907226795
2018-06,fashion_male_clothing,447.8,6,4.857142857142857,,4,111.95,0.0005176134745306,2.444880375413493
2018-06,fashion_shoes,1230.58,10,4.6,,3,410.1933333333333,0.0014224314191332,-0.22248057117583886
2018-06,fashion_underwear_beach,129.3,3,4.571428571428571,,2,64.65,0.0001494582899884,-0.3765670202507232
2018-06,fixed_telephony,2080.32,15,4.235294117647059,,9,231.14666666666668,0.0024046486452334,0.06896870664405741
2018-06,flowers,108.0,1,5.0,,1,108.0,0.0001248375508023,5.585365853658537
2018-06,food,1371.18,24,4.041666666666667,,10,137.118,0.001584951415826,-0.11131418794112491
2018-06,food_drink,293.85,9,3.363636363636364,,4,73.4625,0.0003396621694748,-0.7629171238623895
2018-06,furniture_bedroom,1559.99,8,3.888888888888889,,5,311.998,0.001803197508113,0.05051246481434091
2018-06,furniture_decor,42190.22,318,4.037128712871287,,91,463.6287912087912,0.0487678123390151,-0.22245746390868726
2018-06,furniture_living_room,3541.62,27,4.413793103448276,,11,321.9654545454545,0.0040937700617845,0.3015493848030928
2018-06,garden_tools,18018.71,149,4.254054054054054,,45,400.41577777777775,0.0208278854168368,-0.5241099664634614
2018-06,health_beauty,107908.82,799,4.364772727272728,,171,631.0457309941521,0.124732155544213,0.1186856445487039
2018-06,home_appliances,5916.37,67,4.313432835820896,,16,369.773125,0.0068387513003767,-0.037936994993227335
2018-06,home_appliances_2,8312.72,18,4.684210526315789,,11,755.7018181818181,0.0096087000491293,-0.4243763000961137
2018-06,home_comfort_2,25.8,1,1.0,,1,25.8,2.9822303802791077e-05,1.0
2018-06,home_confort,2386.49,16,4.3125,,4,596.6225,0.0027585515427256,-0.14049917164877912
2018-06,home_construction,9094.59,60,4.380281690140845,,13,699.5838461538461,0.0105124661217761,-0.10444714473653116
2018-06,housewares,56825.45,470,3.937931034482759,,163,348.6223926380368,0.065684722233733,-0.09805984010112445
2018-06,industry_commerce_and_business,2609.9,21,4.346153846153846,,5,521.98,0.0030167918873993,-0.3292452563486413
2018-06,kitchen_dining_laundry_garden_furniture,3667.43,22,2.933333333333333,,12,305.6191666666667,0.0042391942494368,0.5875701812483494
2018-06,luggage_accessories,5070.88,36,4.472222222222222,,16,316.93,0.0058614466630812,-0.23382780888605503
2018-06,market_place,556.46,7,3.857142857142857,,5,111.292,0.0006432139214767,-0.418810381743172
2018-06,music,109.08,3,4.333333333333333,,2,54.54,0.0001260859263104,-0.8503703703703703
2018-06,musical_instruments,16177.92,46,4.456521739130435,,18,898.7733333333333,0.0187001102766375,-0.13750281893707272
2018-06,office_furniture,12725.58,60,3.6623376623376624,,9,1413.9533333333334,0.0147095392568496,-0.39418905010316174
2018-06,party_supplies,84.80000000000001,2,5.0,,2,42.400000000000006,9.802059544483268e-05,-0.1578947368421052
2018-06,perfumery,27335.86,169,4.319148936170213,,49,557.8746938775511,0.0315976093655257,0.10413568304002396
2018-06,pet_shop,19491.78,151,4.382022471910112,,52,374.8419230769231,0.0225306118146188,0.6647603527705608
2018-06,signaling_and_security,5863.18,18,3.962962962962963,,14,418.79857142857145,0.0067772688066065,7.578171177761522
2018-06,small_appliances,16022.7,44,3.8979591836734695,,24,667.6125000000001,0.0185206909744566,0.5085881824575675
2018-06,small_appliances_home_oven_and_coffee,3499.0,3,5.0,,2,1749.5,0.0040445054653475,-0.6556644622894032
2018-06,sports_leisure,45851.01,377,4.334916864608076,,140,327.5072142857143,0.0529993313908841,-0.2315143894713254
2018-06,stationery,12859.08,145,4.413173652694611,,49,262.43020408163267,0.0148638523404804,-0.00497624849207523
2018-06,tablets_printing_image,50.0,1,4.0,,1,50.0,5.779516240850983e-05,0.002004008016032177
2018-06,telephony,22776.82,205,4.1422018348623855,,37,615.5897297297297,0.0263278002209878,0.054079319667571735
2018-06,toys,21221.45,177,4.431578947368421,,77,275.60324675324676,0.0245299429858814,-0.3319718704453951
2018-06,unknown,2387.13,22,4.0,,13,183.62538461538463,0.0027592913208045,-0.23902592972769643
2018-06,watches_gifts,86885.56,448,4.189979123173278,,35,2482.444571428571,0.1004313010230865,-0.29858969687096415
2018-07,agro_industry_and_commerce,7756.69,29,3.966666666666667,,17,456.27588235294115,0.0086617838770747,1.2062375561749814
2018-07,air_conditioning,2657.86,15,4.117647058823529,,9,295.3177777777778,0.0029679939375586,-0.2550632024440147
2018-07,art,1843.2,21,3.809523809523809,,4,460.8,0.0020582748623735,-0.26276128536801935
2018-07,arts_and_craftmanship,654.57,10,3.636363636363636,,6,109.09500000000001,0.0007309488805684,6.289198218262807
2018-07,audio,2062.64,21,4.409090909090909,,6,343.7733333333333,0.0023033203462055,0.12670086142383452
2018-07,auto,43830.29,327,4.395348837209302,,114,384.47622807017547,0.0489446528415482,-0.034734357701780016
2018-07,baby,22185.96,210,4.277272727272727,,80,277.3245,0.0247747416263154,-0.27862547764404755
2018-07,bed_bath_table,55082.82,518,4.215780998389694,,89,618.9080898876405,0.061510190839109,-0.23031578912067663
2018-07,books_general_interest,4077.45,25,4.44,,13,313.65,0.0045532296210855,0.2188265045331037
2018-07,books_imported,402.78,6,3.5,,2,201.39,0.0004497786182003,-0.1396714868530663
2018-07,books_technical,2106.81,28,4.038461538461538,,5,421.36199999999997,0.0023526443483057,0.20566202938029
2018-07,christmas_supplies,509.56,8,4.375,,5,101.912,0.000569018304509,0.6641954342075183
2018-07,cine_photo,1178.54,7,4.428571428571429,,6,196.42333333333332,0.0013160586242956,1.704003670987725
2018-07,computers,11239.0,8,4.285714285714286,,3,3746.3333333333335,0.0125504292416536,-0.14382570275005713
2018-07,computers_accessories,41902.79,389,4.23943661971831,,80,523.784875,0.0467922413847205,-0.010009344039010992
2018-07,consoles_games,8519.11,49,4.229166666666667,,15,567.9406666666667,0.0095131672975232,0.2341152627621863
2018-07,construction_tools_construction,15237.47,98,4.324561403508772,,49,310.96877551020407,0.0170154630355744,-0.3359919852604094
2018-07,construction_tools_lights,7249.61,40,4.727272727272728,,19,381.55842105263156,0.0080955349528058,0.5817066332708616
2018-07,construction_tools_safety,1888.95,15,4.266666666666667,,10,188.895,0.0021093632276912,-0.26367346620565446
2018-07,cool_stuff,30551.61,118,4.2190082644628095,,44,694.3547727272727,0.0341165423546222,0.5816434454299644
2018-07,costruction_tools_garden,1956.47,20,3.72,,10,195.647,0.002184761838101,1.4473006104272992
2018-07,costruction_tools_tools,5501.2,10,4.833333333333333,,8,687.65,0.0061431107166282,9.438709677419354
2018-07,diapers_and_hygiene,149.8,4,3.25,,2,74.9,0.000167279499991,-0.5333333333333332
2018-07,drinks,1335.17,17,4.823529411764706,,10,133.517,0.0014909650868029,-0.14798317879864964
2018-07,dvds_blu_ray,83.99,1,2.0,,1,83.99,9.379042192423642e-05,-0.7806362306727956
2018-07,electronics,11150.75,145,4.114649681528663,,44,253.42613636363637,0.0124518817391556,0.1537761121291481
2018-07,fashion_bags_accessories,6161.87,76,4.558441558441558,,28,220.06678571428571,0.0068808713792391,-0.21703822768886716
2018-07,fashion_male_clothing,208.7,5,5.0,,4,52.175,0.0002330522806951,-0.5339437248771773
2018-07,fashion_shoes,820.19,5,4.8,,2,410.095,0.0009158943464464,-0.3334931495717466
2018-07,fashion_underwear_beach,109.8,2,3.0,,1,109.8,0.0001226120767624,-0.15081206496519728
2018-07,fixed_telephony,9319.39,8,3.272727272727273,,6,1553.2316666666666,0.0104068284340577,3.4797867635748343
2018-07,flowers,47.99,2,5.0,,2,23.995,5.358974101850345e-05,-0.5556481481481481
2018-07,food,3378.17,59,4.290322580645161,,19,177.7984210526316,0.0037723537282033,1.4636955031432781
2018-07,food_drink,813.73,15,4.388888888888889,,9,90.41444444444444,0.000908680557595,1.7692019737961542
2018-07,furniture_bedroom,1386.9,7,3.7,,5,277.38,0.0015487312318933,-0.11095583946050935
2018-07,furniture_decor,45715.49,347,4.33410138248848,,107,427.2475700934579,0.0510498284983118,0.08355656832318004
2018-07,furniture_living_room,6779.63,50,4.181818181818182,,15,451.97533333333337,0.0075707150635815,0.9142736939592617
2018-07,furniture_mattress_and_upholstery,129.9,1,3.0,,1,129.9,0.0001450574569348,-0.7047727272727273
2018-07,garden_tools,26173.78,154,4.258426966292135,,56,467.38892857142855,0.0292278827188015,0.4525890033193276
2018-07,health_beauty,105813.03,713,4.2141935483870965,,171,618.789649122807,0.118159884852743,-0.019421860048140727
2018-07,home_appliances,5290.63,79,4.402597402597403,,8,661.32875,0.0059079702338971,-0.10576417634461666
2018-07,home_appliances_2,12597.32,22,4.130434782608695,,14,899.8085714285714,0.0140672455996502,0.5154269601285741
2018-07,home_comfort_2,38.7,2,3.333333333333333,,1,38.7,4.321573197366293e-05,0.5
2018-07,home_confort,2984.38,24,4.208333333333333,,6,497.3966666666667,0.0033326141133736,0.2505311147333533
2018-07,home_construction,6780.15,58,4.295081967213115,,14,484.2964285714285,0.0075712957400834,-0.25448535887819024
2018-07,housewares,63409.14,474,4.13986013986014,,165,384.2978181818182,0.0708080723235263,0.11585812342885093
2018-07,industry_commerce_and_business,4697.21,13,4.0,,7,671.03,0.0052453066765893,0.7997662745699068
2018-07,kitchen_dining_laundry_garden_furniture,3875.95,21,4.695652173913044,,13,298.15,0.0043282174765715,0.05685725426252164
2018-07,luggage_accessories,5821.72,53,4.37037037037037,,25,232.86880000000002,0.0065010307789589,0.14806897422143694
2018-07,market_place,186.78,4,4.75,,3,62.26,0.0002085745327659,-0.6643424504906013
2018-07,music,849.3,3,5.0,,3,283.09999999999997,0.000948401063701,6.786028602860286
2018-07,musical_instruments,9541.8,33,4.388888888888889,,14,681.5571428571428,0.0106551904740645,-0.41019611915499654
2018-07,office_furniture,13775.27,64,3.6625,,13,1059.6361538461538,0.0153826453794532,0.08248661357674858
2018-07,party_supplies,57.5,2,4.5,,2,28.75,6.420942089110125e-05,-0.32193396226415105
2018-07,pc_gamer,677.0,2,3.6666666666666665,,1,677.0,0.0007559961381439,4.208092930225401
2018-07,perfumery,22417.77,174,4.534313725490196,,57,393.2942105263158,0.0250336005107809,-0.17991349092364384
2018-07,pet_shop,19583.74,140,4.377358490566038,,46,425.7334782608696,0.0218688800744677,0.004717886206390798
2018-07,portateis_cozinha_e_preparadores_de_alimentos,172.03,7,2.625,,2,86.015,0.0001921034204503,-0.9121399387129724
2018-07,signaling_and_security,3785.19,19,4.275862068965517,,11,344.10818181818183,0.0042268670932658,-0.35441347528133205
2018-07,small_appliances,8711.25,36,4.348837209302325,,23,378.75,0.0097277272650018,-0.45631822352038054
2018-07,small_appliances_home_oven_and_coffee,4699.67,14,4.866666666666666,,7,671.3814285714286,0.0052480537231179,0.34314661331809093
2018-07,sports_leisure,55292.68,418,4.2462526766595285,,152,363.7676315789474,0.0617445384750778,0.2059206547467547
2018-07,stationery,17247.09,169,4.347368421052631,,68,253.63367647058823,0.0192595767122904,0.3412382534364822
2018-07,telephony,26939.41,206,3.9955357142857135,,43,626.4979069767442,0.0300828506999642,0.18275553830604974
2018-07,toys,17277.29,150,4.282051282051282,,75,230.36386666666667,0.019293300616828,-0.18585723407212984
2018-07,unknown,4612.0,42,4.086956521739131,,19,242.73684210526315,0.0051501538982566,0.9320271623246323
2018-07,watches_gifts,96212.59,514,3.9731800766283527,,36,2672.5719444444444,0.1074392119362253,0.10734844777429076
2018-08,agro_industry_and_commerce,5021.09,14,3.7777777777777777,,12,418.4241666666667,0.0058747751353411,-0.3526762059589851
2018-08,air_conditioning,3556.9,17,3.809523809523809,,13,273.60769230769233,0.0041616437225572,0.33825709405311044
2018-08,art,1481.39,18,4.111111111111111,,4,370.3475,0.0017332557547749,-0.19629448784722214
2018-08,arts_and_craftmanship,901.76,9,4.555555555555555,,7,128.82285714285715,0.0010550771298752,0.3776372274928579
2018-08,audio,2069.4,24,4.230769230769231,,3,689.8000000000001,0.0024212391462959,0.0032773532948067174
2018-08,auto,45380.89,352,4.247340425531915,,119,381.3520168067227,0.0530965436173525,0.035377361181046174
2018-08,baby,22004.15,206,4.175115207373272,,70,314.345,0.0257452930129349,-0.008194822311047067
2018-08,bed_bath_table,61035.88,558,4.077981651376147,,89,685.796404494382,0.0714131931886637,0.10807471367660537
2018-08,books_general_interest,1564.78,34,4.25,,11,142.25272727272727,0.001830823712835,-0.6162356374694968
2018-08,books_imported,749.0,1,5.0,,1,749.0,0.0008763448925174,0.8595759471671882
2018-08,books_technical,1483.79,28,4.724137931034483,,9,164.86555555555555,0.0017360638024946,-0.29571722177130355
2018-08,christmas_supplies,564.37,11,4.0,,4,141.0925,0.000660324121482,0.10756338802103782
2018-08,cine_photo,685.28,9,4.1,,4,171.32,0.0008017912255599,-0.4185347972915642
2018-08,computers,8711.5,10,3.583333333333333,,4,2177.875,0.0101926282125045,-0.22488655574339356
2018-08,computers_accessories,40293.93,384,4.267942583732057,,81,497.45592592592595,0.0471446992723049,-0.038395056749204515
2018-08,consoles_games,4824.49,56,3.9193548387096775,,18,268.02722222222224,0.0056447492263038,-0.4336861479661609
2018-08,construction_tools_construction,22917.16,124,4.154320987654321,,51,449.35607843137257,0.0268135328664961,0.504000336013787
2018-08,construction_tools_lights,8212.53,56,3.935483870967742,,16,513.283125,0.0096088233913838,0.13282369672299632
2018-08,construction_tools_safety,4070.12,22,3.923076923076923,,13,313.0861538461538,0.0047621213270136,1.1546997008920297
2018-08,cool_stuff,16354.58,120,3.983739837398374,,51,320.6780392156863,0.0191351837813996,-0.4646900768895649
2018-08,costruction_tools_garden,3688.76,19,3.5217391304347827,,10,368.87600000000003,0.0043159225443561,0.8854160810030312
2018-08,costruction_tools_tools,1255.77,14,4.461538461538462,,11,114.16090909090909,0.0014692758687271,-0.7717279866211009
2018-08,diapers_and_hygiene,231.89,3,4.666666666666667,,2,115.945,0.0002713159107154,0.5479973297730305
2018-08,drinks,1477.23,25,3.566666666666667,,10,147.723,0.0017283884720608,0.10639843615419764
2018-08,dvds_blu_ray,8.9,1,5.0,,1,8.9,1.041317696048795e-05,-0.8940350041671628
2018-08,electronics,10769.47,115,4.125,,45,239.32155555555553,0.0126004940315355,-0.03419321570297973
2018-08,fashio_female_clothing,129.97,2,3.6666666666666665,,1,129.97,0.0001520674842196,-0.2571020291511862
2018-08,fashion_bags_accessories,8177.43,122,4.165354330708661,,36,227.15083333333334,0.0095677556934834,0.32710199987990674
2018-08,fashion_male_clothing,381.69,3,4.666666666666667,,3,127.23,0.0004465848892189,0.8288931480594155
2018-08,fashion_shoes,471.3,3,4.666666666666667,,2,235.65,0.0005514303709525,-0.4253770467818433
2018-08,fashion_sport,69.9,1,3.0,,1,69.9,8.178438983574244e-05,-0.22246941045606228
2018-08,fashion_underwear_beach,219.9,2,2.0,,2,109.95,0.0002572873723158,1.0027322404371586
2018-08,fixed_telephony,2724.17,10,4.2,,4,681.0425,0.0031873330652193,-0.7076879495331776
2018-08,food,8256.18,103,4.474137931034483,,23,358.96434782608696,0.0096598947592855,1.4439800246879226
2018-08,food_drink,1028.61,16,4.809523809523809,,10,102.86099999999999,0.0012034941520592,0.264067934081329
2018-08,furniture_bedroom,2197.0,10,4.333333333333333,,6,366.1666666666667,0.0025705336833923,0.5841084432907924
2018-08,furniture_decor,41380.15,344,4.106481481481482,,105,394.0966666666667,0.0484155982698354,-0.09483306424146387
2018-08,furniture_living_room,5223.34,38,3.775,,15,348.22266666666667,0.0061114116567185,-0.22955382520875034
2018-08,garden_tools,16432.34,122,4.195652173913044,,45,365.1631111111111,0.0192261645275173,-0.3721831542864653
2018-08,health_beauty,120803.94,778,4.350295857988166,,180,671.133,0.1413430117690077,0.14167357271594994
2018-08,home_appliances,6584.400000000001,64,4.223076923076923,,12,548.7,0.0077038789189479,0.24453987521334897
2018-08,home_appliances_2,9882.76,15,3.733333333333333,,9,1098.0844444444444,0.0115630257009024,-0.21548710360616385
2018-08,home_confort,2241.28,15,4.375,,5,448.25600000000003,0.0026223421638204,-0.24899644147193045
2018-08,home_construction,7016.16,45,3.938775510204082,,14,501.1542857142857,0.0082090467037187,0.03480896440344239
2018-08,housewares,60202.67,562,4.278846153846154,,181,332.6114364640884,0.0704383209217819,-0.050567946513704554
2018-08,industry_commerce_and_business,2364.69,9,3.9,,7,337.8128571428571,0.0027667343176063,-0.4965756268082543
2018-08,kitchen_dining_laundry_garden_furniture,2156.47,20,4.285714285714286,,11,196.04272727272726,0.0025231127775262,-0.44362801377726757
2018-08,luggage_accessories,6847.91,64,4.333333333333333,,24,285.32958333333335,0.0080121908583702,0.17626921253512706
2018-08,market_place,949.27,8,3.75,,7,135.60999999999999,0.0011106647745261,4.082289324338794
2018-08,music,497.81,6,4.666666666666667,,4,124.4525,0.0005824475980562,-0.41385847168256207
2018-08,musical_instruments,10519.34,39,4.365853658536586,,16,657.45875,0.0123078369581504,0.10244817539667572
2018-08,office_furniture,6758.87,24,4.1,,7,965.5528571428571,0.00790801228797,-0.5093475481787291
2018-08,party_supplies,1285.29,14,4.285714285714286,,7,183.61285714285714,0.0015038148556792,21.35286956521739
2018-08,pc_gamer,219.0,1,4.0,,1,219.0,0.0002562343544209,-0.6765140324963073
2018-08,perfumery,25017.69,207,4.301369863013699,,54,463.29055555555556,0.0292711947317561,0.11597585308440572
2018-08,pet_shop,24857.07,167,4.376884422110553,,48,517.855625,0.0290832661381164,0.269270833865237
2018-08,portateis_cozinha_e_preparadores_de_alimentos,1838.5,5,3.6,,4,459.625,0.0021510815552648,9.687089461140499
2018-08,signaling_and_security,1825.59,16,4.5,,11,165.96272727272728,0.0021359765985727,-0.5177018855064079
2018-08,small_appliances,6759.06,25,4.0,,19,355.74,0.0079082345917478,-0.22409987085665084
2018-08,small_appliances_home_oven_and_coffee,2996.7200000000003,17,4.294117647058823,,5,599.344,0.0035062219843857,-0.3623552291969435
2018-08,sports_leisure,51500.16,436,4.352320675105485,,153,336.6023529411765,0.0602562111880273,-0.0685899109972603
2018-08,stationery,15563.65,159,4.579881656804734,,59,263.79067796610167,0.0182097799551795,-0.09760719054634726
2018-08,telephony,37541.89,246,4.014545454545455,,44,853.2247727272727,0.0439247577529407,0.3935676393803724
2018-08,toys,17753.05,155,4.131736526946108,,79,224.72215189873415,0.0207714214874596,0.02753672595644341
2018-08,unknown,2419.04,30,4.375,,16,151.19,0.0028303248982582,-0.47549002601908064
2018-08,watches_gifts,72277.06,392,4.151442307692308,,36,2007.6961111111111,0.0845655972993039,-0.24877752485407578
2018-09,kitchen_dining_laundry_garden_furniture,145.0,1,1.0,,1,145.0,1.0,-0.9327604835680533
