seller_rank,seller_id,gmv_proxy,seller_share,gmv_proxy_share,cumulative_gmv_share,active_months,first_sale_month,last_sale_month
1,4869f7a5dfa277a7dca6462dcf3b52b2,229472.63,0.00032310,0.01688336,0.01688336,17,2017-03,2018-08
2,53243585a1d6dc2643021fd1853d8905,222776.05,0.00064620,0.01639066,0.03327402,12,2017-08,2018-08
3,4a3ca9315b744ce9f8e9374361493884,200472.92,0.00096931,0.01474972,0.04802374,20,2017-01,2018-08
4,fa1c13f2614d7b5c4749cbc52fecda94,194042.03,0.00129241,0.01427657,0.06230031,20,2017-01,2018-08
5,7c67e1448b00f6e969d365cea6b010ab,187923.89,0.00161551,0.01382643,0.07612674,20,2017-01,2018-08
6,7e93a43ef30c4f03f38b393420bc753a,176431.87,0.00193861,0.01298091,0.08910765,20,2016-10,2018-07
7,da8622b14eb17ae2831f4ac5b9dab84a,160236.57,0.00226171,0.01178934,0.10089699,19,2017-02,2018-08
8,7a67c85e85bb2ce8582c35f2203ad736,141745.53,0.00258481,0.01042887,0.11132586,20,2017-01,2018-08
9,1025f0e2d44d7041d6cf58b6550e0bfa,138968.55,0.00290792,0.01022456,0.12155042,14,2017-07,2018-08
10,955fee9216a65b617aa5c0531780ce60,135171.70,0.00323102,0.00994521,0.13149563,14,2017-07,2018-08
11,46dc3b2cc0980fb8ec44634e21d2718e,128111.19,0.00355412,0.00942573,0.14092136,21,2016-10,2018-08
12,6560211a19b47992c3666cc44a7e94c0,123304.83,0.00387722,0.00907211,0.14999347,19,2017-02,2018-08
13,620c87c171fb2a6dd6e8bb4dec959fc6,114774.50,0.00420032,0.00844449,0.15843796,21,2016-10,2018-08
14,7d13fca15225358621be4086e1eb0964,113628.97,0.00452342,0.00836021,0.16679817,7,2018-02,2018-08
15,5dceca129747e92ff8ef7a997dc4f8ca,112155.53,0.00484653,0.00825180,0.17504997,18,2017-01,2018-06
16,1f50f920176fa81dab994f9023523100,106939.21,0.00516963,0.00786801,0.18291798,17,2017-04,2018-08
17,cc419e0650a3c5ba77189a1882b7556a,104288.42,0.00549273,0.00767298,0.19059096,20,2017-01,2018-08
18,a1043bafd471dff536d0c462352beb48,101901.16,0.00581583,0.00749734,0.19808830,19,2017-02,2018-08
19,3d871de0142ce09b7081e2b9d1733cb1,94914.20,0.00613893,0.00698328,0.20507157,18,2017-03,2018-08
20,edb1ef5e36e0c8cd84eb3c9b003e486d,79284.55,0.00646204,0.00583333,0.21090490,12,2017-09,2018-08
21,ccc4bbb5f32a6ab2b7066a4130f114e3,74004.62,0.00678514,0.00544486,0.21634976,20,2017-01,2018-08
22,f7ba60f8c3f99e7ee4042fdef03b70c4,68395.00,0.00710824,0.00503214,0.22138190,14,2017-07,2018-08
23,fe2032dab1a61af8794248c8196565c9,65959.61,0.00743134,0.00485295,0.22623485,18,2017-03,2018-08
24,8581055ce74af1daba164fdbd55a40de,64925.30,0.00775444,0.00477685,0.23101171,16,2017-01,2018-04
25,cca3071e3e9bb7d12640c9fbe2301306,64009.89,0.00807754,0.00470950,0.23572121,21,2016-10,2018-08
26,04308b1ee57b6625f47df1d56f00eedf,60130.60,0.00840065,0.00442409,0.24014530,9,2017-11,2018-08
27,522620dcb18a6b31cd7bdf73665113a9,57168.49,0.00872375,0.00420615,0.24435145,20,2016-10,2018-08
28,17e34d8224d27a541263c4c64b11a56b,56363.24,0.00904685,0.00414690,0.24849835,19,2017-02,2018-08
29,7ddcbb64b5bc1ef36ca8c151f6ec77df,55578.57,0.00936995,0.00408917,0.25258752,12,2017-07,2018-06
30,de722cd6dad950a92b7d4f82673f8833,55426.10,0.00969305,0.00407795,0.25666548,8,2018-01,2018-08
31,37be5a7c751166fbc5f8ccba4119e043,55350.55,0.01001616,0.00407240,0.26073787,11,2017-05,2018-05
32,218d46b86c1881d022bce9c68a7d4b15,55093.28,0.01033926,0.00405347,0.26479134,20,2017-01,2018-08
33,25c5c91f63607446a97b143d2d535d31,54679.22,0.01066236,0.00402300,0.26881434,13,2017-03,2018-03
34,f5a590cf36251cf1162ea35bef76fe84,53201.78,0.01098546,0.00391430,0.27272864,17,2017-03,2018-08
35,ceaec5548eefc6e23e6607c5435102e7,52917.18,0.01130856,0.00389336,0.27662200,8,2018-01,2018-08
36,b2ba3715d723d245138f291a6fe42594,51676.88,0.01163166,0.00380211,0.28042411,21,2016-10,2018-08
37,966cb4760537b1404caedd472cc610a5,51286.05,0.01195477,0.00377335,0.28419746,6,2018-03,2018-08
38,e882b2a25a10b9c057cc49695f222c19,51057.54,0.01227787,0.00375654,0.28795400,8,2018-01,2018-08
39,2bf6a2c1e71bbd29a4ad64e6d3c3629f,50628.90,0.01260097,0.00372500,0.29167900,8,2017-11,2018-08
40,f8db351d8c4c4c22c6835c19a46f01b0,50525.60,0.01292407,0.00371740,0.29539641,20,2017-01,2018-08
41,17f51e7198701186712e53a39c564617,48019.00,0.01324717,0.00353298,0.29892939,19,2017-02,2018-08
42,8160255418d5aaa7dbdc9f4c64ebda44,47017.69,0.01357027,0.00345931,0.30238869,11,2017-10,2018-08
43,77530e9772f57a62c906e1c21538ab82,46610.40,0.01389338,0.00342934,0.30581804,21,2016-10,2018-08
44,4e922959ae960d389249c378d1c939f5,46030.37,0.01421648,0.00338667,0.30920470,21,2016-10,2018-08
45,c826c40d7b19f62a09e2d7c5e7295ee2,45643.74,0.01453958,0.00335822,0.31256292,13,2017-08,2018-08
46,850f4f8af5ea87287ac68de36e29107f,45355.36,0.01486268,0.00333700,0.31589993,15,2017-04,2018-06
47,b33e7c55446eabf8fe1a42d037ac7d6d,44985.17,0.01518578,0.00330977,0.31920969,11,2017-10,2018-08
48,ba90964cff9b9e0e6f32b23b82465f7b,44212.50,0.01550889,0.00325292,0.32246261,7,2018-02,2018-08
49,eeb6de78f79159600292e314a77cbd18,43739.84,0.01583199,0.00321814,0.32568075,19,2017-02,2018-08
50,4d6d651bd7684af3fffabd5f08d12e5a,43587.40,0.01615509,0.00320693,0.32888768,17,2017-04,2018-08
51,e9779976487b77c6d4ac45f75ec7afe9,43162.95,0.01647819,0.00317570,0.33206338,18,2017-03,2018-08
52,c3cfdc648177fdbbbb35635a37472c53,43048.18,0.01680129,0.00316725,0.33523063,20,2017-01,2018-08
53,b839e41795b7f3ad94cc2014a52f6796,42829.00,0.01712439,0.00315113,0.33838176,6,2018-03,2018-08
54,2eb70248d66e0e3ef83659f71b244378,42628.61,0.01744750,0.00313638,0.34151814,6,2018-02,2018-07
55,d91fb3b7d041e83b64a00a3edfb37e4f,40889.74,0.01777060,0.00300845,0.34452659,18,2017-02,2018-08
56,17a053fcb14bd219540cbde0df490be0,40703.14,0.01809370,0.00299472,0.34752131,14,2017-07,2018-08
57,391fc6631aebcf3004804e51b40bcf1e,39951.95,0.01841680,0.00293945,0.35046076,20,2016-10,2018-08
58,834f3294fba9f932f56edc879193f925,39907.50,0.01873990,0.00293618,0.35339694,12,2017-05,2018-08
59,712e6ed8aa4aa1fa65dab41fed5737e4,39815.00,0.01906300,0.00292937,0.35632631,14,2017-02,2018-05
60,634964b17796e64304cadf1ad3050fb7,39465.10,0.01938611,0.00290363,0.35922994,10,2017-11,2018-08
61,7142540dd4c91e2237acb7e911c4eba2,37373.56,0.01970921,0.00274975,0.36197968,18,2017-03,2018-08
62,ea8482cd71df3c1969d7b9473ff13abc,37177.52,0.02003231,0.00273532,0.36471501,13,2017-08,2018-08
63,c3867b4666c7d76867627c2f7fb22e21,37153.40,0.02035541,0.00273355,0.36744855,16,2017-03,2018-07
64,7178f9f4dd81dcef02f62acdf8151e01,37070.40,0.02067851,0.00272744,0.37017599,18,2017-03,2018-08
65,c70c1b0d8ca86052f45a432a38b73958,36537.37,0.02100162,0.00268822,0.37286422,5,2018-04,2018-08
66,59417c56835dd8e2e72f91f809cd4092,36459.00,0.02132472,0.00268246,0.37554667,8,2017-01,2017-10
67,06a2c3af7b3aee5d69171b0e14f0ee87,36408.95,0.02164782,0.00267877,0.37822545,8,2018-01,2018-08
68,7299e27ed73d2ad986de7f7c77d919fa,34725.43,0.02197092,0.00255491,0.38078036,18,2017-03,2018-08
69,e9bc59e7b60fc3063eb2290deda4cced,34343.06,0.02229402,0.00252678,0.38330714,18,2017-03,2018-08
70,dbc22125167c298ef99da25668e1011f,33776.78,0.02261712,0.00248511,0.38579225,17,2017-04,2018-08
71,9c0e69c7bf2619675bbadf47b43f655a,33702.78,0.02294023,0.00247967,0.38827192,13,2017-05,2018-06
72,76d5af76d0271110f9af36c92573f765,33461.60,0.02326333,0.00246192,0.39073384,21,2016-10,2018-08
73,1835b56ce799e6a4dc4eddc053f04066,33344.21,0.02358643,0.00245329,0.39318713,12,2017-09,2018-08
74,5c243662ce92d84573bfaff24c3e3700,32862.02,0.02390953,0.00241781,0.39560494,14,2017-01,2018-02
75,2528513dd95219a6013d4d05176e391a,32689.10,0.02423263,0.00240509,0.39801003,18,2017-03,2018-08
76,855668e0971d4dfd7bef1b6a4133b41b,32208.16,0.02455574,0.00236970,0.40037973,16,2017-05,2018-08
77,70eea00b476a314817cefde4aad4f89a,31994.65,0.02487884,0.00235399,0.40273373,19,2017-02,2018-08
78,7681ef142fd2c19048da7430856b5588,31941.81,0.02520194,0.00235011,0.40508383,7,2018-02,2018-08
79,e59aa562b9f8076dd550fcddf0e73491,31574.30,0.02552504,0.00232307,0.40740690,11,2017-09,2018-08
80,88460e8ebdecbfecb5f9601833981930,31546.55,0.02584814,0.00232103,0.40972793,9,2017-11,2018-08
81,0241d4d5d36f10f80c644447315af0bd,31397.70,0.02617124,0.00231007,0.41203800,11,2017-10,2018-08
82,87142160b41353c4e5fca2360caf6f92,31095.98,0.02649435,0.00228787,0.41432588,19,2017-02,2018-08
83,70a12e78e608ac31179aea7f8422044b,30858.53,0.02681745,0.00227040,0.41659628,19,2017-01,2018-08
84,53e4c6e0f4312d4d2107a8c9cddf45cd,30148.95,0.02714055,0.00221820,0.41881448,19,2017-02,2018-08
85,d23019c84ffae2d5ef2270367b8605fc,29205.10,0.02746365,0.00214875,0.42096323,10,2017-10,2018-08
86,900ba814c251a692506d7834c1218441,29099.69,0.02778675,0.00214100,0.42310423,14,2017-07,2018-08
87,1554a68530182680ad5c8b042c3ab563,29052.53,0.02810985,0.00213753,0.42524176,22,2016-09,2018-08
88,0b90b6df587eb83608a64ea8b390cf07,28592.32,0.02843296,0.00210367,0.42734543,11,2017-10,2018-08
89,7e1fb0a3ebfb01ffb3a7dae98bf3238d,27349.53,0.02875606,0.00201223,0.42935766,19,2017-02,2018-08
90,59b22a78efb79a4797979612b885db36,27184.50,0.02907916,0.00200009,0.43135775,14,2017-07,2018-08
91,d1c281d3ae149232351cd8c8cc885f0d,26942.60,0.02940226,0.00198229,0.43334004,19,2017-02,2018-08
92,b32be1695eb7ec5f10f72d9610a12527,26874.00,0.02972536,0.00197724,0.43531728,10,2017-11,2018-08
93,12b9676b00f60f3b700e83af21824c0e,26774.00,0.03004847,0.00196989,0.43728717,18,2017-03,2018-08
94,a3a38f4affed601eb87a97788c949667,26533.32,0.03037157,0.00195218,0.43923935,21,2016-10,2018-08
95,de23c3b98a88888289c6f5cc1209054a,26399.67,0.03069467,0.00194235,0.44118170,15,2017-05,2018-08
96,9f505651f4a6abe901a56cdc21508025,26361.82,0.03101777,0.00193956,0.44312126,11,2017-10,2018-08
97,16090f2ca825584b5a147ab24aa30c86,25716.44,0.03134087,0.00189208,0.44501333,20,2017-01,2018-08
98,a416b6a846a11724393025641d4edd5e,25670.72,0.03166397,0.00188871,0.44690205,20,2017-01,2018-08
99,b94cc9f10ddc85e4ba73a6f7974e7101,25346.10,0.03198708,0.00186483,0.44876688,5,2017-11,2018-06
100,c003204e1ab016dfa150abc119207b24,25108.09,0.03231018,0.00184732,0.45061419,11,2017-10,2018-08
101,001cca7ae9ae17fb1caed9dfb1094831,25080.03,0.03263328,0.00184525,0.45245945,17,2017-02,2018-07
102,1900267e848ceeba8fa32d80c1a5f5a8,24982.53,0.03295638,0.00183808,0.45429753,16,2017-05,2018-08
103,1c68394e931a64f90ea236c5ea590300,24832.75,0.03327948,0.00182706,0.45612459,12,2017-07,2018-08
104,b1b3948701c5c72445495bd161b83a4c,24699.19,0.03360258,0.00181723,0.45794182,3,2017-06,2017-08
105,f62d7bb4a613ec758a03342d46b580b2,24665.00,0.03392569,0.00181472,0.45975654,8,2018-01,2018-08
106,dc4a0fc896dc34b0d5bfec8438291c80,24180.77,0.03424879,0.00177909,0.46153563,19,2017-02,2018-08
107,b37c4c02bda3161a7546a4e6d222d5b2,24075.00,0.03457189,0.00177131,0.46330694,4,2017-04,2018-07
108,710e3548e02bc1d2831dfc4f1b5b14d4,23979.11,0.03489499,0.00176425,0.46507119,20,2016-10,2018-08
109,2b3e4a2a3ea8e01938cabda2a3e5cc79,23629.15,0.03521809,0.00173851,0.46680970,14,2017-05,2018-07
110,1a3df491d1c4f1589fc2b934ada68bf2,23302.70,0.03554120,0.00171449,0.46852419,17,2017-04,2018-08
111,40db9e9aa57f7bb151bcda6b0f9bdbb7,23168.00,0.03586430,0.00170458,0.47022876,5,2018-02,2018-08
112,612170e34b97004b3ba37eae81836b4c,23065.02,0.03618740,0.00169700,0.47192576,3,2018-06,2018-08
113,897060da8b9a21f655304d50fd935913,23023.92,0.03651050,0.00169398,0.47361974,17,2016-10,2018-06
114,8444e55c1f13cd5c179851e5ca5ebd00,22873.21,0.03683360,0.00168289,0.47530263,17,2017-03,2018-07
115,7b0df942f46435babab05d49b744b2c4,22600.63,0.03715670,0.00166283,0.47696546,14,2017-02,2018-06
116,7ad32824caee82087b3e2e5f33b1bf32,22505.10,0.03747981,0.00165580,0.47862126,8,2018-01,2018-08
117,744dac408745240a2c2528fb1b6028f3,22490.60,0.03780291,0.00165474,0.48027600,16,2017-04,2018-08
118,06e5eefc71ec47ae763c5c6f8db7064f,22188.56,0.03812601,0.00163251,0.48190852,17,2017-04,2018-08
119,f45122a9ab94eb4f3f8953578bc0c560,22078.29,0.03844911,0.00162440,0.48353292,19,2017-02,2018-08
120,05ff92fedb5be47920fea08e501238b9,21992.78,0.03877221,0.00161811,0.48515103,19,2016-10,2018-08
121,ff69aa92bb6b1bf9b8b7a51c2ed9cf8b,21940.80,0.03909532,0.00161429,0.48676531,7,2017-12,2018-06
122,8f2ce03f928b567e3d56181ae20ae952,21712.90,0.03941842,0.00159752,0.48836283,16,2017-04,2018-08
123,59fb871bf6f4522a87ba567b42dafecf,21708.57,0.03974152,0.00159720,0.48996003,16,2016-10,2018-04
124,d2374cbcbb3ca4ab1086534108cc3ab7,21223.92,0.04006462,0.00156154,0.49152157,19,2017-02,2018-08
125,48162d548f5b1b11b9d29d1e01f75a61,20510.14,0.04038772,0.00150903,0.49303060,19,2017-01,2018-08
126,729f06993dac8e860d4f02d7088ca48a,20485.08,0.04071082,0.00150718,0.49453778,18,2017-03,2018-08
127,00ee68308b45bc5e2660cd833c3f81cc,20260.00,0.04103393,0.00149062,0.49602840,12,2017-09,2018-08
128,bfd27a966d91cfaafdb25d076585f0da,19921.00,0.04135703,0.00146568,0.49749408,18,2017-02,2018-07
129,004c9cd9d87a3c30c522c48c4fc07416,19712.71,0.04168013,0.00145036,0.49894444,17,2017-01,2018-05
130,d650b663c3b5f6fb392b6326366efa9a,19242.90,0.04200323,0.00141579,0.50036023,8,2017-12,2018-08
131,821fb029fc6e495ca4f08a35d51e53a5,19187.42,0.04232633,0.00141171,0.50177194,7,2018-01,2018-08
132,f457c46070d02cadd8a68551231220dd,19093.00,0.04264943,0.00140476,0.50317670,7,2017-12,2018-06
133,2a5b78b41cd05baeac8df54c6606b92c,19025.36,0.04297254,0.00139978,0.50457648,14,2017-07,2018-08
134,dc317f341ab0e22f39acbd9dbf9b4a1f,18988.40,0.04329564,0.00139706,0.50597354,11,2017-01,2018-07
135,96493fab2fbb13a14d0c0e8772eef5c3,18969.00,0.04361874,0.00139564,0.50736918,16,2017-02,2018-06
136,44073f8b7e41514de3b7815dd0237f4f,18729.64,0.04394184,0.00137803,0.50874721,18,2017-02,2018-08
137,cd68562d3f44870c08922d380acae552,18569.70,0.04426494,0.00136626,0.51011346,13,2017-04,2018-06
138,0dd184061fb0eaa7ca37932c68ab91c5,18446.92,0.04458805,0.00135723,0.51147069,9,2017-12,2018-08
139,527801b552d0077ffd170872eb49683b,17942.80,0.04491115,0.00132013,0.51279082,11,2017-10,2018-08
140,a888faf2d1baececa6baf9c3d603ee1f,17765.80,0.04523425,0.00130711,0.51409794,14,2017-01,2018-05
141,9de4643a8dbde634fe55621059d92273,17560.34,0.04555735,0.00129200,0.51538993,14,2017-01,2018-02
142,8b321bb669392f5163d04c59e235e066,17535.69,0.04588045,0.00129018,0.51668011,11,2017-10,2018-08
143,c72de06d72748d1a0dfb2125be43ba63,17522.00,0.04620355,0.00128917,0.51796929,4,2018-05,2018-08
144,165fc07beebdcb6190fba8a06db2a449,17481.40,0.04652666,0.00128619,0.51925548,11,2017-08,2018-08
145,0c8380b62e38e8a1e6adbeba7eb9688c,17348.79,0.04684976,0.00127643,0.52053191,18,2016-10,2018-08
146,1e8b33f18b4f7598d87f5cbee2282cc2,17309.06,0.04717286,0.00127351,0.52180541,10,2017-11,2018-08
147,94144541854e298c2d976cb893b81343,17286.28,0.04749596,0.00127183,0.52307724,13,2017-02,2018-02
148,54a1852d1b8f10312c55e906355666ee,17226.44,0.04781906,0.00126743,0.52434467,20,2017-01,2018-08
149,abe42c5d03695b4257b5c6cbf4e6784e,17159.00,0.04814216,0.00126247,0.52560714,13,2017-08,2018-08
150,41b39e28db005d9731d9d485a83b4c38,17112.55,0.04846527,0.00125905,0.52686619,20,2017-01,2018-08
151,4a3ccda38b2129705f3fb522db62ca31,17062.59,0.04878837,0.00125537,0.52812156,12,2017-09,2018-08
152,76d64c4aca3a7baf218bf93ef7fa768d,16911.80,0.04911147,0.00124428,0.52936584,14,2017-05,2018-08
153,c3acdfac4e3e97ff87529454fbc03642,16788.00,0.04943457,0.00123517,0.53060101,6,2018-03,2018-08
154,86ccac0b835037332a596a33b6949ee1,16619.93,0.04975767,0.00122281,0.53182382,17,2017-03,2018-07
155,8ae520247981aa06bc94abddf5f46d34,16320.99,0.05008078,0.00120081,0.53302463,10,2017-11,2018-08
156,7aa4334be125fcdd2ba64b3180029f14,16234.81,0.05040388,0.00119447,0.53421910,11,2017-02,2017-12
157,ef0ace09169ac090589d85746e3e036f,16223.30,0.05072698,0.00119362,0.53541272,10,2017-11,2018-08
158,fa40cc5b934574b62717c68f3d678b6d,16055.87,0.05105008,0.00118130,0.53659403,18,2016-10,2018-05
159,1f1bb1f0859883505541bdd6606193e5,16040.84,0.05137318,0.00118020,0.53777423,13,2017-04,2018-07
160,0adac9fbd9a2b63cccaac4f8756c1ca8,15960.95,0.05169628,0.00117432,0.53894855,19,2017-01,2018-08
161,4b9750c8ad28220fe6702d4ecb7c898f,15915.30,0.05201939,0.00117096,0.54011951,11,2017-10,2018-08
162,2a84855fd20af891be03bc5924d2b453,15819.10,0.05234249,0.00116388,0.54128339,9,2017-12,2018-08
163,229c3efbfb0ea2058de4ccdfbc3d784a,15744.00,0.05266559,0.00115836,0.54244175,18,2016-10,2018-08
164,f9244d45189d3a3605499abddeade7d5,15731.43,0.05298869,0.00115743,0.54359919,13,2017-02,2018-08
165,d921b68bf747894be13a97ae52b0f386,15645.80,0.05331179,0.00115113,0.54475032,5,2018-04,2018-08
166,6061155addc1e54b4cfb51c1c2a32ad8,15633.40,0.05363489,0.00115022,0.54590054,3,2018-06,2018-08
167,c33847515fa6305ce6feb1e818569f13,15519.85,0.05395800,0.00114187,0.54704241,4,2018-05,2018-08
168,85d9eb9ddc5d00ca9336a2219c97bb13,15415.24,0.05428110,0.00113417,0.54817658,21,2016-10,2018-08
169,213b25e6f54661939f11710a6fddb871,15379.50,0.05460420,0.00113154,0.54930812,9,2017-11,2018-08
170,e5a38146df062edaf55c38afa99e42dc,15360.07,0.05492730,0.00113011,0.55043823,20,2016-10,2018-08
171,c847e075301870dd144a116762eaff9a,15348.70,0.05525040,0.00112927,0.55156750,9,2017-02,2018-01
172,ce248b21cb2adc36282ede306b7660e5,15230.06,0.05557351,0.00112055,0.55268805,14,2017-07,2018-08
173,79ebd9a61bac3eaf882805ed4ecfa12a,15092.79,0.05589661,0.00111045,0.55379850,11,2017-10,2018-08
174,75d34ebb1bd0bd7dde40dd507b8169c3,15048.28,0.05621971,0.00110717,0.55490567,13,2017-01,2018-02
175,e2a1ac9bf33e5549a2a4f834e70df2f8,14999.45,0.05654281,0.00110358,0.55600925,3,2017-03,2017-07
176,01fdefa7697d26ad920e9e0346d4bd1b,14921.43,0.05686591,0.00109784,0.55710709,17,2017-04,2018-08
177,1b4c3a6f53068f0b6944d2d005c9fc89,14760.30,0.05718901,0.00108598,0.55819307,18,2017-02,2018-07
178,a5cba26a62b8b4d0145b68b841e62e7f,14737.84,0.05751212,0.00108433,0.55927740,13,2017-07,2018-08
179,87b740daf17b5d1be335a64164ec6842,14699.87,0.05783522,0.00108154,0.56035894,9,2016-10,2018-03
180,4c2b230173bb36f9b240f2b8ac11786e,14592.27,0.05815832,0.00107362,0.56143256,17,2017-02,2018-08
181,080199a181c46c657dc5aa235411be3b,14504.20,0.05848142,0.00106714,0.56249970,12,2017-09,2018-08
182,8e6d7754bc7e0f22c96d255ebda59eba,14497.27,0.05880452,0.00106663,0.56356633,5,2017-12,2018-08
183,cf8ab1616079e2793aa29d524df01bb1,14391.00,0.05912763,0.00105881,0.56462514,3,2017-12,2018-03
184,5cf13accae3222c70a9cac40818ae839,14383.20,0.05945073,0.00105824,0.56568338,19,2017-01,2018-08
185,a6bd7d1ccdac48c6b33b28596b7eb122,14368.61,0.05977383,0.00105716,0.56674055,9,2017-06,2018-07
186,66922902710d126a0e7d26b0e3805106,14362.30,0.06009693,0.00105670,0.56779725,16,2017-05,2018-08
187,aba1721a889e04decc910aa13b768ef4,14103.30,0.06042003,0.00103764,0.56883489,19,2017-02,2018-08
188,f08a5b9dd6767129688d001acafc21e5,14069.63,0.06074313,0.00103517,0.56987006,4,2017-10,2018-01
189,3b15288545f8928d3e65a8f949a28291,14061.79,0.06106624,0.00103459,0.57090465,18,2017-03,2018-08
190,c6bda72e4dbf5c5866b13cb1810c6d03,14059.38,0.06138934,0.00103441,0.57193906,12,2017-07,2018-08
191,2e90cb1677d35cfe24eef47d441b7c87,13894.71,0.06171244,0.00102230,0.57296136,17,2017-03,2018-08
192,a673821011d0cec28146ea42f5ab767f,13863.69,0.06203554,0.00102002,0.57398138,19,2017-02,2018-08
193,d94a40fd42351c259927028d163af842,13823.80,0.06235864,0.00101708,0.57499846,14,2017-07,2018-08
194,05f51e13da97139648b8125c31e5f51b,13769.01,0.06268174,0.00101305,0.57601151,8,2017-07,2018-03
195,440dd6ab244315c632130ecfb63827b1,13696.90,0.06300485,0.00100774,0.57701925,21,2016-10,2018-08
196,b8bc237ba3788b23da09c0f1f3a3288c,13685.71,0.06332795,0.00100692,0.57802617,11,2017-08,2018-06
197,6039e27294dc75811c0d8a39069f52c0,13670.70,0.06365105,0.00100582,0.57903199,19,2017-02,2018-08
198,1f9ab4708f3056ede07124aad39a2554,13602.73,0.06397415,0.00100082,0.58003281,17,2017-01,2018-06
199,6d66611d7c44cc30ce351abc49a68421,13593.40,0.06429725,0.00100013,0.58103293,18,2017-02,2018-08
200,240b9776d844d37535668549a396af32,13592.08,0.06462036,0.00100003,0.58203297,2,2018-07,2018-08
201,610f72e407cdd7caaa2f8167b0163fd8,13585.16,0.06494346,0.00099952,0.58303249,5,2018-04,2018-08
202,289cdb325fb7e7f891c38608bf9e0962,13544.95,0.06526656,0.00099656,0.58402905,7,2018-02,2018-08
203,0b35c634521043bf4b47e21547b99ab5,13533.65,0.06558966,0.00099573,0.58502479,9,2017-12,2018-08
204,a3e9a2c700480d9bb01fba070ba80a0e,13440.80,0.06591276,0.00098890,0.58601369,16,2017-05,2018-08
205,d05ae8f7a5bd1d2a690a44cd079e4e27,13436.00,0.06623586,0.00098855,0.58700224,13,2017-04,2018-08
206,34d1ca11b242c0fee2c834ae8d788566,13422.24,0.06655897,0.00098754,0.58798977,17,2017-03,2018-08
207,1ca7077d890b907f89be8c954a02686a,13341.57,0.06688207,0.00098160,0.58897137,7,2017-09,2018-04
208,8cc6a0e5738e61a87b03c78b2ba9db4b,13312.40,0.06720517,0.00097945,0.58995083,3,2017-02,2017-04
209,669ae81880e08f269a64487cfb287169,13248.87,0.06752827,0.00097478,0.59092561,20,2017-01,2018-08
210,5d378b73ab7dd6f0418d743e5dcb0bd1,13243.00,0.06785137,0.00097435,0.59189996,2,2017-10,2017-11
211,ad97a199236354e53fcd91a5a913e9a2,13205.90,0.06817447,0.00097162,0.59287158,8,2017-11,2018-07
212,c31eff8334d6b3047ed34bebd4d62c36,13191.50,0.06849758,0.00097056,0.59384214,9,2017-11,2018-08
213,e8b3a3a38279a82f0e5d006d5e5b7d2c,13154.70,0.06882068,0.00096785,0.59480999,6,2017-10,2018-03
214,6edacfd9f9074789dad6d62ba7950b9c,13147.10,0.06914378,0.00096729,0.59577728,20,2017-01,2018-08
215,99eaacc9e6046db1c82b163c5f84869f,13139.17,0.06946688,0.00096671,0.59674399,12,2016-10,2018-02
216,9e6229250fedbe05838fef417b74e7fb,13132.20,0.06978998,0.00096620,0.59771019,10,2017-09,2018-08
217,431af27f296bc6519d890aa5a05fdb11,13109.50,0.07011309,0.00096453,0.59867471,16,2017-04,2018-07
218,d50d79cb34e38265a8649c383dcffd48,13012.42,0.07043619,0.00095738,0.59963210,18,2016-10,2018-08
219,530ec6109d11eaaf87999465c6afee01,12983.81,0.07075929,0.00095528,0.60058738,14,2017-05,2018-08
220,6e386f64c84e482f0b9abf960797ee1b,12938.30,0.07108239,0.00095193,0.60153931,6,2018-03,2018-08
221,e24fc9fcd865784fb25705606fe3dfe7,12936.00,0.07140549,0.00095176,0.60249107,16,2016-10,2018-03
222,039e6ad9dae79614493083e241147386,12925.00,0.07172859,0.00095095,0.60344202,3,2018-04,2018-07
223,c60b801f2d52c7f7f91de00870882a75,12913.50,0.07205170,0.00095011,0.60439213,8,2018-01,2018-08
224,cfb1a033743668a192316f3c6d1d2671,12803.64,0.07237480,0.00094202,0.60533415,18,2017-02,2018-08
225,ac3508719a1d8f5b7614b798f70af136,12775.84,0.07269790,0.00093998,0.60627413,16,2017-05,2018-08
226,ed4acab38528488b65a9a9c603ff024a,12759.45,0.07302100,0.00093877,0.60721290,14,2017-03,2018-07
227,7202e2ba20579a9bd1acb29e61fe71f6,12750.50,0.07334410,0.00093811,0.60815101,14,2017-07,2018-08
228,2b1a40c1daabc6ca280c4b815c101841,12732.60,0.07366721,0.00093680,0.60908781,14,2016-10,2018-06
229,c66dccfb3f109511246da627dd5a2498,12708.55,0.07399031,0.00093503,0.61002283,8,2018-01,2018-08
230,2e1c9f22be269ef4643f826c9e650a52,12687.68,0.07431341,0.00093349,0.61095633,14,2017-07,2018-08
231,00fc707aaaad2d31347cf883cd2dfe10,12684.90,0.07463651,0.00093329,0.61188961,6,2018-01,2018-06
232,b372ee768ed69e46ca8cdbd267aa7a38,12630.00,0.07495961,0.00092925,0.61281886,15,2017-03,2018-08
233,66e0557ecc2b4dbea057e93f215f68d8,12480.00,0.07528271,0.00091821,0.61373707,10,2017-05,2018-02
234,a7f13822ceb966b076af67121f87b063,12477.64,0.07560582,0.00091804,0.61465511,5,2016-10,2017-05
235,2138ccb85b11a4ec1e37afbd1c8eda1f,12357.03,0.07592892,0.00090916,0.61556427,21,2016-10,2018-08
236,056b4ada5bbc2c50cc7842547dda6b51,12333.39,0.07625202,0.00090742,0.61647170,9,2017-12,2018-08
237,d6b1ce66b035a475f00c017792ff9769,12277.40,0.07657512,0.00090331,0.61737500,6,2018-03,2018-08
238,48436dade18ac8b2bce089ec2a041202,12271.71,0.07689822,0.00090289,0.61827789,15,2017-03,2018-08
239,c510bc1718f0f2961eaa42a23330681a,12251.00,0.07722132,0.00090136,0.61917925,4,2018-04,2018-08
240,fbc14c0cf93505ef89f64665ffa4a7b5,12227.82,0.07754443,0.00089966,0.62007891,10,2017-08,2018-08
241,c8b0e2b0a7095e5d8219575d5e7e1181,12170.21,0.07786753,0.00089542,0.62097433,13,2017-07,2018-08
242,70c27847eca8195c983ed7e798c56743,12077.52,0.07819063,0.00088860,0.62186293,5,2018-04,2018-08
243,ff063b022a9a0aab91bad2c9088760b7,12076.50,0.07851373,0.00088852,0.62275145,16,2017-02,2018-08
244,e26901d5ab434ce92fd9b5c256820a4e,11990.90,0.07883683,0.00088223,0.62363368,9,2017-01,2017-09
245,701938c450705b8ae65fc923b70f35c7,11983.28,0.07915994,0.00088167,0.62451534,15,2017-01,2018-04
246,c4f7fee5b0db50e87766f5a4d1b1b758,11961.83,0.07948304,0.00088009,0.62539543,2,2018-04,2018-07
247,128639473a139ac0f3e5f5ade55873a5,11908.85,0.07980614,0.00087619,0.62627162,16,2017-05,2018-08
248,d71d863e5ef30d94e440c11be17dcd8f,11900.90,0.08012924,0.00087560,0.62714722,5,2017-10,2018-05
249,8b8cfc8305aa441e4239358c9f6f2485,11892.00,0.08045234,0.00087495,0.62802217,10,2017-01,2018-04
250,7901646fdd36a55f564ffaf2dbccaaf7,11857.08,0.08077544,0.00087238,0.62889455,12,2017-03,2018-08
251,09f952a5f58d2285b0372551ae8f9b01,11821.50,0.08109855,0.00086976,0.62976431,12,2017-09,2018-08
252,adbc26658d6c7b4b6219f9d934598091,11806.40,0.08142165,0.00086865,0.63063296,13,2017-08,2018-08
253,0be8ff43f22e456b4e0371b2245e4d01,11805.50,0.08174475,0.00086859,0.63150155,16,2017-05,2018-08
254,72c5da29406b4234927b81855e7b64f6,11798.69,0.08206785,0.00086808,0.63236963,5,2018-04,2018-08
255,ce7d1888639e6fb06b2749cbfdac1ff7,11793.89,0.08239095,0.00086773,0.63323736,13,2017-08,2018-08
256,23d7c96d4a1160db1c726b248601b25a,11766.94,0.08271405,0.00086575,0.63410311,14,2017-07,2018-08
257,d1b65fc7debc3361ea86b5f14c68d2e2,11703.07,0.08303716,0.00086105,0.63496416,12,2017-03,2018-06
258,bba3293d6f5d5af2f415e004e8b93ae3,11702.10,0.08336026,0.00086098,0.63582514,7,2017-09,2018-06
259,25e6ffe976bd75618accfe16cefcbd0d,11691.61,0.08368336,0.00086021,0.63668535,19,2016-10,2018-06
260,c4d51195486dc781531876a7d00453d8,11468.98,0.08400646,0.00084383,0.63752917,4,2018-03,2018-06
261,80e6699fe29150b372a0c8a1ebf7dcc8,11441.56,0.08432956,0.00084181,0.63837098,18,2016-10,2018-05
262,b4f8921fcc4ff77b66bea6dda43dcd51,11395.05,0.08465267,0.00083839,0.63920937,3,2018-05,2018-08
263,cab85505710c7cb9b720bceb52b01cee,11389.10,0.08497577,0.00083795,0.64004731,21,2016-10,2018-08
264,1d8dbc4f32378d715c717c1c1fc57bae,11315.89,0.08529887,0.00083256,0.64087988,16,2017-03,2018-06
265,813348c996469b40f2e028d5429d3495,11205.83,0.08562197,0.00082446,0.64170434,12,2017-05,2018-04
266,6cd68b3ed6d59aaa9fece558ad360c0a,11188.57,0.08594507,0.00082319,0.64252754,16,2017-01,2018-04
267,5a8e7d5003a1f221f9e1d6e411de7c23,11171.90,0.08626817,0.00082197,0.64334950,21,2016-10,2018-08
268,ccb83a794700270fde70898fe9ff368b,11062.00,0.08659128,0.00081388,0.64416339,6,2017-02,2017-08
269,8d956fec2e4337affcb520f56fd8cbfd,11015.19,0.08691438,0.00081044,0.64497383,11,2017-10,2018-08
270,6973a06f484aacf400ece213dbf3d946,11011.05,0.08723748,0.00081013,0.64578396,6,2018-01,2018-07
271,95e03ca3d4146e4011985981aeb959b9,11009.96,0.08756058,0.00081005,0.64659401,16,2017-05,2018-08
272,7ea5bfa6c340f58f8e71fc1f0412b0d6,11002.89,0.08788368,0.00080953,0.64740355,10,2017-11,2018-08
273,54965bbe3e4f07ae045b90b0b8541f52,10961.30,0.08820679,0.00080647,0.64821002,5,2017-10,2018-07
274,82e0a475a88cc9595229d8029273f045,10930.02,0.08852989,0.00080417,0.64901419,11,2017-02,2018-01
275,dd2bdf855a9172734fbc3744021ae9b9,10816.70,0.08885299,0.00079583,0.64981003,14,2016-10,2018-01
276,0ea22c1cfbdc755f86b9b54b39c16043,10711.70,0.08917609,0.00078811,0.65059814,20,2016-10,2018-08
277,ce27a3cc3c8cc1ea79d11e561e9bebb6,10682.65,0.08949919,0.00078597,0.65138411,12,2016-10,2018-08
278,c9c7905cffc4ef9ff9f113554423e671,10657.18,0.08982229,0.00078410,0.65216821,15,2017-06,2018-08
279,bd23da7354813347129d751591d1a6e2,10544.30,0.09014540,0.00077579,0.65294400,14,2017-07,2018-08
280,f3b80352b986ab4d1057a4b724be19d0,10505.10,0.09046850,0.00077291,0.65371691,17,2017-02,2018-07
281,f262cbc1c910c83959f849465454ddd3,10482.83,0.09079160,0.00077127,0.65448818,10,2017-11,2018-08
282,c864036feaab8c1659f65ea4faebe1da,10454.20,0.09111470,0.00076916,0.65525734,14,2017-07,2018-08
283,b499c00f28f4b7069ff6550af8c1348a,10327.13,0.09143780,0.00075981,0.65601716,16,2016-10,2018-08
284,ea566164622c6b439516ab18062c42cd,10309.42,0.09176090,0.00075851,0.65677567,10,2017-11,2018-08
285,33a6f4b1e7cdc205511e76ba1b6e0186,10295.01,0.09208401,0.00075745,0.65753312,8,2018-01,2018-08
286,9d5a9018aee56acb367ba9c3f05d1d6a,10292.31,0.09240711,0.00075725,0.65829037,12,2017-03,2018-03
287,06532f10282704ef4c69168b914b77be,10220.50,0.09273021,0.00075197,0.65904234,6,2017-03,2017-08
288,1c5e4e49b9079480255b49d50aac1aa9,10173.11,0.09305331,0.00074848,0.65979082,11,2017-03,2018-08
289,7b1222c3624aa89b9558b50a2594188c,10103.52,0.09337641,0.00074336,0.66053419,11,2017-02,2018-06
290,5058e8c1e82653974541e83690655b4a,10022.82,0.09369952,0.00073743,0.66127161,11,2017-10,2018-08
291,0df3984f9dfb3d49ac6366acbd3bbb85,10021.49,0.09402262,0.00073733,0.66200894,16,2017-03,2018-06
292,5343d0649eca2a983820bfe93fc4d17e,10000.64,0.09434572,0.00073579,0.66274473,8,2017-12,2018-07
293,054694fa03fe82cec4b7551487331d74,9983.10,0.09466882,0.00073450,0.66347923,10,2017-01,2018-04
294,9d4db00d65d7760644ac0c14edb5fd86,9979.70,0.09499192,0.00073425,0.66421349,9,2017-12,2018-08
295,961dff0a659b4561334372337dd897d9,9946.00,0.09531502,0.00073177,0.66494526,3,2017-04,2017-08
296,5882820ef11c4c068eea0677a7a879b4,9925.50,0.09563813,0.00073026,0.66567553,8,2017-04,2018-07
297,4830e40640734fc1c52cd21127c341d4,9843.47,0.09596123,0.00072423,0.66639975,14,2017-07,2018-08
298,ef506c96320abeedfb894c34db06f478,9771.43,0.09628433,0.00071893,0.66711868,20,2017-01,2018-08
299,17ca9b9e9b9ef8fdb529001b49ebb50f,9754.83,0.09660743,0.00071771,0.66783639,14,2017-07,2018-08
300,7040e82f899a04d1b434b795a43b4617,9738.20,0.09693053,0.00071648,0.66855288,12,2017-09,2018-08
301,7b07b3c7487f0ea825fc6df75abd658b,9731.85,0.09725363,0.00071602,0.66926889,19,2017-01,2018-08
302,ca3bd7cd9f149df75950150d010fe4a2,9731.85,0.09757674,0.00071602,0.66998491,18,2017-01,2018-08
303,01cf7e3d21494c41fb86034f2e714fa1,9729.36,0.09789984,0.00071583,0.67070074,10,2016-10,2018-02
304,17306570e772e7718c92a562d33f5f1d,9669.80,0.09822294,0.00071145,0.67141220,13,2017-02,2018-04
305,e96498ed8daaa3e9c23f7a62da76591c,9619.09,0.09854604,0.00070772,0.67211992,10,2017-10,2018-07
306,31344c16881c08a8a72c6d2eb29918c1,9615.70,0.09886914,0.00070747,0.67282739,16,2017-01,2018-08
307,e7df4cd29ab5abab70fb0783ddb53987,9608.70,0.09919225,0.00070696,0.67353435,14,2017-02,2018-08
308,73a63f72308aa20a46f4b1632018f196,9606.80,0.09951535,0.00070682,0.67424116,13,2017-03,2018-08
309,b2ac621f0d0322434d04a12b078b9369,9575.50,0.09983845,0.00070451,0.67494568,11,2017-08,2018-08
310,1c129092bf23f28a5930387c980c0dfc,9553.62,0.10016155,0.00070290,0.67564858,11,2017-10,2018-08
311,36a968b544695394e4e9d7572688598f,9482.87,0.10048465,0.00069770,0.67634628,17,2017-02,2018-08
312,3db66a856d18a9cba7c9241fc5221c50,9478.30,0.10080775,0.00069736,0.67704364,14,2017-04,2018-08
313,270297ead4c65a6cd2593960d2af6b21,9422.40,0.10113086,0.00069325,0.67773689,11,2017-03,2018-08
314,81a1104df0f08b59c68aa5b03cfe398e,9420.88,0.10145396,0.00069314,0.67843003,10,2017-05,2018-04
315,066a6914e1ebf3ea95a216c73a986b91,9410.38,0.10177706,0.00069237,0.67912239,19,2016-10,2018-08
316,cb8bcce248bb1fb274ba762d8b971456,9402.20,0.10210016,0.00069176,0.67981416,19,2017-01,2018-08
317,a00824eb9093d40e589b940ec45c4eb0,9399.97,0.10242326,0.00069160,0.68050576,2,2017-10,2018-04
318,5b8154610ebb21fb90eb587365e673df,9397.54,0.10274637,0.00069142,0.68119718,13,2017-07,2018-07
319,3c487ae8f8d7542beff5788e2e0aea83,9385.70,0.10306947,0.00069055,0.68188772,12,2017-08,2018-08
320,aaed1309374718fdd995ee4c58c9dfcd,9376.95,0.10339257,0.00068991,0.68257763,21,2016-10,2018-08
321,8b28d096634035667e8263d57ba3368c,9375.70,0.10371567,0.00068981,0.68326744,18,2017-02,2018-07
322,05feb94f19d094d4b0f9281f0b1d4c99,9353.00,0.10403877,0.00068814,0.68395559,6,2017-08,2018-02
323,048c2757535328e0d7dac690ad3c0aae,9264.78,0.10436187,0.00068165,0.68463724,17,2017-03,2018-08
324,aafe36600ce604f205b86b5084d3d767,9251.40,0.10468498,0.00068067,0.68531791,19,2017-02,2018-08
325,624f4ece8da4aafb77699233d480f8ef,9205.00,0.10500808,0.00067725,0.68599516,18,2016-10,2018-08
326,dd7ddc04e1b6c2c614352b383efe2d36,9178.51,0.10533118,0.00067531,0.68667047,15,2017-04,2018-07
327,4e7c18b98d84e05cbae3ff0ff03846c2,9177.90,0.10565428,0.00067526,0.68734573,17,2017-02,2018-07
328,6c12e40690c335dbc2f68a4134d30dc1,9139.20,0.10597738,0.00067241,0.68801814,10,2017-02,2018-08
329,f80edd2c5aaa505cc4b0a3b219abf4b8,9108.20,0.10630048,0.00067013,0.68868827,17,2017-04,2018-08
330,8e8a7ce9f2f970dc00e2acf6f6e199f6,9101.00,0.10662359,0.00066960,0.68935788,10,2017-11,2018-08
331,0db783cfcd3b73998abc6e10e59a102f,9077.40,0.10694669,0.00066787,0.69002574,17,2016-10,2018-04
332,06df0c10d34e459d9672bc77388742eb,9070.00,0.10726979,0.00066732,0.69069306,6,2018-03,2018-08
333,fffd5413c0700ac820c7069d66d98c89,9062.30,0.10759289,0.00066676,0.69135982,14,2017-07,2018-08
334,9b013e03b2ab786505a1d3b5c0756754,9027.40,0.10791599,0.00066419,0.69202401,11,2017-10,2018-08
335,5f2684dab12e59f83bef73ae57724e45,9000.87,0.10823910,0.00066224,0.69268624,19,2016-10,2018-08
336,403aa86912527d730337ffcb0fb096ab,8959.89,0.10856220,0.00065922,0.69334546,7,2017-01,2017-11
337,f27e33c6d29b5138fa9967bcd445b6d5,8888.30,0.10888530,0.00065395,0.69399942,14,2017-07,2018-08
338,32b8764b4ef628b53608fc34011fcc13,8884.00,0.10920840,0.00065364,0.69465305,6,2018-03,2018-08
339,d03698c2efd04a549382afa6623e27fb,8865.47,0.10953150,0.00065227,0.69530533,13,2016-10,2018-07
340,2089a6d640999f9b9141ac719b2af596,8830.82,0.10985460,0.00064972,0.69595505,16,2017-04,2018-07
341,1da3aeb70d7989d1e6d9b0e887f97c23,8823.52,0.11017771,0.00064919,0.69660424,18,2017-03,2018-08
342,a49928bcdf77c55c6d6e05e09a9b4ca5,8816.70,0.11050081,0.00064869,0.69725292,12,2017-06,2018-05
343,562fc2f2c2863ab7e79a9e4388a58a14,8814.20,0.11082391,0.00064850,0.69790143,8,2018-01,2018-08
344,af4a0e4cfe1d9c26b6712b1be25a72e5,8757.98,0.11114701,0.00064437,0.69854579,7,2017-08,2018-03
345,18a349e75d307f4b4cc646a691ed4216,8711.53,0.11147011,0.00064095,0.69918674,12,2017-08,2018-08
346,6d803cb79cc31c41c4c789a75933b3c7,8711.40,0.11179321,0.00064094,0.69982768,12,2017-07,2018-06
347,6c7d50c24b3ccd2fd83b44d8bb34e073,8699.34,0.11211632,0.00064005,0.70046773,13,2017-07,2018-08
348,b1a81260566c1bac3114a6d124413f27,8684.69,0.11243942,0.00063897,0.70110670,6,2018-03,2018-08
349,9596c870880d900012f2e8e6e30d06d7,8606.25,0.11276252,0.00063320,0.70173990,11,2017-04,2018-08
350,db2956745b3a8e9f3785c99f34b5d25e,8599.00,0.11308562,0.00063267,0.70237257,5,2018-04,2018-08
351,259f7b5e6e482c230e5bfaa670b6bb8f,8526.04,0.11340872,0.00062730,0.70299987,16,2017-03,2018-08
352,93dc87703c046b603023e75222018b45,8517.35,0.11373183,0.00062666,0.70362653,9,2017-11,2018-07
353,cbd996ad3c1b7dc71fd0e5f5df9087e2,8411.04,0.11405493,0.00061884,0.70424537,18,2017-02,2018-08
354,b18dc380845b24038cfc48006478f099,8353.30,0.11437803,0.00061459,0.70485996,10,2017-10,2018-08
355,6c177e38df6d3f34182b1f1d427231bf,8341.89,0.11470113,0.00061375,0.70547371,16,2017-02,2018-08
356,7d456afc660226829370f3173d14520c,8338.25,0.11502423,0.00061348,0.70608719,15,2016-10,2018-08
357,fcb5ace8bcc92f75707dc0f01a27d269,8318.63,0.11534733,0.00061204,0.70669923,10,2017-11,2018-08
358,784ba75dd9d20200c4caed3d7a77141a,8295.13,0.11567044,0.00061031,0.70730955,10,2017-03,2018-01
359,3078096983cf766a32a06257648502d1,8285.42,0.11599354,0.00060960,0.70791914,13,2017-05,2018-05
360,26d8a1c7c75d513045798992ead43aa2,8244.12,0.11631664,0.00060656,0.70852570,12,2017-08,2018-08
361,b92e3c8f9738272ff7c59e111e108d7c,8231.09,0.11663974,0.00060560,0.70913130,19,2017-01,2018-08
362,4371b634e0efc0e22b09b52907d9d469,8194.00,0.11696284,0.00060287,0.70973417,14,2017-06,2018-08
363,397c4d0c005b6f41f90098ac724e28cb,8177.00,0.11728595,0.00060162,0.71033579,3,2018-04,2018-08
364,67883baaae6134ee81b271a542613728,8167.90,0.11760905,0.00060095,0.71093674,2,2018-07,2018-08
365,86bb7c4b535e49a541baf3266b1c95b1,8162.40,0.11793215,0.00060055,0.71153729,7,2016-10,2018-02
366,fdb9095204a334cd8872252ffec6f2db,8156.00,0.11825525,0.00060007,0.71213736,9,2017-06,2018-05
367,52d76513f0c4d97f3b99570e2c94ee31,8153.10,0.11857835,0.00059986,0.71273722,10,2017-07,2018-08
368,33a17d60c64393351ebf1ef860f4e0f2,8152.48,0.11890145,0.00059982,0.71333704,13,2017-07,2018-08
369,4bfc7a4a1cf8d4d2121c27422d9e50b5,8124.40,0.11922456,0.00059775,0.71393479,6,2018-03,2018-08
370,8fb791022c1fc8909664f48ab7dc636d,8119.95,0.11954766,0.00059742,0.71453221,1,2018-07,2018-07
371,972d0f9cf61b499a4812cf0bfa3ad3c4,8089.29,0.11987076,0.00059517,0.71512737,11,2017-10,2018-08
372,750303a20e9c56b2a6bc45cdce0b897d,8085.00,0.12019386,0.00059485,0.71572223,12,2017-09,2018-08
373,a2e874074c877c5a05abae80ad6e488f,8071.98,0.12051696,0.00059389,0.71631612,13,2017-03,2018-08
374,6bd69102ab48df500790a8cecfc285c2,8070.00,0.12084006,0.00059375,0.71690987,5,2017-06,2018-05
375,5656537e588803a555b8eb41f07a944b,8065.93,0.12116317,0.00059345,0.71750331,17,2016-10,2018-08
376,7a241947449cc45dbfda4f9d0798d9d0,8027.63,0.12148627,0.00059063,0.71809394,17,2017-03,2018-08
377,54065e9aef7e9e9c2dc23b7594db021a,8003.00,0.12180937,0.00058882,0.71868276,6,2017-03,2018-03
378,b1fc4f64df5a0e8b6913ab38803c57a9,7994.74,0.12213247,0.00058821,0.71927097,15,2017-05,2018-08
379,903037660cf848a717166eb7a06d616e,7991.51,0.12245557,0.00058797,0.71985894,16,2017-01,2018-08
380,ebd2d60905fb58271facef5596b620d3,7941.72,0.12277868,0.00058431,0.72044325,17,2017-02,2018-08
381,bbf9ad41dca6603e614efcdad7aab8c4,7846.00,0.12310178,0.00057727,0.72102052,10,2017-02,2018-06
382,989becdce12ebc39863c2bceab6f3ca1,7840.88,0.12342488,0.00057689,0.72159741,10,2016-10,2018-07
383,725c32fa80c2faacc4fc88450d27314e,7838.88,0.12374798,0.00057674,0.72217415,20,2017-01,2018-08
384,8476243f92442881ddd5b578975cf115,7838.00,0.12407108,0.00057668,0.72275083,5,2018-03,2018-08
385,0432ead42b6c8a0bdf68154add917fdf,7792.10,0.12439418,0.00057330,0.72332413,14,2017-04,2018-07
386,d51e0a403fe2e689ece6c73359d96e12,7790.00,0.12471729,0.00057315,0.72389728,11,2017-08,2018-07
387,2dee2ce60de9709b1a24083217181a1f,7784.50,0.12504039,0.00057274,0.72447002,7,2017-07,2018-06
388,7008613ea464bad5cb9b83456e1e6a8f,7777.00,0.12536349,0.00057219,0.72504221,20,2016-10,2018-08
389,7bac63f6603d382cc8d0832eb6c100a8,7751.95,0.12568659,0.00057035,0.72561255,7,2017-11,2018-08
390,5b925e1d006e9476d738aa200751b73b,7748.50,0.12600969,0.00057009,0.72618265,10,2017-10,2018-08
391,6fd52c528dcb38be2eea044946b811f8,7743.02,0.12633279,0.00056969,0.72675234,13,2017-08,2018-08
392,e5a3438891c0bfdb9394643f95273d8e,7738.35,0.12665590,0.00056935,0.72732168,12,2017-05,2018-04
393,257e61d3251fb5efb9daadddbc2cf7ca,7729.00,0.12697900,0.00056866,0.72789034,5,2018-04,2018-08
394,b410bdd36d5db7a65dcd42b7ead933b8,7726.90,0.12730210,0.00056850,0.72845884,8,2018-01,2018-08
395,42bde9fef835393bb8a8849cb6b7f245,7703.00,0.12762520,0.00056675,0.72902559,9,2017-07,2018-08
396,3bb548e3cb7f70f28e3f11ee9dce0e59,7690.02,0.12794830,0.00056579,0.72959138,14,2017-03,2018-08
397,058fd0aa2bfdb2274e05e1ae971dabb6,7667.90,0.12827141,0.00056416,0.73015554,11,2017-08,2018-06
398,08633c14ef2db992c11f840f04fad4cd,7644.30,0.12859451,0.00056243,0.73071797,9,2017-12,2018-08
399,4e17c65a516f69d023a2ae78b84f28d6,7639.26,0.12891761,0.00056206,0.73128003,16,2017-03,2018-08
400,52f976b17ea7f2f087f56dcc419328f6,7630.00,0.12924071,0.00056137,0.73184140,4,2017-10,2018-07
401,640e21a7d01df7614a3b4923e990d40c,7598.88,0.12956381,0.00055908,0.73240048,6,2018-03,2018-08
402,4aba391bc3b88717ce08eb11e44937b2,7595.87,0.12988691,0.00055886,0.73295935,16,2017-02,2018-08
403,6a51fc556dab5f766ced6fbc860bc613,7577.67,0.13021002,0.00055752,0.73351687,14,2017-04,2018-08
404,8a432f4e5b471f8da497d7dc517666e2,7555.00,0.13053312,0.00055586,0.73407273,5,2018-04,2018-08
405,062ce95fa2ad4dfaedfc79260130565f,7521.00,0.13085622,0.00055335,0.73462608,9,2017-01,2017-09
406,0bae85eb84b9fb3bd773911e89288d54,7482.21,0.13117932,0.00055050,0.73517658,17,2017-03,2018-08
407,c26a2be5b53b7db6b276280da212a779,7482.00,0.13150242,0.00055049,0.73572707,9,2017-08,2018-08
408,87e24fc7052259b1f7f607d61c10d8be,7473.49,0.13182553,0.00054986,0.73627693,4,2018-05,2018-08
409,bd0389da23d89b726abf911cccc54596,7472.16,0.13214863,0.00054976,0.73682669,16,2017-03,2018-08
410,a420f60ff1aa9acc80d0e42959f2b313,7443.30,0.13247173,0.00054764,0.73737433,13,2017-08,2018-08
411,8648b1e89e9b349e32d3741b30ec737e,7442.55,0.13279483,0.00054758,0.73792191,12,2017-09,2018-08
412,512d298ac2a96d1931b6bd30aa21f61d,7401.94,0.13311793,0.00054459,0.73846650,6,2018-01,2018-08
413,e0a366315b1b726b6c7832d664c0f530,7400.09,0.13344103,0.00054446,0.73901096,13,2017-06,2018-08
414,f25e239052084705e17a982bc600ab2a,7380.00,0.13376414,0.00054298,0.73955394,8,2017-03,2018-08
415,381c83fdca332ea6afd896da20bf6e4a,7355.80,0.13408724,0.00054120,0.74009514,13,2017-08,2018-08
416,b347677812ea483b0f528eaf8cbc09b7,7288.99,0.13441034,0.00053628,0.74063143,8,2017-11,2018-06
417,febab0275244b9a49a623f0bd613ca2f,7272.42,0.13473344,0.00053507,0.74116649,19,2017-02,2018-08
418,aced59e9b31ef866a94f9e7f29d8d418,7268.50,0.13505654,0.00053478,0.74170127,19,2017-02,2018-08
419,e333046ce6517bd8bb510291d44f0130,7268.00,0.13537964,0.00053474,0.74223601,14,2017-07,2018-08
420,0873d9f8f36123f8d910f4760e788cfb,7265.59,0.13570275,0.00053456,0.74277058,4,2018-05,2018-08
421,cee48807215b30a12ca2ca10ffb5f250,7212.23,0.13602585,0.00053064,0.74330121,13,2017-08,2018-08
422,d624126b9206f595fb3fbb6ba03b28a8,7198.80,0.13634895,0.00052965,0.74383086,13,2017-05,2018-08
423,ade45994b717ccee333492330fbf037b,7196.00,0.13667205,0.00052944,0.74436030,3,2018-06,2018-08
424,dbb9b48c841a0e39e21f98e1a6b2ec3e,7186.85,0.13699515,0.00052877,0.74488907,18,2017-01,2018-06
425,d13e50eaa47b4cbe9eb81465865d8cfc,7155.05,0.13731826,0.00052643,0.74541550,1,2018-08,2018-08
426,a4b6b9b992b46e9ef863637af96e04bc,7147.00,0.13764136,0.00052584,0.74594134,5,2017-02,2017-07
427,cc63f0dd2acba93ffed4fe9f8e0321fa,7096.71,0.13796446,0.00052214,0.74646348,4,2018-05,2018-08
428,7722b1df1b0e383e000397b2c11e3e19,7094.09,0.13828756,0.00052194,0.74698542,20,2017-01,2018-08
429,014c0679dd340a0e338872e7ec85666a,7058.00,0.13861066,0.00051929,0.74750471,12,2017-01,2018-07
430,f1fd5ab1181f827ffad998c1a5de7d74,7045.99,0.13893376,0.00051841,0.74802312,9,2017-11,2018-08
431,dd55f1bb788714a40e7954c3be6df745,7041.76,0.13925687,0.00051809,0.74854122,7,2017-11,2018-07
432,679769a98cfcc6da877c8486ff1c13f3,7029.00,0.13957997,0.00051716,0.74905837,11,2017-03,2018-08
433,ff4ea69c2a729e83e63c7579e4ef8170,7017.00,0.13990307,0.00051627,0.74957464,5,2017-02,2017-07
434,6fa9202c10491e472dffd59a3e82b2a3,7014.24,0.14022617,0.00051607,0.75009071,2,2018-07,2018-08
435,b8630e1121437d41cb08e3c749c2c2e2,6988.00,0.14054927,0.00051414,0.75060485,7,2017-11,2018-08
436,d98eec89afa3380e14463da2aabaea72,6968.53,0.14087237,0.00051271,0.75111756,20,2017-01,2018-08
437,bacb1f0ed56ad24198f5810d2b3fe9a5,6940.45,0.14119548,0.00051064,0.75162820,9,2017-04,2018-01
438,1da366cade6d8276e7d8beea7af5d4bf,6917.59,0.14151858,0.00050896,0.75213716,8,2017-02,2017-12
439,30829ded4523ab9224b93bc49a62c95f,6911.71,0.14184168,0.00050853,0.75264569,7,2018-01,2018-08
440,d9bd94811c3338dceb4181f3dbc0c73e,6911.02,0.14216478,0.00050848,0.75315416,4,2018-05,2018-08
441,ad781527c93d00d89a11eecd9dcad7c1,6899.57,0.14248788,0.00050763,0.75366180,10,2017-07,2018-05
442,e3b4998c7a498169dc7bce44e6bb6277,6897.90,0.14281099,0.00050751,0.75416931,2,2017-01,2017-02
443,1127b7f2594683f2510f1c2c834a486b,6851.33,0.14313409,0.00050408,0.75467339,19,2017-02,2018-08
444,b3b17aab11f273023a5f22ca52e1eb70,6850.00,0.14345719,0.00050399,0.75517738,4,2018-01,2018-06
445,58f1a6197ed863543e0136bdedb3fce2,6833.00,0.14378029,0.00050274,0.75568011,4,2018-05,2018-08
446,8e6cc767478edae941d9bd9eb778d77a,6830.58,0.14410339,0.00050256,0.75618267,14,2017-01,2018-06
447,5b67882648febfb6e1225e6ad7164f6b,6813.48,0.14442649,0.00050130,0.75668397,13,2017-07,2018-08
448,ececbfcff9804a2d6b40f589df8eef2b,6792.40,0.14474960,0.00049975,0.75718372,15,2017-06,2018-08
449,33dd941c27854f7625b968cc6195a552,6787.50,0.14507270,0.00049939,0.75768310,3,2018-05,2018-08
450,40d54b51e962dbe09cabbcfd33298dee,6785.56,0.14539580,0.00049924,0.75818235,12,2017-07,2018-08
451,63b464dbf392c7b80d12d932fa7cafed,6781.00,0.14571890,0.00049891,0.75868126,10,2017-02,2018-01
452,a63bfbaa882c8f4542891b4e2246cc7f,6772.00,0.14604200,0.00049825,0.75917951,3,2018-06,2018-08
453,ff1fb4c404b2efe68b03350a8dc24122,6771.00,0.14636511,0.00049817,0.75967768,8,2018-01,2018-08
454,aac29b1b99776be73c3049939652091d,6755.91,0.14668821,0.00049706,0.76017474,19,2017-01,2018-08
455,54219883e72aad869adfb2a54b7bfa0f,6750.00,0.14701131,0.00049663,0.76067137,5,2017-11,2018-07
456,3340ef1913fb70d28420f6ceb685c339,6731.15,0.14733441,0.00049524,0.76116661,9,2017-01,2017-11
457,455c5640e8c5bd1b2ee85c0158f85727,6729.50,0.14765751,0.00049512,0.76166173,4,2018-02,2018-05
458,80ceebb4ee9b31afb6c6a916a574a1e2,6729.00,0.14798061,0.00049508,0.76215682,1,2018-07,2018-07
459,abe021b01ba992245271b9aa422032df,6720.00,0.14830372,0.00049442,0.76265124,2,2017-02,2017-05
460,31ae0774c17fabd06ff707cc5bde005f,6719.85,0.14862682,0.00049441,0.76314565,9,2017-05,2018-08
461,e5e33c0d8e7e002f398f5dc4cbbb338f,6698.70,0.14894992,0.00049285,0.76363850,13,2017-03,2018-08
462,83e197e95a1bbabc8c75e883ed016c47,6693.69,0.14927302,0.00049249,0.76413099,13,2016-10,2018-02
463,fa1a9dec3a9940c072684a46728bf1fc,6674.00,0.14959612,0.00049104,0.76462203,18,2016-10,2018-08
464,33c51922b6e3c16b24a8f28e5833c99d,6657.87,0.14991922,0.00048985,0.76511188,7,2017-12,2018-08
465,b4ffb71f0cb1b1c3d63fad021ecf93e1,6656.09,0.15024233,0.00048972,0.76560160,17,2017-02,2018-08
466,751bdc4d83a466c7206cd42e8f426b03,6648.93,0.15056543,0.00048919,0.76609079,14,2017-05,2018-07
467,516e7738bd8f735ac19a010ee5450d8d,6643.09,0.15088853,0.00048876,0.76657955,4,2018-05,2018-08
468,5670f4db5b62c43d542e1b2d56b0cf7c,6630.09,0.15121163,0.00048781,0.76706736,5,2018-04,2018-08
469,5d0363b33554b373851fc1622e4d5f3c,6610.79,0.15153473,0.00048639,0.76755374,10,2017-11,2018-08
470,609e1a9a6c2539919b8205cf7c4e6ff0,6595.23,0.15185784,0.00048524,0.76803899,8,2018-01,2018-08
471,92eb0f42c21942b6552362b9b114707d,6548.63,0.15218094,0.00048181,0.76852080,17,2017-02,2018-08
472,11305281b50fff20ae8bb473f8e11876,6528.70,0.15250404,0.00048035,0.76900115,15,2016-10,2018-08
473,282f23a9769b2690c5dda22e316f9941,6505.08,0.15282714,0.00047861,0.76947975,14,2017-07,2018-08
474,ee27a8f15b1dded4d213a468ba4eb391,6499.00,0.15315024,0.00047816,0.76995792,1,2017-05,2017-05
475,4c03b9dd4c11ee2cb35c96c49efc9420,6458.60,0.15347334,0.00047519,0.77043310,6,2017-05,2017-10
476,34056b8b55c1775a22af2331670a799c,6455.40,0.15379645,0.00047495,0.77090806,8,2017-11,2018-08
477,6f892e20a171e98efe17fdb971ff319b,6438.70,0.15411955,0.00047372,0.77138178,6,2017-07,2017-12
478,8a32e327fe2c1b3511609d81aaf9f042,6429.01,0.15444265,0.00047301,0.77185479,14,2016-10,2018-02
479,7dc8c42cc750eeafea6c85712ffee9bf,6409.68,0.15476575,0.00047159,0.77232638,15,2016-10,2018-08
480,376a891762bbdecbc02b4b6adec3fdda,6406.23,0.15508885,0.00047134,0.77279772,13,2017-05,2018-05
481,dbdd0ec73a4817971d962698f2fea022,6384.00,0.15541195,0.00046970,0.77326742,5,2018-04,2018-08
482,4b5f66b7adcf57f1ecc0d3c07dd6b177,6381.78,0.15573506,0.00046954,0.77373696,12,2017-03,2018-07
483,02f623a8eb246f3c5f7c2f96462654e6,6378.00,0.15605816,0.00046926,0.77420622,5,2018-04,2018-08
484,57e632711dec9ec14ca7546769483e7e,6350.06,0.15638126,0.00046720,0.77467342,19,2017-02,2018-08
485,670c26e0f1bf8d0576271d5cfaec6d2b,6341.60,0.15670436,0.00046658,0.77514000,10,2017-11,2018-08
486,f4c4daa86e30c7e5a553a8d518ac03a5,6301.91,0.15702746,0.00046366,0.77560366,8,2017-03,2017-11
487,dee656f0f566ed1aa85bd137c943f08f,6271.98,0.15735057,0.00046146,0.77606512,11,2017-10,2018-08
488,bd4889b5e9133b35b66e42a8665cea5c,6271.90,0.15767367,0.00046145,0.77652657,14,2017-04,2018-07
489,6b243f80ed07b10f0e8aa0f21a205f3c,6260.10,0.15799677,0.00046058,0.77698716,14,2017-07,2018-08
490,2fdde51ad3e12f297da656d4fbd5d0b5,6252.00,0.15831987,0.00045999,0.77744715,5,2017-04,2017-10
491,ea67327e24487bdfac5fbfa37ea124df,6250.18,0.15864297,0.00045985,0.77790700,6,2018-01,2018-08
492,2528744c5ef5d955adc318720a94d2e7,6245.00,0.15896607,0.00045947,0.77836647,5,2017-10,2018-06
493,f12ff17ad8bbf01ec5c33b17e506649b,6241.00,0.15928918,0.00045918,0.77882565,5,2018-01,2018-05
494,eb3071b9f0b0ddaa2df5ea130f09f26b,6230.00,0.15961228,0.00045837,0.77928402,8,2017-02,2018-05
495,b19f3ca2ea475913750f25a5c37c8d8f,6202.91,0.15993538,0.00045638,0.77974040,9,2017-10,2018-08
496,cfa5ab0e4d3fc212fd0b3410e7081c62,6180.80,0.16025848,0.00045475,0.78019515,8,2017-10,2018-08
497,9baf5cb77970f539089d09a38bcec5c3,6129.67,0.16058158,0.00045099,0.78064614,18,2017-01,2018-08
498,dfc5fb7259bb2b599ca565e6e9448f0f,6124.63,0.16090468,0.00045062,0.78109676,13,2017-07,2018-08
499,ba143b05f0110f0dc71ad71b4466ce92,6110.58,0.16122779,0.00044958,0.78154634,5,2018-04,2018-08
500,2c9e548be18521d1c43cde1c582c6de8,6109.44,0.16155089,0.00044950,0.78199584,11,2017-10,2018-08
501,d6b664fa0667064c6d76394e7848d790,6080.00,0.16187399,0.00044733,0.78244317,4,2017-05,2018-05
502,6a8b085f816a1f75f92dbac6eb545f8f,6018.97,0.16219709,0.00044284,0.78288602,14,2017-07,2018-08
503,bba74270a87732727b5a3b4fd9ac1c39,6001.59,0.16252019,0.00044156,0.78332758,8,2017-10,2018-05
504,37515688008a7a40ac93e3b2e4ab203f,5986.60,0.16284330,0.00044046,0.78376804,13,2017-07,2018-07
505,688756f717c462a206ad854c5027a64a,5966.54,0.16316640,0.00043899,0.78420703,5,2018-04,2018-08
506,f84a00e60c73a49e7e851c9bdca3a5bb,5949.94,0.16348950,0.00043776,0.78464479,17,2017-02,2018-07
507,91f848e9f4be368f4318775aac733370,5932.60,0.16381260,0.00043649,0.78508128,7,2017-02,2017-08
508,b14db04aa7881970e83ffa9426897925,5898.60,0.16413570,0.00043399,0.78551527,20,2016-10,2018-08
509,0691148aee60ca47977c187804f935ae,5868.51,0.16445880,0.00043177,0.78594704,10,2017-11,2018-08
510,f46490624488d3ff7ce78613913a7711,5802.85,0.16478191,0.00042694,0.78637398,4,2018-05,2018-08
511,02d35243ea2e497335cd0f076b45675d,5794.00,0.16510501,0.00042629,0.78680028,8,2017-04,2018-08
512,e8b4225284fbb02d16f200513f1f395d,5788.52,0.16542811,0.00042589,0.78722616,5,2018-04,2018-08
513,0bf0150d5b9d60d9cd2906003332f085,5774.60,0.16575121,0.00042486,0.78765103,14,2017-02,2018-07
514,05d2173d43ea568aa0540eba70d2ca76,5759.66,0.16607431,0.00042376,0.78807479,11,2017-09,2018-08
515,3ade81dab5a172b88e1871c28ae05260,5751.60,0.16639742,0.00042317,0.78849796,10,2017-10,2018-08
516,b4a476fbd28de64b1e347abf9089366a,5724.04,0.16672052,0.00042114,0.78891911,13,2017-03,2018-06
517,080102cd0a76b09e0dcf55fcacc60e05,5716.78,0.16704362,0.00042061,0.78933972,13,2017-07,2018-08
518,9616352088dcf83a7c06637f4ebf1c80,5703.00,0.16736672,0.00041960,0.78975931,13,2017-02,2018-08
519,94e93ce877be27a515118dbfd2c2be41,5674.57,0.16768982,0.00041750,0.79017682,6,2017-04,2017-09
520,e2aee0892199b1d92530e371abd825bf,5662.57,0.16801292,0.00041662,0.79059344,13,2017-01,2018-07
521,52ac6f920b7280e4c6d30dd94de6259b,5657.30,0.16833603,0.00041623,0.79100967,5,2017-02,2018-05
522,8c16d1f32a54d92897cc437244442e1b,5642.60,0.16865913,0.00041515,0.79142483,18,2016-10,2018-08
523,67bf6941ba2f1fa1d02c375766bc3e53,5610.00,0.16898223,0.00041275,0.79183758,11,2017-09,2018-08
524,d63c73efd41eb002280e7ec831424edb,5598.00,0.16930533,0.00041187,0.79224945,2,2017-11,2018-05
525,45ba18c210d42734ec52c0c1c574e9ee,5589.13,0.16962843,0.00041122,0.79266067,5,2018-04,2018-08
526,817245bcc3badd82bbd222e0366951a6,5580.50,0.16995153,0.00041058,0.79307125,9,2017-11,2018-07
527,f181738b150df1f37cb0bd72e705b193,5529.70,0.17027464,0.00040685,0.79347810,12,2017-05,2018-08
528,04aa0a1c5ce6b222003403a3e11c3cc0,5518.00,0.17059774,0.00040598,0.79388408,7,2017-03,2018-01
529,916c9de0b5ad957346eeeb12f332687e,5480.25,0.17092084,0.00040321,0.79428729,10,2017-06,2018-07
530,cc3d14116804f7209f3884f6367f1152,5477.80,0.17124394,0.00040303,0.79469032,15,2017-05,2018-08
531,4917cee8d902e13428c3ec4b1ca6f315,5421.90,0.17156704,0.00039891,0.79508923,14,2017-05,2018-08
532,575df70bde3f9f2b30bf8d2e9910d725,5410.05,0.17189015,0.00039804,0.79548727,13,2016-10,2018-08
533,3f0e48d209018b466fcd3bb4ccfeb520,5399.00,0.17221325,0.00039723,0.79588450,5,2017-08,2018-01
534,c4af86330efa7a2620772227d2d670c9,5396.00,0.17253635,0.00039701,0.79628151,3,2018-01,2018-06
535,23c38debaffe4a25a30fdbd9b586a13f,5382.18,0.17285945,0.00039599,0.79667750,5,2018-04,2018-08
536,3be634553519fb6536a03e1358e9fdc7,5370.95,0.17318255,0.00039517,0.79707267,14,2017-07,2018-08
537,b6d44737c043328708f6749c2dbe50bd,5369.60,0.17350565,0.00039507,0.79746773,15,2017-03,2018-08
538,83deb69e889cf80f82be1dc6d5f2d486,5363.01,0.17382876,0.00039458,0.79786232,14,2017-07,2018-08
539,2a261b5b644fa05f4f2700eb93544f2c,5355.00,0.17415186,0.00039399,0.79825631,11,2017-10,2018-08
540,e62b2d6ac10570a035a30bafcf01d263,5340.39,0.17447496,0.00039292,0.79864923,12,2017-09,2018-08
541,0cbcee27c791afa0cdcb08587a2013a8,5324.15,0.17479806,0.00039172,0.79904095,17,2016-10,2018-07
542,c35affa65afd250151285c5917fc1c8a,5279.91,0.17512116,0.00038847,0.79942941,6,2017-11,2018-06
543,e06f09ec0a4aca210779cf1cfc63cf19,5279.49,0.17544426,0.00038844,0.79981785,7,2017-06,2017-12
544,02ecc2a19303f05e59ce133fd923fff7,5264.19,0.17576737,0.00038731,0.80020516,11,2017-06,2018-08
545,e9c6969d40e6a3d2d0f90013165c2b98,5239.98,0.17609047,0.00038553,0.80059069,5,2017-11,2018-06
546,5bffbafbb22daf6d3bfc216a46db8708,5239.70,0.17641357,0.00038551,0.80097620,5,2017-02,2017-06
547,4d0041cdbe51b4617d95c70b19decc74,5235.20,0.17673667,0.00038518,0.80136138,3,2018-05,2018-07
548,099095b050cfe8eb1ddff5317587e96e,5193.83,0.17705977,0.00038213,0.80174351,6,2017-12,2018-08
549,b39d7fe263ef469605dbb32608aee0af,5193.10,0.17738288,0.00038208,0.80212559,10,2017-09,2018-08
550,f67efa3f0b6761102a7f8c6b7b571f5d,5188.68,0.17770598,0.00038176,0.80250735,11,2016-10,2018-04
551,f680f85bee2d253556ac91be391d2c82,5183.92,0.17802908,0.00038140,0.80288875,12,2017-09,2018-08
552,5b179e9e8cc7ab6fd113a46ca584da81,5173.50,0.17835218,0.00038064,0.80326939,8,2016-10,2017-09
553,822bad9bc42b51213ba522fe87b7ab5d,5160.00,0.17867528,0.00037965,0.80364904,8,2017-08,2018-06
554,709e16e2b25c7474d980076c6bfc4806,5151.90,0.17899838,0.00037905,0.80402809,11,2017-10,2018-08
555,d566c37fa119d5e66c4e9052e83ee4ea,5145.70,0.17932149,0.00037859,0.80440668,6,2018-03,2018-08
556,afe0067131b73e40875c9b6c10bd2e21,5130.40,0.17964459,0.00037747,0.80478415,13,2017-02,2018-06
557,835f0f7810c76831d6c7d24c7a646d4d,5130.00,0.17996769,0.00037744,0.80516158,13,2017-02,2018-02
558,fad44952713764836814be105382aee5,5129.00,0.18029079,0.00037736,0.80553895,7,2018-01,2018-08
559,f84fa566034f5e8e880a07ec624c56af,5093.79,0.18061389,0.00037477,0.80591372,9,2017-07,2018-08
560,f7496d659ca9fdaf323c0aae84176632,5087.57,0.18093700,0.00037432,0.80628804,16,2016-10,2018-08
561,9674754b5a0cb32b638cec001178f799,5069.92,0.18126010,0.00037302,0.80666105,15,2017-06,2018-08
562,e0878efa0e0b7e5313ac0b43bc04c081,5065.30,0.18158320,0.00037268,0.80703373,5,2017-11,2018-03
563,e067ad2c1c0b48758eb1b5228bcf7a68,5042.55,0.18190630,0.00037100,0.80740474,18,2017-02,2018-08
564,3df020b72d3d44b3af9d110fa3940b65,5039.90,0.18222940,0.00037081,0.80777554,14,2017-07,2018-08
565,3ab971ce71839580d2ae5b4e40fe8044,5002.90,0.18255250,0.00036809,0.80814363,3,2018-06,2018-08
566,1bb2bdb95f4841f1bba2c0d2cd83d3c9,5002.71,0.18287561,0.00036807,0.80851170,15,2017-01,2018-08
567,4bf2f4ee540798a61f9636d12cd9cc80,4995.56,0.18319871,0.00036755,0.80887925,10,2017-03,2018-08
568,45213867cefbf2cd4c6177e10216a951,4955.42,0.18352181,0.00036459,0.80924384,8,2017-01,2017-10
569,dbd66278cbfe1aa1000f90a217ca4695,4928.90,0.18384491,0.00036264,0.80960648,10,2017-11,2018-08
570,e9d99831abad74458942f21e16f33f92,4922.48,0.18416801,0.00036217,0.80996865,20,2017-01,2018-08
571,9df5750209b83567ec144eb299d7d634,4917.00,0.18449111,0.00036177,0.81033042,8,2016-10,2018-07
572,503c1de08ae81a2d86f17951b204db55,4906.99,0.18481422,0.00036103,0.81069145,12,2017-06,2018-07
573,822b63912576852aea9a8436d72317b7,4905.69,0.18513732,0.00036093,0.81105239,2,2016-10,2017-01
574,d66c305afaec317ebee552073a674429,4886.46,0.18546042,0.00035952,0.81141190,4,2017-01,2017-05
575,abcd2cb37d46c2c8fb1bf071c859fc5b,4880.22,0.18578352,0.00035906,0.81177096,15,2017-05,2018-08
576,f789d2c4f2c2eb38fc4373e7a4b35264,4864.24,0.18610662,0.00035788,0.81212885,13,2017-04,2018-08
577,0d85bbda9889ce1f7e63778d24f346eb,4845.20,0.18642973,0.00035648,0.81248533,12,2017-03,2018-03
578,45d33f715e24d15a6ccf5c17b3a23e3c,4838.23,0.18675283,0.00035597,0.81284130,15,2016-10,2018-08
579,1336efc61c316ddf92c899eb817f7cae,4837.31,0.18707593,0.00035590,0.81319721,19,2017-01,2018-08
580,9add47bf45ce8e8c7db6b9cf670b1e09,4829.24,0.18739903,0.00035531,0.81355252,14,2017-02,2018-08
581,4c498c7345e89aebad651544829beca0,4819.76,0.18772213,0.00035461,0.81390713,9,2017-12,2018-08
582,ce69a8021d18961dd2a40269b7c2c293,4818.00,0.18804523,0.00035448,0.81426161,6,2018-03,2018-08
583,8f580d36c1e9d6fbce95283403c7d447,4813.25,0.18836834,0.00035413,0.81461574,6,2017-12,2018-08
584,c12b92bf1c350f3e6bf88d3596219c86,4808.78,0.18869144,0.00035380,0.81496955,4,2018-05,2018-08
585,f6122bc84774df1b372bdb3bb88ddb9f,4799.87,0.18901454,0.00035315,0.81532270,3,2017-10,2018-03
586,2a7dc43cecabf23403078e2188437d1d,4795.91,0.18933764,0.00035286,0.81567555,8,2017-11,2018-06
587,fcdd820084f17e9982427971e4e9d47f,4783.99,0.18966074,0.00035198,0.81602753,6,2018-03,2018-08
588,dfa0c4c6229ab200a4a1336b4d7128ff,4777.10,0.18998384,0.00035147,0.81637901,4,2018-05,2018-08
589,7e3f87d16fb353f408d467e74fbd8014,4754.99,0.19030695,0.00034985,0.81672885,14,2017-06,2018-08
590,b2479f944e1b90cf8a5de1bbfde284d6,4752.51,0.19063005,0.00034966,0.81707852,8,2018-01,2018-08
591,acce39e832338debb07b02385cde5967,4748.10,0.19095315,0.00034934,0.81742786,4,2018-05,2018-08
592,0176f73cc1195f367f7b32db1e5b3aa8,4733.10,0.19127625,0.00034824,0.81777609,9,2017-11,2018-08
593,30a2f535bb48308f991d0b9ad4a8c4bb,4731.30,0.19159935,0.00034810,0.81812420,16,2017-02,2018-07
594,0307f7565ff85b299b6e5ef162b1b1a9,4728.80,0.19192246,0.00034792,0.81847212,4,2016-10,2017-05
595,06579cb253ecd5a3a12a9e6eb6bf8f47,4727.20,0.19224556,0.00034780,0.81881992,13,2017-08,2018-08
596,ad420dd0c4f92f8af951ac24b86d0cf5,4705.29,0.19256866,0.00034619,0.81916611,13,2017-04,2018-08
597,582d4f8675b945722eda7c0cb61ba4c7,4702.96,0.19289176,0.00034602,0.81951213,19,2017-01,2018-08
598,c004e5ea15737026cecaee0447e00b75,4700.00,0.19321486,0.00034580,0.81985793,1,2018-08,2018-08
599,c9a06ece156bb057372c68718ec8909b,4688.90,0.19353796,0.00034498,0.82020291,3,2016-10,2017-02
600,537eb890efff034a88679788b647c564,4679.70,0.19386107,0.00034431,0.82054722,14,2017-07,2018-08
601,968268a686aa05d1f529fb07dff08130,4677.29,0.19418417,0.00034413,0.82089135,7,2018-01,2018-08
602,8931a84a914b3fe9b1ddaa4d704947ca,4668.30,0.19450727,0.00034347,0.82123482,15,2017-03,2018-07
603,1a932caad4f9d804097d7f8e615baed1,4661.00,0.19483037,0.00034293,0.82157775,4,2018-05,2018-08
604,ef990a83bbea832f36ebe81376335aa8,4642.59,0.19515347,0.00034158,0.82191933,8,2017-11,2018-08
605,a3dd39f583bc80bd8c5901c95878921e,4607.81,0.19547658,0.00033902,0.82225834,8,2017-08,2018-04
606,31da954dc0855f2495c6310f70a2f931,4583.00,0.19579968,0.00033719,0.82259554,9,2017-09,2018-08
607,2addf05f476d0637864454e93ba673d5,4552.00,0.19612278,0.00033491,0.82293045,8,2017-08,2018-03
608,c68fb906c8f4b4b946d8386bfa6e5467,4541.16,0.19644588,0.00033411,0.82326456,16,2017-03,2018-07
609,834f8533b2ecb6598dd004ff3de7203a,4538.29,0.19676898,0.00033390,0.82359847,15,2017-01,2018-08
610,1fe5540d7c1c37a595fefbacd5570d9e,4537.60,0.19709208,0.00033385,0.82393232,1,2018-08,2018-08
611,37dd29b36c458d82f74a953c40c43645,4536.99,0.19741519,0.00033381,0.82426612,6,2017-10,2018-05
612,13fa2a6c6b9d0f43cb588d7c82117a12,4528.00,0.19773829,0.00033315,0.82459927,3,2017-06,2017-09
613,c840d3fdbba0790404fdae73d253b253,4522.28,0.19806139,0.00033273,0.82493200,5,2017-10,2018-06
614,180c3376aff0e43dd5788709df48a843,4513.00,0.19838449,0.00033204,0.82526404,4,2017-08,2018-01
615,6288c69c4ce638e59925e59193f98b16,4506.28,0.19870759,0.00033155,0.82559559,11,2017-03,2018-08
616,b561927807645834b59ef0d16ba55a24,4501.99,0.19903069,0.00033123,0.82592682,8,2018-01,2018-08
617,fc906263ca5083d09dce42fe02247800,4497.70,0.19935380,0.00033092,0.82625773,8,2017-04,2017-12
618,55d3daac7c404d59e51c2aa2f4dc5a23,4480.60,0.19967690,0.00032966,0.82658739,13,2017-05,2018-08
619,2ff97219cb8622eaf3cd89b7d9c09824,4476.90,0.20000000,0.00032939,0.82691678,7,2018-02,2018-08
620,e81e1f9c3e762e620f3fb60a51499e16,4465.99,0.20032310,0.00032858,0.82724536,8,2017-05,2018-04
621,4d600e08ecbe08258c79e536c5a42fee,4465.34,0.20064620,0.00032854,0.82757390,4,2016-10,2017-03
622,bbad7e518d7af88a0897397ffdca1979,4462.22,0.20096931,0.00032831,0.82790220,15,2017-06,2018-08
623,8bd0f31cf0a614c658f6763bd02dea69,4455.34,0.20129241,0.00032780,0.82823000,13,2017-01,2018-08
624,b90e891671cffd9557f33a97dc523645,4449.00,0.20161551,0.00032733,0.82855734,12,2017-08,2018-08
625,2e3be8a987a30d7544dbbda6861cc14e,4430.84,0.20193861,0.00032600,0.82888334,12,2017-02,2018-07
626,d379f449f2a3b271bc01c0782020f705,4423.06,0.20226171,0.00032542,0.82920876,15,2017-01,2018-08
627,0ef83d7d83ed97cd2a0049ac8be5f88a,4421.01,0.20258481,0.00032527,0.82953403,10,2017-11,2018-08
628,f021c962aaba8ef6eb527a9c2c8394d1,4398.50,0.20290792,0.00032362,0.82985765,3,2017-05,2017-08
629,beadbee30901a7f61d031b6b686095ad,4373.98,0.20323102,0.00032181,0.83017947,4,2018-05,2018-08
630,15aac934c58d886785ac1b17953ea898,4353.90,0.20355412,0.00032034,0.83049980,9,2017-10,2018-06
631,eed78ac17f7f795a19a709745f00cd4e,4349.50,0.20387722,0.00032001,0.83081982,10,2017-08,2018-07
632,a3f0b55de503387383c7b1de3ad7f678,4348.40,0.20420032,0.00031993,0.83113975,7,2017-09,2018-05
633,c500367424994318b9e779ff1ae9a330,4346.40,0.20452342,0.00031978,0.83145953,4,2017-09,2017-12
634,65febd49fd28ec955651299159b1f527,4319.70,0.20484653,0.00031782,0.83177735,5,2018-04,2018-08
635,23613d49c3ac2bd302259e55c06c050c,4293.00,0.20516963,0.00031586,0.83209321,19,2016-10,2018-08
636,9803a40e82e45418ab7fb84091af5231,4278.75,0.20549273,0.00031481,0.83240802,4,2018-05,2018-08
637,282c7480173bb9c01dd41cc739fec010,4274.20,0.20581583,0.00031447,0.83272249,1,2017-08,2017-08
638,cc5a78bbad32776dc4e3af205218368c,4269.18,0.20613893,0.00031410,0.83303659,4,2018-05,2018-08
639,1fdc574883ef3b33ad41562d93f3a74a,4251.00,0.20646204,0.00031277,0.83334936,9,2017-11,2018-07
640,43f8c9950d11ecd03a0304a49e010da6,4249.59,0.20678514,0.00031266,0.83366202,9,2017-07,2018-05
641,9b1585752613ec342d03bbab9997ec48,4248.98,0.20710824,0.00031262,0.83397464,1,2018-08,2018-08
642,6ec1a01e866584bb679eb9b098345919,4248.91,0.20743134,0.00031261,0.83428725,13,2017-07,2018-08
643,3c03b12bab54d8b37d79d914bfdb1aa0,4236.34,0.20775444,0.00031169,0.83459894,9,2017-12,2018-08
644,98dac6635aee4995d501a3972e047414,4235.85,0.20807754,0.00031165,0.83491059,16,2017-04,2018-08
645,8b9d6eec4a7eb7d0f9d579ce0b38324d,4232.54,0.20840065,0.00031141,0.83522199,4,2018-05,2018-08
646,8a130737016f838139d31878787a39c9,4222.03,0.20872375,0.00031063,0.83553263,8,2017-12,2018-07
647,6b3bd31ad8fcda4b2635ec9f3ff2ecdf,4198.90,0.20904685,0.00030893,0.83584156,6,2018-03,2018-08
648,8bb48dc19fccaa8613b6229bf7f452a2,4190.72,0.20936995,0.00030833,0.83614989,10,2017-10,2018-07
649,891071be6ba827b591264c90c2ae8a63,4177.28,0.20969305,0.00030734,0.83645723,14,2017-01,2018-08
650,cac4c8e7b1ca6252d8f20b2fc1a2e4af,4168.18,0.21001616,0.00030667,0.83676391,18,2016-10,2018-08
651,5c030029b5916fed0986310385ec9009,4164.40,0.21033926,0.00030639,0.83707030,3,2018-06,2018-08
652,bccf933e006e9b94a6184af782963e77,4162.74,0.21066236,0.00030627,0.83737657,9,2017-10,2018-08
653,f76a3b1349b6df1ee875d1f3fa4340f0,4160.79,0.21098546,0.00030613,0.83768270,7,2018-01,2018-08
654,cd6efc47efaabf134f8bdb654e10b4f1,4158.55,0.21130856,0.00030596,0.83798866,9,2017-11,2018-08
655,6fc26fe110feebd80a433e1f012a84f9,4150.87,0.21163166,0.00030540,0.83829406,17,2017-01,2018-08
656,d20b021d3efdf267a402c402a48ea64b,4140.17,0.21195477,0.00030461,0.83859867,16,2017-02,2018-07
657,681fce914360217db47784ae28905a96,4127.33,0.21227787,0.00030367,0.83890234,8,2017-10,2018-07
658,42b729f859728f5079499127a9c2ef37,4118.86,0.21260097,0.00030304,0.83920538,8,2018-01,2018-08
659,e883aa812c37a7413226856f4579fe91,4097.10,0.21292407,0.00030144,0.83950683,7,2018-02,2018-08
660,2a167ca73899c85001a837d8fb4962f6,4097.00,0.21324717,0.00030144,0.83980826,1,2018-07,2018-07
661,382229d1e840115ffe3dbf5ff460e417,4096.96,0.21357027,0.00030143,0.84010969,5,2018-04,2018-08
662,951e8cef368f09bb3f3d03c00ca4702c,4092.29,0.21389338,0.00030109,0.84041078,5,2018-04,2018-08
663,99002261c568a84cce14d43fcffb43ea,4088.00,0.21421648,0.00030077,0.84071156,10,2017-10,2018-08
664,b17b679f4f5ce2e03ce6968c62648246,4084.75,0.21453958,0.00030053,0.84101209,13,2016-10,2018-05
665,2199e7fe213c16213bf5d6a7eadc9a5d,4078.29,0.21486268,0.00030006,0.84131215,17,2016-10,2018-08
666,ec8879960bd2221d5c32f8e12f7da711,4062.40,0.21518578,0.00029889,0.84161104,12,2017-05,2018-04
667,d5ba419e26d246a0719437cf37d9b46d,4061.40,0.21550889,0.00029882,0.84190985,10,2017-05,2018-08
668,f35b3c613c4f7b2275f4185d0a3c59ec,4047.25,0.21583199,0.00029777,0.84220763,5,2018-02,2018-06
669,a0415d9b25ede3c4b1e477e9916ffc03,4044.10,0.21615509,0.00029754,0.84250517,5,2017-04,2018-01
670,715bbd5ba4e6b74cb0d2f29eb45058b0,4043.30,0.21647819,0.00029748,0.84280266,12,2017-09,2018-08
671,3c7c4a49ec3c6550809089c6a2ca9370,4033.64,0.21680129,0.00029677,0.84309943,12,2017-09,2018-08
672,e70053bf73d1b5863932e53a9fa47496,4025.00,0.21712439,0.00029614,0.84339557,5,2018-02,2018-08
673,55a5b51f93f2b70ea513f5a047b0262a,4002.30,0.21744750,0.00029447,0.84369004,7,2017-04,2017-10
674,cb41bfbcbda0aea354a834ab222f9a59,4002.00,0.21777060,0.00029445,0.84398448,7,2017-11,2018-07
675,6b333a05bf188ef3e1f1662a86bd9855,3990.91,0.21809370,0.00029363,0.84427811,6,2018-01,2018-08
676,1b938a7ec6ac5061a66a3766e0e75f90,3987.60,0.21841680,0.00029339,0.84457150,10,2017-09,2018-08
677,bede56095ba33c42038fb85f707b8a42,3973.90,0.21873990,0.00029238,0.84486387,2,2017-08,2017-12
678,50c9975695009e5e6473912e83a6d1da,3964.40,0.21906300,0.00029168,0.84515555,16,2017-02,2018-07
679,bf3c6d2a28b2b5501e6c15448982dcc9,3956.50,0.21938611,0.00029110,0.84544665,10,2017-05,2018-05
680,3f995f07c49d0d55a99d5c54957f7d81,3955.70,0.21970921,0.00029104,0.84573769,12,2017-04,2018-08
681,81f89e42267213cb94da7ddc301651da,3955.00,0.22003231,0.00029099,0.84602868,1,2018-08,2018-08
682,d12c926d74ceff0a90a21184466ce161,3944.18,0.22035541,0.00029019,0.84631887,18,2016-10,2018-05
683,11bfa66332777660bd0640ee84d47006,3925.87,0.22067851,0.00028884,0.84660771,12,2017-09,2018-08
684,fde0cc9ea29c8ccfc0a2c22256a58c71,3922.00,0.22100162,0.00028856,0.84689627,11,2017-10,2018-08
685,232a6014e7b10cba61c6c2b2ea6bb4b0,3919.87,0.22132472,0.00028840,0.84718468,13,2017-02,2018-07
686,7f152321c60a266edc53af1925ef96c1,3919.80,0.22164782,0.00028840,0.84747307,10,2017-08,2018-08
687,d673a59aac7a70d8b01e6902bf090a11,3908.94,0.22197092,0.00028760,0.84776067,11,2017-10,2018-08
688,79ed755314cfe6df0daef2c6cd3022cd,3907.50,0.22229402,0.00028749,0.84804817,9,2017-02,2018-08
689,3361277dc30b7cccdb0c286b24219756,3905.05,0.22261712,0.00028731,0.84833548,16,2017-02,2018-08
690,f00e21b1e91a79653163b7fd8f293ff1,3900.09,0.22294023,0.00028695,0.84862243,10,2017-03,2017-12
691,271c58a1d139c45eaf3316107c6d3a3b,3897.52,0.22326333,0.00028676,0.84890919,4,2018-05,2018-08
692,6a0cbc8af2e8abd1bdfb777943d174c6,3894.05,0.22358643,0.00028650,0.84919569,12,2017-05,2018-07
693,14d7985702e72162bbf13b6beb74ab2b,3887.00,0.22390953,0.00028598,0.84948167,15,2017-03,2018-08
694,02f5837340d7eb4f653d676c7256523a,3883.05,0.22423263,0.00028569,0.84976737,8,2017-11,2018-08
695,8090490573c6c0aa343a7231ebcb8c86,3871.12,0.22455574,0.00028482,0.85005218,10,2017-09,2018-08
696,42fa4ee7240e9b8eb4576358ec142ba7,3845.70,0.22487884,0.00028295,0.85033513,6,2018-02,2018-07
697,7d76b645482be4a332374e8223836592,3843.93,0.22520194,0.00028282,0.85061794,14,2017-07,2018-08
698,8ed8ea9a57c862f2c18c2fe41f601d56,3831.90,0.22552504,0.00028193,0.85089988,3,2018-04,2018-06
699,13d058e4eeac2ce8217660b2f8a05812,3829.77,0.22584814,0.00028177,0.85118165,9,2017-05,2018-07
700,3f3486b61f45078d4f31ee5e43d8c5bb,3829.73,0.22617124,0.00028177,0.85146342,9,2017-12,2018-08
701,6860153b69cc696d5dcfe1cdaaafcf62,3827.63,0.22649435,0.00028162,0.85174504,9,2017-11,2018-08
702,f0b47fbbc6dee9aafe415a6e33051b3f,3795.91,0.22681745,0.00027928,0.85202432,8,2017-07,2018-08
703,2e13c71026e1a39ba5cc1b86dcb679aa,3793.00,0.22714055,0.00027907,0.85230339,9,2017-12,2018-08
704,38874e327ce94d11390b96eb42d61928,3779.94,0.22746365,0.00027811,0.85258150,4,2016-10,2017-10
705,5d9dc90a686a8fddacffab6bab5653a3,3761.94,0.22778675,0.00027678,0.85285828,9,2017-10,2018-08
706,edf96ef93ed595084bbcbd9224bd2894,3757.00,0.22810985,0.00027642,0.85313470,14,2017-02,2018-08
707,2d2c62bef4c8ba0dd74e0e228e808539,3749.00,0.22843296,0.00027583,0.85341053,8,2017-11,2018-08
708,1d0997ff06b524ce9289ffd75114ecd3,3747.00,0.22875606,0.00027568,0.85368621,3,2017-01,2017-11
709,3c4e0452bff7a2a788179488d3d77032,3746.40,0.22907916,0.00027564,0.85396185,4,2017-12,2018-03
710,eb4df17aed01d918c65f0f8d650900c0,3739.87,0.22940226,0.00027516,0.85423701,6,2017-11,2018-08
711,602044f2c16190c2c6e45eb35c2e21cb,3739.16,0.22972536,0.00027511,0.85451212,10,2017-10,2018-08
712,0509040ea3fe50071181bbc359eb7738,3737.95,0.23004847,0.00027502,0.85478714,16,2017-05,2018-08
713,77e4abfd739aed9c46480f90f81c0eb4,3736.99,0.23037157,0.00027495,0.85506209,8,2018-01,2018-08
714,8f119a0aee85c0c8fc534629734e94fd,3733.68,0.23069467,0.00027470,0.85533679,18,2017-01,2018-08
715,66dc1b1632bd6a3e508510c5b3492107,3721.39,0.23101777,0.00027380,0.85561059,11,2017-07,2018-08
716,23a0ffca143a15b9b5bbdb7d552f626a,3718.51,0.23134087,0.00027359,0.85588418,6,2018-03,2018-08
717,822166ed1e47908f7cfb49946d03c726,3714.83,0.23166397,0.00027332,0.85615750,14,2017-05,2018-07
718,ec80e49e69745ab6c14f984bf2149423,3709.00,0.23198708,0.00027289,0.85643038,6,2018-02,2018-08
719,99a54764c341d5dc80b4a8fac4eba3fb,3708.76,0.23231018,0.00027287,0.85670325,5,2018-04,2018-08
720,a44fb5a447105f8469bdf16bf9159f25,3706.10,0.23263328,0.00027267,0.85697593,8,2017-11,2018-08
721,f3da5b2ff499efb8d4a6d371d175d7dd,3702.29,0.23295638,0.00027239,0.85724832,9,2017-11,2018-07
722,520b493b57809f446cb0a233bb3e25c7,3698.90,0.23327948,0.00027215,0.85752047,10,2017-03,2017-12
723,c0563dd588b775f2e37747ef6ad6c92c,3697.20,0.23360258,0.00027202,0.85779249,15,2017-02,2018-08
724,4559697a8f7e637227c2eeaed843baff,3696.00,0.23392569,0.00027193,0.85806442,12,2017-02,2018-06
725,38e679b9e0064cd94c6f035707344dae,3694.51,0.23424879,0.00027182,0.85833624,10,2016-10,2018-01
726,5f5b43b2bffa8656e4bc6efeb13cc649,3677.20,0.23457189,0.00027055,0.85860679,6,2017-11,2018-06
727,b1fecf4da1fa2689bccffa0121953643,3669.64,0.23489499,0.00026999,0.85887678,5,2016-10,2017-05
728,2745f798279e0ed033addcc1474776d7,3668.53,0.23521809,0.00026991,0.85914669,10,2017-08,2018-05
729,c731d18cea9bf687ffee82a241c25b11,3662.00,0.23554120,0.00026943,0.85941612,14,2017-02,2018-08
730,df560393f3a51e74553ab94004ba5c87,3661.18,0.23586430,0.00026937,0.85968549,13,2016-10,2018-03
731,33ac3e28642ab8bda860a2f693000e78,3661.03,0.23618740,0.00026936,0.85995485,17,2017-02,2018-07
732,8b2492b7ff4468839593fafeed55bad9,3660.08,0.23651050,0.00026929,0.86022414,12,2017-08,2018-07
733,56642bcb79900e777d68e91915cb4267,3657.64,0.23683360,0.00026911,0.86049325,16,2016-10,2018-07
734,7f2617c58d5d06806987308b45654351,3656.80,0.23715670,0.00026905,0.86076230,11,2017-04,2018-06
735,5d3bb11474a06bdc23fb9e89f1164ee0,3654.60,0.23747981,0.00026889,0.86103119,11,2017-07,2018-08
736,e49c26c3edfa46d227d5121a6b6e4d37,3654.25,0.23780291,0.00026886,0.86130005,13,2017-02,2018-07
737,f97e2b0650c2068227e1d366140eb62f,3654.00,0.23812601,0.00026884,0.86156889,10,2017-06,2018-08
738,6bb0724edf0b62fb91ac404873a97241,3653.00,0.23844911,0.00026877,0.86183766,10,2017-02,2018-04
739,406822777a0b9eb5c50e442dd4cd3ec5,3648.08,0.23877221,0.00026841,0.86210606,11,2017-10,2018-08
740,ed4311e67debd72b8610a5347a743087,3636.00,0.23909532,0.00026752,0.86237358,5,2017-12,2018-08
741,1eade46fba20122dc4aefb379f8c636b,3635.37,0.23941842,0.00026747,0.86264105,15,2017-02,2018-07
742,96804ea39d96eb908e7c3afdb671bb9e,3610.70,0.23974152,0.00026566,0.86290671,14,2017-02,2018-04
743,21e83881401b92b49fb09a16d3852291,3588.05,0.24006462,0.00026399,0.86317070,7,2017-03,2018-01
744,3364a91ec4d56c98e44174de954b94f6,3579.94,0.24038772,0.00026339,0.86343409,4,2017-04,2017-08
745,3c010235b7345c92f125d14ee232a76b,3578.00,0.24071082,0.00026325,0.86369734,2,2018-07,2018-08
746,3d8fa2f5b647373c8620330c4e077a9f,3571.73,0.24103393,0.00026279,0.86396013,5,2018-04,2018-08
747,f2336e113377dd21c744d9c4fc8293a9,3563.00,0.24135703,0.00026215,0.86422227,3,2017-02,2017-09
748,218f991754f360af9c2daa5e0b8e990c,3554.32,0.24168013,0.00026151,0.86448378,7,2017-12,2018-08
749,585175ec331ea177fa47199e39a6170a,3549.00,0.24200323,0.00026112,0.86474490,1,2017-02,2017-02
750,71039d19d4303bf9054d69e9a9236699,3537.20,0.24232633,0.00026025,0.86500515,10,2017-10,2018-08
751,276677b5d08786d5dce7c2149dcce48b,3522.00,0.24264943,0.00025913,0.86526427,7,2018-02,2018-08
752,6750d71153f00fc58829af2a8ef1bcf1,3514.00,0.24297254,0.00025854,0.86552282,6,2017-03,2017-08
753,e7d5b006eb624f13074497221eb37807,3478.93,0.24329564,0.00025596,0.86577878,7,2017-08,2018-07
754,244b04680fdbded0acf5aebd9c92b44a,3477.70,0.24361874,0.00025587,0.86603465,2,2017-12,2018-03
755,8ff38bc3969e67c36c48343a07090f66,3472.00,0.24394184,0.00025545,0.86629010,2,2017-08,2017-09
756,ed46f1eb4a638113deb2a1137b5f22e9,3470.00,0.24426494,0.00025530,0.86654540,2,2018-07,2018-08
757,bce6a5ecf98e99fd2a8868b15c51f04b,3464.90,0.24458805,0.00025493,0.86680033,3,2018-06,2018-08
758,f0837c8d71434931d9e38e7b79234797,3446.90,0.24491115,0.00025360,0.86705394,7,2017-11,2018-08
759,994f04b3718c2bab35c2adfa8afecd2a,3445.70,0.24523425,0.00025352,0.86730745,10,2017-11,2018-08
760,1b8356dabde1d35e17cef975c3f82730,3426.39,0.24555735,0.00025210,0.86755955,10,2017-02,2017-11
761,c394e193cda3b4225ff2094d32184849,3419.88,0.24588045,0.00025162,0.86781116,2,2018-04,2018-05
762,4677a5437afda5fa7140b927b07be1cc,3415.70,0.24620355,0.00025131,0.86806247,4,2018-04,2018-08
763,f4db9b37944bcb8873e6b456ee190bbf,3409.78,0.24652666,0.00025087,0.86831335,10,2017-04,2018-08
764,827f8f69dfa529c561901c4f2e0f332f,3408.39,0.24684976,0.00025077,0.86856412,15,2016-10,2018-03
765,070d165398b553f3b4b851c216b8a358,3393.16,0.24717286,0.00024965,0.86881377,12,2017-08,2018-08
766,cfd7ddab722b902f7ac5b5f3ba6d723d,3385.03,0.24749596,0.00024905,0.86906282,3,2018-06,2018-08
767,960945e1a9535cbc0cd6ddd35fbe7ae8,3381.73,0.24781906,0.00024881,0.86931163,4,2018-05,2018-08
768,2d50d6282f8aa2257819a77bfaa0efe0,3353.48,0.24814216,0.00024673,0.86955836,12,2017-08,2018-08
769,db4350fd57ae30082dec7acbaacc17f9,3331.31,0.24846527,0.00024510,0.86980346,17,2017-03,2018-08
770,6481e96574816ead57975da2c0f6d80d,3324.90,0.24878837,0.00024463,0.87004809,7,2017-12,2018-07
771,6b90f847357d8981edd79a1eb1bf0acb,3322.08,0.24911147,0.00024442,0.87029251,3,2018-06,2018-08
772,8c3b533c63cca56240f94f1e3a6b18ef,3312.16,0.24943457,0.00024369,0.87053620,4,2017-02,2017-08
773,a2b5b6105ea5942300631d2e76f4ffe0,3286.69,0.24975767,0.00024182,0.87077802,4,2018-05,2018-08
774,54c04bdb5ec46762f8f08c7e8f86ed4a,3281.66,0.25008078,0.00024145,0.87101946,7,2018-02,2018-08
775,5b51032eddd242adc84c38acab88f23d,3280.00,0.25040388,0.00024132,0.87126079,7,2017-10,2018-06
776,643214e62b870443ccbe55ab29a4dccf,3270.13,0.25072698,0.00024060,0.87150139,12,2017-09,2018-08
777,52562a9f449c3dc3d53f5f5b9ed74903,3266.60,0.25105008,0.00024034,0.87174173,10,2017-04,2018-04
778,aeb36d67f1414f234d42a29e27cf1f17,3263.80,0.25137318,0.00024013,0.87198186,3,2018-05,2018-08
779,594f9aaa48e5bf431f011ddc5669b0d5,3248.80,0.25169628,0.00023903,0.87222089,5,2018-04,2018-08
780,a938325a4b357fd23a6a4d5bb126408e,3231.00,0.25201939,0.00023772,0.87245861,10,2017-09,2018-08
781,c64a2aec32cc408a8a4c6d7c46017f91,3221.50,0.25234249,0.00023702,0.87269563,4,2017-11,2018-02
782,afa6714acee029b2dfdf357e5579cc03,3220.76,0.25266559,0.00023697,0.87293259,10,2016-10,2018-08
783,95f83f51203c626648c875dd41874c7f,3217.46,0.25298869,0.00023672,0.87316932,10,2017-11,2018-08
784,4c18691b6037662be2df78a765d98ab5,3195.52,0.25331179,0.00023511,0.87340443,7,2018-02,2018-08
785,bb7a14e229b1c95156719c3d9552eeee,3190.10,0.25363489,0.00023471,0.87363914,5,2017-10,2018-04
786,d57e18d5f73c7ccb7f7339b61166898d,3187.70,0.25395800,0.00023453,0.87387367,12,2017-09,2018-08
787,e48b04bf1aa1ef711caebeb7aede6180,3187.10,0.25428110,0.00023449,0.87410816,15,2017-01,2018-07
788,e89c4adbe7b1d0819dbb636e16461cf1,3181.30,0.25460420,0.00023406,0.87434222,8,2018-01,2018-08
789,5c6d4016c2a288f074fa0848a2b653d2,3159.00,0.25492730,0.00023242,0.87457465,12,2017-09,2018-08
790,870d0118f7a9d85960f29ad89d5d989a,3157.20,0.25525040,0.00023229,0.87480694,16,2017-04,2018-08
791,c8b3445d737de6befde0c88ede534a5e,3149.04,0.25557351,0.00023169,0.87503862,8,2017-11,2018-06
792,5bc24d989e71e93c33e50a7782431b0e,3148.00,0.25589661,0.00023161,0.87527024,4,2018-05,2018-08
793,f326006815956455b2859abd58fe7e39,3147.16,0.25621971,0.00023155,0.87550179,6,2017-11,2018-08
794,3cfa1358a6caa965278721344c8d76f2,3140.28,0.25654281,0.00023104,0.87573283,3,2018-04,2018-06
795,b1ac6ea7895bc3dd6f0f6f4abbdd2821,3139.00,0.25686591,0.00023095,0.87596378,11,2017-03,2018-01
796,238fac594e170b59c6d228f5a4f4f1d9,3126.00,0.25718901,0.00022999,0.87619378,11,2017-10,2018-08
797,430315b7bb4b6e4b3c978f9dfa9b0558,3118.40,0.25751212,0.00022944,0.87642321,7,2018-01,2018-08
798,3bdff180c7e1f6551a643b99c265a120,3114.90,0.25783522,0.00022918,0.87665239,15,2017-02,2018-04
799,5b35136197710e16ac5e7b7c2bd4ea85,3104.20,0.25815832,0.00022839,0.87688078,6,2017-08,2018-03
800,08cdbae123ff67ca4e36d9d641ce0119,3098.99,0.25848142,0.00022801,0.87710879,2,2018-02,2018-07
801,f61c63d13f7cd800549d5acdd390ae72,3072.30,0.25880452,0.00022604,0.87733483,11,2017-09,2018-08
802,bd697db56ff8e7c9cd1abeb7f72029b2,3069.78,0.25912763,0.00022586,0.87756069,12,2017-02,2018-08
803,aae3bfea055532c57fb453ed3ec80b30,3057.92,0.25945073,0.00022499,0.87778568,13,2017-01,2018-05
804,612a743d294c27884fb7b80d2b19ba35,3057.70,0.25977383,0.00022497,0.87801064,2,2017-01,2018-08
805,d9e8c084b68fe958861d8f2c21202e6b,3050.00,0.26009693,0.00022440,0.87823505,6,2017-10,2018-07
806,b8555308bfdb4ca1ed54325a58da9a97,3047.20,0.26042003,0.00022420,0.87845924,9,2017-12,2018-08
807,0ebd97a106433a45a4aebe57c1799778,3046.80,0.26074313,0.00022417,0.87868341,14,2017-05,2018-07
808,9646c3513289980f17226a2fc4720dbd,3039.30,0.26106624,0.00022362,0.87890703,19,2017-01,2018-08
809,4da0e408c99d2fdc2126dc9fce518060,3026.00,0.26138934,0.00022264,0.87912966,17,2017-01,2018-08
810,d17f467e4bf608a510c20d82f4ba3b6b,3021.66,0.26171244,0.00022232,0.87935198,1,2018-07,2018-07
811,4c8545742faaf58fafd5fd14d25d75cf,3020.00,0.26203554,0.00022220,0.87957418,3,2018-03,2018-05
812,55f7a3319d80f7fdf078b8f03e6725fe,3013.78,0.26235864,0.00022174,0.87979591,2,2018-07,2018-08
813,f4aba7c0bca51484c30ab7bdc34bcdd1,3009.79,0.26268174,0.00022144,0.88001736,8,2016-10,2017-07
814,49e7217cfe4e427191c378ec626d8737,3002.70,0.26300485,0.00022092,0.88023828,7,2017-05,2018-05
815,c9aafcd0621b2207c10e32c649cada4d,2997.25,0.26332795,0.00022052,0.88045880,2,2018-07,2018-08
816,5bc55dbe2f12b6af6d83ed46023e0dc8,2992.10,0.26365105,0.00022014,0.88067894,6,2018-02,2018-08
817,8cbac7e12637ed9cffa18c7875207478,2990.98,0.26397415,0.00022006,0.88089900,18,2017-01,2018-08
818,0c7533c71df861ec58ad7ff999ed0e8d,2989.30,0.26429725,0.00021994,0.88111894,12,2017-07,2018-07
819,974cf2cb8f4b7add98709c30df02fe10,2982.67,0.26462036,0.00021945,0.88133839,11,2017-10,2018-08
820,2156f2671501a81034d7d07f217609d0,2981.50,0.26494346,0.00021936,0.88155775,10,2017-08,2018-07
821,fce62094ffe6a4009188ec44e681dfdd,2969.70,0.26526656,0.00021849,0.88177625,4,2017-02,2018-03
822,432c37c9dfba871172ec162e20118b8c,2968.87,0.26558966,0.00021843,0.88199468,14,2017-03,2018-04
823,b494891378bd8f4560abe576c52deacd,2958.90,0.26591276,0.00021770,0.88221238,3,2018-06,2018-08
824,e908c0f3646e8b60375734a350d95d71,2951.00,0.26623586,0.00021712,0.88242950,1,2017-04,2017-04
825,dd58ee93286b0821565574c570e9e1dc,2948.00,0.26655897,0.00021690,0.88264640,2,2017-01,2017-05
826,1996942dc085d7773ba77a529b163cd0,2943.51,0.26688207,0.00021657,0.88286296,4,2018-05,2018-08
827,60562ab00b8054280520d390c8c0045c,2943.00,0.26720517,0.00021653,0.88307949,10,2017-10,2018-08
828,cb5df0dcb9e280b1780e9d589889f2c7,2934.72,0.26752827,0.00021592,0.88329542,5,2017-01,2017-06
829,be9a160a9011f627c3e121d076c1ec7b,2934.00,0.26785137,0.00021587,0.88351128,6,2017-03,2017-12
830,f44b6f775a2b390380e0e30b5c9d3eee,2930.00,0.26817447,0.00021557,0.88372686,8,2017-06,2018-08
831,606ce7768feac12c5e8bd58db8b08f0f,2916.60,0.26849758,0.00021459,0.88394144,4,2018-04,2018-08
832,a6fe7de3d16f6149ffe280349a8535a0,2904.80,0.26882068,0.00021372,0.88415516,14,2017-07,2018-08
833,b1204cfda1d4948679db3cfc0d3cb95c,2903.70,0.26914378,0.00021364,0.88436880,6,2017-01,2018-07
834,20d83f3ef0e6925fd74bfd59170babf7,2903.60,0.26946688,0.00021363,0.88458243,17,2017-03,2018-08
835,d3dcf0604eabf0224fbd5948b5e02f69,2902.30,0.26978998,0.00021354,0.88479597,5,2018-02,2018-07
836,4305fe92735c8a43d154ff6dd2b8d927,2885.90,0.27011309,0.00021233,0.88500830,6,2017-07,2018-08
837,1771297ac436903d1dd6b0e9279aa505,2881.27,0.27043619,0.00021199,0.88522029,13,2017-01,2018-08
838,cb3dd9ce66268c7a3ca7241ac70ab58c,2879.76,0.27075929,0.00021188,0.88543216,15,2017-02,2018-04
839,1987cd4be10fe09ee50454f9c354d1c6,2877.70,0.27108239,0.00021173,0.88564389,5,2017-10,2018-03
840,b335c59ab742f751a85db9c411a86739,2873.34,0.27140549,0.00021140,0.88585530,9,2016-10,2017-12
841,4342d4b2ba6b161468c63a7e7cfce593,2867.10,0.27172859,0.00021095,0.88606624,4,2017-12,2018-07
842,977f9f63dd360c2a32ece2f93ad6d306,2858.87,0.27205170,0.00021034,0.88627658,11,2017-09,2018-08
843,2a1348e9addc1af5aaa619b1a3679d6b,2843.00,0.27237480,0.00020917,0.88648575,15,2017-01,2018-08
844,491a5ada3aa1678414e990262c4bbdc1,2840.00,0.27269790,0.00020895,0.88669471,2,2017-03,2017-04
845,fec6275253471ace26d209bbaa64cd0f,2840.00,0.27302100,0.00020895,0.88690366,5,2018-01,2018-07
846,d32e3909cfb714fb2a6cb092c85b9c5f,2827.90,0.27334410,0.00020806,0.88711172,6,2017-08,2018-04
847,730937bf88cb151eb2eb849f642fc213,2821.20,0.27366721,0.00020757,0.88731929,4,2018-04,2018-08
848,1838dd9b8977065acf51d95e0053ea7a,2820.30,0.27399031,0.00020750,0.88752679,13,2017-07,2018-08
849,dd533b429f380718b70ad9922c294bae,2819.77,0.27431341,0.00020746,0.88773425,11,2017-03,2018-03
850,f593898ec748b7a8cb81fc04edafd98a,2813.04,0.27463651,0.00020697,0.88794122,6,2017-09,2018-02
851,5f1dc28029d2c244352a68107ec2b542,2807.30,0.27495961,0.00020655,0.88814777,15,2017-01,2018-06
852,3fd1e727ba94cfe122d165e176ce7967,2805.20,0.27528271,0.00020639,0.88835416,5,2017-12,2018-04
853,820cc752a266cdc6c1a1e61dd4583330,2802.80,0.27560582,0.00020621,0.88856037,11,2017-01,2018-04
854,df56d7b40d437f88407c5f78b63bc328,2791.28,0.27592892,0.00020537,0.88876574,5,2017-10,2018-03
855,f7ccf836d21b2fb1de37564105216cc1,2787.40,0.27625202,0.00020508,0.88897082,9,2017-12,2018-08
856,62c50c1af4dfdc4149d25c5222043d39,2785.72,0.27657512,0.00020496,0.88917578,6,2016-10,2017-09
857,ae7ab174effdead6c241e547e4ca13f0,2778.60,0.27689822,0.00020443,0.88938022,3,2018-06,2018-08
858,a17f621c590ea0fab3d5d883e1630ec6,2778.58,0.27722132,0.00020443,0.88958465,14,2017-03,2018-04
859,8d79c8a04e42d722a75097ce5cbcf2ef,2777.72,0.27754443,0.00020437,0.88978902,11,2017-01,2018-03
860,f125f3a310c2e5f822d116147de1e474,2761.40,0.27786753,0.00020317,0.88999219,8,2018-01,2018-08
861,8f54d64f28a993550aa7943f12572959,2755.50,0.27819063,0.00020273,0.89019492,9,2017-11,2018-08
862,a1474fd46fd3430168f7ec202da39408,2752.50,0.27851373,0.00020251,0.89039744,6,2017-02,2017-10
863,1444c08e64d55fb3c25f0f09c07ffcf2,2749.00,0.27883683,0.00020226,0.89059969,1,2018-04,2018-04
864,052577151711aec5c744fe12e66db3e1,2748.00,0.27915994,0.00020218,0.89080188,3,2017-10,2017-12
865,f805b96fa705ba7995a221f1749dc141,2744.44,0.27948304,0.00020192,0.89100380,6,2017-06,2018-03
866,3b872fd4747f01cc56206f2934198618,2726.74,0.27980614,0.00020062,0.89120442,8,2017-11,2018-08
867,5cbbd5a299cab112b7bf23862255e43e,2726.06,0.28012924,0.00020057,0.89140499,12,2017-09,2018-08
868,33576ec5412fb5905d876f12f33bfde6,2718.00,0.28045234,0.00019998,0.89160496,9,2017-07,2018-06
869,458d868c9642f55f18f04e951a3fdde6,2718.00,0.28077544,0.00019998,0.89180494,2,2017-05,2017-08
870,78744a20ee2f80ba64f6804c25def2b8,2715.00,0.28109855,0.00019976,0.89200469,5,2017-09,2018-08
871,fe26f3ecb51a15e6d8335cd92da42562,2708.96,0.28142165,0.00019931,0.89220400,3,2017-11,2018-02
872,d93844a9c55ba7ce353388bcf849ea56,2708.50,0.28174475,0.00019928,0.89240328,10,2017-03,2018-04
873,51702dc2a3e106c76dbff722b5bf0726,2705.10,0.28206785,0.00019903,0.89260231,9,2017-02,2018-04
874,e99e927c81e3f51739c94fcdfca9f10f,2702.83,0.28239095,0.00019886,0.89280117,12,2017-01,2018-03
875,31561f325664a8a7aba4c8d0c3a9b3db,2702.19,0.28271405,0.00019881,0.89299998,3,2018-06,2018-08
876,82bd0703a4aefd6b599e5bfdaed378fb,2692.28,0.28303716,0.00019808,0.89319806,8,2016-10,2017-08
877,850913d59ce317156b00f3705f1c3edb,2690.00,0.28336026,0.00019792,0.89339598,5,2018-03,2018-07
878,0015a82c2db000af6aaaf3ae2ecb0532,2685.00,0.28368336,0.00019755,0.89359353,2,2017-09,2017-10
879,ffa6adafb71b807dc13159e26431354c,2669.90,0.28400646,0.00019644,0.89378996,5,2018-03,2018-08
880,d93919c944be9cff128f6c9cb899eacb,2666.70,0.28432956,0.00019620,0.89398616,8,2017-11,2018-07
881,9c068d10aca38e85c50202e17b4a7e88,2658.90,0.28465267,0.00019563,0.89418179,6,2017-10,2018-07
882,d25aa0aaacb370e912f8cf6efeba38b3,2658.45,0.28497577,0.00019559,0.89437739,6,2018-03,2018-08
883,6f229cc508fc6915ed5c499efd93baa4,2654.80,0.28529887,0.00019533,0.89457271,6,2017-08,2018-08
884,0885aaf116795758dfeb5f1032487bcd,2648.00,0.28562197,0.00019483,0.89476754,8,2017-12,2018-08
885,4e8dacf3d38f281ae26c3e0321d92d88,2644.95,0.28594507,0.00019460,0.89496214,5,2017-01,2017-06
886,bc302730ea8cf49b5c74f579febb5bbf,2640.90,0.28626817,0.00019430,0.89515644,8,2017-08,2018-08
887,f1b93673502375d491780bb49d615dbc,2638.93,0.28659128,0.00019416,0.89535060,5,2018-03,2018-08
888,1b7e5006cb25dd23ce8686691013b121,2636.74,0.28691438,0.00019400,0.89554460,7,2017-09,2018-08
889,ccf8813e5a7d6c84d865cd38bfc2b130,2635.50,0.28723748,0.00019391,0.89573850,10,2017-08,2018-08
890,ea6b12bf9ffe2bac34602ec631d97a47,2625.80,0.28756058,0.00019319,0.89593170,5,2016-10,2017-05
891,9906e7aa42a3c067b7c9a564d01c4320,2619.00,0.28788368,0.00019269,0.89612439,7,2018-02,2018-08
892,8ab42aa58097fd4668d60cc648225d5f,2616.75,0.28820679,0.00019253,0.89631691,10,2017-10,2018-08
893,a369d693961cb93b61ca2cc518872a85,2597.00,0.28852989,0.00019107,0.89650799,8,2017-11,2018-07
894,fdaaf5bfda82b7b80535610c831b8d09,2588.90,0.28885299,0.00019048,0.89669846,6,2017-09,2018-05
895,cd06602b43d8800bd0afad514919d35c,2588.07,0.28917609,0.00019042,0.89688888,15,2017-01,2018-08
896,244c2f1bff6afe1f2eaf9bfe9b2aed38,2580.00,0.28949919,0.00018982,0.89707870,9,2017-02,2018-02
897,04aba03279157f6d4e0fe8ccaf21963c,2575.90,0.28982229,0.00018952,0.89726822,11,2017-05,2018-08
898,2c4c47cb51acd5ea5db5e0ae0e26542a,2575.90,0.29014540,0.00018952,0.89745775,9,2017-09,2018-07
899,b76dba6c951ab00dc4edf0a1aa88037e,2574.78,0.29046850,0.00018944,0.89764718,19,2017-01,2018-08
900,41ab63a91b8b264e8c8780368bf1dd5b,2571.95,0.29079160,0.00018923,0.89783641,7,2017-10,2018-07
901,1ce3ae5a399804d1a87e706f8a813c3e,2563.00,0.29111470,0.00018857,0.89802499,13,2017-08,2018-08
902,f1c1ac3f3efc07e659c035008e615e66,2561.96,0.29143780,0.00018850,0.89821348,4,2017-03,2017-09
903,323ce52b5b81df2cd804b017b7f09aa7,2554.20,0.29176090,0.00018792,0.89840141,8,2018-01,2018-08
904,157c3e4b42f81ac4a44e8b1ca2fe9876,2548.50,0.29208401,0.00018750,0.89858891,10,2017-10,2018-08
905,bb5bd94c8f59cc050072d2930c869cac,2543.87,0.29240711,0.00018716,0.89877607,11,2017-02,2018-06
906,fe49ee029e61e789a1f3a5525f57ba8d,2527.59,0.29273021,0.00018597,0.89896204,5,2017-11,2018-03
907,cce6ab8d1682639fe45ab70234f1665f,2522.70,0.29305331,0.00018561,0.89914765,8,2017-05,2018-07
908,47efca563408aae19bb7206c2d969ea9,2522.00,0.29337641,0.00018556,0.89933320,7,2018-01,2018-08
909,ede0c03645598cdfc63ca8237acbe73d,2518.37,0.29369952,0.00018529,0.89951849,5,2018-02,2018-06
910,318f287a62ab7ac10b703ac37435a231,2517.48,0.29402262,0.00018522,0.89970371,17,2017-02,2018-08
911,3d39fbf22a665714baf62fae36029e23,2504.20,0.29434572,0.00018425,0.89988796,6,2017-01,2017-11
912,de0c78824586e9a5f5f04fd84e25df39,2489.30,0.29466882,0.00018315,0.90007111,5,2018-04,2018-08
913,cea729054f157f5870bdd321a958d994,2482.10,0.29499192,0.00018262,0.90025373,6,2018-03,2018-08
914,6989574bd97d9773f10d232b6c07da59,2478.40,0.29531502,0.00018235,0.90043608,6,2017-03,2018-07
915,5eeb9c756d9780b96283e5a2ac6da334,2471.00,0.29563813,0.00018180,0.90061788,7,2017-10,2018-07
916,c2d70ce2c5d0a2eb75e78668236e6dc8,2470.90,0.29596123,0.00018180,0.90079967,7,2017-09,2018-08
917,3a734b715d333a2588a3d54a0c9b8746,2463.52,0.29628433,0.00018125,0.90098093,5,2017-08,2018-01
918,1c40343cc5d18c2d8248ac2f3366de34,2461.41,0.29660743,0.00018110,0.90116202,4,2018-05,2018-08
919,fa74b2f3287d296e9fbd2cc80f2d1cf1,2459.89,0.29693053,0.00018099,0.90134301,3,2017-07,2017-12
920,a08692680c77d30a0b4280da5df01c5a,2433.00,0.29725363,0.00017901,0.90152202,5,2017-04,2018-01
921,5160d23075764e18e07c1f4a87fad743,2429.00,0.29757674,0.00017871,0.90170073,5,2017-08,2017-12
922,efcd8d2104f1a05d028af7bad20d974b,2424.78,0.29789984,0.00017840,0.90187913,16,2017-04,2018-08
923,ed859002ad59dbf8cf3602696a6c3000,2421.70,0.29822294,0.00017818,0.90205731,2,2016-10,2017-01
924,4b0fdb526525f9890eb145bf1534640e,2419.00,0.29854604,0.00017798,0.90223528,7,2018-02,2018-08
925,888faa8bfb0b159c37de6d898b961c31,2418.30,0.29886914,0.00017793,0.90241321,6,2017-08,2018-08
926,d06d019f72a04e5497a0b64190af170c,2415.93,0.29919225,0.00017775,0.90259096,5,2018-03,2018-08
927,d3f39f05462b79a4562d35893a28f159,2411.30,0.29951535,0.00017741,0.90276837,10,2017-06,2018-06
928,1354d51653f645349064725ed204e85e,2410.00,0.29983845,0.00017731,0.90294569,12,2017-06,2018-08
929,76833248bbc0e65a0293ec62023e4396,2399.98,0.30016155,0.00017658,0.90312226,2,2017-10,2017-11
930,0bb738e4d789e63e2267697c42d35a2d,2388.30,0.30048465,0.00017572,0.90329798,13,2017-02,2018-06
931,6bbcb8924baf70b7fe2fe2097e8cd407,2382.50,0.30080775,0.00017529,0.90347327,7,2017-11,2018-08
932,acadd4d36859671cb635527c6c977533,2381.00,0.30113086,0.00017518,0.90364845,7,2017-12,2018-08
933,cfe94489ddd337d1e29e12f2a7205d10,2376.00,0.30145396,0.00017481,0.90382327,7,2018-02,2018-08
934,8a87611c08849ffeeccab52aa798b6c7,2369.80,0.30177706,0.00017436,0.90399762,3,2017-01,2017-03
935,120476eb7a04c149d14772edaf5d9bf2,2368.80,0.30210016,0.00017428,0.90417191,2,2018-07,2018-08
936,f615fe7efbef0f4f08fd3086bc7a3e60,2359.27,0.30242326,0.00017358,0.90434549,4,2017-07,2017-10
937,4978a02ea9c8be7a9b5480680f40334e,2356.61,0.30274637,0.00017339,0.90451888,6,2018-03,2018-08
938,8603f0038fe0e52fedd3382d266723de,2355.00,0.30306947,0.00017327,0.90469215,6,2017-04,2018-01
939,3504c0cb71d7fa48d967e0e4c94d59d9,2349.94,0.30339257,0.00017290,0.90486504,5,2017-07,2017-11
940,4391ea5c5990502176a1dcda44a2373d,2349.00,0.30371567,0.00017283,0.90503787,3,2017-10,2018-05
941,5a93f3ab0ef4c84ed5e1b5dbf23978bc,2338.25,0.30403877,0.00017204,0.90520990,11,2017-05,2018-03
942,34f563c82a85b99ae9e6d60db5fc2e28,2332.30,0.30436187,0.00017160,0.90538150,4,2018-04,2018-08
943,8bdd8e3fd58bafa48af76b2c5fd71974,2324.82,0.30468498,0.00017105,0.90555255,5,2018-01,2018-08
944,1d4587203296c8f4ad134dc286fa6db0,2323.30,0.30500808,0.00017094,0.90572349,9,2017-12,2018-08
945,df91910b6a03bb2e3358fa6a35e32f6f,2312.10,0.30533118,0.00017011,0.90589360,3,2018-06,2018-08
946,daeb5653dd96c1b11860f72209795012,2305.90,0.30565428,0.00016966,0.90606325,12,2017-09,2018-08
947,fd386aa7bed2af3c7035c65506c9b4a3,2304.15,0.30597738,0.00016953,0.90623278,7,2018-02,2018-08
948,6338ea67c41078a46ad99cc009654956,2286.09,0.30630048,0.00016820,0.90640098,17,2017-02,2018-08
949,9a84ba99f5367fdbd4598363496f1ea2,2284.98,0.30662359,0.00016812,0.90656910,9,2017-03,2018-07
950,7238a95bb63ef7e498389fb863b834a1,2265.70,0.30694669,0.00016670,0.90673579,5,2018-04,2018-08
951,e8f6dc8e6a1dcde89d20e3995c8d90b3,2256.34,0.30726979,0.00016601,0.90690180,9,2016-10,2017-11
952,8fe8786ee000001ab51d030dfd4a7bf1,2255.00,0.30759289,0.00016591,0.90706771,4,2017-11,2018-06
953,655220df33262c7e0c4949a147366f94,2245.00,0.30791599,0.00016518,0.90723289,5,2018-01,2018-05
954,7b8e8ec35bad4b0ef7e3963650b0a87b,2244.28,0.30823910,0.00016512,0.90739801,3,2018-04,2018-07
955,1b1ae47a313a825a7ccceb8e2e30fa9d,2243.90,0.30856220,0.00016509,0.90756310,5,2017-10,2018-05
956,3e8bd881d92466e63ba9e3e809cd3c50,2242.28,0.30888530,0.00016497,0.90772808,3,2018-02,2018-04
957,5abb8ea023c77787f2c15da891c8d384,2241.00,0.30920840,0.00016488,0.90789296,7,2017-02,2017-12
958,54583ab379489add547fe47b628db589,2240.00,0.30953150,0.00016481,0.90805777,2,2018-07,2018-08
959,e5f9e61ceb5f523cc966e0f34095032f,2238.00,0.30985460,0.00016466,0.90822243,3,2017-07,2018-02
960,cac876b37d3abcd6bd76caca30277996,2229.77,0.31017771,0.00016405,0.90838648,6,2018-02,2018-07
961,b83cedfb587e7911540e3f576d6917ce,2224.95,0.31050081,0.00016370,0.90855018,11,2017-06,2018-05
962,b74d1c09cb380e1d03a6f859c6f4224b,2221.60,0.31082391,0.00016345,0.90871363,7,2018-02,2018-08
963,fb89df7f89fd1b8f03fa2acca1ba7364,2220.00,0.31114701,0.00016334,0.90887697,8,2017-10,2018-08
964,3a4127e1ba7208ea37044c5092aae170,2219.60,0.31147011,0.00016331,0.90904028,5,2018-04,2018-08
965,747e73c01a4593d4cf60dcf970fd2689,2217.99,0.31179321,0.00016319,0.90920346,2,2018-03,2018-04
966,77a515caa36327151d1cc6c32a9f00e1,2217.39,0.31211632,0.00016314,0.90936661,6,2018-02,2018-08
967,abbf6046bbdf1028606a5bc7f00c99e7,2217.15,0.31243942,0.00016313,0.90952973,5,2018-01,2018-05
968,f214d28e8d8e3ef068748498ccc2f813,2212.41,0.31276252,0.00016278,0.90969251,11,2017-08,2018-08
969,4992e76a42cb3aad7a7047e0d3d7e729,2211.10,0.31308562,0.00016268,0.90985519,16,2017-05,2018-08
970,e5475dcab1e07b63d7f6e902d8f5eda8,2192.00,0.31340872,0.00016128,0.91001647,11,2017-09,2018-08
971,91f0eec23d4a61d7d7caeefa3f0ad1ca,2190.80,0.31373183,0.00016119,0.91017765,7,2017-02,2018-07
972,0725b8c0f3f906e58f70cbe76b7c748c,2190.30,0.31405493,0.00016115,0.91033881,7,2017-01,2018-08
973,14a08204d03bb6b6bde8029f801ae0eb,2185.40,0.31437803,0.00016079,0.91049960,6,2018-03,2018-08
974,30c7f28fd3a5897b2c82d152bb760c17,2178.27,0.31470113,0.00016027,0.91065986,4,2017-04,2017-11
975,8ca1551acf9832a4cf467bbbac15851f,2176.40,0.31502423,0.00016013,0.91081999,5,2018-02,2018-08
976,53d00c40e32aeb924a84ce72b1af869d,2165.85,0.31534733,0.00015935,0.91097934,5,2018-01,2018-08
977,2be17df1c49978426251562096c3cc09,2165.00,0.31567044,0.00015929,0.91113863,11,2017-01,2018-06
978,0ffa40d54288e4f3499b8780dd0f144f,2162.80,0.31599354,0.00015913,0.91129776,5,2018-01,2018-05
979,7fc87cc3e89b3d1d5cabdca32f8485aa,2153.90,0.31631664,0.00015847,0.91145623,4,2018-05,2018-08
980,72bc2cce903c872fe376a8faaa81d237,2149.20,0.31663974,0.00015813,0.91161436,8,2017-09,2018-08
981,b56906f7fd1696e043f1bcce164c487b,2148.49,0.31696284,0.00015807,0.91177243,17,2016-10,2018-08
982,373ee4a3a775a733770ca3f790b8b9ac,2141.49,0.31728595,0.00015756,0.91192999,10,2017-02,2018-05
983,0ed6ce5d87fd9c69eaacaeb778d67235,2141.42,0.31760905,0.00015755,0.91208754,11,2017-10,2018-08
984,723cd880edaacdb998898b67c8f9da30,2136.53,0.31793215,0.00015719,0.91224474,5,2018-03,2018-08
985,f5f2ab9bdb6b30c14c61be68c5ed37da,2134.68,0.31825525,0.00015706,0.91240180,9,2016-10,2017-12
986,87d30a6a0cbf89356e49324971ab1d24,2134.13,0.31857835,0.00015702,0.91255881,7,2017-12,2018-06
987,9bcdfa7b615b3abb9461d9e3ad9886ae,2126.07,0.31890145,0.00015642,0.91271524,9,2017-01,2018-04
988,13074f016982ff2bd6c58ced8682f000,2116.00,0.31922456,0.00015568,0.91287092,7,2017-11,2018-07
989,8f78f0903005064036736c7173a5c2ed,2113.70,0.31954766,0.00015551,0.91302644,10,2017-04,2018-07
990,cf2384dd2f1dddea3f838efed0945e65,2101.50,0.31987076,0.00015462,0.91318105,8,2017-03,2018-08
991,ffdd9f82b9a447f6f8d4b91554cc7dd3,2101.20,0.32019386,0.00015459,0.91333565,11,2017-03,2018-08
992,e9511df20ccd82658a30c37b7fb343af,2096.60,0.32051696,0.00015426,0.91348991,9,2017-11,2018-08
993,3bfba5a77604f6dfae7e6dd7aaf65821,2095.50,0.32084006,0.00015418,0.91364408,1,2018-08,2018-08
994,7f7b8245c336066a1f9933c359f11d77,2094.36,0.32116317,0.00015409,0.91379817,5,2018-04,2018-08
995,8de8fe3af4449ed695d2434c933ed73e,2090.00,0.32148627,0.00015377,0.91395194,1,2018-08,2018-08
996,165b1235e9e9942cb5fae67103576fb0,2085.15,0.32180937,0.00015341,0.91410536,4,2018-05,2018-08
997,f7720c4fa8e3aba4546301ab80ea1f1b,2083.45,0.32213247,0.00015329,0.91425865,16,2017-03,2018-08
998,e6a69c4a27dfdd98ffe5aa757ad744bc,2076.20,0.32245557,0.00015276,0.91441140,12,2017-02,2018-06
999,6aa3928696eab49a19a466e665a649fd,2075.00,0.32277868,0.00015267,0.91456407,5,2018-03,2018-08
1000,082e0bf4cb865a6533b1e8e498cc0255,2073.30,0.32310178,0.00015254,0.91471661,7,2017-10,2018-08
1001,6b536a23086fba0d58c08d68814397f6,2068.80,0.32342488,0.00015221,0.91486882,8,2017-10,2018-07
1002,e38db885400cd35c71dfd162f2c1dbcf,2066.80,0.32374798,0.00015206,0.91502089,11,2017-08,2018-08
1003,ea65d8b58316a6f2362f2a9e4b3e86ad,2061.40,0.32407108,0.00015167,0.91517255,4,2018-03,2018-08
1004,412a4720f3e9431b4afa1476a1acddbe,2058.10,0.32439418,0.00015142,0.91532398,10,2017-09,2018-08
1005,dc8798cbf453b7e0f98745e396cc5616,2056.30,0.32471729,0.00015129,0.91547527,10,2016-10,2017-11
1006,9449f25aeaf531019b76999ea49a6949,2046.45,0.32504039,0.00015057,0.91562584,5,2017-06,2018-04
1007,bc2ac6b95e1accce9858528ee566c17e,2045.00,0.32536349,0.00015046,0.91577630,8,2017-08,2018-05
1008,c6381d2d013342748761e906d45aff76,2042.98,0.32568659,0.00015031,0.91592661,9,2017-10,2018-07
1009,f41ce2e25237f9092cd8e6e7516c7a2f,2030.90,0.32600969,0.00014942,0.91607603,11,2016-10,2017-12
1010,78c99c6dff4eeae5be99bf635ed21e3f,2030.88,0.32633279,0.00014942,0.91622545,7,2017-02,2017-08
1011,71592660bbcb6a4664e97b6f8b68babc,2027.18,0.32665590,0.00014915,0.91637460,5,2018-02,2018-07
1012,bf84056e679dbe9c69929847a40e338f,2024.04,0.32697900,0.00014892,0.91652352,3,2018-02,2018-04
1013,4c8b8048e33af2bf94f2eb547746a916,2020.73,0.32730210,0.00014867,0.91667219,7,2017-08,2018-08
1014,fac1a9017ade7bdc94058fc1c969f355,2010.84,0.32762520,0.00014795,0.91682014,3,2018-05,2018-08
1015,1782ce2db72c3dda627d5e7c898104e1,2010.80,0.32794830,0.00014794,0.91696808,7,2017-02,2018-05
1016,3a1a1fec38dd360f15fc912e821e169d,2007.38,0.32827141,0.00014769,0.91711578,7,2017-10,2018-05
1017,2f09f7d37a97956d11cc1a7cadd5262b,2005.00,0.32859451,0.00014752,0.91726329,6,2017-02,2017-09
1018,116ccb1a1604bc88e4d234a8c23f33de,2004.89,0.32891761,0.00014751,0.91741080,10,2017-11,2018-08
1019,d6ab728cf30867cf3f1a2e216ae2f9b7,2002.00,0.32924071,0.00014730,0.91755810,6,2018-03,2018-08
1020,3d2531eccfbde1d7c8db7a3a12fb267a,1999.54,0.32956381,0.00014712,0.91770521,5,2018-04,2018-08
1021,8ec76bb0965af3f007692b26fa9d6623,1999.00,0.32988691,0.00014708,0.91785229,1,2017-11,2017-11
1022,17908cf9b444ee34047cadd5c0f4a516,1993.99,0.33021002,0.00014671,0.91799900,7,2017-09,2018-08
1023,bf100ecb7997df312b285358fb32f92c,1991.90,0.33053312,0.00014655,0.91814555,10,2017-01,2018-02
1024,c013e57c075a06e5b5c48ee03c525719,1971.55,0.33085622,0.00014506,0.91829061,7,2018-02,2018-08
1025,91f5779a8731baca4809fdeade81803f,1971.46,0.33117932,0.00014505,0.91843566,4,2017-11,2018-04
1026,1690cada046eb7e92c12f98b1f8a8167,1959.00,0.33150242,0.00014413,0.91857979,4,2018-04,2018-08
1027,93b9a99027bd8bd6af682aff18dd19bf,1953.00,0.33182553,0.00014369,0.91872348,14,2017-01,2018-08
1028,6df688df543f90e9b38f4319e75a9d88,1949.96,0.33214863,0.00014347,0.91886695,11,2017-01,2017-11
1029,272f092de69afedd4d2969440b37f18f,1935.33,0.33247173,0.00014239,0.91900934,10,2017-02,2017-11
1030,4e5725ba188db8252977a4f0227bd462,1930.59,0.33279483,0.00014204,0.91915138,4,2018-02,2018-05
1031,cd843d4cf8ef32827de0396605163ba3,1915.00,0.33311793,0.00014090,0.91929228,5,2017-07,2018-08
1032,1b8b75e227c9a9c100d0c210fb6176ce,1914.83,0.33344103,0.00014088,0.91943316,6,2017-01,2017-11
1033,9dda5bbacd45e18d6485fee649205d09,1912.60,0.33376414,0.00014072,0.91957388,13,2017-03,2018-08
1034,f5f1f2c5f923f36ad79ea1d07185ddc9,1912.15,0.33408724,0.00014069,0.91971456,3,2018-02,2018-04
1035,901b460cdce0c64e471230d7f2f9f3a3,1904.00,0.33441034,0.00014009,0.91985465,4,2017-10,2018-07
1036,e2c92f9c1c7746d899d18f2e158bbff7,1894.70,0.33473344,0.00013940,0.91999405,5,2018-04,2018-08
1037,112453736dbe3889cfb74e1aaa0ba0c1,1890.00,0.33505654,0.00013906,0.92013311,3,2018-06,2018-08
1038,5ab05b6d86d417796c69ffd6774ec832,1886.10,0.33537964,0.00013877,0.92027188,9,2017-01,2018-08
1039,65b081a070633e057c462abdd6fb9dd8,1885.09,0.33570275,0.00013869,0.92041057,8,2017-10,2018-05
1040,5debea795b07621e1f90532e18f96145,1883.78,0.33602585,0.00013860,0.92054917,11,2017-10,2018-08
1041,7ade73f1b9b4e965f9009a4c3a7e2c15,1880.30,0.33634895,0.00013834,0.92068751,5,2018-04,2018-08
1042,e24d3429d294b2eb200b064ebb035879,1878.58,0.33667205,0.00013822,0.92082573,3,2018-06,2018-08
1043,5b33b527da3c5b969cc99dc435cad09a,1872.79,0.33699515,0.00013779,0.92096352,8,2017-01,2018-08
1044,392e0502231ae2f8b29994ef6398cd77,1871.70,0.33731826,0.00013771,0.92110123,8,2017-01,2018-07
1045,95ec4458365c4d11f452ccf538377619,1866.76,0.33764136,0.00013735,0.92123857,7,2018-01,2018-08
1046,0417b067eeab773d2f7061a726dc477f,1859.18,0.33796446,0.00013679,0.92137536,5,2018-03,2018-08
1047,c8467937e403e76a8ee9f0ab13f6f5ef,1853.79,0.33828756,0.00013639,0.92151175,8,2017-09,2018-08
1048,4b1eaadf791bdbbad8c4a35b65236d52,1849.79,0.33861066,0.00013610,0.92164785,2,2016-10,2017-03
1049,a4bd6e9adf39b63f43dc545d3ca1f53d,1848.59,0.33893376,0.00013601,0.92178386,4,2017-04,2018-05
1050,74bafed391319577bce6f4d2acc0589a,1847.00,0.33925687,0.00013589,0.92191975,3,2017-09,2018-04
1051,d97df38225e5abadaff1e72cb72b823c,1846.00,0.33957997,0.00013582,0.92205557,9,2017-11,2018-08
1052,a36b125ac6d5fdbc7f50de85c9157bdc,1843.64,0.33990307,0.00013565,0.92219122,14,2016-10,2018-08
1053,ffeee66ac5d5a62fe688b9d26f83f534,1839.86,0.34022617,0.00013537,0.92232658,7,2017-09,2018-05
1054,6a38087bc8ad4f89ff453561005f6dea,1833.43,0.34054927,0.00013489,0.92246148,4,2018-05,2018-08
1055,c679fb69a36e1d8349e8c50a217b4d58,1825.68,0.34087237,0.00013432,0.92259580,2,2018-07,2018-08
1056,5075aaa8404020ae6aa8bf4792099b41,1822.80,0.34119548,0.00013411,0.92272991,9,2017-03,2018-01
1057,729b2d09b2a0bdab221076327f13d050,1822.11,0.34151858,0.00013406,0.92286397,9,2017-11,2018-08
1058,55bb6fe5bebe5012e2d7d9928e1128ff,1816.55,0.34184168,0.00013365,0.92299763,6,2018-01,2018-07
1059,a5a1bfcf728ab0e19182959cf0771ee4,1812.96,0.34216478,0.00013339,0.92313101,7,2018-01,2018-08
1060,5b85809efd0d0e4dea1a9544e1280ed9,1804.60,0.34248788,0.00013277,0.92326379,4,2018-05,2018-08
1061,411f3b52d857390502ee4e4d5ceabc2d,1804.01,0.34281099,0.00013273,0.92339652,5,2018-04,2018-08
1062,7fdb0720c8d7c9075538b365dc8c3a22,1804.00,0.34313409,0.00013273,0.92352924,4,2018-04,2018-07
1063,2ff6b7bff164ef05590a52734e1296da,1803.59,0.34345719,0.00013270,0.92366194,5,2017-11,2018-05
1064,15fa791d5e017f66402dc28c44480657,1802.00,0.34378029,0.00013258,0.92379452,3,2018-02,2018-06
1065,c3e1abd72a42fe690fcd89cf5720fe29,1798.61,0.34410339,0.00013233,0.92392686,4,2018-05,2018-08
1066,1976a05ecf2996d6ffb7b5430e635fe7,1796.20,0.34442649,0.00013215,0.92405901,5,2017-02,2017-09
1067,dfc475d54e1b6dbeeb7d7d9bdaa63827,1793.76,0.34474960,0.00013198,0.92419099,7,2018-02,2018-08
1068,5b581417df4480f632484ba681e53944,1790.60,0.34507270,0.00013174,0.92432273,7,2017-07,2018-02
1069,406740ee611378a662d274c7d8c43c4a,1790.00,0.34539580,0.00013170,0.92445443,2,2018-03,2018-04
1070,fa3a0b5aabb344b9a92e3524b0202123,1789.00,0.34571890,0.00013162,0.92458605,4,2018-01,2018-06
1071,81783131d2a97c8d44d406a4be81b5d9,1782.54,0.34604200,0.00013115,0.92471720,2,2018-07,2018-08
1072,293dee954235e4e4e43f129313625ebe,1778.92,0.34636511,0.00013088,0.92484809,3,2017-10,2018-01
1073,07bf9669d84d1f11be443a9dd938f698,1776.00,0.34668821,0.00013067,0.92497875,10,2017-03,2018-06
1074,3481aa57cd91f9f9d3fa1fa12d9a3bf7,1773.03,0.34701131,0.00013045,0.92510920,7,2016-10,2017-08
1075,ca4b77513ac2040591b0d8fae6958380,1772.45,0.34733441,0.00013041,0.92523961,2,2018-07,2018-08
1076,d5b9a084373da994a6e37f732169a853,1769.00,0.34765751,0.00013015,0.92536977,4,2018-01,2018-05
1077,3ca08eeb8d5595949fed424bd3677742,1768.87,0.34798061,0.00013014,0.92549991,8,2017-05,2018-01
1078,c8417879a15366a17c30af34c798c332,1767.90,0.34830372,0.00013007,0.92562998,8,2017-02,2017-09
1079,f63d8f293af3a6454377546bd9dd19ff,1751.82,0.34862682,0.00012889,0.92575887,9,2017-05,2018-02
1080,cb810bd318f51b3dc3c753944d61a1fa,1750.00,0.34894992,0.00012876,0.92588763,1,2018-08,2018-08
1081,dd4d95ba2d15c071e6c695e2ef6ce169,1748.00,0.34927302,0.00012861,0.92601624,2,2018-07,2018-08
1082,4bf658053d453036c70976bccb2c31b2,1742.99,0.34959612,0.00012824,0.92614448,2,2017-04,2017-05
1083,198c7ea11960a9844b544d9bcdca860c,1733.75,0.34991922,0.00012756,0.92627204,7,2017-01,2017-08
1084,6ddc28b61be28373b4503a1f61cf98a9,1732.90,0.35024233,0.00012750,0.92639953,3,2018-06,2018-08
1085,c5f7feb04a6a1fb3596322bfc3cf1917,1720.60,0.35056543,0.00012659,0.92652613,3,2018-06,2018-08
1086,d3674f271c91f824f82d24d92011f669,1718.30,0.35088853,0.00012642,0.92665255,11,2017-07,2018-08
1087,a70e9066dbfd10b6b97a3f54a1356762,1716.00,0.35121163,0.00012625,0.92677880,2,2017-04,2017-11
1088,8378eb36b6b70c5734e83ad7b8cdc3b7,1714.80,0.35153473,0.00012617,0.92690497,5,2017-12,2018-07
1089,7139dc5186aa238b006e066d8fbab2e4,1712.00,0.35185784,0.00012596,0.92703093,8,2018-01,2018-08
1090,656591be56071d4c9ef4e5fee78a578a,1702.00,0.35218094,0.00012522,0.92715615,3,2017-03,2017-05
1091,6b1c4d4d9ccf0be3d8544eb0e71e5318,1699.00,0.35250404,0.00012500,0.92728116,1,2018-03,2018-03
1092,f235413f677777a0738ff215d0184901,1696.70,0.35282714,0.00012483,0.92740599,2,2017-01,2017-02
1093,1dfe5347016252a7884b694d4f10f5c4,1693.50,0.35315024,0.00012460,0.92753059,6,2017-10,2018-04
1094,731ef20c231d9a7103a425e83fd91271,1692.00,0.35347334,0.00012449,0.92765508,1,2017-10,2017-10
1095,f9903dd0f812c7e771fcad47b6fff231,1684.85,0.35379645,0.00012396,0.92777904,7,2017-11,2018-08
1096,3935fe5fe0f82787a9dcb8deb62be09d,1681.69,0.35411955,0.00012373,0.92790277,5,2018-04,2018-08
1097,44f091b5abab8018f682fce8124b85e5,1680.10,0.35444265,0.00012361,0.92802638,3,2017-09,2017-11
1098,bafc5aa11e413978be29040f51342e70,1679.55,0.35476575,0.00012357,0.92814995,2,2017-12,2018-01
1099,e64d65bc8dbec2accda90c58de5d1246,1678.80,0.35508885,0.00012352,0.92827347,3,2017-11,2018-03
1100,0b18d63d0cd1d723567903fd34a07df2,1678.14,0.35541195,0.00012347,0.92839694,6,2017-04,2018-06
1101,0ac4201fda2c68ebc0e47cb9423cf3c9,1676.88,0.35573506,0.00012338,0.92852031,8,2017-06,2018-06
1102,1dc2de47ee26a0a5b12dc14fd6dc0dea,1670.30,0.35605816,0.00012289,0.92864321,7,2018-02,2018-08
1103,77fccaae319668a8ab6cd0fd16aec48c,1667.00,0.35638126,0.00012265,0.92876585,2,2018-05,2018-07
1104,7586919161935337bf6b6d7ff5779648,1664.71,0.35670436,0.00012248,0.92888834,6,2017-06,2018-03
1105,5f67c6082caacb26e431a7b17940cece,1662.60,0.35702746,0.00012233,0.92901066,4,2018-02,2018-08
1106,53b0300ca793f9834cd69c0678d35ee8,1662.15,0.35735057,0.00012229,0.92913295,5,2017-11,2018-07
1107,a1040efe9ff4a6f93c28b0499eada8f5,1658.83,0.35767367,0.00012205,0.92925500,1,2018-02,2018-02
1108,25cf099de44674fde97473224f9d59ab,1654.36,0.35799677,0.00012172,0.92937672,14,2017-06,2018-08
1109,df0f42bc4c2142eacf0eaf2cffd0cfbb,1654.00,0.35831987,0.00012169,0.92949841,7,2017-11,2018-07
1110,b2a6d334e2833acea353624840e25a0e,1650.98,0.35864297,0.00012147,0.92961988,6,2017-08,2018-06
1111,26e2c91ef821e1ff8985f408788fe35b,1649.40,0.35896607,0.00012135,0.92974124,6,2018-02,2018-07
1112,ffc470761de7d0232558ba5e786e57b7,1649.01,0.35928918,0.00012133,0.92986256,7,2018-02,2018-08
1113,edc518ba25576a0188a0e8f2c3af186f,1647.39,0.35961228,0.00012121,0.92998377,3,2018-06,2018-08
1114,0887a9f087bcd5d9f6642b52f897fc6c,1642.00,0.35993538,0.00012081,0.93010458,7,2017-02,2017-08
1115,7a2d2949aea47fab95fd98d6c9f618b1,1638.99,0.36025848,0.00012059,0.93022516,9,2017-02,2018-06
1116,2a6fbeaa7ab9e5d59a35841a8da71ce4,1632.79,0.36058158,0.00012013,0.93034530,13,2017-03,2018-07
1117,9b00ed88b7fdb95d6ff76e27c1b52d16,1627.88,0.36090468,0.00011977,0.93046507,12,2017-08,2018-08
1118,3092c0b297aacfb4bb6e056ebe13b9b8,1623.90,0.36122779,0.00011948,0.93058455,5,2018-01,2018-06
1119,f1ed6bd0a9b11b581f16c851c6a5a527,1622.77,0.36155089,0.00011939,0.93070394,11,2017-03,2018-05
1120,15cd6eefe58588619aaed41dfa6621b1,1622.74,0.36187399,0.00011939,0.93082333,6,2017-07,2018-05
1121,b0f2a6122a90a93eb03e68653dd960e3,1620.30,0.36219709,0.00011921,0.93094255,4,2018-04,2018-08
1122,013900e863eace745d3ec7614cab5b1a,1619.70,0.36252019,0.00011917,0.93106171,7,2017-03,2018-04
1123,02c988090b766852e088c69d7fb3b551,1618.65,0.36284330,0.00011909,0.93118081,12,2017-07,2018-08
1124,d354c38a7182125a748cb10474fe963b,1610.33,0.36316640,0.00011848,0.93129929,9,2017-05,2018-03
1125,8daab2245ebdc277c51098d01c5ad8ef,1604.59,0.36348950,0.00011806,0.93141734,5,2018-04,2018-08
1126,427165bf50f8ca07efc7bdc2bfcf1688,1603.50,0.36381260,0.00011798,0.93153532,1,2018-04,2018-04
1127,7813ea3ebd9411dc600b4dd01f7a97b9,1599.40,0.36413570,0.00011768,0.93165299,5,2017-08,2018-06
1128,850857dfac77488c307e2b1cbd84ab5a,1599.00,0.36445880,0.00011765,0.93177064,1,2018-06,2018-06
1129,8a1ff5c35f6595a73fef4c7b96e4908a,1598.00,0.36478191,0.00011757,0.93188821,2,2018-06,2018-08
1130,081acf3de680d554796c9cf041be7bc2,1597.30,0.36510501,0.00011752,0.93200573,4,2017-11,2018-05
1131,41b86b552e54e3a7009596125aa8b167,1595.30,0.36542811,0.00011737,0.93212311,2,2017-03,2017-04
1132,8a2d12a90e92f012ce5226fc6592b653,1594.65,0.36575121,0.00011733,0.93224043,9,2017-12,2018-08
1133,39d54ff918774174706fb065d7f9dc07,1593.59,0.36607431,0.00011725,0.93235768,8,2017-11,2018-07
1134,70f84699be677ec988d1fa824aef7d90,1588.30,0.36639742,0.00011686,0.93247454,5,2017-04,2018-07
1135,845e8036c3f7bf62099352f5ed910240,1584.60,0.36672052,0.00011659,0.93259113,4,2018-05,2018-08
1136,f3c38ab652836d21de61fb8314b69182,1581.00,0.36704362,0.00011632,0.93270745,5,2018-04,2018-08
1137,134285d1f41da5c13a756ee8142c8a4e,1572.70,0.36736672,0.00011571,0.93282316,2,2018-06,2018-08
1138,1660ad786c27fd935378b6192a90b417,1570.00,0.36768982,0.00011551,0.93293867,5,2017-08,2018-07
1139,c4fb51fb1c5b7c07bc5e67be6e7e8f6e,1567.90,0.36801292,0.00011536,0.93305403,10,2017-07,2018-08
1140,47648caee88ccfe951fbb27fbf7b4cbe,1564.99,0.36833603,0.00011514,0.93316917,2,2018-04,2018-05
1141,8b87cd0d43d49b9bdf40f56229364d59,1552.90,0.36865913,0.00011425,0.93328342,3,2017-10,2017-12
1142,817f85dbb65aa3e70831d90fe75cdf89,1552.27,0.36898223,0.00011421,0.93339763,4,2016-10,2017-03
1143,0eaa7e33d73809f1f925f7d07c506cbd,1552.00,0.36930533,0.00011419,0.93351182,11,2017-04,2018-08
1144,3785b653b1b82de85ab47dd139938091,1552.00,0.36962843,0.00011419,0.93362601,10,2017-08,2018-08
1145,fe701d88b67eaca109dffd464d1be9f9,1548.90,0.36995153,0.00011396,0.93373997,6,2017-11,2018-07
1146,78a4d36f65a019172c6154468831a69f,1545.50,0.37027464,0.00011371,0.93385368,3,2017-10,2017-12
1147,49cdc90518a4f82676b38b3c1aa43ff6,1539.50,0.37059774,0.00011327,0.93396695,3,2018-06,2018-08
1148,06bb3a2fe5e7b7a845b13e8fb91bd944,1536.19,0.37092084,0.00011302,0.93407997,10,2017-09,2018-07
1149,cbf09e831b0c11f6f23ffb51004db972,1535.20,0.37124394,0.00011295,0.93419292,4,2018-05,2018-08
1150,3a490ba60afa30ece0e7d50cfe74a4f0,1529.20,0.37156704,0.00011251,0.93430543,5,2017-04,2017-12
1151,5bf397d04035b5f45cc41e82ec106803,1525.00,0.37189015,0.00011220,0.93441763,2,2018-05,2018-07
1152,3586b8580d9c917874e053a1bb37b5ff,1524.70,0.37221325,0.00011218,0.93452981,14,2017-05,2018-08
1153,01bcc9d254a0143f0ce9791b960b2a47,1521.21,0.37253635,0.00011192,0.93464174,5,2017-08,2018-02
1154,1ca4bdb0cd7fc48e949bac066188ed26,1520.00,0.37285945,0.00011183,0.93475357,2,2018-03,2018-07
1155,a7c88262832dfc683781d6a421edefae,1520.00,0.37318255,0.00011183,0.93486540,3,2017-03,2018-02
1156,5b97c06a046398e7005b2b7c0d707a92,1519.96,0.37350565,0.00011183,0.93497723,3,2017-05,2017-07
1157,866558b3bccef2dbc6d29a2b5995016f,1519.40,0.37382876,0.00011179,0.93508902,4,2017-10,2018-07
1158,094ced053e257ae8cae57205592d6712,1519.20,0.37415186,0.00011177,0.93520080,4,2018-04,2018-07
1159,2a61c271b1ac763450d846849783e922,1516.76,0.37447496,0.00011160,0.93531239,5,2017-09,2018-02
1160,1dd33b8119b3cb1056ed5dc88cd0aaf4,1513.00,0.37479806,0.00011132,0.93542371,4,2017-11,2018-02
1161,a23266650e7c84bb93fbbba502137478,1512.40,0.37512116,0.00011127,0.93553498,5,2017-08,2017-12
1162,6eb94e1466490d327a09abf8f3552a50,1511.95,0.37544426,0.00011124,0.93564623,4,2018-04,2018-08
1163,9b522ba7eae9e1d04082f267144583cc,1507.60,0.37576737,0.00011092,0.93575715,4,2017-05,2018-04
1164,b33aaadd1a8891d2dfef0c4c3bdf0371,1504.00,0.37609047,0.00011066,0.93586780,6,2018-01,2018-06
1165,714b9a1332840f257b49f476bea4e341,1499.94,0.37641357,0.00011036,0.93597816,3,2018-01,2018-03
1166,9a03a4e9eb0b947652fae4f6121a3f5e,1497.00,0.37673667,0.00011014,0.93608830,5,2018-01,2018-08
1167,02dcd3e8e25bee036e32512bcf175493,1491.90,0.37705977,0.00010977,0.93619807,6,2017-10,2018-08
1168,c7b7db6c8f3c64a7cc1afa634db21d50,1489.00,0.37738288,0.00010955,0.93630762,1,2018-03,2018-03
1169,431050a06a317f2b38168dec3dcd2b46,1487.80,0.37770598,0.00010946,0.93641708,5,2018-04,2018-08
1170,659e8466eb3ff1b0e8740d74fb7bbedd,1486.80,0.37802908,0.00010939,0.93652647,8,2017-05,2018-05
1171,b6e1504972665f739dec4facb9943775,1484.48,0.37835218,0.00010922,0.93663569,8,2017-05,2018-03
1172,9da1ca0bef29ee170e541927a5aeabdc,1484.40,0.37867528,0.00010921,0.93674491,3,2017-06,2017-09
1173,52f0fe436a347ddad7ed5f9aa4e27eaa,1484.37,0.37899838,0.00010921,0.93685412,5,2018-01,2018-05
1174,f918546be4bec7104d117789ba758b2b,1483.00,0.37932149,0.00010911,0.93696323,6,2017-12,2018-06
1175,6806dad1da97bfb5a9038eac6881f706,1477.00,0.37964459,0.00010867,0.93707190,6,2017-12,2018-08
1176,4d232b78ab7ef10393dc3807d827bc0d,1475.00,0.37996769,0.00010852,0.93718042,2,2018-07,2018-08
1177,e256a62e0ac58c0edfba09966142d561,1474.11,0.38029079,0.00010846,0.93728888,4,2018-04,2018-07
1178,5e105f5c9f63f5f1fd75d6cb942e55b1,1471.90,0.38061389,0.00010829,0.93739718,4,2018-05,2018-08
1179,e7f3bf1ecd8526eb7f3b18059e6716e5,1471.54,0.38093700,0.00010827,0.93750544,6,2017-02,2017-09
1180,d1ef48b38baca7e831711c4a0aeb398f,1469.12,0.38126010,0.00010809,0.93761353,6,2018-02,2018-07
1181,7ecd59e5e20407131822c1a68ac59c1f,1466.71,0.38158320,0.00010791,0.93772145,10,2017-11,2018-08
1182,01ed254b9ff8407dfb9d99ba1e17d923,1465.99,0.38190630,0.00010786,0.93782931,4,2017-08,2017-11
1183,4ba52dfeba874da5b9ee7b17c7494f04,1463.00,0.38222940,0.00010764,0.93793695,4,2017-07,2017-10
1184,1284de4ae8aa26997e748c851557cf0e,1459.97,0.38255250,0.00010742,0.93804436,3,2017-05,2017-10
1185,5145090ab595c0d0b8557199f5701fbf,1459.60,0.38287561,0.00010739,0.93815175,3,2018-03,2018-06
1186,97512d3fc193b2d1dfcdba0f9d1f0f8a,1458.87,0.38319871,0.00010734,0.93825909,6,2018-03,2018-08
1187,d7827b2af99326a03b0ed9c7a24db0d3,1455.00,0.38352181,0.00010705,0.93836614,1,2018-04,2018-04
1188,a414555ce331b8c8aea4a9cb8395194d,1450.95,0.38384491,0.00010675,0.93847289,3,2018-03,2018-05
1189,0ad80de75c811326389cfb1daba7d45e,1449.40,0.38416801,0.00010664,0.93857953,4,2017-10,2018-01
1190,2dcf93836ae3ce0d7c93e2f10876467a,1443.80,0.38449111,0.00010623,0.93868576,3,2018-06,2018-08
1191,dace965ca58120f92f8d742a9fa1864b,1442.00,0.38481422,0.00010609,0.93879185,3,2018-03,2018-05
1192,66fd84ee7528c0c0de85d0f44a73d5ab,1438.11,0.38513732,0.00010581,0.93889766,4,2017-03,2017-07
1193,5b0cc932433fa5184b5b94bfe6bcc256,1437.80,0.38546042,0.00010579,0.93900345,3,2018-06,2018-08
1194,3771c85bac139d2344864ede5d9341e3,1433.30,0.38578352,0.00010545,0.93910890,8,2017-05,2017-12
1195,ec933281fb017b5020d06df29c3f77e8,1432.00,0.38610662,0.00010536,0.93921426,6,2017-10,2018-07
1196,c5f7e746b7e6d07def6c0dae9903279b,1429.00,0.38642973,0.00010514,0.93931940,4,2018-04,2018-08
1197,0aea4c6ae1505b3228ddf3dd7822ee5b,1427.91,0.38675283,0.00010506,0.93942446,6,2017-10,2018-04
1198,ffff564a4f9085cd26170f4732393726,1426.30,0.38707593,0.00010494,0.93952940,4,2016-10,2017-04
1199,d9a84e1403de8da0c3aa531d6d108ba6,1425.20,0.38739903,0.00010486,0.93963425,7,2018-02,2018-08
1200,adcf50477d6a1f5d91bb9d54c4903cb5,1425.14,0.38772213,0.00010485,0.93973911,6,2017-02,2018-06
1201,f5f46307a4d15880ca14fab4ad9dfc9b,1422.94,0.38804523,0.00010469,0.93984380,4,2017-07,2017-11
1202,89c127985a8b130cfa45c1d36764017a,1419.57,0.38836834,0.00010444,0.93994824,6,2017-06,2018-02
1203,0b0ddbc7b9d9584f442c7ac92b0ff6c9,1416.76,0.38869144,0.00010424,0.94005248,3,2018-03,2018-06
1204,010543a62bd80aa422851e79a3bc7540,1416.00,0.38901454,0.00010418,0.94015666,2,2017-07,2017-08
1205,17eea220a40cc0d2c0c5346379682398,1414.98,0.38933764,0.00010411,0.94026077,2,2017-09,2017-10
1206,af3ef48d0e13835e529c29ac573c63e5,1405.63,0.38966074,0.00010342,0.94036419,4,2018-05,2018-08
1207,921323538c9f1c4e816f2720eac02bea,1401.84,0.38998384,0.00010314,0.94046733,6,2017-11,2018-08
1208,8ff1a9df749e454105c55cda13e79143,1400.60,0.39030695,0.00010305,0.94057038,6,2017-11,2018-06
1209,d4ffeb15b67e81ff9af2b4252d99fb7e,1400.40,0.39063005,0.00010303,0.94067341,4,2018-04,2018-07
1210,04843805947f0fc584fc1969b6e50fe7,1400.00,0.39095315,0.00010300,0.94077642,1,2018-08,2018-08
1211,d4e12e7884759a14fa0f5f896c791cae,1400.00,0.39127625,0.00010300,0.94087942,11,2017-09,2018-07
1212,b8114f2f589a6804810f04f99b36b498,1399.62,0.39159935,0.00010298,0.94098240,5,2018-04,2018-08
1213,2e1a7d075abe038c1b2743005fe42ff1,1396.70,0.39192246,0.00010276,0.94108516,8,2017-08,2018-08
1214,8e2b3afb420011ef0c88c9d5f11ea526,1384.50,0.39224556,0.00010186,0.94118702,2,2017-11,2018-01
1215,863d2ebcd347ce4922de7a0f9a5581d6,1382.36,0.39256866,0.00010171,0.94128873,9,2017-07,2018-08
1216,81336a0f57a33776419727a300249e90,1374.85,0.39289176,0.00010115,0.94138988,9,2017-07,2018-04
1217,88cf19ec1fc2c58f161aee259d57142c,1372.97,0.39321486,0.00010102,0.94149090,3,2018-05,2018-08
1218,8185694b58b2ba6de20fd41ae608bbea,1372.30,0.39353796,0.00010097,0.94159187,4,2018-03,2018-08
1219,985c92cc412091f8529c12d7f23d3fef,1368.50,0.39386107,0.00010069,0.94169255,3,2018-05,2018-08
1220,0bebbb2cea103a4a020c95d43fd7d754,1367.20,0.39418417,0.00010059,0.94179314,3,2018-06,2018-08
1221,556a6409838156ea299c9d1f9e2dde43,1362.80,0.39450727,0.00010027,0.94189341,2,2018-06,2018-08
1222,36890be00bbfc1cdb9a4a38a6af05a69,1361.30,0.39483037,0.00010016,0.94199357,3,2018-06,2018-08
1223,5a425cc503b39b262a847fd6212bf53b,1360.59,0.39515347,0.00010010,0.94209367,5,2018-04,2018-08
1224,a36ac007a4d18f865c8d32c3b2402c2d,1359.78,0.39547658,0.00010005,0.94219372,4,2017-01,2017-09
1225,091065b789659bc3cd9af9cb3a6253ff,1359.00,0.39579968,0.00009999,0.94229371,2,2017-10,2018-01
1226,2f73e04d12cdf0c945ded66bb3fcf6c7,1359.00,0.39612278,0.00009999,0.94239369,3,2017-02,2018-08
1227,42ef3192a9ff87a22d1867b74b3ee205,1354.09,0.39644588,0.00009963,0.94249332,7,2018-01,2018-08
1228,9f50216bfd01913736a55a11b55ea842,1354.00,0.39676898,0.00009962,0.94259294,3,2018-06,2018-08
1229,04e38a233f726ef161074ab1c9b0399a,1352.20,0.39709208,0.00009949,0.94269243,7,2017-09,2018-05
1230,b9a03475e6447e631b6799ec8274800f,1349.10,0.39741519,0.00009926,0.94279169,5,2017-11,2018-07
1231,e439f7176d763f92de325271111b2fd5,1348.40,0.39773829,0.00009921,0.94289090,3,2018-05,2018-08
1232,c3ee2331a724e6fc02c4b698b57a73f3,1347.00,0.39806139,0.00009911,0.94299000,2,2017-11,2017-12
1233,7e26c750b4cb9f6766f58265ff9ebe95,1344.30,0.39838449,0.00009891,0.94308891,9,2017-02,2017-10
1234,20b54c376b794ed028df09a3cd88e8dc,1342.95,0.39870759,0.00009881,0.94318771,8,2017-09,2018-07
1235,b43d8b707f887a30f4675391098354a0,1342.00,0.39903069,0.00009874,0.94328645,2,2018-04,2018-07
1236,186cdd1b2df32caa72cfb410bba768d3,1341.45,0.39935380,0.00009870,0.94338515,3,2018-05,2018-08
1237,8ea394aed8138685abe1eb9f25e1021d,1340.00,0.39967690,0.00009859,0.94348374,2,2017-12,2018-06
1238,ecccfa2bb93b34a3bf033cc5d1dcdc69,1338.64,0.40000000,0.00009849,0.94358223,2,2016-09,2016-10
1239,7357b52d27cbaa90f81a96cbc1279396,1328.02,0.40032310,0.00009771,0.94367994,4,2018-05,2018-08
1240,058cb5aeb36d7c0fcae20fc85d5e0a59,1328.00,0.40064620,0.00009771,0.94377764,7,2017-09,2018-08
1241,3faf68a3b0af94b10bac70d86077be49,1322.93,0.40096931,0.00009733,0.94387498,4,2017-02,2017-05
1242,5d9f3746e112e696f98ea22c56b3e912,1322.64,0.40129241,0.00009731,0.94397229,1,2018-07,2018-07
1243,d2e753bb80b7d4faa77483ed00edc8ca,1320.70,0.40161551,0.00009717,0.94406946,6,2017-10,2018-05
1244,718539d38d07dd351c76db862760e2e2,1318.90,0.40193861,0.00009704,0.94416650,8,2017-04,2018-02
1245,2bd05d410a8fd26dc4184a15f4f2f588,1316.73,0.40226171,0.00009688,0.94426338,5,2017-01,2017-10
1246,5151aea44289d6c6b090ee31c2132508,1315.30,0.40258481,0.00009677,0.94436015,1,2017-02,2017-02
1247,3f8034bfc6b8b4135534975d49f04c63,1313.90,0.40290792,0.00009667,0.94445682,5,2017-01,2017-05
1248,4eb61f060e7dcc1d5a80d806c35cc541,1313.00,0.40323102,0.00009660,0.94455342,4,2018-03,2018-08
1249,c794dab4928dd97beb41d05514441e86,1312.40,0.40355412,0.00009656,0.94464998,7,2017-12,2018-06
1250,f4a04f7be452aa3bb31760bf00055dd0,1312.10,0.40387722,0.00009654,0.94474652,6,2017-10,2018-08
1251,e63e8bfa530fb16910dd6956e592bb81,1311.70,0.40420032,0.00009651,0.94484303,12,2017-08,2018-08
1252,626ab1cd96932367f0eeec2e47046c12,1310.00,0.40452342,0.00009638,0.94493941,2,2018-01,2018-07
1253,7f40d06aa0b5f1aa4f41af8c0480e2ef,1309.94,0.40484653,0.00009638,0.94503579,1,2018-08,2018-08
1254,9a1aea68d3efa00862ec88c0768037d0,1309.20,0.40516963,0.00009632,0.94513211,3,2018-02,2018-07
1255,0e982cff76cc0579f632cea8a0e38c9d,1307.34,0.40549273,0.00009619,0.94522830,5,2017-09,2018-04
1256,a13580f0e8f782b7a543885a0ef99f08,1304.90,0.40581583,0.00009601,0.94532431,4,2017-08,2018-05
1257,4dbd95a08b31ede5c82d3f861cb1ce1a,1304.67,0.40613893,0.00009599,0.94542030,4,2017-05,2017-11
1258,83b08de96980757220871b31bf6cffca,1304.17,0.40646204,0.00009595,0.94551625,4,2017-10,2018-05
1259,542917da124346b47ea1ac79a93ce454,1303.90,0.40678514,0.00009593,0.94561218,5,2017-03,2017-08
1260,90d4125885ab6c86e8820a722be71974,1299.55,0.40710824,0.00009561,0.94570780,1,2018-04,2018-04
1261,45a3d05fb00435e52a28859dd03703b3,1299.00,0.40743134,0.00009557,0.94580337,1,2017-02,2017-02
1262,56e361f411e38dcef17cdc2a3d99628b,1298.00,0.40775444,0.00009550,0.94589887,2,2018-07,2018-08
1263,d101c6da914ae3d53f7bee42283f2fe2,1297.40,0.40807754,0.00009546,0.94599433,2,2016-10,2017-05
1264,10ff823eda2b032e2c93d17a7d294736,1294.97,0.40840065,0.00009528,0.94608960,8,2017-06,2018-04
1265,51ed72984a04e5dd35c2b27e77179038,1294.30,0.40872375,0.00009523,0.94618483,3,2017-11,2018-04
1266,f08c008c8a8d31417763738a1788a2a8,1291.72,0.40904685,0.00009504,0.94627987,4,2017-10,2018-01
1267,b9ca8e8baa5d4aa038394a700f63e69f,1289.77,0.40936995,0.00009489,0.94637476,5,2018-04,2018-08
1268,25e47381a6c510ddeb36084e33b89f0c,1289.60,0.40969305,0.00009488,0.94646965,2,2017-05,2017-06
1269,141440cad9341e553f8401c574a2aa38,1288.20,0.41001616,0.00009478,0.94656442,4,2018-05,2018-08
1270,bc07d855eac23aab5ac8a120f21d16b2,1283.11,0.41033926,0.00009440,0.94665883,5,2018-03,2018-08
1271,e3d3b3efac954a60d61be70b7e05b49b,1282.05,0.41066236,0.00009433,0.94675316,1,2018-06,2018-06
1272,4eeb99008a0f59d2c7759c59f9a346eb,1282.00,0.41098546,0.00009432,0.94684748,2,2018-04,2018-06
1273,269cff2d3c8d205c11f37a52402ea93b,1281.59,0.41130856,0.00009429,0.94694177,3,2018-06,2018-08
1274,a478c7961d6a992065b24e63b366f90b,1281.50,0.41163166,0.00009429,0.94703606,5,2017-02,2018-02
1275,5795aebfe331fbcd02a2c4b679fb7952,1280.00,0.41195477,0.00009418,0.94713023,3,2018-02,2018-08
1276,fec8cd45395b3cb0c2b173d7739706a1,1280.00,0.41227787,0.00009418,0.94722441,3,2018-01,2018-04
1277,2709af9587499e95e803a6498a5a56e9,1279.56,0.41260097,0.00009414,0.94731855,13,2017-02,2018-08
1278,1dcfa3835714681d4ba4a93bc1e0fd41,1278.50,0.41292407,0.00009407,0.94741262,6,2017-07,2018-04
1279,bb5d956dece964a06c12bceb66b923ae,1278.36,0.41324717,0.00009405,0.94750667,2,2018-01,2018-02
1280,128f9bfbe4c7d5185033914b1de3d39a,1277.29,0.41357027,0.00009398,0.94760065,9,2017-09,2018-06
1281,52f9db5cfb423382a2fa5c9e39303202,1269.77,0.41389338,0.00009342,0.94769407,9,2017-11,2018-08
1282,c8c1bea22194a4eefa2dc9a9fa89f536,1266.00,0.41421648,0.00009315,0.94778722,2,2018-06,2018-08
1283,2646baaf662d4d92ac48f047e35db92d,1263.05,0.41453958,0.00009293,0.94788014,5,2018-04,2018-08
1284,9ed65337433adfbedefd23dd76eaa494,1262.60,0.41486268,0.00009290,0.94797304,5,2017-12,2018-08
1285,da7039f29f90ce5b4846ffc0fcc93beb,1259.10,0.41518578,0.00009264,0.94806568,5,2018-04,2018-08
1286,9140bd1d9de28b197dce077bdd687438,1258.87,0.41550889,0.00009262,0.94815830,4,2018-05,2018-08
1287,8a9260f2b0340411d6d2a56bcf4f7378,1256.00,0.41583199,0.00009241,0.94825071,4,2018-02,2018-08
1288,b8578d2d823bd8e251f6fdd02b40902d,1255.60,0.41615509,0.00009238,0.94834309,4,2018-04,2018-07
1289,4cf490a58259286ada5ba8525ba9e84a,1254.20,0.41647819,0.00009228,0.94843536,5,2017-03,2017-11
1290,734def04b237117a09321dd6d8f3f2a2,1252.43,0.41680129,0.00009215,0.94852751,2,2018-04,2018-06
1291,402916f742e5c740cc751493d9cf5053,1252.00,0.41712439,0.00009212,0.94861963,1,2018-08,2018-08
1292,b5abf4f36adc043117b4fca82c22984c,1247.80,0.41744750,0.00009181,0.94871143,8,2017-04,2018-08
1293,30a81d8cf85fb2ada1b1b094c9583a95,1245.42,0.41777060,0.00009163,0.94880306,5,2018-02,2018-08
1294,3fac58ce0ad699020c7944d53c41329c,1244.95,0.41809370,0.00009160,0.94889466,4,2018-05,2018-08
1295,671585f5a2af58b6e276bc01003c0d2b,1244.00,0.41841680,0.00009153,0.94898619,2,2018-07,2018-08
1296,5d76d80a2f5f39c891b996a1bf4c9853,1238.50,0.41873990,0.00009112,0.94907731,2,2018-07,2018-08
1297,67225bff54a172ff67579aaf583efd78,1238.00,0.41906300,0.00009109,0.94916840,5,2017-09,2018-02
1298,002100f778ceb8431b7a1020ff7ab48f,1234.50,0.41938611,0.00009083,0.94925922,8,2017-09,2018-04
1299,4fb41dff7c50136976d1a5cf004a42e2,1230.00,0.41970921,0.00009050,0.94934972,3,2017-11,2018-02
1300,7daca0837f033a41a6f3428c18657533,1228.98,0.42003231,0.00009042,0.94944014,3,2018-04,2018-06
1301,0afccdb8a34ee5c79f7c06faf2b4d56e,1225.50,0.42035541,0.00009017,0.94953031,10,2017-04,2018-04
1302,2d518637f53161b973e01f56ea4bb88e,1219.89,0.42067851,0.00008975,0.94962006,4,2018-04,2018-07
1303,9c4d31c7e46ab03a43fc06e3142afd4e,1218.90,0.42100162,0.00008968,0.94970974,1,2018-08,2018-08
1304,7a425d299613df3e613bcf9d2eaf5c49,1218.80,0.42132472,0.00008967,0.94979941,7,2017-11,2018-08
1305,2cb6eb1b7185064167657fa09f541105,1217.90,0.42164782,0.00008961,0.94988902,5,2018-02,2018-08
1306,093805f8f2aeb63881444571e1f48f30,1215.79,0.42197092,0.00008945,0.94997847,6,2017-08,2018-01
1307,f9d010e39375d9c91dce3f40b73a2f84,1212.00,0.42229402,0.00008917,0.95006764,4,2018-02,2018-07
1308,57c764b4a836300be881e2ff86e449f9,1211.00,0.42261712,0.00008910,0.95015674,14,2017-02,2018-08
1309,788e857f317e53de488d393e65a80f45,1210.00,0.42294023,0.00008903,0.95024577,3,2018-05,2018-08
1310,6426d21aca402a131fc0a5d0960a3c90,1209.64,0.42326333,0.00008900,0.95033477,6,2017-05,2017-10
1311,01fd077212124329bac32490e8ef80d9,1208.00,0.42358643,0.00008888,0.95042365,5,2018-04,2018-08
1312,b566ab0ef88016e00422755e305103c6,1208.00,0.42390953,0.00008888,0.95051252,4,2018-03,2018-07
1313,7238f877570096ae403c51898fa64566,1200.00,0.42423263,0.00008829,0.95060081,2,2018-04,2018-05
1314,f0563bacf40c311f1c4d3d6b67b8a7a7,1199.00,0.42455574,0.00008822,0.95068903,1,2016-10,2016-10
1315,6bef34c5be6f2bbd70aa5165f6df94b1,1198.00,0.42487884,0.00008814,0.95077717,1,2018-07,2018-07
1316,11fb6f6d341adbe19e81733701704635,1197.00,0.42520194,0.00008807,0.95086524,1,2018-08,2018-08
1317,a20d8058c866dbaeca014d2cd20ac62e,1194.00,0.42552504,0.00008785,0.95095309,2,2017-12,2018-05
1318,d8c7ba53e7e38711eaef8c2849d6d2e1,1190.87,0.42584814,0.00008762,0.95104071,4,2018-05,2018-08
1319,700f03c207639c22d933381ff60b35c2,1189.86,0.42617124,0.00008754,0.95112825,2,2016-10,2017-11
1320,c0098efcf800861dcae589affca31408,1189.28,0.42649435,0.00008750,0.95121575,5,2017-12,2018-07
1321,1710c3aaa9c6b44ec3883ee0fe300e21,1188.90,0.42681745,0.00008747,0.95130322,2,2018-04,2018-05
1322,e504a4e2efaa45cbff7e268a2c58c956,1188.80,0.42714055,0.00008747,0.95139069,4,2018-05,2018-08
1323,c273175f7c6c80fb02f051e2fc6d0d72,1188.23,0.42746365,0.00008742,0.95147811,4,2017-01,2017-07
1324,439a47cc365d6e3bd526812ea9de3c29,1186.50,0.42778675,0.00008730,0.95156541,6,2017-08,2018-07
1325,a5259c149128e82c9d6d46e0c1c812bb,1182.26,0.42810985,0.00008698,0.95165239,5,2017-07,2018-03
1326,7ff588a03c2aeae4fbd23f9ae64b760d,1182.20,0.42843296,0.00008698,0.95173937,3,2018-06,2018-08
1327,ec4608a1f76453166bb312b2968aeaf4,1181.75,0.42875606,0.00008695,0.95182632,10,2017-02,2018-08
1328,725af026f869236a8dd0ceb98564d156,1177.71,0.42907916,0.00008665,0.95191297,6,2017-10,2018-08
1329,327b89b872c14d1c0be7235ef4871685,1177.00,0.42940226,0.00008660,0.95199957,2,2017-02,2017-03
1330,b1aaae6b66ad3c40f54b389d7ea4bee0,1176.50,0.42972536,0.00008656,0.95208613,5,2017-01,2017-05
1331,dbec9a0a7efeff029d4d9dce7dc4cc95,1170.00,0.43004847,0.00008608,0.95217221,2,2018-06,2018-08
1332,f1b854361f4e15d5851b494df66f22b2,1168.80,0.43037157,0.00008599,0.95225820,2,2018-04,2018-07
1333,8629c241b3622ac12cd4118afdc8d394,1167.66,0.43069467,0.00008591,0.95234411,5,2018-03,2018-07
1334,a425f92c199eb576938df686728acd20,1165.80,0.43101777,0.00008577,0.95242989,8,2016-09,2018-07
1335,5ee7fd217d08dfe5d3e2f51f96a12c9a,1165.50,0.43134087,0.00008575,0.95251564,7,2017-06,2018-08
1336,c8e135e7b21ecbc36c1153a29d2f5a06,1165.50,0.43166397,0.00008575,0.95260139,3,2017-02,2017-05
1337,5f3ae9136c875522250f8184f253413a,1158.00,0.43198708,0.00008520,0.95268659,8,2018-01,2018-08
1338,d1c7fa84e48cfa21a0e595167c1c500e,1156.03,0.43231018,0.00008505,0.95277164,5,2018-03,2018-07
1339,d1b9d4be4b6f9ebd85f8acd6745ba612,1154.35,0.43263328,0.00008493,0.95285657,8,2017-10,2018-08
1340,2d378dbb39815785238c0139c7647fb7,1154.00,0.43295638,0.00008491,0.95294148,2,2017-04,2017-05
1341,432c67955c0acd1fd6b0b5d678766a71,1151.00,0.43327948,0.00008468,0.95302616,2,2016-10,2017-02
1342,c35672b10ad50968f567ea3f4b91e877,1150.57,0.43360258,0.00008465,0.95311082,9,2017-08,2018-08
1343,5fd924b4836098a5be0ecf81ba054ce0,1148.80,0.43392569,0.00008452,0.95319534,3,2017-01,2017-03
1344,1d2732ef8321502ee8488e8bed1ab8cd,1148.00,0.43424879,0.00008446,0.95327980,4,2017-04,2018-05
1345,d4910f1cdcfdabd48d6b316e395d4a23,1146.88,0.43457189,0.00008438,0.95336418,2,2018-07,2018-08
1346,10089e9f2fd0c668a8fd4e52e1698888,1139.90,0.43489499,0.00008387,0.95344805,2,2017-03,2017-11
1347,5f26c1408a65b42a7224cd463bdf3292,1139.80,0.43521809,0.00008386,0.95353191,3,2018-06,2018-08
1348,6562efe88ce0826a4ca4f189f03b4b84,1135.90,0.43554120,0.00008357,0.95361549,5,2017-03,2018-01
1349,6b89abe95848c850399130d149a39b63,1135.20,0.43586430,0.00008352,0.95369901,3,2018-02,2018-04
1350,5b07547f10dd980738a1a27f685af669,1134.60,0.43618740,0.00008348,0.95378248,1,2018-08,2018-08
1351,75fbb52eda0cbc24f479d3b2fbfa8d3e,1130.99,0.43651050,0.00008321,0.95386570,17,2017-01,2018-06
1352,9485a23c0430ba1d58d359391606fce6,1129.90,0.43683360,0.00008313,0.95394883,4,2017-03,2017-12
1353,713e3a23ca5e47786eb6f0d99f94cfac,1126.00,0.43715670,0.00008285,0.95403167,3,2018-02,2018-06
1354,138dbe45fc62f1e244378131a6801526,1125.56,0.43747981,0.00008281,0.95411449,4,2018-05,2018-08
1355,9bc484c87d79cd4874e05ca182658045,1120.00,0.43780291,0.00008240,0.95419689,5,2017-11,2018-05
1356,c878515173c84a492ebe50d6b493230b,1118.84,0.43812601,0.00008232,0.95427921,5,2017-03,2017-11
1357,cda598c48d7c614bc1cad7d8ff6f0010,1118.60,0.43844911,0.00008230,0.95436151,6,2018-03,2018-08
1358,365e445f796710c3431557e85caa25db,1115.00,0.43877221,0.00008204,0.95444354,3,2017-02,2017-06
1359,1b65c144b17e607c0f37f10bb7dfec8d,1109.50,0.43909532,0.00008163,0.95452518,3,2018-04,2018-06
1360,b586cd24c010a13916af621b0325fbba,1108.94,0.43941842,0.00008159,0.95460677,3,2018-06,2018-08
1361,6c6cc59a5c00cacc5054ca06d65cc282,1107.00,0.43974152,0.00008145,0.95468821,1,2018-08,2018-08
1362,abc015ebac1d283a323ca9db35ede4b9,1106.80,0.44006462,0.00008143,0.95476964,8,2017-02,2017-12
1363,457fe919b032a3f7dadba6fb92cf7855,1104.89,0.44038772,0.00008129,0.95485094,3,2018-05,2018-08
1364,596849622429351f47b32e6cae1055ff,1104.70,0.44071082,0.00008128,0.95493221,3,2018-06,2018-08
1365,48328ec9a579151d9cc6a86d4a59336c,1099.00,0.44103393,0.00008086,0.95501307,1,2017-09,2017-09
1366,c88f62b4c386a59281014d677864d016,1099.00,0.44135703,0.00008086,0.95509393,1,2017-03,2017-03
1367,4b39558c138930b9e5489c93b6df5fe3,1096.70,0.44168013,0.00008069,0.95517462,2,2017-11,2018-01
1368,b55638ad525e906c698fa2ce742c1742,1094.80,0.44200323,0.00008055,0.95525517,6,2017-11,2018-08
1369,119d1aef1b4144adba89163f6cd9f5d4,1094.00,0.44232633,0.00008049,0.95533566,3,2017-05,2017-11
1370,8b655f0855926bcb49f5835d38dfddf6,1089.50,0.44264943,0.00008016,0.95541582,3,2018-05,2018-08
1371,f205b1a3ca9a34e0f8a228bae6e4c7b3,1088.00,0.44297254,0.00008005,0.95549587,2,2018-07,2018-08
1372,76ea5315acb3f5f7ade3cd261faf922a,1087.06,0.44329564,0.00007998,0.95557585,4,2018-05,2018-08
1373,fe87f472055fbcf1d7e691c00b1560dc,1085.80,0.44361874,0.00007989,0.95565574,2,2018-05,2018-08
1374,e48cc16ab70bfa09e1401740dce0b3d7,1084.83,0.44394184,0.00007982,0.95573555,10,2017-05,2018-06
1375,39f776d2974049026ff531fc42ef2a3e,1084.04,0.44426494,0.00007976,0.95581531,2,2018-01,2018-04
1376,71dc18fd8cbf5fd77f45dd8b427abb34,1080.00,0.44458805,0.00007946,0.95589477,3,2017-02,2017-12
1377,4091f77d8c768fc3e81c20761471761d,1079.00,0.44491115,0.00007939,0.95597416,4,2018-01,2018-08
1378,4736e9d642ef4257cd7622516931eb51,1078.87,0.44523425,0.00007938,0.95605354,7,2017-11,2018-08
1379,03a2a6dcbe45d639c4dc2a0d24769c40,1078.41,0.44555735,0.00007934,0.95613288,4,2018-03,2018-08
1380,a066df7361163e7ddc5d7452dd17448b,1078.30,0.44588045,0.00007934,0.95621222,6,2017-12,2018-05
1381,278b6e0b20c4f61fefaa0577943d7a35,1078.00,0.44620355,0.00007931,0.95629153,1,2018-05,2018-05
1382,577719699805dd125d5b6fdde5943bba,1077.80,0.44652666,0.00007930,0.95637083,5,2018-04,2018-08
1383,167fd940acebc789debd6eb418c46e38,1077.58,0.44684976,0.00007928,0.95645011,5,2017-11,2018-06
1384,3d4b1ae7539303b5704493798893e82c,1076.00,0.44717286,0.00007917,0.95652928,2,2017-12,2018-02
1385,334cab711dee080b079fa5779b584783,1069.70,0.44749596,0.00007870,0.95660798,5,2018-04,2018-08
1386,b18871c324516afa228a13e8f1ef0ae9,1064.60,0.44781906,0.00007833,0.95668631,5,2018-02,2018-06
1387,eb72802c83dc7547529c9546d1a9b8ef,1063.92,0.44814216,0.00007828,0.95676458,3,2018-05,2018-07
1388,8fbd63429be6d3e5e6d1a709b6464802,1061.40,0.44846527,0.00007809,0.95684268,3,2018-04,2018-06
1389,b2eecf5ea250510da76590ca79d60e5d,1060.00,0.44878837,0.00007799,0.95692067,7,2017-03,2017-11
1390,f5fea3ffed6c2e889bab72705557c63a,1059.90,0.44911147,0.00007798,0.95699865,2,2017-02,2017-04
1391,1464afc72f696af775557a821c2e253f,1059.36,0.44943457,0.00007794,0.95707659,14,2017-04,2018-08
1392,de9727ca376d1be6ec121b110aa7954c,1058.70,0.44975767,0.00007789,0.95715448,4,2018-05,2018-08
1393,226b05fe067266c59c15dae208213d06,1056.90,0.45008078,0.00007776,0.95723224,2,2018-03,2018-04
1394,55dedd83e501d8248880557d9073cbfd,1055.30,0.45040388,0.00007764,0.95730989,1,2018-08,2018-08
1395,04fdea0c111866e6cf812f1570d6b5bd,1055.00,0.45072698,0.00007762,0.95738751,4,2017-10,2018-01
1396,9d7a1d34a5052409006425275ba1c2b4,1054.82,0.45105008,0.00007761,0.95746512,6,2017-07,2018-08
1397,fcf16b7a8697e559f0123190bb30177d,1052.80,0.45137318,0.00007746,0.95754258,3,2018-02,2018-08
1398,4324dd16853115efb0fd9d0d131ba6f4,1052.25,0.45169628,0.00007742,0.95761999,6,2017-05,2018-03
1399,bb135baca94c82fcb731335ad5b04a03,1049.80,0.45201939,0.00007724,0.95769723,12,2017-01,2018-08
1400,b7d5b4b87af9d42b601865d3f3810bff,1049.00,0.45234249,0.00007718,0.95777441,2,2017-05,2017-11
1401,49067458c68f7701fd334ce326accbe0,1047.65,0.45266559,0.00007708,0.95785149,8,2017-09,2018-08
1402,1cbd32d00d01bb8087a5eb088612fd9c,1045.47,0.45298869,0.00007692,0.95792841,4,2018-05,2018-08
1403,c03121937e54a93fcc1825c3098bbb6e,1043.00,0.45331179,0.00007674,0.95800515,6,2017-03,2018-05
1404,89f69225956f951295ca4c7fb1266553,1041.30,0.45363489,0.00007661,0.95808176,4,2018-05,2018-08
1405,3d4824f20035949c710eaf111f869d39,1041.04,0.45395800,0.00007659,0.95815836,3,2018-06,2018-08
1406,1bc2e21de46adfea6b98cc96b00f3b40,1039.95,0.45428110,0.00007651,0.95823487,3,2017-02,2017-05
1407,7c5b05cbdb5542049f38d90d7815b97d,1038.96,0.45460420,0.00007644,0.95831131,4,2018-04,2018-07
1408,633ecdf879b94b5337cca303328e4a25,1037.60,0.45492730,0.00007634,0.95838765,1,2017-09,2017-09
1409,7df1fc11cc5cbc518b39faa60cf5d67c,1037.60,0.45525040,0.00007634,0.95846400,4,2018-04,2018-07
1410,c54679b132454625907c773d273d4126,1032.00,0.45557351,0.00007593,0.95853992,5,2018-03,2018-07
1411,8c5e007d7bd5693fa1386ffefbc99f6c,1029.11,0.45589661,0.00007572,0.95861564,3,2018-06,2018-08
1412,8f2b51a30523cdecddc2f179f351c7d6,1027.90,0.45621971,0.00007563,0.95869127,4,2017-04,2017-07
1413,76c47a299e4a8fe992316a85865acbe9,1024.46,0.45654281,0.00007537,0.95876664,4,2017-06,2018-06
1414,e58a5b390e28abc0b216cfb0e07d27d7,1022.60,0.45686591,0.00007524,0.95884188,3,2018-04,2018-08
1415,7994081388d55b9cf976c050653dd359,1020.00,0.45718901,0.00007505,0.95891693,2,2017-02,2017-11
1416,26785a546900236d66f2e4197c211158,1019.20,0.45751212,0.00007499,0.95899191,5,2017-11,2018-07
1417,7aa538dd6e114e503a2e6154ea352253,1016.68,0.45783522,0.00007480,0.95906672,3,2018-04,2018-08
1418,a13aaf2d2886ab9fb30fb9a920160b8f,1011.52,0.45815832,0.00007442,0.95914114,2,2018-07,2018-08
1419,28872dc528e978a639754bc8c2ce5a4c,1009.90,0.45848142,0.00007430,0.95921544,1,2018-06,2018-06
1420,5011f0d93373a4c5753adf58ca77af8d,1009.42,0.45880452,0.00007427,0.95928971,5,2017-08,2018-05
1421,5b664594895aefb418afaee6d40a9a23,1008.80,0.45912763,0.00007422,0.95936393,11,2017-01,2018-08
1422,00720abe85ba0859807595bbf045a33b,1007.50,0.45945073,0.00007413,0.95943806,8,2018-01,2018-08
1423,b45d7ebfb7378630f1bcd74b6ff86ff7,1007.50,0.45977383,0.00007413,0.95951218,3,2017-09,2018-02
1424,fb3cfbc8a86f5d7fbb4d36b8df63f60d,1007.30,0.46009693,0.00007411,0.95958629,2,2018-06,2018-08
1425,bc47d5d1490df2b36add65d733eafaba,1004.80,0.46042003,0.00007393,0.95966022,8,2018-01,2018-08
1426,980640c45d7a4635885491d077167e4d,1004.29,0.46074313,0.00007389,0.95973411,2,2018-07,2018-08
1427,ef9952469137ff190bacafe117f51537,1002.66,0.46106624,0.00007377,0.95980788,3,2017-03,2017-05
1428,515d781150feed28a6ac091bb0e3cb8c,1002.35,0.46138934,0.00007375,0.95988163,3,2016-10,2017-05
1429,2379bdc3888025689a9deb7b141507d5,999.50,0.46171244,0.00007354,0.95995517,6,2018-01,2018-08
1430,41c9d3997dd3c072c31139dc5bb5761f,998.80,0.46203554,0.00007349,0.96002865,3,2017-01,2017-03
1431,cb4a705d00e100b9732d0ca34817d441,998.00,0.46235864,0.00007343,0.96010208,1,2017-11,2017-11
1432,dff87e4de60c9736ce8df835951b09bc,998.00,0.46268174,0.00007343,0.96017551,1,2017-11,2017-11
1433,b5e3e38609125694d2ea2417522a60b7,995.04,0.46300485,0.00007321,0.96024872,6,2017-04,2017-09
1434,8a43128d7f9a3db592b866e6861a6cce,990.60,0.46332795,0.00007288,0.96032160,2,2018-06,2018-08
1435,7ecef8194babfec876ca720714327841,990.50,0.46365105,0.00007288,0.96039448,5,2017-10,2018-07
1436,d1582f4043306e6b91afa6a8a884f898,990.00,0.46397415,0.00007284,0.96046732,4,2017-11,2018-02
1437,6025c79c035c3d772133b8b8238463b2,989.74,0.46429725,0.00007282,0.96054014,2,2018-07,2018-08
1438,8fdca8e349553f99bc738833a62c8802,989.34,0.46462036,0.00007279,0.96061293,8,2016-10,2017-08
1439,edd066cd02126d7800f9b66e980e9931,987.70,0.46494346,0.00007267,0.96068560,5,2017-06,2018-06
1440,e84ad2127668df3aafc6b73531a0beb8,987.00,0.46526656,0.00007262,0.96075821,7,2017-12,2018-08
1441,77dcbb67ccb3659bd58eaf5661560a30,984.00,0.46558966,0.00007240,0.96083061,1,2017-02,2017-02
1442,7a9c12e235c36247c3c81f50d6ea9cea,983.90,0.46591276,0.00007239,0.96090300,3,2017-03,2017-05
1443,325f3178fb58e2a9778334621eecdbf9,981.70,0.46623586,0.00007223,0.96097523,11,2017-03,2018-01
1444,83645b1645cdee8953ee54c29ceed564,978.90,0.46655897,0.00007202,0.96104725,8,2017-03,2018-08
1445,e0eabded302882513ced4ea3eb0c7059,978.40,0.46688207,0.00007199,0.96111924,3,2018-04,2018-06
1446,a99504ac23ed125aaf5302af6cc30af9,978.00,0.46720517,0.00007196,0.96119119,1,2017-10,2017-10
1447,8e670472e453ba34a379331513d6aab1,975.00,0.46752827,0.00007174,0.96126293,1,2017-09,2017-09
1448,3f2af2670e104d1bcb54022274daeac5,973.60,0.46785137,0.00007163,0.96133456,4,2017-09,2018-05
1449,c1ed9e3daf6154542826a6996af0fb8c,971.25,0.46817447,0.00007146,0.96140602,7,2017-08,2018-03
1450,ef2fbc2b607d8492bcffe657a4645434,970.80,0.46849758,0.00007143,0.96147745,2,2018-07,2018-08
1451,528bcf6680c36dddf07620bd35b33a6f,969.98,0.46882068,0.00007137,0.96154881,2,2017-06,2017-10
1452,3c3017960b2dbd72711a61f0400aab8f,968.80,0.46914378,0.00007128,0.96162009,4,2017-01,2017-04
1453,9261d76c62caaf0b24677c2ceb7f8f20,968.70,0.46946688,0.00007127,0.96169136,2,2018-07,2018-08
1454,9e9b539eb2806acee3f5c28085c1db9f,967.00,0.46978998,0.00007115,0.96176251,2,2017-11,2017-12
1455,b19c48688808720822399ffa9f2dbe2f,959.99,0.47011309,0.00007063,0.96183314,1,2018-08,2018-08
1456,05730013efda596306417c3b09302475,952.00,0.47043619,0.00007004,0.96190318,2,2018-07,2018-08
1457,05a940b4ecae36cadfd8e93bd9c43257,952.00,0.47075929,0.00007004,0.96197323,6,2017-07,2018-02
1458,f0e103c63864d5405b958d984b6e94c9,951.70,0.47108239,0.00007002,0.96204325,4,2017-04,2017-08
1459,5b2e94f2c22b39ccc24d34ad0f669672,949.78,0.47140549,0.00006988,0.96211313,4,2018-05,2018-08
1460,07017df32dc5f2f1d2801e579548d620,946.49,0.47172859,0.00006964,0.96218277,3,2017-03,2018-07
1461,4f1f1c8666cdb6442f775c4e8caed465,944.98,0.47205170,0.00006953,0.96225229,2,2018-07,2018-08
1462,4e06067cc08b3f41d837768d392c3ee3,941.72,0.47237480,0.00006929,0.96232158,10,2017-07,2018-08
1463,6cf476a4ca74498db55cbccdaa9dcfb6,939.93,0.47269790,0.00006915,0.96239073,5,2016-10,2017-05
1464,69b5eaa096c3f9d1e5c398c597f567d6,938.00,0.47302100,0.00006901,0.96245975,1,2018-08,2018-08
1465,79a679c36c08d606b3fd47ead9de109b,935.00,0.47334410,0.00006879,0.96252854,3,2018-03,2018-05
1466,db46ca7bce82b11f7e247539271fc390,933.97,0.47366721,0.00006872,0.96259726,5,2017-03,2017-07
1467,3d621842b2ed28e2b474132480edac3c,928.91,0.47399031,0.00006834,0.96266560,4,2017-05,2017-11
1468,4ebdc7e6cd6102a022dadc49156d4ea8,928.70,0.47431341,0.00006833,0.96273393,18,2017-02,2018-07
1469,c8025364abeecb115431bf95c11a747f,928.00,0.47463651,0.00006828,0.96280221,2,2018-05,2018-08
1470,bfd938b22bc99bce1ae60dc602889f52,922.80,0.47495961,0.00006789,0.96287010,3,2017-01,2017-04
1471,343e716476e3748b069f980efbaa294e,922.60,0.47528271,0.00006788,0.96293798,12,2017-04,2018-08
1472,2d42ebcda99fd55f6f4bc2f1ca035d50,921.50,0.47560582,0.00006780,0.96300578,3,2018-06,2018-08
1473,670a9dda115b5a88b18cfadee8de2332,918.90,0.47592892,0.00006761,0.96307339,6,2017-08,2018-08
1474,7d7d2b7a51328016102d4528c411d630,918.80,0.47625202,0.00006760,0.96314099,3,2018-04,2018-08
1475,1caf283236cd69af44cbc09a0a1e7d32,917.60,0.47657512,0.00006751,0.96320850,14,2017-04,2018-07
1476,dc7192adf8ba09569261f4a8d576afe0,917.00,0.47689822,0.00006747,0.96327597,2,2018-07,2018-08
1477,e9729944ba65dc3ce425e0c5a22ae7b2,916.70,0.47722132,0.00006745,0.96334341,2,2018-05,2018-06
1478,08d2d642cf72b622b14dde1d2f5eb2f5,914.00,0.47754443,0.00006725,0.96341066,8,2017-02,2017-12
1479,32e5635e63cb374eb63afdd242fb6134,910.00,0.47786753,0.00006695,0.96347761,1,2017-08,2017-08
1480,70849ca4f400aaabb62cb7462a6f1428,909.58,0.47819063,0.00006692,0.96354454,7,2017-12,2018-08
1481,3f9c56764fabca627406093dcb3ef0b4,909.30,0.47851373,0.00006690,0.96361144,3,2018-01,2018-04
1482,973f21788dfab357250f69a8dcb7ddee,909.00,0.47883683,0.00006688,0.96367832,8,2017-01,2018-06
1483,e5cbe890e679490127e9a390b46bbd20,908.99,0.47915994,0.00006688,0.96374520,2,2018-06,2018-08
1484,9198786624eaeb375793215cad26cfa6,908.30,0.47948304,0.00006683,0.96381202,4,2017-02,2018-04
1485,4a1f694197d05fe70026b016a7316b41,907.77,0.47980614,0.00006679,0.96387881,5,2018-02,2018-08
1486,e250d617a0ad591ba9bd663e584a895d,904.12,0.48012924,0.00006652,0.96394533,5,2018-02,2018-08
1487,ae45df84722b1d15c5f32b23a095746c,901.83,0.48045234,0.00006635,0.96401168,4,2018-02,2018-08
1488,e1c76f339ebd5460999f25a2aa8c92c5,899.90,0.48077544,0.00006621,0.96407789,1,2018-05,2018-05
1489,7dc9a3355bae96dd82008b313d3a456c,899.00,0.48109855,0.00006614,0.96414404,1,2018-06,2018-06
1490,e51f22821f0c12a16ad5c020cdcd55e9,898.71,0.48142165,0.00006612,0.96421016,3,2018-05,2018-08
1491,1961c3e1272bfeceb05d0b78b5bbfdaf,896.00,0.48174475,0.00006592,0.96427608,2,2018-07,2018-08
1492,4ef4c39cf3c24f326434cf0b2e48046a,891.00,0.48206785,0.00006555,0.96434164,6,2018-01,2018-08
1493,f8201cab383e484733266d1906e2fdfa,889.00,0.48239095,0.00006541,0.96440705,7,2017-06,2018-08
1494,160e4f13fd3a64b1b86807be88b5ffb0,886.00,0.48271405,0.00006519,0.96447223,3,2017-11,2018-02
1495,e1dc0754bada9ee4cfe9713f22f61292,885.00,0.48303716,0.00006511,0.96453735,3,2018-06,2018-08
1496,ffad1e7127fb622cb64a900751590acd,884.30,0.48336026,0.00006506,0.96460241,5,2018-03,2018-07
1497,6b9b80d53ba3676eafe60268a810b5a1,882.70,0.48368336,0.00006494,0.96466735,6,2017-02,2017-08
1498,48985c61529077fa4f1e38bcff0f2ed3,879.30,0.48400646,0.00006469,0.96473205,6,2017-01,2017-08
1499,e644cbadf7eeb30d0d29f335ce7d52ec,878.90,0.48432956,0.00006466,0.96479671,2,2018-07,2018-08
1500,134a288e7de827ec5ec62e3ec9c3a295,877.45,0.48465267,0.00006456,0.96486127,4,2017-05,2017-09
1501,68f86ba270525243e68ae74044f992b9,876.50,0.48497577,0.00006449,0.96492576,9,2017-08,2018-08
1502,1f867308a0ce13133a4e639ff4de0c02,875.10,0.48529887,0.00006439,0.96499014,5,2017-09,2018-06
1503,cac63f48c38cd7d002a7e846dcd99a23,874.00,0.48562197,0.00006430,0.96505445,8,2017-11,2018-08
1504,efff9341f3f8f5237b44ff67ed36a7bf,872.99,0.48594507,0.00006423,0.96511868,2,2018-05,2018-08
1505,9c690ceacd5c66731bf443ea810195cb,871.80,0.48626817,0.00006414,0.96518282,7,2017-08,2018-08
1506,bf00385a5f7fc1ef39a13c2e9ee50a5f,870.30,0.48659128,0.00006403,0.96524685,2,2018-07,2018-08
1507,eddd1991bd6d9309995a480c39b95137,866.00,0.48691438,0.00006372,0.96531057,2,2017-10,2017-11
1508,557f22c76691849db52d2abccf0015d0,865.86,0.48723748,0.00006371,0.96537427,4,2017-05,2017-09
1509,400f221ab83037c0ea78f1267da9624d,865.00,0.48756058,0.00006364,0.96543791,1,2017-10,2017-10
1510,ab3e0c171fe84a7ba7de130f19cfb485,863.42,0.48788368,0.00006353,0.96550144,5,2017-04,2018-04
1511,a67780aba9dd436e7ac0aa1f889e73ec,863.00,0.48820679,0.00006349,0.96556493,5,2017-11,2018-08
1512,41da412d33e8da4f22baf55cb1bde82c,862.90,0.48852989,0.00006349,0.96562842,6,2018-01,2018-06
1513,20cb7c2fde3e5bf10f0bbe7394e1c6a9,861.90,0.48885299,0.00006341,0.96569184,14,2017-03,2018-08
1514,6a8a889bde935bafa76d7848782dfaf9,860.82,0.48917609,0.00006333,0.96575517,4,2018-03,2018-06
1515,c4fabeea6e569d42d02993bb1f4f1cbc,859.30,0.48949919,0.00006322,0.96581839,7,2018-01,2018-08
1516,2c43fb513632d29b3b58df74816f1b06,858.00,0.48982229,0.00006313,0.96588152,2,2018-06,2018-07
1517,e8dba4d70f7f2b20e775d09cae01142d,855.91,0.49014540,0.00006297,0.96594449,4,2018-05,2018-08
1518,0aa124728afc1131dff5655f4c6f487b,850.92,0.49046850,0.00006261,0.96600710,2,2018-07,2018-08
1519,f783a638e9c6af4a7d0dbfde811e7a81,849.80,0.49079160,0.00006252,0.96606962,3,2018-02,2018-04
1520,1099a00e0ee3a50935e6c2447ca090c5,849.70,0.49111470,0.00006252,0.96613214,3,2017-11,2018-01
1521,010da0602d7774602cd1b3f5fb7b709e,849.50,0.49143780,0.00006250,0.96619464,1,2018-06,2018-06
1522,4221a7df464f1fe2955934e30ff3a5a1,849.50,0.49176090,0.00006250,0.96625714,3,2018-06,2018-08
1523,a0d7fbb07bb5ebc3b05980e750db56f3,848.99,0.49208401,0.00006246,0.96631961,2,2018-05,2018-08
1524,3dbbce181edfaa4a597ec858c382d2ec,848.30,0.49240711,0.00006241,0.96638202,7,2017-04,2017-12
1525,fe1b067411b8c5066e962aa146ccee03,847.78,0.49273021,0.00006238,0.96644440,2,2018-07,2018-08
1526,113e3a788b935f48aad63e1c41dac1bd,847.35,0.49305331,0.00006234,0.96650674,11,2017-07,2018-08
1527,2dd1fb6f0e42a2243b8a01e40cd41216,845.89,0.49337641,0.00006224,0.96656898,2,2017-02,2017-04
1528,2b03ac196f5ed62ac483960fe0fa3b65,843.10,0.49369952,0.00006203,0.96663101,4,2017-11,2018-05
1529,ddd51ae8cda92f3995a51fc0f0f3eec7,842.70,0.49402262,0.00006200,0.96669301,5,2017-01,2018-01
1530,0791d9fc1e30678ecf03d3e55fa108d3,842.00,0.49434572,0.00006195,0.96675496,3,2018-05,2018-07
1531,a1544b9ea0b2390e020537d4daa89049,841.20,0.49466882,0.00006189,0.96681685,8,2017-02,2018-08
1532,a3b42d266fa8afc874b909422ce88582,839.40,0.49499192,0.00006176,0.96687861,1,2018-07,2018-07
1533,c37b2059d4f90d4feead554e5246565e,839.30,0.49531502,0.00006175,0.96694036,7,2017-11,2018-07
1534,6e4f5ff6b086632ba8dcb558fb10249e,838.90,0.49563813,0.00006172,0.96700208,5,2018-02,2018-07
1535,82cb9f452fe8334df74b22d37824b431,838.20,0.49596123,0.00006167,0.96706375,5,2018-04,2018-08
1536,eba88037e1dca898cd02881f67ced679,838.10,0.49628433,0.00006166,0.96712541,5,2017-04,2018-03
1537,b81e3a6c866a764974fe849821abeebd,836.15,0.49660743,0.00006152,0.96718693,2,2018-07,2018-08
1538,28f10b1c5e5abb9d4857745bede6147c,835.00,0.49693053,0.00006143,0.96724837,5,2018-04,2018-08
1539,297d5eccd19fa9a83b2630071ff105e4,834.97,0.49725363,0.00006143,0.96730980,2,2018-07,2018-08
1540,1bb3812d5f0747a3ab7348f199001a10,834.40,0.49757674,0.00006139,0.96737119,6,2017-11,2018-08
1541,91543f9849d68d023e17194926598543,834.00,0.49789984,0.00006136,0.96743255,3,2017-08,2018-02
1542,c00396cbdd2e088fe4281baa5920aef1,832.41,0.49822294,0.00006124,0.96749380,1,2018-04,2018-04
1543,a2deecd5398f5df4987110c80a1972a3,827.43,0.49854604,0.00006088,0.96755467,5,2018-04,2018-08
1544,8602a61d680a10a82cceeeda0d99ea3d,826.99,0.49886914,0.00006085,0.96761552,11,2017-08,2018-08
1545,1cd9e0cc1839d55516843def5600816d,825.00,0.49919225,0.00006070,0.96767622,3,2018-06,2018-08
1546,340636a908b13bbe0f4fb63fbe1d0c03,823.20,0.49951535,0.00006057,0.96773678,3,2018-02,2018-05
1547,51e4e89242cbb846c2deff3dc015650e,822.58,0.49983845,0.00006052,0.96779731,5,2018-04,2018-08
1548,10076e5788b8ee532724bcd460baf762,821.48,0.50016155,0.00006044,0.96785775,11,2017-05,2018-07
1549,28ea411b354f14b1a494be4e79f0ce02,820.00,0.50048465,0.00006033,0.96791808,5,2017-02,2018-01
1550,0aa2205ca24f113f4658a5c536667426,815.62,0.50080775,0.00006001,0.96797809,3,2018-04,2018-08
1551,63a79f5a7eb5cb48a7e5787b141c7993,815.10,0.50113086,0.00005997,0.96803806,4,2018-04,2018-07
1552,daf565f087a52def0fd5c5825b3661bc,813.90,0.50145396,0.00005988,0.96809794,3,2018-06,2018-08
1553,dc64d75cc406bb0697be983831430e60,813.00,0.50177706,0.00005982,0.96815775,3,2018-05,2018-08
1554,a1bea7061f61f6fdd9a85a6325ba1033,810.95,0.50210016,0.00005967,0.96821742,3,2018-06,2018-08
1555,5996cddab893a4652a15592fb58ab8db,810.00,0.50242326,0.00005960,0.96827702,1,2018-07,2018-07
1556,17adeba047385fb0c67d8e90b4296d21,809.70,0.50274637,0.00005957,0.96833659,1,2017-03,2017-03
1557,bd4431c1a8dfa744b59e1e2a8bc99b9e,809.50,0.50306947,0.00005956,0.96839615,3,2018-04,2018-08
1558,14ee35374a7876217954b5fa08e50463,809.00,0.50339257,0.00005952,0.96845567,3,2017-10,2018-01
1559,ba5daa4041e1f15cdf34b76e3e18a450,806.80,0.50371567,0.00005936,0.96851503,7,2018-02,2018-08
1560,caa9bc43a9fe8cf9c564ddd8a03cc4a6,803.87,0.50403877,0.00005914,0.96857417,4,2018-04,2018-08
1561,a72c2f59332659e361d647515c698798,802.90,0.50436187,0.00005907,0.96863325,4,2018-01,2018-07
1562,11eac105f3f90a9b87b19c89d91e24f3,802.89,0.50468498,0.00005907,0.96869232,3,2017-05,2017-07
1563,ba6b4a237f92479743cf0ca06b67a9ac,801.89,0.50500808,0.00005900,0.96875132,5,2018-01,2018-08
1564,253f95b3a0e6983ae18aed49fbc2b845,799.50,0.50533118,0.00005882,0.96881014,3,2018-03,2018-06
1565,7a91bf945c6fae0779f1c61ce97fe45c,799.50,0.50565428,0.00005882,0.96886896,4,2017-07,2017-11
1566,9c7fd21e0aa159b20da593371f08ff7c,798.30,0.50597738,0.00005873,0.96892770,4,2018-03,2018-08
1567,13511db12ac61e2f89c53b72a944a60b,798.00,0.50630048,0.00005871,0.96898641,5,2018-04,2018-08
1568,a247197e2e9c19a6a53a6888cb8b660f,798.00,0.50662359,0.00005871,0.96904512,1,2017-12,2017-12
1569,365e4bce19bda0082c3d15d83fdb8bcd,796.40,0.50694669,0.00005859,0.96910372,5,2018-01,2018-06
1570,5a05a16bb50629ee31afab8a6d4c2674,794.30,0.50726979,0.00005844,0.96916216,5,2018-03,2018-07
1571,e3a386fc36e22064434e1fa256f6a9fa,793.90,0.50759289,0.00005841,0.96922057,6,2018-01,2018-08
1572,0d4c8269e7f0401201794deef160edd6,792.64,0.50791599,0.00005832,0.96927889,2,2017-10,2017-11
1573,52956b80ae65fda598f06f6b9943e7a9,792.00,0.50823910,0.00005827,0.96933716,1,2018-05,2018-05
1574,5962468f885ea01a1b6a97a218797b0a,791.00,0.50856220,0.00005820,0.96939536,5,2017-07,2017-12
1575,3d5d0dc7073a299e31fa718ce1bc00b6,790.70,0.50888530,0.00005818,0.96945353,3,2018-06,2018-08
1576,134b867a0f7f8bbe6abf10f91874891e,789.89,0.50920840,0.00005812,0.96951165,1,2018-04,2018-04
1577,f9eedec3129e8cc6b6429c42d0808c5b,789.80,0.50953150,0.00005811,0.96956976,1,2018-07,2018-07
1578,ac6417315ae5da8f9a38ee11de6f7780,788.90,0.50985460,0.00005804,0.96962780,6,2017-04,2018-04
1579,2305ab43e846518f58dd9d59f3f54e96,788.89,0.51017771,0.00005804,0.96968584,3,2018-04,2018-06
1580,4c61e37f664c3c88aff092aa5ac779d7,788.31,0.51050081,0.00005800,0.96974384,2,2018-03,2018-04
1581,3492e68f37fd1df87f4f2f2ea247f445,787.86,0.51082391,0.00005797,0.96980181,3,2018-05,2018-08
1582,da03c298e3999e9d828591fc2179d109,787.70,0.51114701,0.00005795,0.96985976,2,2017-12,2018-02
1583,1cbd50a8c52e6cf8e315c5709fab386f,785.97,0.51147011,0.00005783,0.96991759,5,2018-01,2018-07
1584,9d681c7e12db302cb261e721040dde65,785.60,0.51179321,0.00005780,0.96997539,4,2018-05,2018-08
1585,9535a841eecebed61a9fb1ac1cbb5597,784.90,0.51211632,0.00005775,0.97003314,2,2017-01,2017-02
1586,de09d00cfc265b8804c7df34075a68fa,784.00,0.51243942,0.00005768,0.97009082,3,2017-10,2018-05
1587,5f06030071324cc52bf0304014ac7234,783.96,0.51276252,0.00005768,0.97014850,1,2017-08,2017-08
1588,d4f117125b59ce73c3302f88ee40c458,783.29,0.51308562,0.00005763,0.97020613,9,2017-12,2018-08
1589,ef30892870c278497523264be1be2241,783.20,0.51340872,0.00005762,0.97026376,2,2017-12,2018-01
1590,52a52b9f656520e99716f5bc40f661c8,783.10,0.51373183,0.00005762,0.97032137,4,2018-04,2018-07
1591,41c2bad7229b0c25e6becf179ebf63ff,782.00,0.51405493,0.00005754,0.97037891,4,2017-11,2018-07
1592,11742f81550ac064cc9a40f67151d9ad,781.90,0.51437803,0.00005753,0.97043644,1,2018-08,2018-08
1593,70bf57d811208f8923b41bbd499a67a4,780.80,0.51470113,0.00005745,0.97049388,3,2018-06,2018-08
1594,e560e4022d8f7aebf155db95946c5c0f,780.00,0.51502423,0.00005739,0.97055127,2,2018-06,2018-07
1595,cb6c9f5888a7a090c75beaf615925792,779.89,0.51534733,0.00005738,0.97060865,5,2018-04,2018-08
1596,6524b847b982cd56bb5d4b02b776ee42,779.80,0.51567044,0.00005737,0.97066602,1,2018-02,2018-02
1597,4deebb3199eeafb282ae33229144f94b,779.70,0.51599354,0.00005737,0.97072339,3,2018-01,2018-07
1598,5a413ade68e8f8d93071a7f52a64cb9e,778.90,0.51631664,0.00005731,0.97078070,1,2018-08,2018-08
1599,d66c11a9572221d92fbb8c4897db5f9b,776.56,0.51663974,0.00005714,0.97083783,3,2018-06,2018-08
1600,71271995e85f5b8530be99ed54a91b89,776.00,0.51696284,0.00005709,0.97089493,7,2017-11,2018-07
1601,74636e24f01da9268b0ed88dacd8513e,776.00,0.51728595,0.00005709,0.97095202,3,2018-04,2018-08
1602,5c3460cd3e8a984382ae254e7dd20d9f,775.76,0.51760905,0.00005708,0.97100910,6,2018-02,2018-08
1603,d9442042130b7fe579d1295f9f4a248f,772.16,0.51793215,0.00005681,0.97106591,6,2017-04,2017-09
1604,25be943a321c8938947bdaabca979a90,769.00,0.51825525,0.00005658,0.97112249,5,2018-05,2018-09
1605,0ff83046c3fa22efee8ecf291888b191,768.90,0.51857835,0.00005657,0.97117906,7,2017-04,2018-04
1606,4a1917ef994878940e1fb03eeb787ad7,768.00,0.51890145,0.00005651,0.97123556,2,2018-06,2018-07
1607,562f8cfc51f265411f487d07e9c40e7f,766.92,0.51922456,0.00005643,0.97129199,8,2017-10,2018-05
1608,80f2cf9abf6b5a0e5c612b5eea6646e6,766.08,0.51954766,0.00005636,0.97134835,3,2018-04,2018-07
1609,6f83d9e4da896daae20b9b6b2d3ff8d2,765.19,0.51987076,0.00005630,0.97140465,5,2018-03,2018-07
1610,0b36063d5818f81ccb94b54adfaebbf5,765.00,0.52019386,0.00005628,0.97146094,1,2017-01,2017-01
1611,5acd070dd3fe441bbb2ec1f1ede515ee,764.17,0.52051696,0.00005622,0.97151716,4,2017-11,2018-02
1612,2063dd1b9f568df1c16741ea7d3e6adb,763.10,0.52084006,0.00005614,0.97157331,3,2017-03,2017-11
1613,39c763cca83e654764b7a4a650fb9b7c,761.00,0.52116317,0.00005599,0.97162930,6,2017-09,2018-07
1614,a56e351445e5863fc8960640ba9190c7,760.92,0.52148627,0.00005598,0.97168528,1,2018-04,2018-04
1615,ca77545ca4d2dfd1431bf61334e2fa3c,760.00,0.52180937,0.00005592,0.97174120,4,2018-01,2018-04
1616,ac51cac5e20d69ff485a54746488ef48,759.90,0.52213247,0.00005591,0.97179711,1,2018-01,2018-01
1617,7c51de0ab286204ce75ff42bf7c10d92,759.00,0.52245557,0.00005584,0.97185295,2,2018-07,2018-08
1618,458c6fa920810ce2492da71bc26d9eec,756.76,0.52277868,0.00005568,0.97190863,1,2017-12,2017-12
1619,312ba1d77e9c332ef21f9598b7f64cd7,756.00,0.52310178,0.00005562,0.97196425,5,2018-01,2018-07
1620,cf654707ed6a99f112c7ec3d6f314b8b,756.00,0.52342488,0.00005562,0.97201987,3,2018-05,2018-08
1621,21c62b998a043ebe31161d38f84929fc,750.49,0.52374798,0.00005522,0.97207509,2,2018-07,2018-08
1622,61c36f0fc4a47f9532e5512b66668e62,750.00,0.52407108,0.00005518,0.97213027,1,2018-03,2018-03
1623,9dc79dd988ac42f4d56c340d7048420a,749.60,0.52439418,0.00005515,0.97218542,1,2018-08,2018-08
1624,87d3c3aeb3ead335511b3ce315eb341e,749.35,0.52471729,0.00005513,0.97224055,3,2018-06,2018-08
1625,fd435faa3c0422b60440ea3480d0e77c,749.00,0.52504039,0.00005511,0.97229566,1,2018-08,2018-08
1626,191d55f7edb8524d525ed01b20fe32e8,747.00,0.52536349,0.00005496,0.97235062,3,2017-11,2018-01
1627,8d46553a36e68f95350a200c12f8f2e2,746.60,0.52568659,0.00005493,0.97240555,4,2017-08,2018-03
1628,c89cf7c468a48af70aada384e722f9e2,745.00,0.52600969,0.00005481,0.97246037,8,2017-06,2018-08
1629,ba6ce6de456f6c11d08c17701ba5c26f,744.35,0.52633279,0.00005477,0.97251513,6,2018-02,2018-07
1630,e8a85b5f3df47be0984c55fd4064dbb4,743.00,0.52665590,0.00005467,0.97256980,6,2018-02,2018-08
1631,6e864f5c4669eff3d98140a07cc50202,740.59,0.52697900,0.00005449,0.97262429,7,2017-08,2018-05
1632,2ba91c7ad80ff88b23b7db823b43c233,740.40,0.52730210,0.00005447,0.97267876,4,2018-04,2018-08
1633,5bba18b40e8c973b0f32e748004775b0,739.98,0.52762520,0.00005444,0.97273320,1,2016-10,2016-10
1634,c522be04e020c1e7b79f3acff36513d5,739.93,0.52794830,0.00005444,0.97278764,5,2018-04,2018-08
1635,8a40ae794fa3f9892cee24bd5af0488b,739.85,0.52827141,0.00005443,0.97284208,5,2017-06,2018-06
1636,ba6b68b55fe8704377a7d43c8e5c0185,739.77,0.52859451,0.00005443,0.97289651,2,2017-05,2017-06
1637,6bb62a4912377c7bfe7cb17b406bc7e6,739.52,0.52891761,0.00005441,0.97295092,2,2018-07,2018-08
1638,8c91bfea4263b8fba54081460693e2a1,739.00,0.52924071,0.00005437,0.97300529,1,2017-02,2017-02
1639,e73bf2cea7fe4b0b4d287a7568ed1099,737.70,0.52956381,0.00005428,0.97305956,2,2018-07,2018-08
1640,89dda63a3c907c468ec88c310ed91213,734.99,0.52988691,0.00005408,0.97311364,1,2018-04,2018-04
1641,4200ddf1967c5e41e48db62bc6d4b5ac,734.80,0.53021002,0.00005406,0.97316770,9,2017-08,2018-04
1642,56db5c0782e8f7ddc9343f9576ff6d16,734.80,0.53053312,0.00005406,0.97322177,2,2017-01,2018-08
1643,6e1862e15f33d9994bc25922a85e1efc,732.49,0.53085622,0.00005389,0.97327566,3,2018-06,2018-08
1644,808d4348b916efa08e766ebad39f61eb,731.10,0.53117932,0.00005379,0.97332945,2,2018-07,2018-08
1645,33cbbec1e7e1044aaf11d152172c776f,730.67,0.53150242,0.00005376,0.97338321,5,2018-04,2018-08
1646,da4d149c0ddbac90557103ac0a0ec356,730.00,0.53182553,0.00005371,0.97343692,1,2018-08,2018-08
1647,014d9a685fd57276679edd00e07089e5,729.88,0.53214863,0.00005370,0.97349062,5,2017-11,2018-08
1648,7210cd29727d674c00741e5e387b3ccd,729.09,0.53247173,0.00005364,0.97354426,3,2018-06,2018-08
1649,da6a60cc8cc724fe51be021ff8be779c,728.79,0.53279483,0.00005362,0.97359788,4,2018-05,2018-08
1650,aac51c486b672a9850d59f3e84b1cf88,728.28,0.53311793,0.00005358,0.97365146,1,2018-08,2018-08
1651,8132b9bd16876e1b0f8808d43825dd48,727.90,0.53344103,0.00005355,0.97370502,2,2017-05,2017-07
1652,f19516b9ff26bfeb091b30108db4ddbd,727.60,0.53376414,0.00005353,0.97375855,4,2017-08,2017-11
1653,d29ba1220fb8634fa3a107e54497b8a4,724.94,0.53408724,0.00005334,0.97381189,4,2018-04,2018-08
1654,fe1bbc5feda5c8979a8a1b3b2512d5a6,724.72,0.53441034,0.00005332,0.97386521,5,2017-02,2017-07
1655,6d22a1fcebb6dd08c9cd90b92a93e8d0,723.70,0.53473344,0.00005325,0.97391846,6,2017-08,2018-01
1656,d9e7e7778b32987280a6f2cb9a39c57d,722.50,0.53505654,0.00005316,0.97397161,4,2018-01,2018-06
1657,07d75e33f2750d97d467fb57e4dfdd8a,722.40,0.53537964,0.00005315,0.97402476,2,2018-03,2018-05
1658,c8cc60ffd415254af5d9b9f34f32c369,722.20,0.53570275,0.00005314,0.97407790,3,2018-06,2018-08
1659,b16d3dadc47d4eb18be3d88bad0775ce,722.10,0.53602585,0.00005313,0.97413103,4,2018-05,2018-08
1660,94231344608e603693b0a8891143f65d,722.00,0.53634895,0.00005312,0.97418415,3,2018-05,2018-08
1661,d79e8478eed9999493990b44955fb22e,721.89,0.53667205,0.00005311,0.97423726,3,2018-06,2018-08
1662,68ca56ce86830f3d31b1b7ec6a54da3e,719.59,0.53699515,0.00005294,0.97429021,2,2018-07,2018-08
1663,07de60b03d150fb3ea09eab5da5e4c8b,719.10,0.53731826,0.00005291,0.97434311,5,2018-01,2018-08
1664,75a4764c108403a7a0575140cb22287c,716.90,0.53764136,0.00005275,0.97439586,3,2017-12,2018-04
1665,d558ebe531605a1285ab2b1bc3256dfb,709.00,0.53796446,0.00005216,0.97444802,3,2018-03,2018-06
1666,024b564ae893ce8e9bfa02c10a401ece,706.40,0.53828756,0.00005197,0.97450000,2,2016-10,2017-02
1667,e21a1e8be4715b0fcfd5385643bc49c4,703.60,0.53861066,0.00005177,0.97455176,10,2017-04,2018-02
1668,18e694e0e48ed6f7aa3f24aade5fd697,701.54,0.53893376,0.00005162,0.97460338,3,2018-06,2018-08
1669,39d61be7a92eb77b7da367bd4845bc0e,700.59,0.53925687,0.00005155,0.97465492,5,2018-03,2018-08
1670,3ef37b7ca6dd2b80bd8af81a62504996,700.00,0.53957997,0.00005150,0.97470643,2,2017-03,2017-09
1671,328acb143b4a73aad6bee8e734f5d20d,699.98,0.53990307,0.00005150,0.97475793,1,2017-02,2017-02
1672,1b4b28463457a256e9a784ebe2a8f630,699.42,0.54022617,0.00005146,0.97480939,1,2018-08,2018-08
1673,59cea8e446d3834393058e7e0666b6fb,696.60,0.54054927,0.00005125,0.97486064,3,2018-06,2018-08
1674,c7fdb77fdbff3c41981bc52f787e959e,696.32,0.54087237,0.00005123,0.97491187,6,2018-01,2018-07
1675,0d83f8e03188682112cc0d93523705cc,696.26,0.54119548,0.00005123,0.97496310,3,2017-11,2018-01
1676,1352e06ae67b410cdae0b2a22361167b,696.00,0.54151858,0.00005121,0.97501431,2,2017-04,2017-06
1677,fac35d150712afb921ec59ac5f39bb11,696.00,0.54184168,0.00005121,0.97506551,4,2018-02,2018-07
1678,83d7070a0b9a8b4625fa8682b819fabb,694.77,0.54216478,0.00005112,0.97511663,2,2018-03,2018-04
1679,73b8eb4a9a729d4019b24ed1be748cbf,692.41,0.54248788,0.00005094,0.97516757,3,2018-06,2018-08
1680,b4b447d715f9ab302a188fb43d3e96b3,685.93,0.54281099,0.00005047,0.97521804,2,2018-07,2018-08
1681,b2c97074649f92197d9387d9033dda5f,684.71,0.54313409,0.00005038,0.97526842,5,2018-04,2018-08
1682,4e6015589b781adaa5ce7f1892d06bb1,684.00,0.54345719,0.00005033,0.97531874,2,2017-10,2018-01
1683,2fb25ab44bdbeae6a4d816e0d0c9d500,683.08,0.54378029,0.00005026,0.97536900,3,2017-08,2018-06
1684,9aa388272ee334b6ae07bc73706e254a,678.00,0.54410339,0.00004988,0.97541888,4,2018-03,2018-08
1685,d9cd369bffa979d1634f8e1318bf2f1b,678.00,0.54442649,0.00004988,0.97546877,3,2018-05,2018-08
1686,89a51f50b8095ea78d5768f34c13a76f,677.16,0.54474960,0.00004982,0.97551859,4,2018-04,2018-07
1687,a513150f33f99a06569e9cd5c4bb889b,677.00,0.54507270,0.00004981,0.97556840,2,2017-11,2017-12
1688,6861de0f40cacb0602e473c51639f980,674.00,0.54539580,0.00004959,0.97561799,4,2017-11,2018-07
1689,c6218512d16fcac0af02fe92691cf274,674.00,0.54571890,0.00004959,0.97566758,3,2017-04,2017-06
1690,8c0de775f52fe41590b376a3b7c50f68,672.70,0.54604200,0.00004949,0.97571707,4,2018-03,2018-07
1691,7354220fb240bde543b3c40c060d41e7,672.00,0.54636511,0.00004944,0.97576651,4,2018-01,2018-07
1692,e4ebd3f87bf70440014f07ddda7fbe03,671.50,0.54668821,0.00004941,0.97581592,4,2017-12,2018-03
1693,0a85ebe4e328db81ac9109781205e2f7,667.90,0.54701131,0.00004914,0.97586506,3,2018-05,2018-08
1694,6824a69c9ea0313eba299dd4a2dba09a,666.90,0.54733441,0.00004907,0.97591413,2,2018-07,2018-08
1695,7bcd7c5f8631701474db233ccf1c094b,666.00,0.54765751,0.00004900,0.97596313,4,2017-04,2017-08
1696,5f7300535881cef3b625fd683cf7d145,665.98,0.54798061,0.00004900,0.97601213,5,2017-10,2018-07
1697,55c26bcb609f480eb7868594245febb5,664.40,0.54830372,0.00004888,0.97606101,3,2018-04,2018-08
1698,bdae679a9b282249bc23b9b69dae9a99,663.15,0.54862682,0.00004879,0.97610980,5,2018-02,2018-08
1699,1430239a858e7682bbc43b20758af153,660.79,0.54894992,0.00004862,0.97615842,8,2017-08,2018-08
1700,49383af7ab774e4e8f3000f49c83dc4b,660.00,0.54927302,0.00004856,0.97620698,5,2018-04,2018-08
1701,299c89a525fee36c567f4fe72f038100,658.00,0.54959612,0.00004841,0.97625539,2,2018-07,2018-08
1702,525e75a6fb1454a2325ab1734bcec221,657.07,0.54991922,0.00004834,0.97630373,5,2017-04,2017-10
1703,b0398568231ba5e6734af1881671a317,656.77,0.55024233,0.00004832,0.97635206,2,2018-03,2018-04
1704,c447f8dd3ed213f291d65ef074a268eb,655.00,0.55056543,0.00004819,0.97640025,4,2017-02,2017-06
1705,b7cc6c5e001441ae8cdd5c69a480cbe4,651.80,0.55088853,0.00004796,0.97644820,5,2017-02,2018-01
1706,cd3d09fbe6e3e9ff0c0ac0c300e93ae7,651.04,0.55121163,0.00004790,0.97649610,3,2018-06,2018-08
1707,5d043cd5512d4bd2f88e5ccdd5736c38,650.00,0.55153473,0.00004782,0.97654393,1,2017-03,2017-03
1708,43402bdf22aa2310e8f99e2f94f78628,649.95,0.55185784,0.00004782,0.97659175,2,2018-05,2018-06
1709,f435898e493ba0356019a0b1cb8b55b1,649.76,0.55218094,0.00004781,0.97663955,6,2017-02,2018-05
1710,236585a4ddb5fea9fa40233e2249ed91,649.53,0.55250404,0.00004779,0.97668734,5,2017-11,2018-08
1711,9cad4b68bb993ee401a3c5aaa2bc26dd,649.30,0.55282714,0.00004777,0.97673511,5,2018-01,2018-07
1712,54aa8463e87776b5612f4bdc4bd5d4de,649.30,0.55315024,0.00004777,0.97678288,2,2016-10,2017-02
1713,95b293867b5862941c9cd74f756a3c68,648.10,0.55347334,0.00004768,0.97683057,3,2017-11,2018-02
1714,b26741d31a563d769b4af0465ab20c56,648.00,0.55379645,0.00004768,0.97687824,2,2018-02,2018-03
1715,72c38a04bd6a1c3dbc5298425a0db86d,647.30,0.55411955,0.00004762,0.97692587,3,2018-05,2018-07
1716,2aa3443d7bf9d9bb11133f420d75e083,647.00,0.55444265,0.00004760,0.97697347,5,2017-11,2018-08
1717,13f57c12a00ed4610db646b913a7f5c6,645.20,0.55476575,0.00004747,0.97702094,6,2017-09,2018-05
1718,8d899e15a5925f097cca50faa49b15e3,645.00,0.55508885,0.00004746,0.97706840,3,2018-05,2018-08
1719,ad273c9eb54ecb4532de4bf75bae9e4e,645.00,0.55541195,0.00004746,0.97711585,9,2017-03,2018-08
1720,f3295428338a40977a03f555246a70f4,644.98,0.55573506,0.00004745,0.97716331,5,2017-10,2018-02
1721,5882f40daf39bc2a465e0cb453ddc222,640.00,0.55605816,0.00004709,0.97721040,1,2017-10,2017-10
1722,bd1d49a326abfa9b1036772e40445430,637.70,0.55638126,0.00004692,0.97725731,6,2017-11,2018-06
1723,bc503e244f187939d10c92a5c8e378ce,637.67,0.55670436,0.00004692,0.97730423,6,2017-04,2018-02
1724,7b98de631987e26dd6d803490c43a13c,634.20,0.55702746,0.00004666,0.97735089,4,2018-05,2018-08
1725,385799a1cddbd26dfeb9157356a42282,633.93,0.55735057,0.00004664,0.97739753,5,2017-03,2017-09
1726,be8e909810184b9b19e886129149d8e5,629.85,0.55767367,0.00004634,0.97744387,7,2017-10,2018-05
1727,c33a5c3c983090c8b78a28e65052a20d,629.10,0.55799677,0.00004629,0.97749016,5,2018-01,2018-06
1728,685b870da5b52a710782c9c0fefbeb5b,627.00,0.55831987,0.00004613,0.97753629,2,2017-12,2018-03
1729,8759e7aedd644f487315e5860962f162,627.00,0.55864297,0.00004613,0.97758242,2,2017-11,2017-12
1730,0570350b23eda5444f8d1d9544932058,626.90,0.55896607,0.00004612,0.97762855,2,2018-04,2018-05
1731,d8cf3b6a2151949f930d0252b180ec42,623.70,0.55928918,0.00004589,0.97767443,3,2018-04,2018-06
1732,3969863bb8af7f72580b3b1ffd3a17b3,623.15,0.55961228,0.00004585,0.97772028,7,2017-11,2018-08
1733,26bad72add1f86e08a776ce4ffdaf1ca,622.00,0.55993538,0.00004576,0.97776605,5,2017-09,2018-05
1734,b5bb2b985208834bd5bd86c7a402bbad,621.06,0.56025848,0.00004569,0.97781174,2,2018-01,2018-04
1735,6b15924333bd1a741595fe981ea04822,614.32,0.56058158,0.00004520,0.97785694,6,2017-02,2017-07
1736,b0b346d3a89f5eb4c2968af3f083cd43,614.00,0.56090468,0.00004517,0.97790211,7,2017-11,2018-08
1737,1d29dfba02015238dfbe2449a5eaa361,612.80,0.56122779,0.00004509,0.97794720,8,2017-02,2018-05
1738,b44dbfbf62e52125f3c15d230569ea91,609.37,0.56155089,0.00004483,0.97799203,3,2018-04,2018-08
1739,3d3ccf2b2f8134b10dce9dd446f0e075,608.60,0.56187399,0.00004478,0.97803681,2,2018-06,2018-08
1740,c6a7539d424a8402232c2228d7a03c5e,607.50,0.56219709,0.00004470,0.97808151,7,2017-09,2018-05
1741,2059c39f76271d4ca3f15b5ffaccc8b8,604.90,0.56252019,0.00004451,0.97812601,6,2017-02,2017-09
1742,aae5e7b457a3c72ee230a47d98fceda5,604.80,0.56284330,0.00004450,0.97817051,4,2018-04,2018-08
1743,5a6a02f419701fc8c605af71d4fc57a4,600.50,0.56316640,0.00004418,0.97821469,4,2018-05,2018-08
1744,6179a28a13a726c29b3bf54c070dccab,600.00,0.56348950,0.00004414,0.97825884,2,2017-07,2017-08
1745,1588ac4010787100dddef64568f0ae35,599.97,0.56381260,0.00004414,0.97830298,2,2017-12,2018-01
1746,8e29d051f810eb22959ede205b462b9f,599.80,0.56413570,0.00004413,0.97834711,1,2018-06,2018-06
1747,ad8ada0ffa993cb1197d102d9ab21a3e,599.80,0.56445880,0.00004413,0.97839124,1,2018-03,2018-03
1748,3be5841cdcc46de4ed3f9116f104b2c5,599.60,0.56478191,0.00004412,0.97843536,2,2017-01,2017-02
1749,53336f97ddbe53e2a617d07b17447b95,599.50,0.56510501,0.00004411,0.97847946,1,2017-10,2017-10
1750,262237171f48e85819065498cac80d7b,599.00,0.56542811,0.00004407,0.97852354,4,2017-08,2018-08
1751,d94ba08b99bedd6a5f6c875ecc4a6fac,599.00,0.56575121,0.00004407,0.97856761,4,2017-04,2017-07
1752,d0d70d21e2234dd7cd3cf63fe414148a,598.40,0.56607431,0.00004403,0.97861163,3,2018-06,2018-08
1753,638cba8be1fb599bbb76fd6948351eb3,598.20,0.56639742,0.00004401,0.97865565,4,2017-05,2017-09
1754,8bd0e3abda539b9479c4b44a691be1ec,596.55,0.56672052,0.00004389,0.97869954,7,2017-05,2018-01
1755,791cfcfe22fe4a771ece27f90017da92,596.26,0.56704362,0.00004387,0.97874341,2,2017-06,2017-09
1756,38e6dada03429a47197d5d584d793b41,596.14,0.56736672,0.00004386,0.97878727,2,2017-09,2017-10
1757,11938fcc75f6902fea1d0a6f72b54a57,594.98,0.56768982,0.00004378,0.97883104,2,2018-01,2018-05
1758,3d68c634a99a1ba46dbca3967a69c623,594.00,0.56801292,0.00004370,0.97887475,2,2018-07,2018-08
1759,eebb3372362aa9a46975164bed19a7e7,591.92,0.56833603,0.00004355,0.97891830,3,2017-03,2017-05
1760,6e0908ef4d4efadbc3cc2b74ea477cb0,589.45,0.56865913,0.00004337,0.97896166,6,2017-02,2017-09
1761,768a86e36ad6aae3d03ee3c6433d61df,587.46,0.56898223,0.00004322,0.97900489,3,2018-06,2018-08
1762,6e4a902d1054e4e17aa6eab87fac1c75,586.57,0.56930533,0.00004316,0.97904804,1,2018-08,2018-08
1763,b274baf5bbd142410eb2958cf685d684,585.90,0.56962843,0.00004311,0.97909115,3,2018-05,2018-07
1764,bf961104a38e01b9062ee026bb657dee,585.56,0.56995153,0.00004308,0.97913423,1,2017-02,2017-02
1765,851773c885feb5e2da3b4f82bc2b17ce,585.30,0.57027464,0.00004306,0.97917730,5,2018-02,2018-08
1766,70b52a4cfc823994561b00bad161b4ed,585.00,0.57059774,0.00004304,0.97922034,4,2017-02,2018-07
1767,83353a83fd769dfafa4f21a72b15e3e5,579.50,0.57092084,0.00004264,0.97926297,3,2017-04,2017-12
1768,be3b4b0f050a6aa1b2d901c4b77e979f,578.20,0.57124394,0.00004254,0.97930551,3,2018-04,2018-06
1769,f524ad65d7e0f1daab730ef2d2e86196,578.00,0.57156704,0.00004253,0.97934804,1,2018-01,2018-01
1770,01c97ebb5cdac52891c0ed1c37ba0012,577.50,0.57189015,0.00004249,0.97939053,6,2017-04,2018-07
1771,5ef131ac72773e5b3f6c0d63cf424657,575.79,0.57221325,0.00004236,0.97943289,2,2018-07,2018-08
1772,ed8cb7b190ceb6067227478e48cf8dde,573.50,0.57253635,0.00004220,0.97947509,2,2018-07,2018-08
1773,26af45f5dfd967225a832838aa4e24a3,573.10,0.57285945,0.00004217,0.97951725,6,2018-01,2018-08
1774,4e326052e5dbba8adcd512f3450a307e,570.00,0.57318255,0.00004194,0.97955919,2,2018-01,2018-02
1775,9599519be538b98748162a2b48248960,570.00,0.57350565,0.00004194,0.97960113,1,2018-04,2018-04
1776,a35ef466c6fd6d052f5d241240d3c5e2,569.90,0.57382876,0.00004193,0.97964306,2,2017-08,2017-09
1777,3f9be91358837bff69df67edfa3e42e8,569.70,0.57415186,0.00004192,0.97968498,3,2018-03,2018-05
1778,a254c682cc01e119f83530446f1df9a9,569.40,0.57447496,0.00004189,0.97972687,3,2018-03,2018-08
1779,cd2169d9f31ff6fbb9ca3373b0c9e354,569.00,0.57479806,0.00004186,0.97976873,1,2018-06,2018-06
1780,4170f6a9367e6b5d6401d03ce6d54569,568.78,0.57512116,0.00004185,0.97981058,3,2017-10,2017-12
1781,89ad3263c0931c47f976d7c5778e60f6,568.20,0.57544426,0.00004181,0.97985239,2,2018-06,2018-07
1782,f52c2422904463fdd7741f99045fecb6,567.79,0.57576737,0.00004177,0.97989416,3,2018-06,2018-08
1783,b7ed9fb14c8eadb37adb9c45d67ab0fb,566.00,0.57609047,0.00004164,0.97993580,5,2017-07,2018-07
1784,2f74af7a0ee5636f12c2336f9fffed47,560.70,0.57641357,0.00004125,0.97997706,5,2017-06,2017-11
1785,5f5a58930c3c35f3b5af264f34fb8c85,560.00,0.57673667,0.00004120,0.98001826,2,2018-06,2018-07
1786,6dc9bec584588412a6a338830946a3e4,560.00,0.57705977,0.00004120,0.98005946,1,2017-02,2017-02
1787,b12cfd255810394b60caef18ae163547,560.00,0.57738288,0.00004120,0.98010066,1,2017-11,2017-11
1788,820c7c9eaf76d2b226b6c242bcf3f34d,559.00,0.57770598,0.00004113,0.98014179,1,2017-01,2017-01
1789,35b96509602ec4b7da831b5cd73ff2c2,558.90,0.57802908,0.00004112,0.98018291,2,2018-05,2018-08
1790,6eeed17989b0ae47c9f11ece6f38ea90,557.00,0.57835218,0.00004098,0.98022389,2,2018-07,2018-08
1791,48fb026ed7455a42f5d3e9390ed5088e,555.71,0.57867528,0.00004089,0.98026478,5,2017-05,2017-12
1792,8a207b6080964f3c1fc9d35bd6096ba4,553.70,0.57899838,0.00004074,0.98030552,2,2017-09,2017-11
1793,74871d19219c7d518d0090283e03c137,550.04,0.57932149,0.00004047,0.98034599,4,2018-04,2018-08
1794,eb9cd5b35d95206585e2185318cb5c61,550.00,0.57964459,0.00004047,0.98038645,2,2018-06,2018-07
1795,bb2afe2061d53c6968aa0cffa233a8ec,549.40,0.57996769,0.00004042,0.98042687,2,2018-05,2018-07
1796,e433f5fd4050e3352b5d83522b7fe24b,548.06,0.58029079,0.00004032,0.98046720,1,2018-08,2018-08
1797,0d33a55da925bbf1ff02af5f6059fc7f,547.30,0.58061389,0.00004027,0.98050746,8,2017-11,2018-08
1798,6c99c983ce3b6ba0ab813e6790e81691,546.75,0.58093700,0.00004023,0.98054769,4,2018-05,2018-08
1799,9c1c0c36cd23c20897e473901a8fb149,544.97,0.58126010,0.00004010,0.98058779,3,2018-05,2018-08
1800,af7cdac9d9897cddead9c6b08976c642,543.54,0.58158320,0.00003999,0.98062778,4,2018-03,2018-08
1801,4cc4fd4fdd406a85bbdc1f824b731bd7,539.98,0.58190630,0.00003973,0.98066751,1,2018-02,2018-02
1802,228e4c1a0be164f613d41c24345f9d2c,539.70,0.58222940,0.00003971,0.98070721,4,2018-05,2018-08
1803,6c17baf138731a4aaacc3210adf2037b,538.80,0.58255250,0.00003964,0.98074686,1,2018-08,2018-08
1804,08d1c9478fb0d7d7fcac9c0da4e82fc7,538.00,0.58287561,0.00003958,0.98078644,1,2018-06,2018-06
1805,79ee721b6f766066a80264402548d359,538.00,0.58319871,0.00003958,0.98082602,1,2017-02,2017-02
1806,ff314fa6033cc68ec451c47aee2d6ba4,537.90,0.58352181,0.00003958,0.98086560,2,2017-01,2017-05
1807,1fe61aa5494bd3ae92a2c13e067c810f,537.76,0.58384491,0.00003957,0.98090516,1,2017-11,2017-11
1808,cb9fb4ca75d7ba8437480e8dde64fe98,532.14,0.58416801,0.00003915,0.98094432,5,2017-06,2017-10
1809,1f7fd2a6fcd5a6fa5d8a4dabc72aaae0,531.80,0.58449111,0.00003913,0.98098344,3,2017-04,2018-05
1810,6650fcccd8cd2f7e55ffa524f30c4c59,529.70,0.58481422,0.00003897,0.98102242,3,2017-09,2017-11
1811,2e7ea2aafec5835e781b21d6d1faf1f1,528.40,0.58513732,0.00003888,0.98106129,2,2018-07,2018-08
1812,7402d13c03a7e91366337cd1de471144,528.38,0.58546042,0.00003888,0.98110017,3,2017-09,2018-08
1813,6879c4d287a8dd06b11f54ea8f78e4da,527.67,0.58578352,0.00003882,0.98113899,3,2018-06,2018-08
1814,979e9f8b5b39dd243a2550c8b05aecf0,525.00,0.58610662,0.00003863,0.98117762,3,2018-01,2018-04
1815,3968920b9aa752ab98f7d5888c9252f2,523.30,0.58642973,0.00003850,0.98121612,4,2018-05,2018-08
1816,02b72cdeb9cfcc429f1af6f4e3f3b737,522.65,0.58675283,0.00003845,0.98125457,2,2018-07,2018-08
1817,6e13dd869aa7185f601c941423abcc8f,522.00,0.58707593,0.00003841,0.98129298,4,2018-04,2018-07
1818,c026ef0d72e9132d9fa112308090c8dc,520.00,0.58739903,0.00003826,0.98133124,1,2018-08,2018-08
1819,fc59392d66ef99377e50356ee4f3b4e1,519.99,0.58772213,0.00003826,0.98136950,4,2018-05,2018-08
1820,f9ec7093df3a7b346b7bcf7864069ca3,519.20,0.58804523,0.00003820,0.98140770,2,2018-07,2018-08
1821,d197aa8fbc64087f61984deef05f6227,519.09,0.58836834,0.00003819,0.98144589,3,2018-05,2018-08
1822,b6dc74ed30f124f95227bed4e43a3bed,518.96,0.58869144,0.00003818,0.98148407,9,2017-01,2017-12
1823,ff4e2d38692ce827b1a4f4b8196e680d,518.90,0.58901454,0.00003818,0.98152225,6,2017-08,2018-07
1824,a7dc4098e4da6e41b426269d12ae7e91,518.00,0.58933764,0.00003811,0.98156036,2,2018-07,2018-08
1825,3296662b1331dea51e744505065ae889,517.80,0.58966074,0.00003810,0.98159846,1,2018-08,2018-08
1826,7e79d65b5c6f1f544b7daea036acf720,517.80,0.58998384,0.00003810,0.98163655,4,2017-06,2017-10
1827,9e6967d3cf386d284251784b18ccb485,517.67,0.59030695,0.00003809,0.98167464,3,2018-06,2018-08
1828,64cc804291f90c81f02bfc2bb58ff55a,517.60,0.59063005,0.00003808,0.98171272,2,2018-04,2018-07
1829,1d503743d2526f03f0c2c89540ee008c,516.04,0.59095315,0.00003797,0.98175069,7,2018-01,2018-07
1830,b87a7ea0c30fad2dd6781b74a0064859,515.40,0.59127625,0.00003792,0.98178861,4,2018-01,2018-07
1831,a06c8ff043abea0528ee44171e2140a2,514.50,0.59159935,0.00003785,0.98182647,6,2018-02,2018-08
1832,c157bdeedcbc9a8e3c8bf0d87ff24428,514.27,0.59192246,0.00003784,0.98186430,4,2017-05,2017-08
1833,7e959205cebc10adefcb331f934238a4,513.90,0.59224556,0.00003781,0.98190211,1,2017-02,2017-02
1834,4a82168aaef173cbb6e46ae88728f919,512.00,0.59256866,0.00003767,0.98193978,2,2018-07,2018-08
1835,c84592044b180dec206770c38603814b,511.94,0.59289176,0.00003767,0.98197745,4,2018-02,2018-05
1836,2b2fed75b8e5ea3a052fc4c0825da485,510.90,0.59321486,0.00003759,0.98201504,2,2017-04,2017-07
1837,c3aad7dc65449ae90a5e9c3c6c1e78e0,510.00,0.59353796,0.00003752,0.98205256,1,2018-08,2018-08
1838,c53bcd3be457a342a97e39e5a9f0be22,509.50,0.59386107,0.00003749,0.98209005,4,2017-01,2018-07
1839,270d3ef21830ad0ecf3a6c53d08a533a,509.00,0.59418417,0.00003745,0.98212750,5,2017-12,2018-04
1840,4be6b962d83299498bae2190f95d6566,508.80,0.59450727,0.00003743,0.98216493,4,2018-03,2018-08
1841,f650a9708fa1bab22bdd8d3a818cc415,507.75,0.59483037,0.00003736,0.98220229,3,2017-01,2017-08
1842,33cbda8716511e27e556dff9d8418bf2,507.40,0.59515347,0.00003733,0.98223962,5,2017-03,2018-06
1843,5e49e3a44bdeb5aab2684258bbd4f525,507.00,0.59547658,0.00003730,0.98227692,3,2017-12,2018-03
1844,3ea00e1dea2b0659dbaf654735929220,505.00,0.59579968,0.00003716,0.98231408,7,2017-02,2018-03
1845,e627629ba868740e287800f1a9be81c2,504.50,0.59612278,0.00003712,0.98235120,5,2017-02,2017-07
1846,2493dc3f20131696a0ecdb9948051a8d,504.38,0.59644588,0.00003711,0.98238831,2,2017-01,2017-02
1847,20a7efa9721046319bdde5d60b6b5365,501.20,0.59676898,0.00003688,0.98242518,2,2018-01,2018-02
1848,39a5005f2605cbdb4f9ac14485cabfd1,501.07,0.59709208,0.00003687,0.98246205,3,2018-06,2018-08
1849,28fb0829fd777877cdc350d25cb5bd5b,499.60,0.59741519,0.00003676,0.98249881,3,2017-10,2018-01
1850,97e995629983723d11830a829bc2b246,499.50,0.59773829,0.00003675,0.98253556,4,2017-11,2018-08
1851,13c2ed7698b3ca92dad49e849219da59,498.61,0.59806139,0.00003669,0.98257224,5,2018-01,2018-08
1852,265fdc289dffa9f1ad801c74f7d0de47,495.00,0.59838449,0.00003642,0.98260866,1,2018-08,2018-08
1853,ccbd753e6863fe7314dc6c0ca5a074e7,495.00,0.59870759,0.00003642,0.98264508,1,2018-08,2018-08
1854,e59e489e2ea74bd409b798b5daf49de3,495.00,0.59903069,0.00003642,0.98268150,3,2017-09,2018-05
1855,c458e2045a8aa8964f8879af03fdcce6,494.91,0.59935380,0.00003641,0.98271791,3,2017-02,2017-05
1856,fcba71d4d5db057f43249145e4eb1e27,494.55,0.59967690,0.00003639,0.98275430,3,2017-10,2018-02
1857,c286ec035ee04ba81c97508f0b5df544,493.00,0.60000000,0.00003627,0.98279057,2,2017-05,2017-09
1858,0951a6e282947e09cd47969f4ed0b47f,492.30,0.60032310,0.00003622,0.98282679,2,2018-07,2018-08
1859,e601b04acf48b4576e73ddca9481f0dc,491.94,0.60064620,0.00003619,0.98286299,5,2018-04,2018-08
1860,b9c0ffa92f3ff9a5a3d45ef7213c0842,490.00,0.60096931,0.00003605,0.98289904,3,2017-09,2017-12
1861,64b87978a11c1ea7501a89eabe8c2c1a,489.93,0.60129241,0.00003605,0.98293508,2,2017-01,2017-02
1862,7816cd9c5b1238e320545f5bf7eb80e8,489.00,0.60161551,0.00003598,0.98297106,1,2018-05,2018-05
1863,f88adb15807168d3c43d71021090ce4a,488.80,0.60193861,0.00003596,0.98300703,2,2018-04,2018-08
1864,d65f31d2413268e671989503f6cf9993,488.80,0.60226171,0.00003596,0.98304299,2,2017-02,2017-03
1865,09bad886111255c5b5030314fc7f1a4a,487.50,0.60258481,0.00003587,0.98307886,1,2018-08,2018-08
1866,6219ba2359cfb97f2e38fd4c321eb309,487.50,0.60290792,0.00003587,0.98311472,5,2017-09,2018-06
1867,83a75eea11694e36e56dd0cb2240229a,487.00,0.60323102,0.00003583,0.98315055,3,2018-02,2018-04
1868,b3f19518fcec265b2e97af287725f981,486.91,0.60355412,0.00003582,0.98318638,3,2017-03,2017-08
1869,6ee85be3693ed79a8e80718743d80655,484.50,0.60387722,0.00003565,0.98322203,4,2017-01,2017-05
1870,c7a0a13cbcf29d5ce51c8f80afdc0b89,483.08,0.60420032,0.00003554,0.98325757,7,2017-10,2018-08
1871,70c4eedec9cb4a85cda2f3f9673557b4,479.80,0.60452342,0.00003530,0.98329287,2,2017-06,2017-08
1872,c1f12f926d0ba950578b4fa41115cbb6,479.60,0.60484653,0.00003529,0.98332816,2,2018-02,2018-08
1873,0c7f30ae9b147eca07affbef92832a6a,479.50,0.60516963,0.00003528,0.98336343,2,2017-03,2017-04
1874,32fdd5d44ecb43dfd6a24b9369eca144,479.20,0.60549273,0.00003526,0.98339869,3,2017-03,2017-05
1875,bac692d6c0ed08467878018e6cc9c26c,477.00,0.60581583,0.00003510,0.98343379,1,2018-07,2018-07
1876,f1198c871e0171278b63f40d112caeec,475.80,0.60613893,0.00003501,0.98346879,2,2017-08,2017-11
1877,29e6e05b65f93bc224c644319dc52ecf,475.60,0.60646204,0.00003499,0.98350379,3,2018-06,2018-08
1878,768de2a4fc06aacecb9a586ccc30746a,475.60,0.60678514,0.00003499,0.98353878,7,2017-08,2018-05
1879,e1b12447a7563944843191754aeb5562,472.46,0.60710824,0.00003476,0.98357354,4,2017-09,2018-01
1880,e3dd723429d1b23614b7fa85e2c7a853,471.05,0.60743134,0.00003466,0.98360820,4,2018-03,2018-06
1881,2953ce3a88f5e3c3b696d77fc9e4c8eb,470.00,0.60775444,0.00003458,0.98364278,5,2017-10,2018-08
1882,8fec2e460530482132c436cfb5439925,468.46,0.60807754,0.00003447,0.98367724,2,2018-01,2018-02
1883,038b75b729c8a9a04b0d07cba7eabe86,467.00,0.60840065,0.00003436,0.98371160,1,2018-04,2018-04
1884,c42fd8e4d47dfb18ce5222f2dd7752f9,466.99,0.60872375,0.00003436,0.98374596,3,2017-02,2017-05
1885,9fc70243fb26800cba56e8f014797004,466.60,0.60904685,0.00003433,0.98378029,6,2017-11,2018-07
1886,feb793c88d836c3a75efa4b5a3465d70,466.00,0.60936995,0.00003429,0.98381458,1,2018-03,2018-03
1887,2c3d56f92f360fb89d849b84e8f50eae,465.60,0.60969305,0.00003426,0.98384883,5,2017-10,2018-03
1888,ee2fbacc2fc3794e656cc4d933d59ce7,464.97,0.61001616,0.00003421,0.98388304,1,2018-08,2018-08
1889,651fe66032c9520ee5587f694908040d,464.00,0.61033926,0.00003414,0.98391718,2,2018-07,2018-08
1890,40536e7ca18e1bce252828e5876466cc,463.96,0.61066236,0.00003414,0.98395132,2,2017-08,2017-09
1891,0a82f5fb06a4fe4ac2cf7cb412ec71b8,462.00,0.61098546,0.00003399,0.98398531,2,2018-02,2018-03
1892,cb0b3bcf14e0a709df412a99424a59d7,460.00,0.61130856,0.00003384,0.98401915,1,2018-04,2018-04
1893,aec99834ab5d38ead22766ada8497e87,459.00,0.61163166,0.00003377,0.98405292,1,2018-07,2018-07
1894,8b2d4ab22f42c5cfc338b846decfda60,458.00,0.61195477,0.00003370,0.98408662,5,2018-03,2018-08
1895,dd88d13bea9e4c2bf47daf224f8141e5,458.00,0.61227787,0.00003370,0.98412032,1,2018-04,2018-04
1896,c7dcd301ecfe5ab7f778ac172cf74be7,457.69,0.61260097,0.00003367,0.98415399,1,2016-10,2016-10
1897,38102b031c2a15e54623d711bfc753d3,457.00,0.61292407,0.00003362,0.98418762,7,2017-02,2018-02
1898,e546117ed9cafbc40239c0c78635c584,456.00,0.61324717,0.00003355,0.98422117,2,2018-04,2018-08
1899,117cfc326c6d50da67ca858ff5c0c852,454.60,0.61357027,0.00003345,0.98425461,1,2018-05,2018-05
1900,35857757f553273b1056c1cabdace7fb,454.60,0.61389338,0.00003345,0.98428806,5,2017-07,2018-03
1901,b248792ac0b60ec3f93d80af1b4fae47,454.50,0.61421648,0.00003344,0.98432150,2,2018-07,2018-08
1902,55029529919c0123526150bd26ca8f20,453.95,0.61453958,0.00003340,0.98435490,3,2018-06,2018-08
1903,fc4751cfe3b279c419615b9b00c1abb4,453.70,0.61486268,0.00003338,0.98438828,1,2017-02,2017-02
1904,7994b065a7ffb14e71c6312cf87b9de2,453.00,0.61518578,0.00003333,0.98442161,3,2018-06,2018-08
1905,e5899683388855d3dabe8913bbe365de,452.88,0.61550889,0.00003332,0.98445493,2,2018-07,2018-08
1906,777a0c55737f34ffeb78010f7542ab41,452.50,0.61583199,0.00003329,0.98448822,3,2018-06,2018-08
1907,eb5b6204dde3a6e03b5f1bb8479f055b,452.20,0.61615509,0.00003327,0.98452149,7,2017-12,2018-06
1908,08f5819815f3d06545011850bd70f0a8,452.00,0.61647819,0.00003326,0.98455475,2,2018-06,2018-08
1909,4de6e4ba574aa9dfdc824bc44dc47fdd,451.10,0.61680129,0.00003319,0.98458794,6,2018-01,2018-07
1910,b98b715fe9e276204e2a3464f48cd796,450.58,0.61712439,0.00003315,0.98462109,3,2017-02,2018-04
1911,101a3a003516bc11253298b2fad3cb65,450.00,0.61744750,0.00003311,0.98465420,2,2018-06,2018-07
1912,968ee78631915a63fef426d6733d7422,450.00,0.61777060,0.00003311,0.98468731,2,2017-06,2017-11
1913,d90fe2229fee1a5da999ccd0c06c1667,450.00,0.61809370,0.00003311,0.98472041,2,2018-07,2018-08
1914,bbaff50f3b708fda865918715276cd87,449.70,0.61841680,0.00003309,0.98475350,10,2017-03,2018-08
1915,a11a0e0ca67423425691db355cff69b0,448.90,0.61873990,0.00003303,0.98478653,2,2018-07,2018-08
1916,3d0cd21d41671c46f82cd11176bf7277,447.80,0.61906300,0.00003295,0.98481948,7,2017-08,2018-08
1917,5e106d93b717c2682b9383da480364a1,445.90,0.61938611,0.00003281,0.98485228,1,2017-04,2017-04
1918,a5bff0f43eb51f0cad7c37fac7244c8a,445.00,0.61970921,0.00003274,0.98488502,4,2017-02,2017-09
1919,6c1b6d0c604b776f844125f911eb7377,443.06,0.62003231,0.00003260,0.98491762,2,2017-02,2017-03
1920,d4e4b5192cba4e0e66eb12a9d347239d,441.80,0.62035541,0.00003251,0.98495013,6,2017-03,2017-11
1921,f22a247b79dd22ecd91dc8e3b2a1b07c,439.94,0.62067851,0.00003237,0.98498249,3,2018-05,2018-08
1922,64c9a1db4e73e19aaafd3286dc448c96,439.00,0.62100162,0.00003230,0.98501479,1,2018-08,2018-08
1923,c3251e13f1bbda6c74e37c160f991e19,437.80,0.62132472,0.00003221,0.98504701,2,2017-03,2017-05
1924,b29d3380981c51df13fc6fbe87e1763d,435.30,0.62164782,0.00003203,0.98507903,4,2018-04,2018-08
1925,98115075dd26cb8835946fc6086f5d30,434.96,0.62197092,0.00003200,0.98511103,3,2018-04,2018-08
1926,26d6bbee02420494d471c9f6436929c0,434.51,0.62229402,0.00003197,0.98514300,5,2018-04,2018-08
1927,c0e6839516f5398edc34adf5f1d53d1a,432.92,0.62261712,0.00003185,0.98517485,2,2017-05,2017-08
1928,4e480be820e37de1444325ff358c9296,430.30,0.62294023,0.00003166,0.98520651,1,2018-07,2018-07
1929,f7df46c1e0ec44eed5c6726478da4a17,429.70,0.62326333,0.00003162,0.98523813,2,2017-06,2017-07
1930,939e6227d6964a11a70aa91243e418f2,425.00,0.62358643,0.00003127,0.98526940,1,2018-08,2018-08
1931,a45314082d50d578a4721c9787ce09ab,424.90,0.62390953,0.00003126,0.98530066,1,2018-08,2018-08
1932,dc50afafdfa325eadc890c7fa42a8f4e,424.20,0.62423263,0.00003121,0.98533187,3,2018-06,2018-08
1933,b080809eaacb49e5ca07290981472431,424.00,0.62455574,0.00003120,0.98536307,7,2017-02,2018-05
1934,acf974e4d5950ad143a247471b831eb9,423.80,0.62487884,0.00003118,0.98539425,3,2017-03,2017-10
1935,41e0fa5761c886a630994a55c12087e7,423.60,0.62520194,0.00003117,0.98542541,3,2018-04,2018-06
1936,7c1fea10b5b006671d608b1d7c446ec4,423.60,0.62552504,0.00003117,0.98545658,7,2017-10,2018-06
1937,5dc203c7b84a0e71e878a179de05fb9a,421.90,0.62584814,0.00003104,0.98548762,4,2018-05,2018-08
1938,c714262700f93defc16bf17a51a4cb23,421.80,0.62617124,0.00003103,0.98551865,3,2018-03,2018-05
1939,9d5604a1f112324ad6b2aa552122e0fb,421.50,0.62649435,0.00003101,0.98554967,7,2017-11,2018-08
1940,cc80e2f693fa6e2408f47ccf62413fc1,420.00,0.62681745,0.00003090,0.98558057,2,2017-11,2017-12
1941,189ca3538ce9f920cacf0f982cbe223b,419.00,0.62714055,0.00003083,0.98561140,3,2018-06,2018-08
1942,6d7f8d9d594e28796b6b3205b00f459c,417.90,0.62746365,0.00003075,0.98564214,2,2017-05,2017-07
1943,7b7f91e98f8c6def45a1407923304402,417.47,0.62778675,0.00003072,0.98567286,4,2018-04,2018-07
1944,b64d51f0435e884e8de603b1655155ae,416.18,0.62810985,0.00003062,0.98570348,5,2018-04,2018-08
1945,a53f60f05f822b5c621a50ff6a5cb362,415.40,0.62843296,0.00003056,0.98573404,2,2018-06,2018-08
1946,34a557286ead8fe75c989e0afcf7d98c,414.90,0.62875606,0.00003053,0.98576457,4,2018-05,2018-08
1947,35fb511489d9ee3ee27a76debce9df06,414.50,0.62907916,0.00003050,0.98579506,6,2017-02,2018-04
1948,ff1e15b778c700abdd4d239b81ac466d,414.30,0.62940226,0.00003048,0.98582555,1,2018-08,2018-08
1949,bd149ed516d4c5d418d5781f8e18919f,414.00,0.62972536,0.00003046,0.98585601,3,2017-10,2018-08
1950,acb6c2ca5c82411c1fdb88d5fd5eb95e,413.88,0.63004847,0.00003045,0.98588646,6,2017-02,2018-08
1951,042573af89b6d931f672efaf789d8358,413.48,0.63037157,0.00003042,0.98591688,2,2018-01,2018-02
1952,ead2bab70821ea148476ae9bc08548ac,412.10,0.63069467,0.00003032,0.98594720,7,2017-10,2018-08
1953,a35124e2d763d7ca3fbe3b97d143200f,411.50,0.63101777,0.00003028,0.98597747,3,2017-03,2017-05
1954,86ff3eaef0267069cc891a2ed9d10a17,409.75,0.63134087,0.00003015,0.98600762,4,2018-04,2018-07
1955,5275ca25d0358ca73864e0ae41be1320,409.60,0.63166397,0.00003014,0.98603776,2,2018-07,2018-08
1956,f4ce8ca9fa7157e3b33f536ac9a4487d,409.60,0.63198708,0.00003014,0.98606789,2,2018-07,2018-08
1957,c3f5668699a1b04c0fa61ecea1e2bff6,407.81,0.63231018,0.00003000,0.98609790,3,2018-03,2018-08
1958,20a8b0dc55da94fe74d112082427c84f,407.40,0.63263328,0.00002997,0.98612787,2,2018-07,2018-08
1959,89bc797e2e29667aa035d4368f9b7f92,407.30,0.63295638,0.00002997,0.98615784,4,2016-10,2017-04
1960,6b803197e03abd5056b4313306b4f29d,407.00,0.63327948,0.00002994,0.98618778,4,2018-02,2018-08
1961,4a23adac87cf538689fa600d976f78b2,405.00,0.63360258,0.00002980,0.98621758,1,2018-08,2018-08
1962,179d859f51292aac5c10806a356f7af9,404.47,0.63392569,0.00002976,0.98624734,3,2018-06,2018-08
1963,ed9eef5be0992d413d251fadba1a410d,404.10,0.63424879,0.00002973,0.98627707,3,2017-01,2017-03
1964,5563732abe64c3036cb97ad924128dd1,404.00,0.63457189,0.00002972,0.98630680,2,2017-06,2017-12
1965,0ddefe3c7a032b91f4e25b9c3a08fca1,402.90,0.63489499,0.00002964,0.98633644,5,2018-04,2018-08
1966,3d01d1c414c44b5943a09619ff3853cb,402.60,0.63521809,0.00002962,0.98636606,2,2016-10,2017-07
1967,29fe9f200d3fa0c668d2aa1ec7e08dfb,400.00,0.63554120,0.00002943,0.98639549,4,2017-06,2017-09
1968,ceb7b4fb9401cd378de7886317ad1b47,399.90,0.63586430,0.00002942,0.98642491,1,2017-08,2017-08
1969,d7485b33791774c36108f8c69602d48d,399.82,0.63618740,0.00002942,0.98645433,4,2018-04,2018-07
1970,62d977e2b2aee830de3e039a28490d12,399.80,0.63651050,0.00002942,0.98648374,1,2018-01,2018-01
1971,63ffcb71394dd8ea3872ed9ffda17c74,399.00,0.63683360,0.00002936,0.98651310,5,2017-02,2017-07
1972,d263fa444c1504a75cbca5cc465f592a,399.00,0.63715670,0.00002936,0.98654246,1,2018-07,2018-07
1973,fadb07c842a2aef5d5a676b85f220e71,398.75,0.63747981,0.00002934,0.98657179,3,2018-06,2018-08
1974,73da1880b39c71de2b262bc7720c1494,398.00,0.63780291,0.00002928,0.98660108,2,2017-07,2018-01
1975,48e954b2da4f6a750c844173b347ed40,397.80,0.63812601,0.00002927,0.98663035,2,2018-04,2018-05
1976,c52c644cc0dc85121207a27013efc6af,397.80,0.63844911,0.00002927,0.98665961,1,2018-08,2018-08
1977,12a8eb0f8d1cd3270695bf2a99f55966,397.00,0.63877221,0.00002921,0.98668882,2,2017-10,2017-12
1978,62760d278921b5f352461620d68a9cee,397.00,0.63909532,0.00002921,0.98671803,1,2017-02,2017-02
1979,41b14765bd56c8ad10971074380f9c0c,395.50,0.63941842,0.00002910,0.98674713,5,2018-03,2018-07
1980,9b76ad3d04236f76bc71c59470305e13,394.70,0.63974152,0.00002904,0.98677617,2,2018-07,2018-08
1981,0249d282d911d23cb8b869ab49c99f53,393.00,0.64006462,0.00002891,0.98680509,4,2017-09,2018-03
1982,a2fa0bdc798ee84cdb08281337cf4fb6,392.75,0.64038772,0.00002890,0.98683398,7,2017-03,2018-03
1983,bc30de0d71bd6260b936a026b5cf7200,392.37,0.64071082,0.00002887,0.98686285,1,2018-04,2018-04
1984,59cd88080b93f3c18508673122d26169,392.33,0.64103393,0.00002887,0.98689172,5,2017-07,2017-12
1985,fe4cd9461203cee790d36792420b310f,391.15,0.64135703,0.00002878,0.98692049,3,2017-03,2017-09
1986,c13ef0cfbe42f190780f621ce81f2234,390.00,0.64168013,0.00002869,0.98694919,1,2018-01,2018-01
1987,8936ba0de1073ee888cb3185ae5dc661,389.99,0.64200323,0.00002869,0.98697788,1,2017-04,2017-04
1988,4049512728d969bec69f84088b012416,389.84,0.64232633,0.00002868,0.98700656,4,2017-04,2018-01
1989,ea00f977a203ff88adf7057cb7806998,389.72,0.64264943,0.00002867,0.98703524,2,2018-07,2018-08
1990,0fe2d9733ed841eb064503920015a8c0,389.64,0.64297254,0.00002867,0.98706391,2,2018-05,2018-07
1991,a7ecf689b40a44361e259b28939023e4,389.00,0.64329564,0.00002862,0.98709253,1,2018-07,2018-07
1992,c1849d4d32d7a6cecd5aa471809d3135,388.98,0.64361874,0.00002862,0.98712114,1,2018-08,2018-08
1993,2009a095de2a2a41626f6c6d7722678d,388.89,0.64394184,0.00002861,0.98714976,5,2017-03,2017-10
1994,78ef7e885d17f35e2382a47aae8b8cce,388.00,0.64426494,0.00002855,0.98717830,3,2017-02,2017-07
1995,e4fc40017a6d22c46a14ac2e17f87c3e,387.00,0.64458805,0.00002847,0.98720678,3,2017-05,2017-08
1996,94d76e96eedd976258cd3278ce56d5f2,385.61,0.64491115,0.00002837,0.98723515,1,2018-05,2018-05
1997,559d56f3b8f0bc2e5a9a62fe2ce2a39f,385.00,0.64523425,0.00002833,0.98726347,1,2018-08,2018-08
1998,79565f7d5603b24ddf07ade262547f2f,385.00,0.64555735,0.00002833,0.98729180,3,2017-02,2017-05
1999,a21c11ec5c3f03e7cc9f9203bff9e1c6,385.00,0.64588045,0.00002833,0.98732013,1,2018-08,2018-08
2000,a080fc8a850289b27500f6b49cca2553,383.00,0.64620355,0.00002818,0.98734831,3,2018-03,2018-06
2001,ab27bbbad5239bc31a34709275a70db4,382.90,0.64652666,0.00002817,0.98737648,2,2017-10,2018-07
2002,933446e9a59dece7ae9175103820ca8f,381.39,0.64684976,0.00002806,0.98740454,2,2017-01,2017-02
2003,9853a239ab7b7ebbdc3a21248d5b8e1f,381.00,0.64717286,0.00002803,0.98743257,4,2017-04,2017-11
2004,1967a9e2ad6f51802b093147d861df58,380.00,0.64749596,0.00002796,0.98746053,1,2017-03,2017-03
2005,f7315bb81aea4ddca2d39e249a801c98,379.80,0.64781906,0.00002794,0.98748847,2,2018-06,2018-08
2006,f5b44895715ddfe3087dc414f30268f3,378.80,0.64814216,0.00002787,0.98751634,10,2017-09,2018-07
2007,b7ba853e9551f4558440881fd3e5c815,376.80,0.64846527,0.00002772,0.98754407,1,2016-10,2016-10
2008,bd15ee794d5e640d9dd71b665b2ab15b,374.80,0.64878837,0.00002758,0.98757164,6,2018-03,2018-08
2009,c24173065483e421f9e5e7f599de101d,373.91,0.64911147,0.00002751,0.98759915,5,2017-07,2017-11
2010,404e1ba01358af4cd63f679b2c4d1fa1,373.90,0.64943457,0.00002751,0.98762666,6,2017-08,2018-08
2011,101921376b577a4540dc30e9009133ca,373.00,0.64975767,0.00002744,0.98765410,1,2017-05,2017-05
2012,08084d990eb3f53af056ccbc1730c8a7,372.50,0.65008078,0.00002741,0.98768151,5,2018-02,2018-08
2013,6d988d6174a2c27441597174f8905515,371.73,0.65040388,0.00002735,0.98770886,10,2017-04,2018-08
2014,0bfd0b434243adc5c2e1aa6baf19c6aa,371.20,0.65072698,0.00002731,0.98773617,4,2017-10,2018-02
2015,70125af26c2d6d4ef401a1d02ae7701f,371.20,0.65105008,0.00002731,0.98776348,2,2018-07,2018-08
2016,0f0c984a4a955310903b6b6008660bad,369.81,0.65137318,0.00002721,0.98779069,2,2018-04,2018-05
2017,131fcb0a0c9a47bba4474aacff0f14b7,369.80,0.65169628,0.00002721,0.98781790,2,2018-06,2018-08
2018,916748bc99315c2d202898ae58b1617e,369.40,0.65201939,0.00002718,0.98784508,10,2017-02,2017-11
2019,d73cbd89533ce8b041a9190241453ac8,368.60,0.65234249,0.00002712,0.98787220,2,2017-03,2017-07
2020,63191ead8d3b2f937cd1996fdcbbad20,367.00,0.65266559,0.00002700,0.98789920,1,2018-08,2018-08
2021,ce616e1913288884e7742faac9d981db,365.10,0.65298869,0.00002686,0.98792606,4,2018-05,2018-08
2022,499ec63c58e51296c9cf57edcfe1c8a8,365.00,0.65331179,0.00002685,0.98795292,3,2018-04,2018-06
2023,f12d3c2a14729ae461b920c11fe20fdc,364.45,0.65363489,0.00002681,0.98797973,3,2018-05,2018-07
2024,4e85b538b0dad58852641540686d0e14,361.98,0.65395800,0.00002663,0.98800636,4,2017-07,2018-06
2025,35ef5aa32949680f627efec3c23e705c,361.60,0.65428110,0.00002660,0.98803297,3,2017-03,2017-07
2026,a435b009cd956ea60748b5cfbddf2e24,361.18,0.65460420,0.00002657,0.98805954,2,2017-05,2017-07
2027,76de363de16dacc923eec8daf91df504,360.00,0.65492730,0.00002649,0.98808603,2,2017-09,2018-03
2028,b56828a9f9027f3c918c04ca720d9e3c,360.00,0.65525040,0.00002649,0.98811252,3,2017-10,2018-05
2029,fa14641f57b655e933124a9ea49cd7a5,359.93,0.65557351,0.00002648,0.98813900,4,2017-05,2018-02
2030,03bd479e1d9484cdb14104d3023f7321,359.70,0.65589661,0.00002646,0.98816546,2,2018-05,2018-07
2031,184725737946a1a938bbbd1a9e978103,359.70,0.65621971,0.00002646,0.98819193,1,2018-08,2018-08
2032,1e8c6a4c538f286aee9573239740a4b4,359.70,0.65654281,0.00002646,0.98821839,4,2018-04,2018-08
2033,51209b446b2073894bdc0face6c73ffc,359.60,0.65686591,0.00002646,0.98824485,2,2018-06,2018-07
2034,3076499bbc033a927bf4a8a41bcf7fd4,359.33,0.65718901,0.00002644,0.98827129,4,2018-05,2018-08
2035,173d56ffbd4c56cb80fc3615487d712b,358.00,0.65751212,0.00002634,0.98829763,1,2018-08,2018-08
2036,f44bdc12aa39f5271f0b95f66cd4c289,357.50,0.65783522,0.00002630,0.98832393,4,2017-11,2018-08
2037,9dd59e43f0c9f0553244e8f9c2fb247e,356.30,0.65815832,0.00002621,0.98835014,4,2017-10,2018-01
2038,24c1de8d9551c0b4fbc53317d53efda8,355.00,0.65848142,0.00002612,0.98837626,1,2017-02,2017-02
2039,761681a821d8275bc79f552116d06869,354.92,0.65880452,0.00002611,0.98840238,3,2018-04,2018-07
2040,8fd3b4468f6425810648177996c14cbd,354.90,0.65912763,0.00002611,0.98842849,1,2018-06,2018-06
2041,9b00cad94ef3078faf6fba2e792c158f,354.90,0.65945073,0.00002611,0.98845460,1,2017-12,2017-12
2042,b88e7c57cb2d8b973b7dd4a2bfa14b36,353.90,0.65977383,0.00002604,0.98848064,3,2017-05,2017-12
2043,de66a66f2dd06bb9ec37aa96987466a3,353.32,0.66009693,0.00002600,0.98850663,3,2016-10,2017-02
2044,b67d6c666e8dce1d078c882825e12704,352.84,0.66042003,0.00002596,0.98853259,2,2018-07,2018-08
2045,cbbd5ae8f53de5f5097cd8217b529e24,351.80,0.66074313,0.00002588,0.98855848,1,2017-02,2017-02
2046,52092ddbd3a58c450a4459bf051b2287,351.70,0.66106624,0.00002588,0.98858435,4,2017-11,2018-03
2047,e53d5b9b29d1218281f4a907ada18626,350.67,0.66138934,0.00002580,0.98861015,2,2018-07,2018-08
2048,97e4a63591ca439a2b8b7efd20e6e19e,349.95,0.66171244,0.00002575,0.98863590,4,2018-02,2018-08
2049,ad87df7699e83b8a91822a4a0b765c3a,349.90,0.66203554,0.00002574,0.98866164,4,2017-03,2017-06
2050,52bb00821bcdd358a5a5a27e1f6be5a1,349.80,0.66235864,0.00002574,0.98868738,2,2018-01,2018-04
2051,079d295dcbf06ee8bb1b65ba964eb2b6,349.30,0.66268174,0.00002570,0.98871308,3,2018-06,2018-08
2052,27a56ff04b34c2ba34ce6ba4d3b9d616,349.29,0.66300485,0.00002570,0.98873878,5,2017-04,2017-10
2053,5c603ffb38cbbf25a0e0698941324143,348.80,0.66332795,0.00002566,0.98876444,1,2017-01,2017-01
2054,249f0e9905a6e06ad6c6bea7547ab9f6,347.95,0.66365105,0.00002560,0.98879004,3,2018-06,2018-08
2055,0747d5bb69f0586cc869d8af4c50f93e,346.60,0.66397415,0.00002550,0.98881554,6,2016-10,2017-06
2056,918717417d88a9f9ae9735567e6c7682,345.70,0.66429725,0.00002543,0.98884098,3,2017-12,2018-02
2057,48efc9d94a9834137efd9ea76b065a38,345.60,0.66462036,0.00002543,0.98886640,2,2016-12,2017-01
2058,38af8acfd46ac4a7bf754e8ca6736664,345.00,0.66494346,0.00002538,0.98889179,4,2017-11,2018-02
2059,a37c340b91cb0169e8b029db6440fba2,345.00,0.66526656,0.00002538,0.98891717,3,2017-06,2017-09
2060,26b482dccfa29bd2e40703ba45523702,344.78,0.66558966,0.00002537,0.98894254,2,2018-07,2018-08
2061,3985a3c45be355a4c57fde108bfabd1c,344.20,0.66591276,0.00002532,0.98896786,5,2017-01,2017-06
2062,7957cac1a02f45d0a4a7e45626382ec2,343.00,0.66623586,0.00002524,0.98899310,1,2017-09,2017-09
2063,2a73cba571d90c694b7caca072ccf6ce,342.78,0.66655897,0.00002522,0.98901832,1,2018-07,2018-07
2064,b9ec22de23f18567de0e09d776ca0309,341.98,0.66688207,0.00002516,0.98904348,2,2018-06,2018-08
2065,89de2d6f23e9746ff309705b23581faa,340.00,0.66720517,0.00002502,0.98906850,2,2018-07,2018-08
2066,ae8bfdbf1c2a2a2dee92d799db0a31c6,339.92,0.66752827,0.00002501,0.98909350,3,2017-02,2017-05
2067,5ca5d579b5857ee8709479b1047cecc3,339.89,0.66785137,0.00002501,0.98911851,2,2018-01,2018-03
2068,a2e85714b56b1cb6bb24a9a6e6cad36f,339.70,0.66817447,0.00002499,0.98914351,1,2017-10,2017-10
2069,8fff28c4263ddec387f28d237fb42773,339.40,0.66849758,0.00002497,0.98916848,2,2017-02,2018-08
2070,2f4b0d3b9634b647d4edee577d7ebb7e,337.90,0.66882068,0.00002486,0.98919334,3,2018-01,2018-03
2071,0743a0239d764b9a0f959a57d07e36ab,336.96,0.66914378,0.00002479,0.98921813,2,2018-07,2018-08
2072,4e42581f08e8cfc7c090f930bac4552a,336.00,0.66946688,0.00002472,0.98924285,2,2017-11,2017-12
2073,333c4210e76a1aa2ab817b99437e3ff1,335.00,0.66978998,0.00002465,0.98926750,2,2018-07,2018-08
2074,a64e44665225d19dfc0277eeeaaccc57,335.00,0.67011309,0.00002465,0.98929214,3,2018-06,2018-08
2075,c8660dcf9ba70575f45d80fe28c27713,335.00,0.67043619,0.00002465,0.98931679,2,2017-02,2017-03
2076,2c538755f1ca9540af144f266e70df6c,334.99,0.67075929,0.00002465,0.98934144,1,2018-05,2018-05
2077,3a3e46d10f74d8a6ca76e2b538f106a0,334.90,0.67108239,0.00002464,0.98936608,3,2018-02,2018-07
2078,61b18775be84fb700a6b2d0ba097bf66,334.50,0.67140549,0.00002461,0.98939069,4,2018-04,2018-08
2079,7c4618c82226628831613e95e9c22f44,333.93,0.67172859,0.00002457,0.98941526,7,2017-12,2018-08
2080,c113b8df1fc375bc3d73d29c1b1144d1,333.00,0.67205170,0.00002450,0.98943976,3,2017-06,2017-08
2081,76d336555bb25f3165d2f0d6da719c40,330.00,0.67237480,0.00002428,0.98946404,1,2017-02,2017-02
2082,d7b2377bae6ace1b11fc69a11900ac36,329.60,0.67269790,0.00002425,0.98948829,3,2017-08,2017-11
2083,09883d9ab71c8fe8a9bfc7fc3075b07e,329.50,0.67302100,0.00002424,0.98951253,4,2017-04,2017-11
2084,d36b07fd3c5088e477a72d1fccfe29d4,328.90,0.67334410,0.00002420,0.98953673,1,2017-05,2017-05
2085,f18112da765e0971ca5d510dec322bdd,327.80,0.67366721,0.00002412,0.98956085,1,2018-01,2018-01
2086,4b98b0428fc1932cc2514ef9ce2505e6,327.63,0.67399031,0.00002411,0.98958495,2,2017-09,2017-11
2087,08d0949a9a17c027262db1f3c450c26c,324.80,0.67431341,0.00002390,0.98960885,7,2017-08,2018-08
2088,6bd503a8230299c9316fb0f726933927,324.29,0.67463651,0.00002386,0.98963271,2,2018-07,2018-08
2089,7dea6f73af847b42cc3985bd620f994d,324.00,0.67495961,0.00002384,0.98965655,1,2018-08,2018-08
2090,c79151301b9d90985d1fa52879213105,322.30,0.67528271,0.00002371,0.98968026,3,2017-11,2018-04
2091,92d14edfb62ee5ae7fdff70b0f4e7233,322.00,0.67560582,0.00002369,0.98970395,6,2017-09,2018-04
2092,a81466620e46a6970b22ef40379fdfc9,321.80,0.67592892,0.00002368,0.98972763,1,2017-10,2017-10
2093,7b7ed56ae755e2880f2b69632e839c1e,321.50,0.67625202,0.00002365,0.98975128,1,2018-08,2018-08
2094,d149de2f383552baea37a7198c2296ce,320.70,0.67657512,0.00002360,0.98977488,1,2018-08,2018-08
2095,d2f3e277560ed4c6361284429b00f037,320.55,0.67689822,0.00002358,0.98979846,4,2017-07,2017-10
2096,4f40d2ed38d1cc945364a7cd202a82c7,319.90,0.67722132,0.00002354,0.98982200,1,2017-11,2017-11
2097,eb9267cccc90f1b49c8d2f9887c7dd97,319.90,0.67754443,0.00002354,0.98984554,1,2018-05,2018-05
2098,883dd81e82754ac2c65e9790a7db8c9a,319.50,0.67786753,0.00002351,0.98986904,5,2017-10,2018-06
2099,c611f4ce9ce875bcc063fa97fd4d7d12,319.00,0.67819063,0.00002347,0.98989251,1,2018-07,2018-07
2100,ea1776927851da2532aa70d6a32c095a,318.80,0.67851373,0.00002346,0.98991597,2,2018-07,2018-08
2101,1e9d5a33694bddb76316fd1f54734d20,318.00,0.67883683,0.00002340,0.98993937,2,2018-07,2018-08
2102,57d2ba47f7a3209aa347532ae75c1165,318.00,0.67915994,0.00002340,0.98996276,2,2018-06,2018-07
2103,2d22fc3089eb907b29ebff50581fb472,317.70,0.67948304,0.00002337,0.98998614,1,2018-04,2018-04
2104,ea4e9ce63a2134743b4a92777437fcdd,316.60,0.67980614,0.00002329,0.99000943,3,2018-04,2018-08
2105,9cf787a239c1aa29dbd76f153dc13f9a,316.00,0.68012924,0.00002325,0.99003268,2,2018-06,2018-08
2106,cf1313c6e2c01c2f4b014f97db4bcd2b,315.70,0.68045234,0.00002323,0.99005591,3,2018-06,2018-08
2107,3b18f9856c6eb2413eafedb58e9eecd9,315.00,0.68077544,0.00002318,0.99007908,1,2018-04,2018-04
2108,da20530872245d6cd9d2f5725613c430,314.96,0.68109855,0.00002317,0.99010226,1,2017-10,2017-10
2109,12c2ed9cded6138cf0c75f525f565fc7,314.96,0.68142165,0.00002317,0.99012543,3,2017-11,2018-08
2110,9ac4f14370b1e24ddc58be041b7f99df,314.51,0.68174475,0.00002314,0.99014857,4,2018-02,2018-07
2111,8c9348f33ae3dada25c99c99ade2af78,312.99,0.68206785,0.00002303,0.99017160,2,2018-06,2018-07
2112,5f0057b677eb963672bf05dfa3f16c34,312.88,0.68239095,0.00002302,0.99019462,3,2016-10,2017-02
2113,3afc536624bc2e65bddfb5db33cc01f3,312.00,0.68271405,0.00002296,0.99021757,4,2018-01,2018-06
2114,1acde099eb406aa220b1169b188b42da,311.10,0.68303716,0.00002289,0.99024046,3,2017-09,2017-11
2115,df47da4ae86fa4db890d05aaf24e21d8,310.50,0.68336026,0.00002284,0.99026331,2,2018-07,2018-08
2116,ba89796db68db180bd389de96b2ff3b6,309.80,0.68368336,0.00002279,0.99028610,1,2018-07,2018-07
2117,0cab2da43793a6f3c5ed8514c5f54627,309.70,0.68400646,0.00002279,0.99030889,3,2018-05,2018-07
2118,ebd1417732defaf66c50b5a800eb293e,309.00,0.68432956,0.00002273,0.99033162,1,2017-03,2017-03
2119,152ee17e4c8aaf53dac99f3462e4999b,308.96,0.68465267,0.00002273,0.99035435,4,2017-07,2017-10
2120,1b45169b635ef59425637e9a33eb5fb3,308.90,0.68497577,0.00002273,0.99037708,4,2018-02,2018-08
2121,dbbcfe2c8d026742134ac3e28ccde274,308.59,0.68529887,0.00002270,0.99039978,4,2017-07,2018-06
2122,b127efdabeffb5d559349c7b172eb75d,308.50,0.68562197,0.00002270,0.99042248,5,2017-01,2017-05
2123,85cc55e048b6bcc90c75afe7f0e72f72,308.28,0.68594507,0.00002268,0.99044516,3,2018-05,2018-07
2124,a7a9b880c49781da66651ccf4ba9ac38,307.60,0.68626817,0.00002263,0.99046780,3,2018-05,2018-07
2125,9c3c24eca51c52b91c1de727d2a2ae06,307.50,0.68659128,0.00002262,0.99049042,6,2016-10,2018-05
2126,48bad451945f5227341793478d6353ea,307.00,0.68691438,0.00002259,0.99051301,3,2017-02,2017-12
2127,e94b64dc6979b302a5a5be1662c83bb6,306.89,0.68723748,0.00002258,0.99053559,1,2018-07,2018-07
2128,bc39d8938f90a3a2b98193723ed59774,306.80,0.68756058,0.00002257,0.99055816,2,2018-04,2018-06
2129,6d2f2e3b539480db1e0842b3a4e32e6e,305.96,0.68788368,0.00002251,0.99058067,1,2017-06,2017-06
2130,085f6f7e049c996695fb2074fe38d45e,305.40,0.68820679,0.00002247,0.99060314,4,2018-02,2018-05
2131,c76d418370990614e89e956c7a7567d9,305.24,0.68852989,0.00002246,0.99062560,2,2017-08,2017-09
2132,51f108f62cb87d61918159902c8f8583,303.73,0.68885299,0.00002235,0.99064794,2,2018-07,2018-08
2133,25debeafbce801fdd479539350185eee,302.84,0.68917609,0.00002228,0.99067023,4,2017-06,2018-05
2134,ad75519a07f039025e83795a4418470f,302.10,0.68949919,0.00002223,0.99069245,2,2018-01,2018-08
2135,a3082f442524a1be452e3189e003b361,301.60,0.68982229,0.00002219,0.99071464,3,2017-07,2018-08
2136,2b3b9ce054da76a7428df143a567b156,301.00,0.69014540,0.00002215,0.99073679,3,2018-06,2018-08
2137,3dc69bf2c42f0568a5c4791ec3fd3745,300.00,0.69046850,0.00002207,0.99075886,2,2017-11,2018-02
2138,2b402d5dc42554061f8ea98d1916f148,299.89,0.69079160,0.00002206,0.99078093,1,2018-04,2018-04
2139,69a43819c758c65a5befb0b471c954d7,299.85,0.69111470,0.00002206,0.99080299,2,2017-06,2017-09
2140,3606774ec64634822d78dc2db6d37045,299.80,0.69143780,0.00002206,0.99082504,2,2016-10,2017-01
2141,ea3ebea5317b0efbc663ecc8ce5e9bc2,299.70,0.69176090,0.00002205,0.99084709,1,2018-05,2018-05
2142,6d1b9c9579132c87d2703ec38c30f2c5,299.69,0.69208401,0.00002205,0.99086914,4,2017-02,2017-07
2143,7fe21dd00d2f4943ae09525efa2fd674,299.60,0.69240711,0.00002204,0.99089119,3,2017-04,2017-08
2144,71593c7413973a1e160057b80d4958f6,299.50,0.69273021,0.00002204,0.99091322,1,2018-08,2018-08
2145,b76f4d90e85657a240495c876313adc5,299.00,0.69305331,0.00002200,0.99093522,1,2018-08,2018-08
2146,f00f5b35d0abcacbdd863672f4bb2c1a,299.00,0.69337641,0.00002200,0.99095722,1,2017-05,2017-05
2147,a8739afb32aaa45e01815ca76f76f54b,298.83,0.69369952,0.00002199,0.99097921,2,2018-06,2018-08
2148,9d489893ff6af05029671b785f54b998,298.70,0.69402262,0.00002198,0.99100118,3,2017-06,2018-08
2149,b76a1f8356322f12529c37b67d5c96c2,298.50,0.69434572,0.00002196,0.99102315,3,2017-12,2018-02
2150,666658b8da8370f30e1f89893b1de5e6,298.00,0.69466882,0.00002193,0.99104507,1,2018-03,2018-03
2151,c5ebe6598748b0aeaa61cfb820478b92,297.00,0.69499192,0.00002185,0.99106692,2,2018-07,2018-08
2152,e603cf3fec55f8697c9059638d6c8eb5,297.00,0.69531502,0.00002185,0.99108877,4,2017-02,2017-06
2153,0ec28cec4046a4a199b6de9b4c891d97,296.60,0.69563813,0.00002182,0.99111060,2,2018-04,2018-05
2154,508808d438fe2ff972ed13bb8f4a82e2,294.83,0.69596123,0.00002169,0.99113229,1,2018-08,2018-08
2155,55c96925041a14097b6a7825554f4ad5,294.80,0.69628433,0.00002169,0.99115398,5,2017-03,2018-01
2156,a806a4bb063ea7ca6d374eafa50a6058,294.40,0.69660743,0.00002166,0.99117564,2,2018-01,2018-02
2157,9b1ab052f5fca308ba743ac789ebb2e1,294.09,0.69693053,0.00002164,0.99119728,2,2017-04,2017-05
2158,2bf28e311bba65237358230cabac3f15,294.00,0.69725363,0.00002163,0.99121891,4,2018-04,2018-08
2159,2f4b9d112bfa44a214bc6cef085d17c8,293.99,0.69757674,0.00002163,0.99124054,5,2016-10,2017-04
2160,9d39404483343dd55c7ae254494d8388,293.20,0.69789984,0.00002157,0.99126211,6,2017-11,2018-04
2161,5dc4bdaf869e8c77c648078cbe8d59c2,292.99,0.69822294,0.00002156,0.99128367,1,2017-09,2017-09
2162,48b6c3f4c6a93171da04b75313f2130f,290.26,0.69854604,0.00002136,0.99130502,2,2018-03,2018-04
2163,aadfe0417e61315688b6bd7043361e25,289.90,0.69886914,0.00002133,0.99132635,1,2017-08,2017-08
2164,ede2977fbaf3738583170735ca403f6c,289.90,0.69919225,0.00002133,0.99134768,1,2018-02,2018-02
2165,f410c8873029fcc3809b9df6d0b28914,289.80,0.69951535,0.00002132,0.99136900,1,2018-08,2018-08
2166,4dc646b9b9e8e411ef48ba000ea3ac6f,289.70,0.69983845,0.00002131,0.99139032,4,2018-02,2018-08
2167,adbe70ab2c97442046d393988c8d1d27,289.50,0.70016155,0.00002130,0.99141162,2,2017-09,2017-10
2168,aded58c8142dedc5494a81f948431fab,289.50,0.70048465,0.00002130,0.99143292,1,2018-04,2018-04
2169,04ee0ec01589969663ba5967c0e0bdc0,289.49,0.70080775,0.00002130,0.99145422,1,2018-08,2018-08
2170,d1e2fe627180431ffda076abb303c56f,289.00,0.70113086,0.00002126,0.99147548,1,2018-03,2018-03
2171,392353362d22cc2c236e1ee81ff19890,288.70,0.70145396,0.00002124,0.99149672,3,2018-04,2018-08
2172,bbe87dce25ba8b38bb61cc7210a3f10b,287.00,0.70177706,0.00002112,0.99151784,2,2018-05,2018-08
2173,ce20a2ec1514c25e16f2b5b39bc818f0,287.00,0.70210016,0.00002112,0.99153895,2,2018-06,2018-08
2174,615005a3ef192c00c6f0e977cee3d2bc,286.50,0.70242326,0.00002108,0.99156003,4,2017-08,2017-12
2175,e83e93b71371817b11d78a63ff156aee,286.00,0.70274637,0.00002104,0.99158107,2,2017-02,2017-04
2176,a9ae440659f48b7849df83e82734150b,285.00,0.70306947,0.00002097,0.99160204,1,2017-10,2017-10
2177,e628d4a53c109f09ca88098338b3a3f5,285.00,0.70339257,0.00002097,0.99162301,1,2017-12,2017-12
2178,10264f60a8f0a4d2f30810f5c661c673,284.60,0.70371567,0.00002094,0.99164395,3,2018-06,2018-08
2179,86bf77bdb52e615674772d5817c6212f,281.80,0.70403877,0.00002073,0.99166468,2,2018-04,2018-07
2180,83c465a786b06574376909b35ef6752a,281.40,0.70436187,0.00002070,0.99168539,3,2018-06,2018-08
2181,b8a0adc91af209270c2c725168eb00fd,281.40,0.70468498,0.00002070,0.99170609,3,2018-04,2018-06
2182,d5c530f4884a75ae0dba9c148718d278,280.88,0.70500808,0.00002067,0.99172676,2,2017-09,2017-11
2183,579891617139df7d8671d373f0669622,280.30,0.70533118,0.00002062,0.99174738,7,2017-06,2018-07
2184,4e0d109ccfba9a1151c103049880c857,279.89,0.70565428,0.00002059,0.99176797,2,2017-11,2018-05
2185,58e4b302b54937e55a678c4d15111da4,279.79,0.70597738,0.00002059,0.99178856,2,2017-01,2017-06
2186,19a7c9f66ffa6452ff4b4c0cca71da27,279.00,0.70630048,0.00002053,0.99180908,1,2017-09,2017-09
2187,d2572f31e9023e9850ef986a636ff9bf,279.00,0.70662359,0.00002053,0.99182961,1,2017-03,2017-03
2188,debe6615cd90cc0c2eac2b8988e1f628,278.50,0.70694669,0.00002049,0.99185010,2,2017-01,2017-03
2189,4d6fb82c629c7a5028bfd973c07b05e0,278.00,0.70726979,0.00002045,0.99187056,1,2017-02,2017-02
2190,fb8904a8ea99f8831b64ce27db2c1765,278.00,0.70759289,0.00002045,0.99189101,1,2017-11,2017-11
2191,94c49f20a123aeb9360dbf80ff912bf6,277.75,0.70791599,0.00002044,0.99191145,2,2017-05,2017-06
2192,ab9db4cf53b08b828b64dccaafc2d9f0,277.67,0.70823910,0.00002043,0.99193188,4,2017-05,2018-07
2193,e46bc031f2c5bae4ccb40bb90712e9b4,277.30,0.70856220,0.00002040,0.99195228,1,2018-04,2018-04
2194,32f1bb9dfa65bc7df5c0d9d95a616be4,276.39,0.70888530,0.00002034,0.99197261,5,2018-03,2018-08
2195,15ead3a5037a918ddb520dfe39a3d2b9,275.50,0.70920840,0.00002027,0.99199288,3,2018-01,2018-04
2196,2ee0a0689f2f6a72f35a7cb6033f6e7e,272.00,0.70953150,0.00002001,0.99201289,1,2017-11,2017-11
2197,f682e0f848abafc6f41e0d4e868c66ef,269.98,0.70985460,0.00001986,0.99203276,2,2017-10,2018-05
2198,87d73636a3acf123e842bb890a4db036,269.90,0.71017771,0.00001986,0.99205262,1,2018-07,2018-07
2199,9a208dee8f95cfdf00760c4d627828ec,269.90,0.71050081,0.00001986,0.99207247,1,2017-02,2017-02
2200,bab0a8cd684e41ba6e2637dca0979d3b,269.90,0.71082391,0.00001986,0.99209233,1,2017-08,2017-08
2201,dcf3755cefcdc158ad0b7bdde51e871b,269.70,0.71114701,0.00001984,0.99211217,3,2018-03,2018-08
2202,6bb66d9870c2e01c05655c7ed0e7ee13,269.00,0.71147011,0.00001979,0.99213197,1,2018-07,2018-07
2203,58c851d1a3c7cd3da329eb59453fed44,268.99,0.71179321,0.00001979,0.99215176,1,2018-08,2018-08
2204,184a67a8f9f63234d3a92340bbdb727f,268.66,0.71211632,0.00001977,0.99217152,6,2016-10,2017-11
2205,830379336fad8c6f3b15a4a3ddb5c66e,268.00,0.71243942,0.00001972,0.99219124,2,2018-04,2018-07
2206,f9bbdd976532d50b7816d285a22bd01e,268.00,0.71276252,0.00001972,0.99221096,2,2017-05,2017-09
2207,4be2e7f96b4fd749d52dff41f80e39dd,267.00,0.71308562,0.00001964,0.99223060,1,2016-10,2016-10
2208,65a7c0788e4d632ccb5e1b594b87f0bb,266.70,0.71340872,0.00001962,0.99225023,3,2017-08,2017-12
2209,5236605f4d4b0b3e4df85b850393fca0,265.30,0.71373183,0.00001952,0.99226975,5,2017-08,2018-08
2210,483ca627d131e18f988349b1655c0acd,264.00,0.71405493,0.00001942,0.99228917,1,2018-03,2018-03
2211,5c853bb56f70f4d14218944bae111d7a,263.13,0.71437803,0.00001936,0.99230853,7,2017-02,2018-08
2212,f8d5c7085db9a4ad2b8c1ffbeb2798c8,263.00,0.71470113,0.00001935,0.99232788,6,2017-03,2018-02
2213,53088c75f948b48a7ece173ac17f0c12,261.70,0.71502423,0.00001925,0.99234713,3,2018-05,2018-08
2214,252e76235acb79183cfca6e34f13337d,261.20,0.71534733,0.00001922,0.99236635,3,2017-02,2018-06
2215,6da1992f915d77be95d7fa48b36904af,261.00,0.71567044,0.00001920,0.99238555,5,2017-04,2017-08
2216,aa762680c40618316a896838866140ea,261.00,0.71599354,0.00001920,0.99240476,2,2018-04,2018-05
2217,21d59342ba150175ca2aa4f8faddeca6,259.90,0.71631664,0.00001912,0.99242388,1,2018-08,2018-08
2218,92c8bc6e8f925792247656fed09aad65,259.70,0.71663974,0.00001911,0.99244299,3,2017-08,2017-10
2219,800214c63934acd05d47e84214db8ba8,259.60,0.71696284,0.00001910,0.99246209,3,2017-03,2017-05
2220,984c273121e743dd14767befe6cb17f5,259.60,0.71728595,0.00001910,0.99248119,1,2017-11,2017-11
2221,bdb3edbaee43a761e2d4f258dc08f348,259.50,0.71760905,0.00001909,0.99250028,2,2017-11,2017-12
2222,c9e5ad1f6647f5dbd1172adf6ae3cada,259.03,0.71793215,0.00001906,0.99251934,3,2017-10,2018-06
2223,5e25c632f9db6cfb8bc100421c2737b6,259.00,0.71825525,0.00001906,0.99253839,1,2018-06,2018-06
2224,1e26c56af8d48424e1df0140a2401f83,258.90,0.71857835,0.00001905,0.99255744,2,2018-06,2018-08
2225,a0e19590a0923cdd0614ea9427713ced,258.30,0.71890145,0.00001900,0.99257645,2,2017-05,2017-06
2226,f543ba3c973276f519d89d59bd46cead,258.00,0.71922456,0.00001898,0.99259543,2,2018-02,2018-06
2227,0af977692321d895349eded183341d28,257.75,0.71954766,0.00001896,0.99261439,2,2018-04,2018-08
2228,7d294cf9a6a69dc6a0c3e540fff0e039,257.25,0.71987076,0.00001893,0.99263332,4,2018-05,2018-08
2229,31eec405c9bb71dec8e2629a92e764fa,256.89,0.72019386,0.00001890,0.99265222,3,2018-06,2018-08
2230,6f1a1263039c76e68f40a8e536b1da6a,256.39,0.72051696,0.00001886,0.99267108,3,2017-09,2018-01
2231,ebef8d8c92b4fd3226e5d407bbff21ac,253.70,0.72084006,0.00001867,0.99268975,3,2017-01,2017-03
2232,88ef59b51bdaa941d10a853429f2b6ce,252.90,0.72116317,0.00001861,0.99270836,2,2018-07,2018-08
2233,446cc09cdbb130904da114e807dbec40,252.80,0.72148627,0.00001860,0.99272696,3,2018-03,2018-06
2234,7f35f9daf223da737b78738fbae4d977,252.00,0.72180937,0.00001854,0.99274550,2,2018-06,2018-07
2235,e88c9b79e592e370d6bd852eeefbf057,251.87,0.72213247,0.00001853,0.99276403,3,2017-05,2017-07
2236,ae45ad30c2d2e5913094769690a239d2,251.80,0.72245557,0.00001853,0.99278255,1,2017-12,2017-12
2237,e88f7a2995ba184710d339c5c4bf2e30,251.60,0.72277868,0.00001851,0.99280107,2,2018-03,2018-04
2238,85ecf03781da592876b7844acc1b729f,251.00,0.72310178,0.00001847,0.99281953,2,2018-07,2018-08
2239,46ef1a25845fc051c2998d878354810c,250.41,0.72342488,0.00001842,0.99283796,4,2017-09,2018-08
2240,001e6ad469a905060d959994f1b41e4f,250.00,0.72374798,0.00001839,0.99285635,1,2018-08,2018-08
2241,8ccf3cf69651cc1d8a02c8bfaf3b8568,250.00,0.72407108,0.00001839,0.99287474,2,2017-04,2017-05
2242,b2bdc5e7940a7d7ca8c4a37953b27a42,250.00,0.72439418,0.00001839,0.99289314,1,2017-10,2017-10
2243,13d95f0f6f73943d4ceffad0fc2cd32c,249.99,0.72471729,0.00001839,0.99291153,1,2018-03,2018-03
2244,1703bc09972dab9782e7a9194943b69f,249.90,0.72504039,0.00001839,0.99292992,1,2018-07,2018-07
2245,5d505d2298ad549e4e4e835562fa0c1e,249.80,0.72536349,0.00001838,0.99294830,2,2017-03,2017-04
2246,c0f783394e37cd9c9d7f5f81141450fa,249.40,0.72568659,0.00001835,0.99296665,2,2017-11,2017-12
2247,880eda903e719a5f179f7e9fceb3a69d,249.00,0.72600969,0.00001832,0.99298497,1,2018-08,2018-08
2248,4b90495391ac0bd181a80a459df1e718,248.00,0.72633279,0.00001825,0.99300321,1,2016-10,2016-10
2249,42b6488f5b8246d9141712abd4b1b693,247.99,0.72665590,0.00001825,0.99302146,2,2018-04,2018-08
2250,ec21206b7894c503788a684a7bc822a6,247.80,0.72697900,0.00001823,0.99303969,2,2017-08,2017-11
2251,baa49d93c8c8841e27400a300f5d74b2,246.40,0.72730210,0.00001813,0.99305782,2,2017-05,2017-06
2252,88ae906ea2acf6971f26c3e8b7cb4357,246.00,0.72762520,0.00001810,0.99307592,2,2018-04,2018-05
2253,5721089ba9214e80074f27d5a03fc0eb,245.93,0.72794830,0.00001809,0.99309401,2,2017-11,2018-01
2254,5194c22ed1f616ec0c0f33c571542879,245.60,0.72827141,0.00001807,0.99311208,3,2018-06,2018-08
2255,28405831a29823802aa22c084cfd0649,245.00,0.72859451,0.00001803,0.99313011,3,2018-06,2018-08
2256,c3fe93ba3085f92855c97e57f38c8c05,245.00,0.72891761,0.00001803,0.99314813,6,2017-06,2018-07
2257,d6cd01c59123df02fc226eadbadb5f89,244.90,0.72924071,0.00001802,0.99316615,2,2018-01,2018-05
2258,14f2b3587172b9db894c9bad8dab520b,244.00,0.72956381,0.00001795,0.99318410,2,2018-03,2018-07
2259,5733d806668f8712c24b9abaefbfa642,243.80,0.72988691,0.00001794,0.99320204,2,2018-01,2018-04
2260,77714512e8d4dda9c234da8e3faf16e4,243.40,0.73021002,0.00001791,0.99321995,2,2018-07,2018-08
2261,c70a353f02429c00775a46a75fb787da,242.00,0.73053312,0.00001781,0.99323775,2,2018-07,2018-08
2262,31be790e64fc99f8ff48ec2bd18a3104,241.40,0.73085622,0.00001776,0.99325552,2,2018-07,2018-08
2263,0761743cbffb25d7148189e9f1a5f03a,241.20,0.73117932,0.00001775,0.99327326,3,2017-11,2018-02
2264,85044848b1b767db2a4a58526adef4b4,240.60,0.73150242,0.00001770,0.99329096,4,2018-04,2018-07
2265,5e9f5bd34e0830569f05c9d4f56e04a8,239.98,0.73182553,0.00001766,0.99330862,1,2018-07,2018-07
2266,422be4cc81a457fdb46f47edeb968ae5,239.90,0.73214863,0.00001765,0.99332627,1,2017-01,2017-01
2267,2d9e8987a2ea5cf88dce330249043ff1,239.80,0.73247173,0.00001764,0.99334391,1,2018-08,2018-08
2268,70f7e8018e3d46c748c92f026aa2585a,239.80,0.73279483,0.00001764,0.99336156,1,2018-08,2018-08
2269,ec8463980a4e0ea9f8517aea1ed0c419,239.20,0.73311793,0.00001760,0.99337916,1,2018-07,2018-07
2270,d1a5cc844736958c11b8efab9a2b4c87,237.60,0.73344103,0.00001748,0.99339664,1,2017-10,2017-10
2271,e83c76265fc54bf41eac728805e4da77,237.30,0.73376414,0.00001746,0.99341410,4,2017-02,2017-05
2272,2e0dba2da448400b1c11d7b4b22f32a4,235.87,0.73408724,0.00001735,0.99343145,4,2017-02,2017-05
2273,534a01cc6df1e034e05c32028a291fa2,235.59,0.73441034,0.00001733,0.99344878,2,2017-08,2017-10
2274,578460d8319c51dab351cd9db95eadfe,235.00,0.73473344,0.00001729,0.99346607,1,2017-08,2017-08
2275,a663d9c3797e90eac99ff60939416a56,235.00,0.73505654,0.00001729,0.99348336,1,2018-05,2018-05
2276,94b9108d4b637ba65bb4f1e53cfcf8d8,234.96,0.73537964,0.00001729,0.99350065,6,2017-09,2018-08
2277,1e47defeeadeca0e9a18fa5a9311e735,234.12,0.73570275,0.00001723,0.99351788,2,2017-06,2017-07
2278,cb32766839f443db85c82a43c4a6c19e,234.00,0.73602585,0.00001722,0.99353509,1,2017-02,2017-02
2279,d9cb0052a666de5308b32f32ad5f1b1c,231.90,0.73634895,0.00001706,0.99355216,3,2018-01,2018-05
2280,e64882b4ef12aee8d0faca4db5b681f4,230.00,0.73667205,0.00001692,0.99356908,1,2018-01,2018-01
2281,1746c1ae87ac63d530c7c943d0ac42e2,229.90,0.73699515,0.00001691,0.99358599,1,2017-12,2017-12
2282,72431a818f97fe6ab9c81eee3e297e54,229.90,0.73731826,0.00001691,0.99360291,1,2018-04,2018-04
2283,740205fedfe4e90ca6857bc77db0f2b4,229.90,0.73764136,0.00001691,0.99361982,1,2017-02,2017-02
2284,9539213aa8e023c01937bef95dc006da,229.10,0.73796446,0.00001686,0.99363668,4,2017-11,2018-03
2285,615c3462099ffa940d37b17dfda19594,229.00,0.73828756,0.00001685,0.99365353,2,2018-06,2018-07
2286,75745ef7bc7d4f3ea3380f6f5303f514,228.40,0.73861066,0.00001680,0.99367033,2,2017-03,2017-04
2287,4ce6e5f6c52515177e18c1c9361d8677,226.60,0.73893376,0.00001667,0.99368700,1,2018-07,2018-07
2288,8dfbc5ff27df12f6cef751d3b9554222,226.00,0.73925687,0.00001663,0.99370363,3,2018-05,2018-08
2289,b05b432bf68945d4d9783f9e3ca29ee8,224.80,0.73957997,0.00001654,0.99372017,1,2017-09,2017-09
2290,8a8835a43bda99fd37310ad76c457510,224.34,0.73990307,0.00001651,0.99373668,2,2018-07,2018-08
2291,94ca168e8bcb407ab85c5da308863027,224.30,0.74022617,0.00001650,0.99375318,4,2017-11,2018-08
2292,6c6e3d67f969468f3bfd33f827a31222,224.00,0.74054927,0.00001648,0.99376966,3,2018-03,2018-08
2293,81ed90f07c0bacb7594940ba2ef676aa,223.90,0.74087237,0.00001647,0.99378613,2,2017-10,2017-11
2294,0e44d110fa6a54e121cb2c095a77762f,223.32,0.74119548,0.00001643,0.99380256,5,2017-08,2018-06
2295,08ad4ac1388e4420ca531c3edfc46198,221.62,0.74151858,0.00001631,0.99381887,3,2018-06,2018-08
2296,f419677537694f0462a91990df6ca44f,220.50,0.74184168,0.00001622,0.99383509,4,2017-12,2018-03
2297,7e3dde9ffba72d5340f9aaf09b4424be,220.00,0.74216478,0.00001619,0.99385128,1,2017-08,2017-08
2298,bec568278124768c474ee90971ca94d1,219.90,0.74248788,0.00001618,0.99386746,2,2018-06,2018-07
2299,edf3fabebcc20f7463cc9c53da932ea8,219.90,0.74281099,0.00001618,0.99388364,1,2018-05,2018-05
2300,20611af7866c6068fd5ae1f9dbe15c92,219.80,0.74313409,0.00001617,0.99389981,1,2018-07,2018-07
2301,e0a3c37054ade6478d923a6efc10f308,219.80,0.74345719,0.00001617,0.99391598,1,2018-07,2018-07
2302,f8e2c1b59cd4225a3e4fd0d013a76b93,219.80,0.74378029,0.00001617,0.99393215,2,2017-09,2017-12
2303,a5dd1946fb63ada8bcaa0c9cd8f11e22,219.62,0.74410339,0.00001616,0.99394831,4,2017-09,2018-03
2304,6e2d3e2dc84fb30f6078f39dd3bddd6f,219.00,0.74442649,0.00001611,0.99396442,1,2017-10,2017-10
2305,3442f8959a84dea7ee197c632cb2df15,218.70,0.74474960,0.00001609,0.99398051,2,2017-05,2017-08
2306,751e274377499a8503fd6243ad9c56f6,218.00,0.74507270,0.00001604,0.99399655,1,2018-08,2018-08
2307,6548c2550b6e2d8f18053216e1c7b6f3,217.70,0.74539580,0.00001602,0.99401257,2,2018-06,2018-08
2308,d594982fd877af63ace38ea1fca27c76,217.04,0.74571890,0.00001597,0.99402854,3,2018-06,2018-08
2309,3d49bfdd1b43a7fe169b3740067acc61,215.00,0.74604200,0.00001582,0.99404436,3,2018-06,2018-08
2310,a4b8d97cd5d3674eeff96abc99d8ed67,214.08,0.74636511,0.00001575,0.99406011,1,2018-06,2018-06
2311,33ab10be054370c254ddfcf0a6253422,213.20,0.74668821,0.00001569,0.99407579,2,2018-06,2018-08
2312,4ea2f12dbe91deeacd2c1e74f069a6e6,210.20,0.74701131,0.00001547,0.99409126,3,2017-09,2018-04
2313,a9415cf907dfa12f9ed18693244f5329,210.00,0.74733441,0.00001545,0.99410671,1,2018-01,2018-01
2314,d9d43faf741ceaa8da52fdbb81d9e0e3,210.00,0.74765751,0.00001545,0.99412216,3,2018-04,2018-08
2315,fec6912baad85d41729669edd6b4d3b8,210.00,0.74798061,0.00001545,0.99413761,1,2018-04,2018-04
2316,661ad5fcc28cdfb8bcadb12bb2272475,209.93,0.74830372,0.00001545,0.99415306,3,2018-01,2018-07
2317,269c5fc9fcadee614364c3620c30a1f9,209.60,0.74862682,0.00001542,0.99416848,2,2018-07,2018-08
2318,3fadb4cba4c35bce6a7eaf9872d5623a,209.50,0.74894992,0.00001541,0.99418389,2,2017-04,2017-05
2319,929f342384a6607afe143d789ade1316,209.40,0.74927302,0.00001541,0.99419930,3,2018-06,2018-08
2320,3fefda3299e6dfaea3466ef346a3571a,209.00,0.74959612,0.00001538,0.99421468,1,2017-08,2017-08
2321,10cdd491d1dbea8fb4ead97b19c334ce,208.90,0.74991922,0.00001537,0.99423005,2,2018-06,2018-07
2322,1de62b6f2fd96227629786db492433db,208.80,0.75024233,0.00001536,0.99424541,2,2018-06,2018-08
2323,ad8b531ae67582f096925cff5630d0d1,208.35,0.75056543,0.00001533,0.99426074,3,2017-04,2017-11
2324,353e21e8bf8de2722b4fae1636664b76,208.00,0.75088853,0.00001530,0.99427604,4,2018-02,2018-06
2325,5a9c0859cb00fd8aa4db443837f0a700,208.00,0.75121163,0.00001530,0.99429134,1,2018-07,2018-07
2326,90b36c5aeb728d5504a39f435bef0c5f,207.86,0.75153473,0.00001529,0.99430664,2,2018-07,2018-08
2327,90b57083da5d803237da74daec6dcb2b,206.90,0.75185784,0.00001522,0.99432186,2,2018-01,2018-04
2328,762fafdaa57a532ee0119731697579dd,206.70,0.75218094,0.00001521,0.99433707,3,2018-06,2018-08
2329,3bfad056cf05c00dabe2f895925d83b1,206.65,0.75250404,0.00001520,0.99435227,1,2017-12,2017-12
2330,e5d4b2b0c3bca22085f7a19a28de0c42,205.80,0.75282714,0.00001514,0.99436741,3,2017-08,2017-11
2331,dd8a29ce82d5c705ba932d81494600a5,205.75,0.75315024,0.00001514,0.99438255,2,2017-05,2017-09
2332,643c01d7c56a724bec0454f4780e8a3e,205.55,0.75347334,0.00001512,0.99439768,2,2018-04,2018-05
2333,37ceb404da208418c9032f0674e57804,204.93,0.75379645,0.00001508,0.99441275,1,2018-05,2018-05
2334,efb628aa07c8ca93d7db0d85b91a4f5a,204.00,0.75411955,0.00001501,0.99442776,1,2017-11,2017-11
2335,e819bcfade7b5d88a27325eb6cfd62c5,202.90,0.75444265,0.00001493,0.99444269,2,2018-07,2018-08
2336,f26d70155c2b6326fcfa1780c8c684e4,202.89,0.75476575,0.00001493,0.99445762,1,2017-06,2017-06
2337,bcc9dd23e2a8bd8267cf92b19304a1b9,202.79,0.75508885,0.00001492,0.99447254,2,2018-01,2018-02
2338,19484c79cef6c062cb177aa4ef2fcc3c,201.90,0.75541195,0.00001485,0.99448739,1,2018-08,2018-08
2339,28c7d8743fbc8679f484868cc0fcaefb,201.50,0.75573506,0.00001483,0.99450222,3,2018-05,2018-08
2340,72146da5774cabf2632faedcae097a76,200.94,0.75605816,0.00001478,0.99451700,4,2018-02,2018-05
2341,c990d6cf976a5718aaedc539f383ab88,200.90,0.75638126,0.00001478,0.99453178,3,2017-10,2018-01
2342,3f84fefc07dc159b268d4a77d3e8c425,200.60,0.75670436,0.00001476,0.99454654,2,2018-05,2018-06
2343,5db42a6cd9bf1bf0d3aab9582767f168,200.00,0.75702746,0.00001471,0.99456126,1,2018-05,2018-05
2344,3289d8c3eef4873f91ce0b1343c0dd58,199.99,0.75735057,0.00001471,0.99457597,1,2018-05,2018-05
2345,dbc51f5e45d654ecc16cb68e6817ecea,199.99,0.75767367,0.00001471,0.99459069,1,2017-02,2017-02
2346,dda37071807e404c5bb2a1590c66326f,199.99,0.75799677,0.00001471,0.99460540,1,2018-04,2018-04
2347,3fe7120d6257285ac6a3ce7cb071ccec,199.98,0.75831987,0.00001471,0.99462011,1,2018-01,2018-01
2348,651530bf5c607240ccdd89a30c9c9712,199.90,0.75864297,0.00001471,0.99463482,1,2018-08,2018-08
2349,e59e575a175fadcadf8479e191770425,199.90,0.75896607,0.00001471,0.99464953,1,2018-06,2018-06
2350,2a50b7ee5aebecc6fd0ff9784a4747d6,199.80,0.75928918,0.00001470,0.99466423,1,2017-11,2017-11
2351,2cb4700db635baa1c0d4f90ed27b6669,199.80,0.75961228,0.00001470,0.99467893,1,2017-03,2017-03
2352,4f0d637c1197fd65405ebd755ac9f86b,199.80,0.75993538,0.00001470,0.99469363,2,2018-05,2018-06
2353,ec5c1d94df153d473b37f880977ae58e,199.67,0.76025848,0.00001469,0.99470832,2,2018-05,2018-06
2354,4e2627090e6e5b9fabba883a37897683,199.50,0.76058158,0.00001468,0.99472300,2,2018-01,2018-02
2355,8060d731897e33b5c5ae575ce1e209e1,199.50,0.76090468,0.00001468,0.99473768,2,2018-05,2018-07
2356,4450bd8327d471c4a11a83d1445b1b62,199.00,0.76122779,0.00001464,0.99475232,1,2017-04,2017-04
2357,4ce8b55b4bfa4659184e7becc1fba3f2,199.00,0.76155089,0.00001464,0.99476696,1,2018-04,2018-04
2358,52f6f9f13ba19504c02781132a049e75,199.00,0.76187399,0.00001464,0.99478160,1,2017-03,2017-03
2359,e1bed63d68ac36fe1f3061befe196af5,199.00,0.76219709,0.00001464,0.99479624,1,2017-01,2017-01
2360,e9874ae10b2d60d43917b6bbfa13a599,199.00,0.76252019,0.00001464,0.99481088,1,2018-04,2018-04
2361,3d290fe363c60a77498c1126fd3fb8d3,198.98,0.76284330,0.00001464,0.99482552,3,2017-03,2017-06
2362,e503f22be6a4f456d9851920a5d9c670,198.90,0.76316640,0.00001463,0.99484016,2,2018-07,2018-08
2363,586a871d4f1221763fddb6ceefdeb95e,198.00,0.76348950,0.00001457,0.99485472,1,2017-01,2017-01
2364,b57e8460909fa137df7951b4a3b5ea84,198.00,0.76381260,0.00001457,0.99486929,1,2017-03,2017-03
2365,d8dd176509baa37f359644d082bf7f7b,198.00,0.76413570,0.00001457,0.99488386,1,2017-11,2017-11
2366,6f835fd4be26989b1b064399da346143,197.80,0.76445880,0.00001455,0.99489841,2,2018-05,2018-06
2367,9da15f4a4ea758d9eeb49000dbe57e22,196.90,0.76478191,0.00001449,0.99491290,1,2018-07,2018-07
2368,fe8055980a4ff7f64ed889c2b5926929,196.70,0.76510501,0.00001447,0.99492737,2,2018-06,2018-07
2369,809413606dbfe5deefd2db646693ef67,196.68,0.76542811,0.00001447,0.99494184,3,2017-11,2018-05
2370,8def3db7f272735afb2ecd03aeca09a7,196.00,0.76575121,0.00001442,0.99495626,2,2018-07,2018-08
2371,0f7eea709efdf942b5f95c7516dbacd7,195.74,0.76607431,0.00001440,0.99497066,2,2018-04,2018-05
2372,f356c348fbc8df6a882823e21f5ce8b7,195.18,0.76639742,0.00001436,0.99498503,1,2018-08,2018-08
2373,9c54608f0996c32ae4743089d915f845,194.80,0.76672052,0.00001433,0.99499936,2,2018-06,2018-07
2374,b5f49fe968dff6b112861e6cd8e192ef,194.70,0.76704362,0.00001432,0.99501368,1,2018-01,2018-01
2375,7d948535954aaf8c5d39db007f74372e,194.00,0.76736672,0.00001427,0.99502796,4,2017-07,2018-04
2376,f626e15b7314c267e4429010866f70e9,193.55,0.76768982,0.00001424,0.99504220,4,2018-02,2018-07
2377,05e107217c7266362fd44b75b2cd4cc4,193.38,0.76801292,0.00001423,0.99505642,2,2018-06,2018-08
2378,747c1cdcd1737dcfbd1547f6eb6f2cf3,193.10,0.76833603,0.00001421,0.99507063,2,2017-09,2018-01
2379,4d9fea3499bdc22aa4da4e339365f215,192.54,0.76865913,0.00001417,0.99508480,2,2018-02,2018-07
2380,78ba5933c21686d1c2f64669c8c459e7,191.80,0.76898223,0.00001411,0.99509891,2,2017-03,2017-05
2381,f5403d3f50089112c4eed37928b7f622,190.80,0.76930533,0.00001404,0.99511295,1,2017-02,2017-02
2382,f307937c1bb287c3efc2a514b94b0d1d,189.99,0.76962843,0.00001398,0.99512693,1,2017-06,2017-06
2383,778323240ce2830d68aab11794e00bfb,189.98,0.76995153,0.00001398,0.99514090,2,2018-06,2018-07
2384,43a1d4bab73b816e44ef4e4facd9f9b5,189.90,0.77027464,0.00001397,0.99515488,1,2017-02,2017-02
2385,7cf4ea70955b00d6b3c22542598e2715,189.90,0.77059774,0.00001397,0.99516885,1,2018-07,2018-07
2386,119c7f1a00ef43fad0e57604e76a747c,189.80,0.77092084,0.00001396,0.99518281,2,2017-10,2018-02
2387,213fafb0ca06fb3d5886579c2565791b,189.70,0.77124394,0.00001396,0.99519677,2,2018-06,2018-08
2388,686886775c8f6b1191c7b953fb52708c,189.00,0.77156704,0.00001391,0.99521067,1,2018-06,2018-06
2389,b00af24704019bd2e1b335e70ad11f7c,189.00,0.77189015,0.00001391,0.99522458,1,2018-06,2018-06
2390,e0482f2c769468c3bbcd8a01e09d98c5,189.00,0.77221325,0.00001391,0.99523849,1,2018-08,2018-08
2391,c360e4787614ed31ac7a2f95d3b22dc6,188.90,0.77253635,0.00001390,0.99525238,1,2018-06,2018-06
2392,c0aff2da32c17759d30b22fb0af6649d,188.80,0.77285945,0.00001389,0.99526627,2,2018-06,2018-08
2393,4c1c7281388a33dd06daac44f9fadbd1,188.32,0.77318255,0.00001386,0.99528013,2,2018-04,2018-06
2394,74c7dec0a384d8a05950e629bd23bde9,187.68,0.77350565,0.00001381,0.99529394,3,2017-07,2017-10
2395,a3b0df0065e264a91b7bbf5f844af5cd,186.69,0.77382876,0.00001374,0.99530767,1,2017-09,2017-09
2396,3a79f35a2344ede41af21267f61d5ec6,186.00,0.77415186,0.00001368,0.99532136,1,2017-11,2017-11
2397,c32fc744b9160ac853450488e3cfea93,185.70,0.77447496,0.00001366,0.99533502,3,2018-03,2018-06
2398,eec3469d83e142f9a104886655338c37,185.70,0.77479806,0.00001366,0.99534868,4,2017-02,2018-08
2399,f9eda05b67bef472deaddbba84aca289,185.00,0.77512116,0.00001361,0.99536230,1,2018-06,2018-06
2400,9e7c5f4d7770eab65738cca38f9efccf,184.80,0.77544426,0.00001360,0.99537589,2,2018-06,2018-08
2401,2075d8cd4dd63ff12df0749a5866bb06,184.70,0.77576737,0.00001359,0.99538948,1,2018-08,2018-08
2402,7d484ca289afaac6bf5fc6a1e96d2226,183.20,0.77609047,0.00001348,0.99540296,1,2018-08,2018-08
2403,1c56ffe0e9dea2657fc6e95b53f40b13,183.00,0.77641357,0.00001346,0.99541642,2,2018-07,2018-08
2404,23ca5f678e0b3ea6c630b30fa8bf51ea,183.00,0.77673667,0.00001346,0.99542989,3,2017-03,2017-05
2405,3dfd3dc96f7f8598eca74e9ac8a2fa31,183.00,0.77705977,0.00001346,0.99544335,4,2017-11,2018-06
2406,478bfe564db21eeb44386606aa30b650,182.70,0.77738288,0.00001344,0.99545680,2,2017-10,2017-12
2407,5659d77e8d90378e39b960ad5956f64e,182.48,0.77770598,0.00001343,0.99547022,2,2017-09,2018-03
2408,31e60bf8d103ce47932a85f5562deb16,181.00,0.77802908,0.00001332,0.99548354,1,2018-07,2018-07
2409,8ca5b19e0263150d2c57afdde2b3d011,180.60,0.77835218,0.00001329,0.99549683,2,2017-10,2017-11
2410,7ad41305e96a6cab8294cd65891e9a86,180.00,0.77867528,0.00001324,0.99551007,1,2018-06,2018-06
2411,88cd3681e0a2ba85e190f7d817629c4c,180.00,0.77899838,0.00001324,0.99552331,1,2018-08,2018-08
2412,94165aea8a35c3c21499cbcae239b16c,180.00,0.77932149,0.00001324,0.99553656,1,2018-06,2018-06
2413,964ff64dc05b13811c6d0f41e0aa5f6b,180.00,0.77964459,0.00001324,0.99554980,1,2018-07,2018-07
2414,9c57bc60cfad5ee62d35d3f1ce4593a1,180.00,0.77996769,0.00001324,0.99556304,1,2017-04,2017-04
2415,9dd459b29a14bf89d47183cf2cd0e4c7,180.00,0.78029079,0.00001324,0.99557629,2,2018-01,2018-08
2416,05ca864204d09595ae591b93ea9cf93d,179.90,0.78061389,0.00001324,0.99558952,1,2018-08,2018-08
2417,50bf89f1349bc0409a268c3a49678009,179.90,0.78093700,0.00001324,0.99560276,1,2018-07,2018-07
2418,7f5e4d5efad7e44b91115dd1decb65f3,179.90,0.78126010,0.00001324,0.99561599,2,2018-05,2018-07
2419,762ed976527cddf02787edba70fffa2a,179.80,0.78158320,0.00001323,0.99562922,2,2017-11,2017-12
2420,2235cf78d3e2073a88146a9cb60f0dd0,178.99,0.78190630,0.00001317,0.99564239,1,2017-11,2017-11
2421,880ce4951cf857ab1d9e0b75c1d856f4,178.90,0.78222940,0.00001316,0.99565555,1,2018-02,2018-02
2422,f3975e8a41157005d4bcbb358678cd9b,178.80,0.78255250,0.00001316,0.99566871,2,2018-04,2018-08
2423,57fe6232e67823593374a2281d7a8af8,178.68,0.78287561,0.00001315,0.99568186,5,2017-03,2017-12
2424,19e0f40a907ec568c34bfac15de4f4a1,178.00,0.78319871,0.00001310,0.99569495,4,2017-01,2017-10
2425,2d2322d842118867781fc737e96d59a1,176.40,0.78352181,0.00001298,0.99570793,3,2018-06,2018-08
2426,a0a14e50070f3225b3eabba5b85da517,176.20,0.78384491,0.00001296,0.99572090,2,2018-07,2018-08
2427,c353f8fc0ce8344999f17d578eb69a5e,175.98,0.78416801,0.00001295,0.99573384,2,2017-01,2017-02
2428,485452467ff670447e84a8370c3fc898,175.70,0.78449111,0.00001293,0.99574677,2,2018-02,2018-03
2429,4dc2e811a1760953cb7c6a590b498943,175.00,0.78481422,0.00001288,0.99575965,1,2018-08,2018-08
2430,b906dd0e57f282c7089171b6ed07982e,175.00,0.78513732,0.00001288,0.99577252,2,2018-04,2018-06
2431,f92d8c817434bd2d84d4e9c61322b7fa,174.84,0.78546042,0.00001286,0.99578538,5,2018-01,2018-07
2432,23ff42c4bf1f8f16cddb19d8b972974a,174.70,0.78578352,0.00001285,0.99579824,2,2017-09,2017-11
2433,dd9661d3cda1e6feb237f0c4d8b26f2e,174.00,0.78610662,0.00001280,0.99581104,1,2017-10,2017-10
2434,0692610d8abe24f287e9fae90ea0bbee,173.99,0.78642973,0.00001280,0.99582384,3,2018-06,2018-08
2435,99a25c39b28a74d1151c35c18d178292,173.94,0.78675283,0.00001280,0.99583664,1,2018-06,2018-06
2436,aae5953b9edddf14749c0d65d60eb4b9,173.00,0.78707593,0.00001273,0.99584937,2,2017-09,2017-10
2437,ccada0ef508e698917a6eab263375905,172.80,0.78739903,0.00001271,0.99586208,3,2017-07,2017-10
2438,1e483cc5c76fef08d3ca05f9a8af7d01,171.99,0.78772213,0.00001265,0.99587474,4,2017-02,2017-05
2439,50770d25768b0486d89be26afca3108f,171.77,0.78804523,0.00001264,0.99588737,4,2017-12,2018-07
2440,cd52a8efd71af3336b14b5039b951cc1,170.80,0.78836834,0.00001257,0.99589994,2,2017-09,2017-11
2441,3ea08c48e851106d2f584349daba335f,170.00,0.78869144,0.00001251,0.99591245,1,2018-06,2018-06
2442,e1643dff33666ca629e3644c02738179,170.00,0.78901454,0.00001251,0.99592495,1,2018-05,2018-05
2443,5444b12c82f21c923f2639ebc722c1ea,169.90,0.78933764,0.00001250,0.99593746,1,2017-04,2017-04
2444,6e85dc5ecd97a61094b89b046a509d8e,169.90,0.78966074,0.00001250,0.99594996,1,2017-05,2017-05
2445,695051e2981c8b19e77cafe450d5bdf3,169.76,0.78998384,0.00001249,0.99596245,1,2017-12,2017-12
2446,b01c2b7b8599b325103ebcddc67413e1,169.45,0.79030695,0.00001247,0.99597491,2,2018-07,2018-08
2447,4bc3d93e4a5f88a598d3d8ce4ae510b3,169.00,0.79063005,0.00001243,0.99598735,1,2018-07,2018-07
2448,d9c349beabc06aa6ff1c6d68b5e9e22e,168.10,0.79095315,0.00001237,0.99599971,1,2018-04,2018-04
2449,c7c7b2682c648339a0e9846bb1023a39,168.00,0.79127625,0.00001236,0.99601208,2,2017-10,2017-12
2450,51a04a8a6bdcb23deccc82b0b80742cf,167.99,0.79159935,0.00001236,0.99602444,1,2017-11,2017-11
2451,7178e1eaa97257d8b6d4b80efd77a025,167.90,0.79192246,0.00001235,0.99603679,1,2017-09,2017-09
2452,89d9a386b0b6e5fc8403071b03f7206a,167.00,0.79224556,0.00001229,0.99604908,1,2018-02,2018-02
2453,1d1bbb8ac1581824986f582583fff01d,166.88,0.79256866,0.00001228,0.99606135,2,2018-04,2018-08
2454,1cbdc7cf130a41fd13a3c2a7d2fcfda7,165.80,0.79289176,0.00001220,0.99607355,2,2018-05,2018-07
2455,2ea0861cc19e94cad86438c984c52da4,165.60,0.79321486,0.00001218,0.99608574,3,2018-05,2018-07
2456,33d677f27a69b84051204ee4ae76eaca,165.00,0.79353796,0.00001214,0.99609788,4,2018-03,2018-07
2457,ace601496e211a664100321f038f50af,165.00,0.79386107,0.00001214,0.99611002,1,2017-02,2017-02
2458,bd4ff04377f974574f7f0bf9d6ce7dde,164.96,0.79418417,0.00001214,0.99612215,2,2016-10,2017-02
2459,e45edf75f568ed2f93f78d060e246e25,164.30,0.79450727,0.00001209,0.99613424,2,2018-06,2018-07
2460,fc5a0d7a310a7a41abf86a458585ff2b,162.80,0.79483037,0.00001198,0.99614622,2,2017-06,2018-05
2461,98e164d549402270247f3c96a1a158ef,162.70,0.79515347,0.00001197,0.99615819,2,2017-06,2017-08
2462,fa5fdc4e4bb6bd1009ad0e4ac4096562,161.99,0.79547658,0.00001192,0.99617011,1,2016-10,2016-10
2463,bff9deb0ec77d437f3305a79cf25529e,161.95,0.79579968,0.00001192,0.99618202,3,2018-06,2018-08
2464,87f3e35268860433e13d577825aada95,161.70,0.79612278,0.00001190,0.99619392,3,2016-10,2017-06
2465,3442033154be05bac582e173ef54fd12,161.00,0.79644588,0.00001185,0.99620577,1,2018-08,2018-08
2466,d3e7d37c0df9aef383f3f2a15b0dddfb,161.00,0.79676898,0.00001185,0.99621761,1,2018-07,2018-07
2467,fc6295add6f51a0936407ead70c1001d,160.00,0.79709208,0.00001177,0.99622938,1,2017-11,2017-11
2468,533d46c1b06970e99f09523a61df4972,159.98,0.79741519,0.00001177,0.99624115,1,2018-02,2018-02
2469,aa2640d851ec322526f1295bbeb20092,159.98,0.79773829,0.00001177,0.99625292,1,2018-05,2018-05
2470,2039c5e51785b5dde7cf93ccb3b7be2c,159.90,0.79806139,0.00001176,0.99626469,1,2018-07,2018-07
2471,913fd0ebba70bb919f7254a02239173c,159.90,0.79838449,0.00001176,0.99627645,1,2018-07,2018-07
2472,fc0b214b59a83615fea981c6424a02ae,159.90,0.79870759,0.00001176,0.99628822,1,2018-08,2018-08
2473,2ec6e37d992a95eaddb3369dcbcc76d9,159.80,0.79903069,0.00001176,0.99629998,2,2017-08,2017-10
2474,4bde6149c15cf7e177b36fa060dd6de8,159.80,0.79935380,0.00001176,0.99631173,1,2016-10,2016-10
2475,6902157ee16728322d61a1321fa79e58,159.80,0.79967690,0.00001176,0.99632349,2,2017-09,2017-10
2476,99cd94252748d2bdde08e17858233602,159.80,0.80000000,0.00001176,0.99633525,1,2018-06,2018-06
2477,b7e1750c1157341d2abd0251e07c186b,159.60,0.80032310,0.00001174,0.99634699,3,2017-02,2017-04
2478,0ade5cc4a305ed7093a23f68ca47519c,158.88,0.80064620,0.00001169,0.99635868,2,2017-11,2018-01
2479,954e95f20808d7e5d11f0de292d078e0,158.78,0.80096931,0.00001168,0.99637036,2,2017-09,2017-11
2480,c04d70d515d15a7e3db3a73320598566,158.20,0.80129241,0.00001164,0.99638200,3,2017-05,2017-11
2481,98dddbc4601dd4443ca174359b237166,158.00,0.80161551,0.00001162,0.99639363,1,2018-07,2018-07
2482,ce3ad9de960102d0677a81f5d0bb7b2d,158.00,0.80193861,0.00001162,0.99640525,1,2018-07,2018-07
2483,f1ce5fdecd64935c28b9ff932751d0dc,158.00,0.80226171,0.00001162,0.99641687,2,2017-03,2017-06
2484,902c99f1ac505c0d18778b61bcd636f7,157.96,0.80258481,0.00001162,0.99642850,2,2018-07,2018-08
2485,d2df77822373f19934e87694d8640767,155.90,0.80290792,0.00001147,0.99643997,1,2018-04,2018-04
2486,dde698c6d0bd24834c586e5111c2bba7,155.90,0.80323102,0.00001147,0.99645144,1,2018-07,2018-07
2487,a4e634166243bbb3a13fa584463fa468,155.55,0.80355412,0.00001144,0.99646288,2,2018-02,2018-04
2488,b9de031b671cd48b28fae9d828cbf2b4,155.32,0.80387722,0.00001143,0.99647431,1,2018-07,2018-07
2489,3c88ed2e76a2247933a15daa7161eb1c,155.00,0.80420032,0.00001140,0.99648571,1,2018-02,2018-02
2490,61f159ef6da2d441951d2c0efa719362,154.97,0.80452342,0.00001140,0.99649712,2,2016-10,2017-01
2491,4dab98ca6cd6d3df586203cefd28a042,154.90,0.80484653,0.00001140,0.99650851,1,2018-03,2018-03
2492,f664f98bfda2eaf266a23ff144e7a872,153.99,0.80516963,0.00001133,0.99651984,2,2017-07,2017-11
2493,0b09101900100c0e9d312861fad5a1b9,153.75,0.80549273,0.00001131,0.99653115,1,2017-01,2017-01
2494,6601ee6383e7f452be71929f8de48bbb,153.60,0.80581583,0.00001130,0.99654245,2,2017-10,2017-11
2495,d26aa40b90272d4843d63be7c1462c8d,152.90,0.80613893,0.00001125,0.99655370,2,2018-07,2018-08
2496,78813699ffac347fe27dba345a5f1551,152.42,0.80646204,0.00001121,0.99656492,1,2018-06,2018-06
2497,4ddeb3e828550cddc8d45c8bc36ab2d1,152.00,0.80678514,0.00001118,0.99657610,1,2017-03,2017-03
2498,56f413900b5166ab4d730e9ac0b12cb0,151.79,0.80710824,0.00001117,0.99658727,2,2017-06,2017-07
2499,bd0a1b0aadca9a83d9304f7e8ff5fbd5,150.60,0.80743134,0.00001108,0.99659835,1,2018-07,2018-07
2500,2d34636518ba88f5349b732fcf8ba2e4,150.00,0.80775444,0.00001104,0.99660939,1,2018-04,2018-04
2501,4867209cb29b56b92893d7bde3ce8012,150.00,0.80807754,0.00001104,0.99662042,1,2018-06,2018-06
2502,578fa3a9cb6b6dceab39231ad59cdaca,150.00,0.80840065,0.00001104,0.99663146,3,2017-09,2018-04
2503,c398bc00a606d33758afd91f4e64fd15,150.00,0.80872375,0.00001104,0.99664250,2,2018-05,2018-06
2504,1e47d8b6546eb3a77b1acddcc9406242,149.90,0.80904685,0.00001103,0.99665352,1,2017-05,2017-05
2505,49f8d2ea7b718d0ce587d34207caf2b4,149.90,0.80936995,0.00001103,0.99666455,1,2018-08,2018-08
2506,f266295f49a28eee21f413e0cbb0521d,149.80,0.80969305,0.00001102,0.99667557,1,2017-11,2017-11
2507,6ba4733aa33f6386e9fb0c0fd3993b38,149.79,0.81001616,0.00001102,0.99668660,3,2018-04,2018-08
2508,3d700782d7818f2c1e0d7a9e9d75fc00,149.70,0.81033926,0.00001101,0.99669761,3,2017-04,2017-07
2509,63272377184e969942f7fff221be858d,149.70,0.81066236,0.00001101,0.99670862,1,2017-05,2017-05
2510,7a188843479798ca813108fa7b959286,149.70,0.81098546,0.00001101,0.99671964,1,2017-11,2017-11
2511,d8b8f2cf9ff6ba0389072541cb42498c,149.00,0.81130856,0.00001096,0.99673060,1,2018-05,2018-05
2512,e00d85ce20ea50c1224c66ca5050527d,149.00,0.81163166,0.00001096,0.99674156,1,2017-07,2017-07
2513,37303482a42fb700d8d127e70a9cd6c8,148.89,0.81195477,0.00001095,0.99675252,1,2017-12,2017-12
2514,f35becee938e982bd615edf8ef12bcfb,148.59,0.81227787,0.00001093,0.99676345,4,2017-03,2017-08
2515,8fbe2ee446b97e128471be4ce983dc0d,148.50,0.81260097,0.00001093,0.99677438,3,2018-06,2018-08
2516,538caafddff204241cecbf3a02e6b3cf,148.30,0.81292407,0.00001091,0.99678529,6,2017-05,2018-07
2517,ca7c6bd577e559472af1c699de9e764e,148.00,0.81324717,0.00001089,0.99679618,2,2018-03,2018-04
2518,7d7866a99a8656a42c7ff6352a433410,147.89,0.81357027,0.00001088,0.99680706,2,2018-07,2018-08
2519,2a7c6c0b0d5efde2bf75ec1e1cec2d41,147.60,0.81389338,0.00001086,0.99681792,2,2017-11,2017-12
2520,9523fb39dd240aa958e040f8183d64f3,146.99,0.81421648,0.00001081,0.99682873,1,2018-08,2018-08
2521,0b3f27369a4d8df98f7eb91077e438ac,146.51,0.81453958,0.00001078,0.99683951,1,2017-11,2017-11
2522,782f78b632a43875dd5b53e3e49c9564,146.01,0.81486268,0.00001074,0.99685025,2,2017-06,2017-08
2523,4bcec44888b30ba9001234c534716d3f,146.00,0.81518578,0.00001074,0.99686099,5,2018-01,2018-07
2524,398cb257329ef7af7f1943a8974a3cbc,145.90,0.81550889,0.00001073,0.99687173,1,2018-07,2018-07
2525,8e34331b7eedd03be4e5d965c1956225,145.00,0.81583199,0.00001067,0.99688240,3,2018-01,2018-07
2526,f3041c2e75ec683697a6a5ea82192210,145.00,0.81615509,0.00001067,0.99689307,1,2017-02,2017-02
2527,0daf5180aa44356f60f8effa533b55a2,144.80,0.81647819,0.00001065,0.99690372,2,2018-07,2018-08
2528,553a440137d6e0cf776aee0bb83ac9f5,144.80,0.81680129,0.00001065,0.99691437,1,2018-05,2018-05
2529,15ac3c501e2599e4917316fde5c5669a,144.20,0.81712439,0.00001061,0.99692498,1,2017-02,2017-02
2530,4a82c4af97ffc0fb2dc26bfdc03b1842,143.70,0.81744750,0.00001057,0.99693556,3,2017-05,2017-08
2531,c8143b3069f6746a77421b5ce30a450c,142.47,0.81777060,0.00001048,0.99694604,1,2017-07,2017-07
2532,2f9b7ce230a057a98a9f5df5893ee36c,141.82,0.81809370,0.00001043,0.99695647,2,2017-05,2017-06
2533,d3891911c2feae53c52fea2bd14054e5,141.00,0.81841680,0.00001037,0.99696685,1,2018-06,2018-06
2534,0e72c1a751b496722a6cb1f10653b62a,140.80,0.81873990,0.00001036,0.99697721,3,2018-05,2018-07
2535,50a7e551a7b3f8d37cd6e32d8bfbe5ea,140.00,0.81906300,0.00001030,0.99698751,1,2018-07,2018-07
2536,a89e143d5211473ae18db9577ee34b64,140.00,0.81938611,0.00001030,0.99699781,2,2017-06,2017-10
2537,52a50b42accf164f9f019941e5759d9b,139.96,0.81970921,0.00001030,0.99700810,1,2018-08,2018-08
2538,19d62d484cba71963c93f0f00ab42013,139.90,0.82003231,0.00001029,0.99701840,1,2018-04,2018-04
2539,3f8247d0f772ffa58560e5c682521ad5,139.90,0.82035541,0.00001029,0.99702869,1,2017-06,2017-06
2540,d8bf0fc082fd4a77fc2e5679b6c00133,139.90,0.82067851,0.00001029,0.99703898,1,2018-07,2018-07
2541,fa8d335d68129e464e60c1826a683e96,139.90,0.82100162,0.00001029,0.99704928,1,2017-10,2017-10
2542,e8ff5a6ceb895583033fc2a0f314e3c2,139.89,0.82132472,0.00001029,0.99705957,1,2018-08,2018-08
2543,1b0b0f4f95e962d6f32fe90c759d0479,139.80,0.82164782,0.00001029,0.99706985,2,2017-12,2018-08
2544,59bbc819b99a733f02f0d6b49d1c253d,139.80,0.82197092,0.00001029,0.99708014,2,2018-05,2018-06
2545,a154d7316f158bb42e6fa18bbe3afd3a,139.80,0.82229402,0.00001029,0.99709043,1,2017-03,2017-03
2546,6a53b90c3ad9e0b56d9fe5c69165fff5,139.78,0.82261712,0.00001028,0.99710071,2,2018-05,2018-08
2547,657969cca82e884d272385ec0ef06edd,139.70,0.82294023,0.00001028,0.99711099,3,2018-05,2018-07
2548,63b9ae557efed31d1f7687917d248a8d,139.50,0.82326333,0.00001026,0.99712125,3,2016-10,2017-02
2549,818d28f936e791926d33bcb6ee94ef79,139.50,0.82358643,0.00001026,0.99713152,3,2017-02,2017-05
2550,26e2e5033827d2ba53929f43e03d8ffe,139.49,0.82390953,0.00001026,0.99714178,1,2018-08,2018-08
2551,4a5b36211b1f51bf7eaa5c10a57fa483,139.19,0.82423263,0.00001024,0.99715202,1,2018-08,2018-08
2552,57a834594e1e9e9219603bfec184eadc,139.00,0.82455574,0.00001023,0.99716225,1,2018-06,2018-06
2553,5a9b3bcab695173c820e53934574ae80,139.00,0.82487884,0.00001023,0.99717247,1,2018-07,2018-07
2554,712efd3b68f9686dc856b84abd0f21ae,139.00,0.82520194,0.00001023,0.99718270,1,2018-07,2018-07
2555,c747d5b92c7648417faea95d36d763e8,139.00,0.82552504,0.00001023,0.99719293,1,2017-11,2017-11
2556,f114dca2828bf718548db175ebe2cfcd,139.00,0.82584814,0.00001023,0.99720315,1,2018-01,2018-01
2557,f049a72cf58fd31b11f8919cade515e7,138.75,0.82617124,0.00001021,0.99721336,2,2018-07,2018-08
2558,96f7c797de9ca20efbe14545bed63eec,138.60,0.82649435,0.00001020,0.99722356,1,2018-04,2018-04
2559,717b78b0950b51ed00b1471d858b0edc,138.60,0.82681745,0.00001020,0.99723376,4,2018-01,2018-07
2560,8cb7c5ddf41f4d506eba76e9a4702a25,138.00,0.82714055,0.00001015,0.99724391,2,2018-02,2018-04
2561,044668ccd5316b12a7cf0d54a156e3e9,137.80,0.82746365,0.00001014,0.99725405,1,2018-08,2018-08
2562,0b64bcdb0784abc139af04077d49a20e,137.60,0.82778675,0.00001012,0.99726417,4,2018-04,2018-07
2563,ea846a0e7ad98a741783e886d89dfa44,137.00,0.82810985,0.00001008,0.99727425,1,2018-08,2018-08
2564,db6a4d4b5f1f5f98820ce6ce2619e2de,135.99,0.82843296,0.00001001,0.99728426,1,2018-01,2018-01
2565,377bc18334c78dd2f1535ef22a3ad225,135.98,0.82875606,0.00001000,0.99729426,1,2018-08,2018-08
2566,dd39ad39b5d3df33037e141c72497ba6,135.80,0.82907916,0.00000999,0.99730425,2,2017-05,2017-06
2567,e3e290b38963293022cdcd6db8328103,135.70,0.82940226,0.00000998,0.99731424,2,2017-11,2017-12
2568,59de1d4c8c057c2a53acd4ca66531af2,135.00,0.82972536,0.00000993,0.99732417,1,2017-11,2017-11
2569,7c4adcc13272c0e26fa23aac642adb7b,135.00,0.83004847,0.00000993,0.99733410,2,2018-01,2018-02
2570,83c8aafbefb034674a70de0eac5b8954,134.90,0.83037157,0.00000993,0.99734403,2,2018-03,2018-07
2571,5def4c3732941a971cba8fdee992ede1,134.80,0.83069467,0.00000992,0.99735395,1,2018-08,2018-08
2572,c5e60e39c0f42b8e827daa13cff74afa,134.00,0.83101777,0.00000986,0.99736381,1,2018-08,2018-08
2573,8e4f041ff58e7845456d3482524014b3,133.80,0.83134087,0.00000984,0.99737365,2,2018-02,2018-03
2574,062c325cd6a2b87845fab56b4ec2eeae,133.22,0.83166397,0.00000980,0.99738345,2,2018-05,2018-08
2575,c87abc38c8ed3240861729e1aeadf221,133.00,0.83198708,0.00000979,0.99739324,1,2017-12,2017-12
2576,7adbd3210a7b3cc2235e225eef33574d,131.90,0.83231018,0.00000970,0.99740294,2,2018-06,2018-08
2577,fedf2c1386e137f296b3bbf3b635e69d,131.74,0.83263328,0.00000969,0.99741263,2,2018-02,2018-05
2578,a218df5c097b0ca409cfaac1488cc7f6,130.69,0.83295638,0.00000962,0.99742225,2,2018-05,2018-06
2579,939f6e231201f26803cb5c3a3d2940b3,130.60,0.83327948,0.00000961,0.99743186,1,2016-10,2016-10
2580,2f3d8b4c9e2ee165075331fea3f3095a,130.00,0.83360258,0.00000956,0.99744142,1,2017-10,2017-10
2581,60ad151920c4f6f3ebbe8cfdf6166779,130.00,0.83392569,0.00000956,0.99745099,1,2017-05,2017-05
2582,88af55b4a7ca402b27df16f7c7c9b5d2,130.00,0.83424879,0.00000956,0.99746055,1,2017-03,2017-03
2583,9fe7c6641c79970ab48185498f547c09,130.00,0.83457189,0.00000956,0.99747012,1,2017-07,2017-07
2584,dc120d932ddf9d4dfb6fd68beefda622,130.00,0.83489499,0.00000956,0.99747968,1,2018-04,2018-04
2585,0f80a40c312b2472dca482cf50f5186f,129.90,0.83521809,0.00000956,0.99748924,1,2018-08,2018-08
2586,b6f52e346160519c24a23af05410ad32,129.90,0.83554120,0.00000956,0.99749880,1,2018-04,2018-04
2587,e5def42655b7490edac5a56fe8e9e603,129.90,0.83586430,0.00000956,0.99750835,1,2017-03,2017-03
2588,44ed138eca6214d572ce1d813fb0049b,129.79,0.83618740,0.00000955,0.99751790,1,2018-08,2018-08
2589,45c20d94d9171b0bcfab3c955e47d67b,129.46,0.83651050,0.00000952,0.99752743,3,2017-05,2017-08
2590,ef728fa1f17436c91ed1ccd03dcf9631,128.70,0.83683360,0.00000947,0.99753690,2,2018-07,2018-08
2591,391bbd13b6452244774beff1824006ed,127.80,0.83715670,0.00000940,0.99754630,2,2018-02,2018-03
2592,47f55702f598c7c6cc8458b0fbc1c49a,127.50,0.83747981,0.00000938,0.99755568,2,2017-09,2017-10
2593,5bc237df65098fe211bb4818f4d26d78,126.80,0.83780291,0.00000933,0.99756501,2,2017-02,2017-09
2594,7c9130f5f3729edd32aa059141d92484,126.00,0.83812601,0.00000927,0.99757428,2,2018-06,2018-08
2595,c26ba52cf8d2f34915f2f6b7ffa0a3f3,125.96,0.83844911,0.00000927,0.99758355,3,2017-12,2018-02
2596,f9a02f1922d1de564392e656d82b3fda,125.90,0.83877221,0.00000926,0.99759281,1,2017-04,2017-04
2597,934ed5cd1b9c1c7382d0a94a94b9e639,125.85,0.83909532,0.00000926,0.99760207,1,2017-02,2017-02
2598,788f22bafdd7ab0e1e79f19db72f16a4,125.80,0.83941842,0.00000926,0.99761133,1,2018-08,2018-08
2599,9558aa23f77a9e0a0eca83540999f43b,125.70,0.83974152,0.00000925,0.99762057,1,2017-05,2017-05
2600,570d4583587a5fe2d47c7be89b91ad27,125.25,0.84006462,0.00000922,0.99762979,2,2017-06,2017-07
2601,ec2e006556300a79a5a91e4876ab3a56,125.20,0.84038772,0.00000921,0.99763900,3,2018-02,2018-08
2602,57df9869a600bd6b7c405f2a862eccfb,125.00,0.84071082,0.00000920,0.99764820,4,2018-04,2018-08
2603,c092292535a57dacd95a8765f5518f87,125.00,0.84103393,0.00000920,0.99765739,1,2018-07,2018-07
2604,ff82e8873fba613f2261a9acc896fd84,124.60,0.84135703,0.00000917,0.99766656,3,2017-12,2018-02
2605,693660429f9dc4ff704eb3d88dad54d7,124.00,0.84168013,0.00000912,0.99767569,1,2018-07,2018-07
2606,08061dc0fc165ed41288cc7acde738ee,123.80,0.84200323,0.00000911,0.99768479,4,2017-03,2017-11
2607,8d92f3ea807b89465643c219455e7369,121.20,0.84232633,0.00000892,0.99769371,2,2017-01,2017-02
2608,89757206b887aed36f3e18d858460fea,120.50,0.84264943,0.00000887,0.99770258,2,2018-05,2018-07
2609,876182d1918783bbe15233febfbd4926,120.27,0.84297254,0.00000885,0.99771143,2,2017-05,2018-02
2610,003554e2dce176b5555353e4f3555ac8,120.00,0.84329564,0.00000883,0.99772025,1,2017-12,2017-12
2611,1927cdb9fa74f5270097f6250e8e8f34,120.00,0.84361874,0.00000883,0.99772908,1,2018-08,2018-08
2612,698f5fa55a5f73d0740e9d9a773e8093,120.00,0.84394184,0.00000883,0.99773791,1,2018-06,2018-06
2613,a353b1083c9863d756d9404695016d64,120.00,0.84426494,0.00000883,0.99774674,1,2017-12,2017-12
2614,bba8d0c234a52b87b3957037a215d1a4,120.00,0.84458805,0.00000883,0.99775557,1,2018-05,2018-05
2615,bdf0d02d36a1d839d0c39c4a887cdd49,120.00,0.84491115,0.00000883,0.99776440,2,2018-01,2018-02
2616,35281d148dcf7134bae913c57db4e6da,119.99,0.84523425,0.00000883,0.99777323,1,2018-07,2018-07
2617,3903c788ded8dc03b5ebab37a2f3e9a1,119.98,0.84555735,0.00000883,0.99778205,4,2018-05,2018-08
2618,e09887ca8c7bf8a4621ce481820414ef,119.96,0.84588045,0.00000883,0.99779088,2,2017-09,2017-11
2619,07a9bc7f61396b658ddf3ac534efe44c,119.90,0.84620355,0.00000882,0.99779970,1,2017-06,2017-06
2620,674207551483fec113276b67b0d871ff,119.90,0.84652666,0.00000882,0.99780852,1,2018-07,2018-07
2621,7c4402417d51474d4d0cda9557340e40,119.90,0.84684976,0.00000882,0.99781735,1,2017-05,2017-05
2622,a150c540f572d0fb53992264bc5c10b5,119.90,0.84717286,0.00000882,0.99782617,1,2018-02,2018-02
2623,d1aa1ec0839dcab73a6161130eb1f94a,119.90,0.84749596,0.00000882,0.99783499,1,2017-04,2017-04
2624,e9b6c33b71b67737693b4cfa68341c8d,119.90,0.84781906,0.00000882,0.99784381,1,2017-08,2017-08
2625,be1e9e378700cecaa4ebf71433d7915c,119.89,0.84814216,0.00000882,0.99785263,2,2017-11,2018-01
2626,8eb88b0acb3f90a717ad659221471fa7,119.80,0.84846527,0.00000881,0.99786145,2,2017-09,2018-02
2627,910a922b426b7ff95eaee129ad6c0e1f,119.80,0.84878837,0.00000881,0.99787026,1,2018-04,2018-04
2628,bf0045791395e66460eb04749c68672a,119.80,0.84911147,0.00000881,0.99787907,2,2017-02,2017-03
2629,26e13b6ff5b641b329e5524241ee2c93,119.70,0.84943457,0.00000881,0.99788788,1,2018-08,2018-08
2630,e5bd51692380fd8cabb19b756b95e714,119.70,0.84975767,0.00000881,0.99789669,2,2017-12,2018-05
2631,a9b533a26e898b12e8b8d4c07279bf4d,119.60,0.85008078,0.00000880,0.99790549,3,2017-07,2017-12
2632,22c32ec35d0116ef02c281798a25bf8b,119.58,0.85040388,0.00000880,0.99791429,2,2018-01,2018-02
2633,36f98ad67cc981f50ce8aed093d5783c,119.40,0.85072698,0.00000878,0.99792307,2,2018-07,2018-08
2634,fc38b5dceee1a730fad8853453437fbd,119.20,0.85105008,0.00000877,0.99793184,5,2017-04,2017-12
2635,fc908879b9ca1bd65419e54e50432d38,119.20,0.85137318,0.00000877,0.99794061,3,2017-12,2018-07
2636,e82de6494d91d3c4c54450f59b227a94,118.90,0.85169628,0.00000875,0.99794936,2,2017-10,2018-03
2637,fd312b6bf05efac6c3772d5b52205d8a,118.70,0.85201939,0.00000873,0.99795809,2,2017-03,2017-06
2638,e9c2dc0dd4ac38448289be644ac94f42,118.39,0.85234249,0.00000871,0.99796680,2,2018-07,2018-08
2639,4c60877808f4318ef1107fbeb8f89afa,118.00,0.85266559,0.00000868,0.99797548,2,2017-12,2018-01
2640,aa1eb17b9fdf6dfd546e25c45c7b9235,117.99,0.85298869,0.00000868,0.99798417,3,2017-12,2018-04
2641,40ec8ab6cdafbcc4f544da38c67da39a,117.80,0.85331179,0.00000867,0.99799283,1,2018-08,2018-08
2642,b416191c9813d821a295cfabafff4161,117.80,0.85363489,0.00000867,0.99800150,2,2017-07,2017-08
2643,13dd308f81fea30cc670c656b2b46cc3,117.70,0.85395800,0.00000866,0.99801016,2,2018-07,2018-08
2644,9bade61a92bed55a25d2b67b9f4ed739,117.68,0.85428110,0.00000866,0.99801882,1,2018-03,2018-03
2645,bca9230d3bbb4efa51872bf605a2f1ad,117.57,0.85460420,0.00000865,0.99802747,2,2018-06,2018-08
2646,781a66c0d89e30814d49fe8b5e14cd07,115.00,0.85492730,0.00000846,0.99803593,1,2017-11,2017-11
2647,93bef6edaa84956e8e575016449b6351,115.00,0.85525040,0.00000846,0.99804439,1,2017-07,2017-07
2648,9bf11dfc0bec77e5a23028043c3c5a8f,115.00,0.85557351,0.00000846,0.99805285,1,2017-11,2017-11
2649,039b29ff3b3473435d0cd59040575de9,114.90,0.85589661,0.00000845,0.99806130,5,2018-04,2018-08
2650,8c351ed7c326c62123318f4f3246e906,114.90,0.85621971,0.00000845,0.99806976,2,2017-12,2018-08
2651,296729ffb9b684050dd24836dac4494a,114.00,0.85654281,0.00000839,0.99807815,2,2018-05,2018-08
2652,4c4d546adf3c3868fe19c9ec6e9ffda9,111.70,0.85686591,0.00000822,0.99808636,2,2018-06,2018-08
2653,ac1ed5fc15901fbc92920361eb4ab350,110.25,0.85718901,0.00000811,0.99809448,1,2017-06,2017-06
2654,28d162ab86bb49d719c32f0ee6186eaa,109.99,0.85751212,0.00000809,0.99810257,1,2017-09,2017-09
2655,2c9005d8043aff18b8557ffb7b13cda4,109.90,0.85783522,0.00000809,0.99811065,1,2018-05,2018-05
2656,4be9ae93c4fc0f41713d71a4194ee1b3,109.90,0.85815832,0.00000809,0.99811874,1,2018-08,2018-08
2657,e732329483fd5f27367dd997b47f598a,109.90,0.85848142,0.00000809,0.99812683,1,2017-08,2017-08
2658,7bb8fac2913a6064ec412e583c6d8b4d,109.00,0.85880452,0.00000802,0.99813485,1,2018-02,2018-02
2659,92992bec39dde5766f590d3b1f46d465,109.00,0.85912763,0.00000802,0.99814286,1,2018-04,2018-04
2660,db7ed69a53aa9fb1c01930ba54a88bbe,109.00,0.85945073,0.00000802,0.99815088,1,2018-06,2018-06
2661,4cc43a222a0f94910728b62b97a8c5f8,108.50,0.85977383,0.00000798,0.99815887,1,2018-01,2018-01
2662,bb3dca718920a4d7ec3cc9ffb025108b,108.00,0.86009693,0.00000795,0.99816681,1,2017-02,2017-02
2663,e88165a185134e13fdfc85d4fa654db8,108.00,0.86042003,0.00000795,0.99817476,2,2018-05,2018-06
2664,941554c5757b73ba0e50aa7732310afc,107.69,0.86074313,0.00000792,0.99818268,3,2017-03,2017-05
2665,44717f64ec2a457979cf83c429077666,107.00,0.86106624,0.00000787,0.99819056,1,2018-08,2018-08
2666,077c5fae4bea9500e3737b16f71b9d3a,106.80,0.86138934,0.00000786,0.99819841,4,2017-09,2018-06
2667,a69aa24cec11168e7e39a3fbc727e925,105.97,0.86171244,0.00000780,0.99820621,2,2018-06,2018-07
2668,271b8923c6a549e02d3c9fd1f8c0422b,105.19,0.86203554,0.00000774,0.99821395,1,2018-07,2018-07
2669,630008e0f062605a415d694489f6f82e,105.15,0.86235864,0.00000774,0.99822169,1,2018-07,2018-07
2670,3d2400ac620cffa23ac81bd192f7f555,105.00,0.86268174,0.00000773,0.99822941,1,2018-08,2018-08
2671,3bb32fedaa74e4ad20f4ce067733bd31,103.70,0.86300485,0.00000763,0.99823704,1,2018-08,2018-08
2672,62de60d81c55c29d76a6bce418b31cef,103.00,0.86332795,0.00000758,0.99824462,1,2018-08,2018-08
2673,461ff5303b6c9c1a4a07f40c5aece516,102.70,0.86365105,0.00000756,0.99825217,3,2018-02,2018-07
2674,ab91571efab27993ff2f6b36e38055c3,102.24,0.86397415,0.00000752,0.99825970,3,2018-03,2018-07
2675,160851d3ece7aa1a510f8d1a4bb8a8af,102.05,0.86429725,0.00000751,0.99826721,2,2018-07,2018-08
2676,be67f78487e2cecb0d55bc769709e4f5,102.00,0.86462036,0.00000750,0.99827471,1,2018-03,2018-03
2677,96e5dc09087bad639b4ee193104ec2e5,101.90,0.86494346,0.00000750,0.99828221,1,2018-08,2018-08
2678,4fae87d32467e18eb46e4a76a0a0b9ce,100.90,0.86526656,0.00000742,0.99828963,1,2018-08,2018-08
2679,a4fc6eadaff1576af888509a53420f6a,100.86,0.86558966,0.00000742,0.99829705,1,2018-05,2018-05
2680,011b0eaba87386a2ae96a7d32bb531d1,99.98,0.86591276,0.00000736,0.99830441,1,2016-10,2016-10
2681,79b93a308a97792cf53ac75f46da00b5,99.90,0.86623586,0.00000735,0.99831176,1,2017-07,2017-07
2682,80cfd480be3eb6d6267139f5cb793555,99.90,0.86655897,0.00000735,0.99831911,1,2017-03,2017-03
2683,2d20f1cd18725c91147da0791d498022,99.80,0.86688207,0.00000734,0.99832645,1,2018-08,2018-08
2684,247587846358bb1d2e4c6522020b36fe,99.00,0.86720517,0.00000728,0.99833373,1,2018-06,2018-06
2685,26562f211dd1364af2a8596dc945e8ae,99.00,0.86752827,0.00000728,0.99834102,1,2018-07,2018-07
2686,a7c53f6b3b61adbdaa99dda97e8cbd56,99.00,0.86785137,0.00000728,0.99834830,1,2017-03,2017-03
2687,aa8af66c623d7d544dfe4bb85b5ebe3b,99.00,0.86817447,0.00000728,0.99835559,1,2018-06,2018-06
2688,1fbe10c70e30765ed1de86d9f7e98409,98.75,0.86849758,0.00000727,0.99836285,2,2018-06,2018-07
2689,9e17b9d64683aebcbb9ee362d06463b4,98.70,0.86882068,0.00000726,0.99837011,1,2017-02,2017-02
2690,00ab3eff1b5192e5f1a63bcecfee11c8,98.00,0.86914378,0.00000721,0.99837732,1,2017-03,2017-03
2691,5f57db27027655e6c6a391601daa0258,98.00,0.86946688,0.00000721,0.99838453,1,2018-08,2018-08
2692,eaaa46e98c9e61f6764dd1d7a2ab8b3e,98.00,0.86978998,0.00000721,0.99839174,1,2018-08,2018-08
2693,1c742ac33582852aaf3bcfbf5893abcf,97.90,0.87011309,0.00000720,0.99839895,1,2018-06,2018-06
2694,c7bb64409aa480bb7d0335faaaf3d242,97.60,0.87043619,0.00000718,0.99840613,2,2018-06,2018-07
2695,70126eecc6aa1274392a1743866e9678,97.40,0.87075929,0.00000717,0.99841329,2,2018-06,2018-07
2696,e3e15e2c0b9700561efac21c6be48066,97.24,0.87108239,0.00000715,0.99842045,2,2018-02,2018-07
2697,270572bb714b00531be85e16e1550f26,96.99,0.87140549,0.00000714,0.99842758,1,2018-05,2018-05
2698,034b9387752bfa309f350a70cd45ffa3,96.00,0.87172859,0.00000706,0.99843465,4,2018-04,2018-08
2699,bcf5566870987da7bc811fbc8c5b9fd9,96.00,0.87205170,0.00000706,0.99844171,1,2017-08,2017-08
2700,f43827dd686be3a4a80e00aa299990fb,95.54,0.87237480,0.00000703,0.99844874,1,2018-01,2018-01
2701,22a23e5ac7061fc538cc2a019afaaf16,95.00,0.87269790,0.00000699,0.99845573,1,2017-05,2017-05
2702,623ad9d0c1e14bb5464a8c72bff7b4af,95.00,0.87302100,0.00000699,0.99846272,1,2018-05,2018-05
2703,74a9b9bddf14ece02beb81f52c41a88d,95.00,0.87334410,0.00000699,0.99846971,2,2017-11,2018-02
2704,7a073a40a9d3f1fee8bc45670ea1e909,95.00,0.87366721,0.00000699,0.99847670,1,2016-10,2016-10
2705,8cf21434553b02cbd37c0bbd07e041b0,94.98,0.87399031,0.00000699,0.99848369,2,2017-11,2018-03
2706,253c025bab43881055aeecde5e2d8b77,94.82,0.87431341,0.00000698,0.99849066,2,2017-11,2018-07
2707,43b2c864251aa0ce4030c746984e088a,94.80,0.87463651,0.00000697,0.99849764,2,2018-07,2018-08
2708,443d880f15cbd3572885e1d44bf2c478,94.80,0.87495961,0.00000697,0.99850461,1,2017-07,2017-07
2709,7a704e63bb29c446869efde5d57524c8,94.49,0.87528271,0.00000695,0.99851156,1,2018-01,2018-01
2710,6235903333ba7de1928c869e268e5964,94.06,0.87560582,0.00000692,0.99851849,1,2018-05,2018-05
2711,2aafae69bf4c41fbd94053d9413e87ee,94.00,0.87592892,0.00000692,0.99852540,2,2018-05,2018-07
2712,376d67b61dce0c990155286e7ae486a4,94.00,0.87625202,0.00000692,0.99853232,1,2018-03,2018-03
2713,5305693ffae2d3463377b1f6fe67b15a,93.56,0.87657512,0.00000688,0.99853920,1,2018-01,2018-01
2714,6b2612338467c08c9b25f0cc55b1578d,92.90,0.87689822,0.00000684,0.99854604,1,2017-02,2017-02
2715,1fddcb7b326905d3ad5efe82187db347,92.00,0.87722132,0.00000677,0.99855280,1,2017-03,2017-03
2716,c4b911d06343b21dd906651f8101cb49,90.98,0.87754443,0.00000669,0.99855950,1,2017-11,2017-11
2717,01266d4c46afa519678d16a8b683d325,90.25,0.87786753,0.00000664,0.99856614,1,2018-08,2018-08
2718,1cbcd2ee0afb3fc09963b87eb65e7e4f,90.00,0.87819063,0.00000662,0.99857276,1,2018-06,2018-06
2719,52b53f7061969fe471d119b6195da864,90.00,0.87851373,0.00000662,0.99857938,1,2017-08,2017-08
2720,f8f35af4634605e6693c17cc3ffff5a8,90.00,0.87883683,0.00000662,0.99858600,1,2017-11,2017-11
2721,6d04126aba80df143fd038e711b8fd96,89.99,0.87915994,0.00000662,0.99859262,1,2017-09,2017-09
2722,d7d517afce974cd491b8d52bb5b5b1fc,89.99,0.87948304,0.00000662,0.99859925,1,2018-08,2018-08
2723,8dd386be0767c330276ea6a3f96532d3,89.98,0.87980614,0.00000662,0.99860587,1,2018-08,2018-08
2724,741f8c587cb4248ebc5b779a0e8e0e51,89.95,0.88012924,0.00000662,0.99861248,2,2018-07,2018-08
2725,154bdf805377afea75a3bd158e9eab10,89.90,0.88045234,0.00000661,0.99861910,1,2018-07,2018-07
2726,2bdb95a56a36ebbc6640337ac5eac174,89.90,0.88077544,0.00000661,0.99862571,1,2017-01,2017-01
2727,4aba6a02a788d3ec81c03137144d9a80,89.90,0.88109855,0.00000661,0.99863233,1,2018-01,2018-01
2728,83d458c0d6d4f94295d63f091460bd60,89.90,0.88142165,0.00000661,0.99863894,1,2017-03,2017-03
2729,889009a0ed0bb52c87819941192931b8,89.90,0.88174475,0.00000661,0.99864556,1,2017-06,2017-06
2730,97e50a621f8e801f4baf69e08687c192,89.90,0.88206785,0.00000661,0.99865217,1,2018-02,2018-02
2731,a72f15980dc3e9bfd1a49ac9b2f3af65,89.90,0.88239095,0.00000661,0.99865878,1,2018-07,2018-07
2732,fc99f99385ae90f66f01733856fb88c9,89.90,0.88271405,0.00000661,0.99866540,1,2017-06,2017-06
2733,5741dc2bf5044c34d0698681c5081bed,89.70,0.88303716,0.00000660,0.99867200,2,2018-05,2018-07
2734,b8d890108a7a80e4f5d59eea9f362438,89.70,0.88336026,0.00000660,0.99867860,2,2017-09,2017-10
2735,6624bc09786f0e41ae48dfc5eeb1a9e2,89.54,0.88368336,0.00000659,0.99868519,1,2017-03,2017-03
2736,499185655c29ecfdbfe776ef7cf875b5,89.00,0.88400646,0.00000655,0.99869173,1,2018-06,2018-06
2737,b3809b8d4394588a47c8470ea331e135,89.00,0.88432956,0.00000655,0.99869828,1,2018-07,2018-07
2738,da2782c804606d2a5d8e1760dbb3e7ec,89.00,0.88465267,0.00000655,0.99870483,1,2017-11,2017-11
2739,65c255b299faf2d12050937cc219c46c,88.20,0.88497577,0.00000649,0.99871132,2,2017-07,2017-08
2740,fa7ad8ae9bcb2c4493fdf38e96b1d74f,88.00,0.88529887,0.00000647,0.99871779,1,2017-11,2017-11
2741,466222e777149751370e7e98fb623b0c,87.90,0.88562197,0.00000647,0.99872426,1,2018-08,2018-08
2742,dd264199fc8b687ad029de7de6d760e6,87.90,0.88594507,0.00000647,0.99873073,1,2017-01,2017-01
2743,9cea4682e16655f7da87f406902e989e,87.76,0.88626817,0.00000646,0.99873719,4,2017-03,2018-02
2744,2fa13c8bd5705d279f7ed5cc9ec61c68,87.40,0.88659128,0.00000643,0.99874362,2,2018-04,2018-07
2745,4fe2f67634d00c021aa01f96b6f2d68e,86.80,0.88691438,0.00000639,0.99875000,1,2018-08,2018-08
2746,60da8bfa7eebe230b7d66ac4082d79b3,86.60,0.88723748,0.00000637,0.99875637,1,2018-08,2018-08
2747,b86a47b3366e3b5424a7b225781f4908,86.50,0.88756058,0.00000636,0.99876274,1,2018-01,2018-01
2748,00d8b143d12632bad99c0ad66ad52825,86.00,0.88788368,0.00000633,0.99876907,1,2018-03,2018-03
2749,20fd2d2080ed85fa67fad3fcbb2c1813,85.90,0.88820679,0.00000632,0.99877539,1,2018-04,2018-04
2750,a2b911e9ad40dc7d61c142a4683e2d85,85.90,0.88852989,0.00000632,0.99878171,1,2017-05,2017-05
2751,5566627eab3fe93fd6ee08798226101a,85.50,0.88885299,0.00000629,0.99878800,4,2017-04,2018-01
2752,2b5ed0c9139dae8883a200dfcb272ece,85.41,0.88917609,0.00000628,0.99879428,3,2017-04,2017-11
2753,9b1050e85becf3ae99c1cf4934c9bc5d,85.14,0.88949919,0.00000626,0.99880054,2,2017-09,2017-11
2754,b5dd7151a92ccaaa282cbe9681a05f44,85.00,0.88982229,0.00000625,0.99880680,1,2018-07,2018-07
2755,cb5ff1b9715e99589f3e0c7a6afab9e3,85.00,0.89014540,0.00000625,0.99881305,1,2018-08,2018-08
2756,dadc51ef321949ec9a3ab25cd902e23d,85.00,0.89046850,0.00000625,0.99881931,1,2017-09,2017-09
2757,0dfbed20065e425d2eaefb101f9816c0,84.35,0.89079160,0.00000621,0.99882551,2,2018-05,2018-06
2758,324583d68897f5ddbaf38f6248322176,84.00,0.89111470,0.00000618,0.99883169,1,2018-02,2018-02
2759,3febca52652e7209509ccfe61cbde40e,84.00,0.89143780,0.00000618,0.99883787,1,2018-08,2018-08
2760,7f02656561b680def9986c0795a8a080,84.00,0.89176090,0.00000618,0.99884405,2,2017-08,2017-09
2761,dedcab67899479e4ea5dcc4eba47f587,84.00,0.89208401,0.00000618,0.99885023,2,2018-06,2018-08
2762,f5b84683a9bf9e1df748cf40f601b39c,83.90,0.89240711,0.00000617,0.99885641,1,2016-10,2016-10
2763,11d4c477d09821164bca4f70a2eae031,83.04,0.89273021,0.00000611,0.99886252,2,2017-07,2017-08
2764,a56a8043ebf66e42119618fb8cf232c6,83.00,0.89305331,0.00000611,0.99886862,1,2018-08,2018-08
2765,c542f5a8c64d973f30e9df8d06f70b4a,81.00,0.89337641,0.00000596,0.99887458,1,2017-01,2017-01
2766,ba8e85df286308fe68a2ce83a8f8b2d6,80.90,0.89369952,0.00000595,0.99888053,1,2018-06,2018-06
2767,52454f90d4c30c016768db02f88c1a74,80.50,0.89402262,0.00000592,0.99888646,2,2018-05,2018-07
2768,1a8e2d9c38b84a9702ac7922924b0573,80.00,0.89434572,0.00000589,0.99889234,1,2018-02,2018-02
2769,8b11118053756a9a2932f447e11fc1b5,79.99,0.89466882,0.00000589,0.99889823,1,2016-10,2016-10
2770,a45765f8afb1e594b22bf9e974b46765,79.99,0.89499192,0.00000589,0.99890411,1,2017-03,2017-03
2771,c0f3eea2e14555b6faeea3dd58c1b1c3,79.99,0.89531502,0.00000589,0.99891000,1,2018-08,2018-08
2772,0f519b0d2e5eb2227c93dd25038bfc01,79.90,0.89563813,0.00000588,0.99891588,1,2017-01,2017-01
2773,9591fc341b1bfb7ef561e2968ec6e011,79.90,0.89596123,0.00000588,0.99892176,1,2017-09,2017-09
2774,9fbd5666d8618fa571c4230fafa09bd6,79.90,0.89628433,0.00000588,0.99892763,1,2017-08,2017-08
2775,b5b800c4065bebf4d3442311c9857344,79.90,0.89660743,0.00000588,0.99893351,1,2018-05,2018-05
2776,ca5832c6960267b71041f74bb39e8b12,79.90,0.89693053,0.00000588,0.99893939,1,2017-06,2017-06
2777,cd233f8bfa30ebfd651f47ee7d054951,79.90,0.89725363,0.00000588,0.99894527,1,2018-08,2018-08
2778,dcb7367a92f5ffb89f1e2152ed260285,79.90,0.89757674,0.00000588,0.99895115,1,2018-03,2018-03
2779,f09e26011d833ddab11593c1a097a92a,79.90,0.89789984,0.00000588,0.99895703,1,2018-03,2018-03
2780,5a32c398a06c345440bf2a683b017ad3,79.80,0.89822294,0.00000587,0.99896290,2,2017-12,2018-03
2781,a7b7354cc588f7566a848bcbb1ce3d96,79.80,0.89854604,0.00000587,0.99896877,1,2017-03,2017-03
2782,aa17b35ce4de7b565be3249ba838944f,79.80,0.89886914,0.00000587,0.99897464,2,2017-08,2017-09
2783,c2bda99904207edd1834f03e0022b007,79.80,0.89919225,0.00000587,0.99898051,2,2017-08,2017-09
2784,519a7aa428f18d125a283cf8c014fdd6,79.70,0.89951535,0.00000586,0.99898638,1,2018-07,2018-07
2785,918f6fbcf3ab724d805867303e593a1b,79.70,0.89983845,0.00000586,0.99899224,2,2017-02,2017-03
2786,c8665a4dd081a2c436b1cd921079d0d9,79.39,0.90016155,0.00000584,0.99899808,1,2018-06,2018-06
2787,babcc0ab201e4c60188427cae51a5b8b,79.00,0.90048465,0.00000581,0.99900389,1,2018-07,2018-07
2788,166e8f1381e09651983c38b1f6f91c11,78.80,0.90080775,0.00000580,0.99900969,2,2017-07,2017-08
2789,15b3b1b81484422eb41df68ac87f1f50,78.35,0.90113086,0.00000576,0.99901546,2,2017-11,2018-01
2790,739c7d7be81f63812dea0d1b1451c651,77.50,0.90145396,0.00000570,0.99902116,2,2018-05,2018-06
2791,5de1c80811ce7007f62f00d971236c09,76.80,0.90177706,0.00000565,0.99902681,1,2018-07,2018-07
2792,3e51f9cbe317bc3a88f2c76583811ee4,76.09,0.90210016,0.00000560,0.99903241,1,2018-08,2018-08
2793,497709c2976a8fa308730a2dec5b0726,76.00,0.90242326,0.00000559,0.99903800,1,2018-07,2018-07
2794,43a5d4a57af536fddc96d08be3afdfcb,75.00,0.90274637,0.00000552,0.99904352,1,2017-06,2017-06
2795,6dd7dce75cd55c1ce255dc38d9f0cd46,75.00,0.90306947,0.00000552,0.99904903,1,2017-12,2017-12
2796,a1bea9970d8f65b240555f99c2214f7f,75.00,0.90339257,0.00000552,0.99905455,1,2018-07,2018-07
2797,c85d7b477a709c85a1e8b8f25aa1b270,75.00,0.90371567,0.00000552,0.99906007,1,2017-06,2017-06
2798,d52cbce9845184537284a23c3bc3da0e,75.00,0.90403877,0.00000552,0.99906559,2,2018-02,2018-03
2799,05aebce0b5c8f0d41b29b686f2d05fd3,74.99,0.90436187,0.00000552,0.99907111,2,2018-03,2018-08
2800,61b893c57e33626afb104d4112b1be76,74.99,0.90468498,0.00000552,0.99907662,1,2017-03,2017-03
2801,217f005bb37ff3aeef5b2ae1788e75ba,74.97,0.90500808,0.00000552,0.99908214,3,2017-04,2017-06
2802,9c3a1c416c765687bc79a04113269929,74.90,0.90533118,0.00000551,0.99908765,1,2018-02,2018-02
2803,6187a137b2af59dfdbad8d9f8c373c14,74.80,0.90565428,0.00000550,0.99909315,2,2017-11,2018-01
2804,a90a5da8b09e44264a177c0374a5ac87,74.70,0.90597738,0.00000550,0.99909865,2,2017-02,2017-03
2805,d8d9567d0bfb0bc7eb845a205ba42657,74.60,0.90630048,0.00000549,0.99910414,3,2018-03,2018-08
2806,164a5a8794e6d42e14f55e447b12a3bc,73.99,0.90662359,0.00000544,0.99910958,1,2018-07,2018-07
2807,a7d0f8dd44f57ef6de7f7f02e3d82630,73.79,0.90694669,0.00000543,0.99911501,2,2018-06,2018-08
2808,204b4e07bddef3c9b317f70189135b22,73.40,0.90726979,0.00000540,0.99912041,1,2018-07,2018-07
2809,d4d99b60c4c94cd35acd502cec65dc8d,72.90,0.90759289,0.00000536,0.99912578,1,2016-10,2016-10
2810,e5c84227854980f1db19a58958c551d9,72.81,0.90791599,0.00000536,0.99913113,2,2018-07,2018-08
2811,f0ec6a2adb05c62655a26dd347b8dede,72.00,0.90823910,0.00000530,0.99913643,1,2018-04,2018-04
2812,8f0fbe2cd4d472157dc1cdef6edecaa9,71.88,0.90856220,0.00000529,0.99914172,2,2017-07,2017-09
2813,028872bfa080090a9d0abd4f1af168f8,70.50,0.90888530,0.00000519,0.99914691,1,2017-08,2017-08
2814,4003520d80d0bad1d5623f7aa3c63cda,70.00,0.90920840,0.00000515,0.99915206,1,2017-09,2017-09
2815,bbf4a892cac7b82422baa711dffb8997,70.00,0.90953150,0.00000515,0.99915721,1,2018-06,2018-06
2816,e4f121bf6ef8b9a1d4d3e65dd0473fab,70.00,0.90985460,0.00000515,0.99916236,2,2018-04,2018-05
2817,f90f77ef2799a27f80d90c425ca944f7,70.00,0.91017771,0.00000515,0.99916751,1,2018-05,2018-05
2818,0a198e95d32b1be2da9424c962a6ebfa,69.99,0.91050081,0.00000515,0.99917266,1,2018-06,2018-06
2819,4e92348462c75b6c842b994ce84a0ed4,69.90,0.91082391,0.00000514,0.99917780,1,2018-07,2018-07
2820,b5d034ac251546e25afe9067f05c1539,69.90,0.91114701,0.00000514,0.99918294,1,2018-04,2018-04
2821,b6c6854d4d92a5f6f46be8869da3fa1a,69.90,0.91147011,0.00000514,0.99918808,1,2017-04,2017-04
2822,d598f929fc44e1e38678e7f47250ec04,69.90,0.91179321,0.00000514,0.99919323,1,2018-06,2018-06
2823,d9b00a97818674c7f8d8b1ef0e689679,69.90,0.91211632,0.00000514,0.99919837,1,2018-08,2018-08
2824,f3511c85f59f8dec53d140501ee8e7a8,69.90,0.91243942,0.00000514,0.99920351,1,2017-08,2017-08
2825,fe9d9cf8631285d5982c6e2cf27fb114,69.90,0.91276252,0.00000514,0.99920866,1,2018-07,2018-07
2826,ffcfefa19b08742c5d315f2791395ee5,69.90,0.91308562,0.00000514,0.99921380,1,2018-06,2018-06
2827,17998cf586426bf0f2c3726cb0a4b211,69.80,0.91340872,0.00000514,0.99921893,2,2017-07,2018-01
2828,5587130f9850696ed7fafbc91c2cee44,69.80,0.91373183,0.00000514,0.99922407,2,2018-07,2018-08
2829,bbd3acfe6de99892e73940d3fdceaf68,69.00,0.91405493,0.00000508,0.99922915,1,2018-08,2018-08
2830,edb65fe661681b1c0de8bd47c8655855,69.00,0.91437803,0.00000508,0.99923422,1,2017-04,2017-04
2831,e4253cef933647000a82ff39c67b7bde,68.00,0.91470113,0.00000500,0.99923923,1,2017-05,2017-05
2832,f3055483058c84d75ca2a3314fb4deef,67.50,0.91502423,0.00000497,0.99924419,1,2017-12,2017-12
2833,723a46b89fd5c3ed78ccdf039e33ac63,66.64,0.91534733,0.00000490,0.99924910,1,2018-05,2018-05
2834,a5ff20ff766e7f50bd5066f33da14413,66.59,0.91567044,0.00000490,0.99925399,1,2018-08,2018-08
2835,c6381b1321d7d97717a5bb4ed5b77882,66.00,0.91599354,0.00000486,0.99925885,2,2018-07,2018-08
2836,d58d521f3789def2e7a22715e0badd93,65.98,0.91631664,0.00000485,0.99926370,2,2017-11,2018-03
2837,76623fde66e6b63b59440fd34160512d,65.40,0.91663974,0.00000481,0.99926852,3,2017-09,2018-01
2838,d4a5e99e0dd915df64ba55a7fbd583fd,65.15,0.91696284,0.00000479,0.99927331,1,2017-10,2017-10
2839,52831e5990d0771cb4951d6f12928167,65.00,0.91728595,0.00000478,0.99927809,1,2018-08,2018-08
2840,ad738d3fcf42655ed15c4960b7b6c601,65.00,0.91760905,0.00000478,0.99928287,1,2017-05,2017-05
2841,447d377bdb757058acb569025ee18a93,64.99,0.91793215,0.00000478,0.99928766,1,2018-02,2018-02
2842,c8771b1a10bb99bb34d3c459c5cffb53,64.90,0.91825525,0.00000477,0.99929243,1,2017-05,2017-05
2843,cf281cf8b7affbdfe751b29cc85580e1,64.90,0.91857835,0.00000477,0.99929721,1,2016-10,2016-10
2844,eb4a59a06b3948e851a7d7a830bcbc42,64.00,0.91890145,0.00000471,0.99930192,2,2018-02,2018-05
2845,b452cb0ae35044c4a53179c39f49fb06,63.70,0.91922456,0.00000469,0.99930660,1,2018-06,2018-06
2846,9e94fa26a70ede4d26226e918e8706a2,62.80,0.91954766,0.00000462,0.99931122,1,2017-08,2017-08
2847,42fb44130ac3134cde8e35cf8ec7df25,62.70,0.91987076,0.00000461,0.99931584,2,2017-02,2017-03
2848,f0ec78809fe0bc3edb11c9fe5b97b059,62.60,0.92019386,0.00000461,0.99932044,2,2018-06,2018-07
2849,2cb98e27ce1c18abdb42209b34c382a7,62.49,0.92051696,0.00000460,0.99932504,1,2018-06,2018-06
2850,56a8b450e802502ba53a9885ee38e29f,62.45,0.92084006,0.00000459,0.99932963,1,2017-07,2017-07
2851,6a3139c7bf09ece22a4713d956acbe5e,61.90,0.92116317,0.00000455,0.99933419,1,2018-07,2018-07
2852,f7c31656c19db6275a8acadca289f426,61.56,0.92148627,0.00000453,0.99933872,1,2018-02,2018-02
2853,b3e2faf2c1004d674f16a3aa3197f0e1,61.47,0.92180937,0.00000452,0.99934324,3,2017-02,2017-05
2854,1d0646a72178a6fb37ee8082140e06ec,61.00,0.92213247,0.00000449,0.99934773,2,2018-07,2018-08
2855,7963e546f34e098b578f9ad102494601,60.99,0.92245557,0.00000449,0.99935222,1,2017-11,2017-11
2856,be7a093e5b4d147b36b72bb1f9e415e5,60.90,0.92277868,0.00000448,0.99935670,1,2018-07,2018-07
2857,83f2b4881141ce3fcd4e985125d3279e,60.70,0.92310178,0.00000447,0.99936116,2,2018-01,2018-03
2858,9ac75591b69c3402684b6ce0310f22ee,60.50,0.92342488,0.00000445,0.99936561,1,2018-08,2018-08
2859,e9e446d01bd10a97a8ffcfc4a3a20cb2,60.05,0.92374798,0.00000442,0.99937003,2,2018-06,2018-07
2860,24a6daf925d9d591870a66660416de31,60.00,0.92407108,0.00000441,0.99937445,2,2018-01,2018-05
2861,7c462184585ae80bd6e5774c62ce50f2,60.00,0.92439418,0.00000441,0.99937886,1,2018-05,2018-05
2862,85e7c62c1d6ea078c3897424f867a7c8,60.00,0.92471729,0.00000441,0.99938327,2,2017-12,2018-01
2863,86649b1632b1c0e6c0bcb2c90a8b75d8,59.99,0.92504039,0.00000441,0.99938769,1,2017-08,2017-08
2864,0ee4fb99ac55ffbbc98795aa01b7f8fa,59.90,0.92536349,0.00000441,0.99939210,1,2017-05,2017-05
2865,3e46a38ee171c503c3b4a3f23fe3bf0c,59.90,0.92568659,0.00000441,0.99939650,1,2018-06,2018-06
2866,6ebf4eceee4dd9847201c82e77ef8123,59.90,0.92600969,0.00000441,0.99940091,1,2018-04,2018-04
2867,75fdd0a732287f9497b179f6bd445d32,59.90,0.92633279,0.00000441,0.99940532,1,2017-09,2017-09
2868,8fb67a334bacec338885b4e9e1708073,59.90,0.92665590,0.00000441,0.99940972,1,2018-07,2018-07
2869,9ef932e837d8b7f392c0bfee9d359dc2,59.90,0.92697900,0.00000441,0.99941413,1,2017-11,2017-11
2870,c240c4061717ac1806ae6ee72be3533b,59.90,0.92730210,0.00000441,0.99941854,1,2018-05,2018-05
2871,455f46ef09a9e45667e2981df84b5cc2,59.80,0.92762520,0.00000440,0.99942294,1,2018-08,2018-08
2872,528ce32f560edd11add4169f6a5b65be,59.80,0.92794830,0.00000440,0.99942734,2,2017-05,2017-07
2873,3da38366e7bd9baf6369071f782ecdf0,59.47,0.92827141,0.00000438,0.99943171,1,2018-01,2018-01
2874,63704069d9bd3a75c1cf59babe56004a,59.30,0.92859451,0.00000436,0.99943608,1,2018-06,2018-06
2875,db1f0f7c7e5e87f40b62226f020bb297,59.01,0.92891761,0.00000434,0.99944042,2,2017-04,2017-05
2876,0af2ab31141893d26aca5a404a537dab,59.00,0.92924071,0.00000434,0.99944476,1,2018-08,2018-08
2877,1d953075c2f0dd990bacf27b83b330f1,59.00,0.92956381,0.00000434,0.99944910,1,2018-08,2018-08
2878,2f1e7b90e01d9f086cbcb301c0c3d406,59.00,0.92988691,0.00000434,0.99945344,1,2017-11,2017-11
2879,dd5450b022b2d00a2145a66331e1aef6,59.00,0.93021002,0.00000434,0.99945778,1,2018-06,2018-06
2880,fa18c782a4866d313cadab567097f8f1,58.99,0.93053312,0.00000434,0.99946212,1,2017-05,2017-05
2881,d180e07dc1e58c31c3f0cd599dc4d945,58.80,0.93085622,0.00000433,0.99946645,1,2018-01,2018-01
2882,cecd97bc34ed8330bd4cd15713eda670,57.99,0.93117932,0.00000427,0.99947071,1,2018-08,2018-08
2883,cac4e0bc1a3269fa2b6ea5e763f6115b,57.88,0.93150242,0.00000426,0.99947497,2,2017-11,2018-03
2884,48e5ee06fb2dc74df1c711a9b6dfac2a,57.00,0.93182553,0.00000419,0.99947917,1,2018-02,2018-02
2885,ac9b01377919cdbd2a1bbb8d5837c70b,55.90,0.93214863,0.00000411,0.99948328,1,2018-08,2018-08
2886,3e35a8bb43569389d3cebef0ce820f69,55.80,0.93247173,0.00000411,0.99948739,1,2018-04,2018-04
2887,0b1ca3ef18a63d7eb0c8897fa0849c08,55.00,0.93279483,0.00000405,0.99949143,1,2018-04,2018-04
2888,d85efbc8eff2b7adf524e2820569adc8,55.00,0.93311793,0.00000405,0.99949548,1,2018-05,2018-05
2889,ebe3dabc4955c9b0d695e7bda38bf5c3,55.00,0.93344103,0.00000405,0.99949952,1,2018-02,2018-02
2890,02a2272692e13558373c66db98f05e2e,54.98,0.93376414,0.00000405,0.99950357,2,2017-02,2017-03
2891,c7246702dc991a06d788120dc7544391,54.86,0.93408724,0.00000404,0.99950761,1,2018-02,2018-02
2892,26f6b7ab07be3e9e69ce82a6552efc19,54.80,0.93441034,0.00000403,0.99951164,1,2018-08,2018-08
2893,c13fb473e7cb8b83ccd543c094df0608,54.80,0.93473344,0.00000403,0.99951567,2,2017-01,2017-03
2894,d297f1055de2956aedfd3b04113dce3e,54.30,0.93505654,0.00000400,0.99951967,1,2018-08,2018-08
2895,720e6cf846ea7572cbb66b743fb91e6c,54.00,0.93537964,0.00000397,0.99952364,1,2017-03,2017-03
2896,c1552b1dab6e6f760950368ae61fb600,53.80,0.93570275,0.00000396,0.99952760,1,2018-08,2018-08
2897,c161d1327ebc3a156c09582ab2f59f6c,52.99,0.93602585,0.00000390,0.99953150,3,2017-08,2018-02
2898,a2a41aedb70551d4a85aa04dc2fced48,52.79,0.93634895,0.00000388,0.99953538,2,2017-11,2017-12
2899,392f7f2c797e4dc077e4311bde2ab8ce,52.00,0.93667205,0.00000383,0.99953921,1,2018-08,2018-08
2900,84c945f15571830c1a91a33978e94009,51.98,0.93699515,0.00000382,0.99954303,2,2017-03,2017-05
2901,20d53aad4fe5ee93a64f8839609d3586,51.90,0.93731826,0.00000382,0.99954685,2,2017-11,2018-05
2902,258447aad3f7b01e2643c89f64dc5647,51.90,0.93764136,0.00000382,0.99955067,1,2018-07,2018-07
2903,07e8e8fc5222bb358e6f259da3197074,51.80,0.93796446,0.00000381,0.99955448,2,2018-02,2018-08
2904,eaf6d55068dea77334e8477d3878d89e,51.00,0.93828756,0.00000375,0.99955823,2,2018-06,2018-07
2905,4d8809767a5bafe22909c77951fb6b41,50.00,0.93861066,0.00000368,0.99956191,1,2017-10,2017-10
2906,535bf14f36346c7f59d87cece104d70c,50.00,0.93893376,0.00000368,0.99956559,1,2018-08,2018-08
2907,5cf1ec37aea089f45110c70653a166ab,50.00,0.93925687,0.00000368,0.99956927,3,2017-04,2017-12
2908,deaadd805612bf94faaa9fa702516e11,50.00,0.93957997,0.00000368,0.99957294,1,2017-05,2017-05
2909,d4f91e8be86b38da2ee35bc489645a9d,49.99,0.93990307,0.00000368,0.99957662,1,2016-10,2016-10
2910,2c2c9832d1bb38c5b0034a3b47d313ee,49.90,0.94022617,0.00000367,0.99958029,1,2018-07,2018-07
2911,3ded4e2d5f135cb103e5949d7263d2dd,49.90,0.94054927,0.00000367,0.99958397,1,2018-02,2018-02
2912,7b3447b497e55af8c15fc7bd89d7b81a,49.90,0.94087237,0.00000367,0.99958764,1,2017-11,2017-11
2913,9140ef75cc8211c4035935e80e567204,49.90,0.94119548,0.00000367,0.99959131,1,2018-08,2018-08
2914,e1a210d482714ce337763a19aef94ba4,49.90,0.94151858,0.00000367,0.99959498,1,2017-04,2017-04
2915,fe19dce63ae80346207c6c55713d1023,49.90,0.94184168,0.00000367,0.99959865,1,2017-01,2017-01
2916,7315baebc0572ff220d226283dc66728,49.85,0.94216478,0.00000367,0.99960232,2,2017-04,2017-06
2917,2c00c85d30361cd2ced2969cffbbffa3,49.80,0.94248788,0.00000366,0.99960598,1,2018-04,2018-04
2918,1b61fb1f0f2185d89e9a126c498e9cc7,49.70,0.94281099,0.00000366,0.99960964,1,2017-06,2017-06
2919,d1a1b40ec554c593a1a99366746289dd,49.70,0.94313409,0.00000366,0.99961330,1,2017-01,2017-01
2920,42d4b7e70819438f5ada61c965e92d7e,49.60,0.94345719,0.00000365,0.99961695,1,2018-03,2018-03
2921,ac137bac82ffa8548e62bd9d01d2a14f,49.60,0.94378029,0.00000365,0.99962059,1,2017-05,2017-05
2922,e0487761face83d64fcada2408959a36,49.25,0.94410339,0.00000362,0.99962422,1,2018-08,2018-08
2923,1f7dfad2cb384ea4d2d7e1ffbd78c407,49.00,0.94442649,0.00000361,0.99962782,1,2018-05,2018-05
2924,2ef086a599b597572aca4433b7ed6b3d,49.00,0.94474960,0.00000361,0.99963143,1,2018-01,2018-01
2925,c963a25b8671419c6ce9eebe8fd03218,49.00,0.94507270,0.00000361,0.99963503,1,2018-05,2018-05
2926,ce33c6211beaa8fef4cae8b52db39862,49.00,0.94539580,0.00000361,0.99963864,1,2017-02,2017-02
2927,d63f306de130e0391d38a792541723b8,49.00,0.94571890,0.00000361,0.99964224,1,2018-08,2018-08
2928,29c322e3f09f886f8bacbe91dfbd979e,48.98,0.94604200,0.00000360,0.99964585,1,2018-08,2018-08
2929,417a1e6c7321084d2a0ae0d023cfad93,48.90,0.94636511,0.00000360,0.99964945,1,2018-01,2018-01
2930,5aaa890629f83706d8d9bfecd8377c1c,48.90,0.94668821,0.00000360,0.99965304,1,2017-09,2017-09
2931,2e2f44824ab87a0cb961f68bf4073e7f,48.00,0.94701131,0.00000353,0.99965658,1,2018-04,2018-04
2932,513a54369b6a8a6602fcb0e129c6d78d,47.80,0.94733441,0.00000352,0.99966009,1,2018-08,2018-08
2933,a3fa18b3f688ec0fca3eb8bfcbd2d5b3,47.80,0.94765751,0.00000352,0.99966361,1,2018-04,2018-04
2934,9d213f303afae4983637247556438ede,47.70,0.94798061,0.00000351,0.99966712,1,2018-07,2018-07
2935,ae9690c6e8fee182c28c9ff8e11ca52c,47.40,0.94830372,0.00000349,0.99967061,1,2016-10,2016-10
2936,cad10cc982ab6a391570c211b995c17c,47.40,0.94862682,0.00000349,0.99967409,1,2018-04,2018-04
2937,baf15155e37ef5492731459bdc05be8a,47.00,0.94894992,0.00000346,0.99967755,1,2017-03,2017-03
2938,7494d0dcba8551df6cf37f1b905dc2f7,45.90,0.94927302,0.00000338,0.99968093,1,2018-05,2018-05
2939,51e0557bc7b86de13e946c60ee91ce39,45.80,0.94959612,0.00000337,0.99968430,1,2017-05,2017-05
2940,8629a7efec1aab257e58cda559f03ba7,45.22,0.94991922,0.00000333,0.99968762,1,2018-02,2018-02
2941,2d8cfba3fcd3170555941605edaa196a,45.00,0.95024233,0.00000331,0.99969094,1,2017-03,2017-03
2942,3338e7a0710a195872be80e0d2423867,45.00,0.95056543,0.00000331,0.99969425,1,2017-04,2017-04
2943,70ee69419916dc13e3aed619061f996c,45.00,0.95088853,0.00000331,0.99969756,1,2017-08,2017-08
2944,9c351405b754cc5ce3e2ecf277bb034a,45.00,0.95121163,0.00000331,0.99970087,1,2017-03,2017-03
2945,1f2eebc0e970fd3c463e4f5d9652687a,44.99,0.95153473,0.00000331,0.99970418,1,2018-08,2018-08
2946,5a4236931428800e9d9cc04af0987118,44.97,0.95185784,0.00000331,0.99970749,1,2018-07,2018-07
2947,5415337f1863452476d42d9f14a16a61,44.90,0.95218094,0.00000330,0.99971079,1,2018-08,2018-08
2948,da3fede3469bf49b7293ce3fc45b294d,44.90,0.95250404,0.00000330,0.99971409,1,2018-03,2018-03
2949,e5545d4d4473876ea78c5bcebca365c3,44.50,0.95282714,0.00000327,0.99971737,1,2018-06,2018-06
2950,cad9969167c09b48ae6f1d123f7fa68d,43.20,0.95315024,0.00000318,0.99972055,1,2018-07,2018-07
2951,ed49da7cadefc454d6a67de249eab240,43.00,0.95347334,0.00000316,0.99972371,1,2016-10,2016-10
2952,05a48cc8859962767935ab9087417fbb,42.90,0.95379645,0.00000316,0.99972687,1,2018-08,2018-08
2953,4125d9385a25e82d2f72d3a0fd55bc3f,42.90,0.95411955,0.00000316,0.99973002,1,2018-08,2018-08
2954,3a3c180dd702a725bd0ba4117689239e,41.90,0.95444265,0.00000308,0.99973311,1,2018-05,2018-05
2955,6561d6bf844e464b4019442692b40e02,41.90,0.95476575,0.00000308,0.99973619,1,2018-08,2018-08
2956,749e7cdabbaf72f16677859e27874ba5,41.90,0.95508885,0.00000308,0.99973927,1,2017-09,2017-09
2957,a1ed30492b3b798bc121845bc4aa7366,41.80,0.95541195,0.00000308,0.99974235,1,2017-07,2017-07
2958,b77a27b1864483e721dc831d5ba4afa0,41.80,0.95573506,0.00000308,0.99974542,2,2017-03,2017-05
2959,16bdc8cefd0e32a6f0824d296c5ad14a,41.76,0.95605816,0.00000307,0.99974849,1,2018-04,2018-04
2960,a213f1bd6458f4a158f3746cb2514559,41.52,0.95638126,0.00000305,0.99975155,1,2018-05,2018-05
2961,9b1f656ca3060f8af17a50d8a024b533,41.00,0.95670436,0.00000302,0.99975457,2,2018-07,2018-08
2962,c200c73f9d7e5a08ca439d6a0803da7c,40.00,0.95702746,0.00000294,0.99975751,1,2017-05,2017-05
2963,d4828feed4cda2cd9d6b37899a95a71e,39.90,0.95735057,0.00000294,0.99976044,1,2018-08,2018-08
2964,df683dfda87bf71ac3fc63063fba369d,39.90,0.95767367,0.00000294,0.99976338,1,2017-03,2017-03
2965,edb58a1390adf273840030a3d6253829,39.90,0.95799677,0.00000294,0.99976632,1,2018-08,2018-08
2966,fedaedd3ca31d56ab33e92035e4b361c,39.90,0.95831987,0.00000294,0.99976925,1,2016-10,2016-10
2967,7caa63f175b1cecbfaadd8b5ab9998c7,39.80,0.95864297,0.00000293,0.99977218,2,2018-01,2018-06
2968,389e45560e33d2d0747f949dcddbc08e,39.00,0.95896607,0.00000287,0.99977505,1,2018-08,2018-08
2969,c74f14c1e26cf1bd5bd34b6a1e274426,39.00,0.95928918,0.00000287,0.99977792,1,2018-01,2018-01
2970,e595809a6c31ec4314fd06ef198c244d,39.00,0.95961228,0.00000287,0.99978079,1,2018-03,2018-03
2971,0936e1837d0c79253456bbb2ffaaef10,38.90,0.95993538,0.00000286,0.99978365,1,2017-04,2017-04
2972,2eeb6531ee027a48d401e72bebdd87d3,38.70,0.96025848,0.00000285,0.99978650,1,2017-02,2017-02
2973,d7ab82074b5f1dfba46db123df101bff,38.67,0.96058158,0.00000285,0.99978934,1,2018-01,2018-01
2974,e72b4feb7abe210c52aa667abc25a3a2,38.20,0.96090468,0.00000281,0.99979215,1,2017-06,2017-06
2975,ab75b89cc49c9ab3160d0c91565a442a,37.98,0.96122779,0.00000279,0.99979495,2,2017-07,2017-09
2976,9200e6ce317b67196b6b0bad4d4bd567,36.90,0.96155089,0.00000271,0.99979766,1,2017-03,2017-03
2977,e116c7455dd26a4d8c3e92532583905f,36.76,0.96187399,0.00000270,0.99980037,1,2018-04,2018-04
2978,1d139e3a3b14025640d8df1b230aace0,36.49,0.96219709,0.00000268,0.99980305,2,2017-09,2017-11
2979,67e43d802fde8cfd3f9580124f8167d1,36.00,0.96252019,0.00000265,0.99980570,1,2017-02,2017-02
2980,3a52d63a8f9daf5a28f3626d7eb9bd28,35.00,0.96284330,0.00000258,0.99980828,1,2017-02,2017-02
2981,50c361bcf670d16f6df4d52de3dff924,35.00,0.96316640,0.00000258,0.99981085,1,2018-02,2018-02
2982,5206cc4bc2297c833e6061c49bf9c43f,35.00,0.96348950,0.00000258,0.99981343,1,2016-10,2016-10
2983,baeda7047354773262ba2405f97038ba,35.00,0.96381260,0.00000258,0.99981600,1,2017-09,2017-09
2984,c716e0b86ed568878475b60fbb6323ad,35.00,0.96413570,0.00000258,0.99981858,1,2018-03,2018-03
2985,cb162c8eef257253782d245c08d9097c,34.99,0.96445880,0.00000257,0.99982115,1,2017-11,2017-11
2986,e6ffc9ac6a7adc9d16a1cfc2286dd546,34.99,0.96478191,0.00000257,0.99982372,1,2018-03,2018-03
2987,84deb808079d1be601c209c1e771b1cc,34.93,0.96510501,0.00000257,0.99982629,2,2017-09,2017-11
2988,c1d1ebb4745cc43cb6f05e9c8a705c9a,34.50,0.96542811,0.00000254,0.99982883,3,2017-04,2017-11
2989,66d5ae34537110d3affc56174dad2b2f,33.81,0.96575121,0.00000249,0.99983132,1,2018-07,2018-07
2990,bee36b4f9a2b9fdcaff6ec05df202ed0,33.80,0.96607431,0.00000249,0.99983381,2,2017-02,2017-03
2991,41958cbd3335433c8740300e8cd600d5,32.99,0.96639742,0.00000243,0.99983623,1,2018-06,2018-06
2992,539ed9e19811677513447759be5eccfc,32.83,0.96672052,0.00000242,0.99983865,2,2018-06,2018-08
2993,7d81e74a4755b552267cd5e081563028,32.50,0.96704362,0.00000239,0.99984104,1,2018-08,2018-08
2994,6bcb2352a2a0c38b845f598298ab9d26,31.80,0.96736672,0.00000234,0.99984338,2,2017-06,2017-09
2995,1a6245add4353f18ed55138808906979,30.00,0.96768982,0.00000221,0.99984559,1,2017-07,2017-07
2996,d7f1cfc638473be93baedbfd02208016,30.00,0.96801292,0.00000221,0.99984780,1,2018-07,2018-07
2997,fdf736c18c589ed030e058312203e1b2,30.00,0.96833603,0.00000221,0.99985000,1,2018-08,2018-08
2998,32f83ffe11cd40f7adcf4eef171f52d9,29.99,0.96865913,0.00000221,0.99985221,1,2017-11,2017-11
2999,87b4428a334b8f676fd9a7f3bf544fb5,29.99,0.96898223,0.00000221,0.99985442,1,2018-08,2018-08
3000,9315e491484b1b0081ca166fc164108d,29.99,0.96930533,0.00000221,0.99985662,1,2018-07,2018-07
3001,139157dd4daa45c25b0807ffff348363,29.90,0.96962843,0.00000220,0.99985882,1,2017-08,2017-08
3002,2078fe5066350e7d220c0ad3a3bbc6c1,29.90,0.96995153,0.00000220,0.99986102,1,2018-03,2018-03
3003,28a26ebce31d5918b181ede016fd693b,29.90,0.97027464,0.00000220,0.99986322,1,2018-08,2018-08
3004,3aa3c89ae3cd482385568be76120f63c,29.90,0.97059774,0.00000220,0.99986542,1,2018-06,2018-06
3005,436bf27f2f18474fc6047702e9f8a866,29.90,0.97092084,0.00000220,0.99986762,1,2017-01,2017-01
3006,a09a13f18ed27932d08438aa6f12756e,29.90,0.97124394,0.00000220,0.99986982,1,2017-10,2017-10
3007,c43d924a0f1688ee9fae0efcd6f539d4,29.90,0.97156704,0.00000220,0.99987202,1,2016-10,2016-10
3008,c97aa4ee7420f937da13b7f9e2228b99,29.90,0.97189015,0.00000220,0.99987422,1,2018-08,2018-08
3009,c0e0b73d039eb9a99b6ce4cb7a429cd3,29.88,0.97221325,0.00000220,0.99987642,1,2018-06,2018-06
3010,0336182e1b3e92f029d5354832045fdf,29.80,0.97253635,0.00000219,0.99987861,1,2016-10,2016-10
3011,7b3f6ce5c6c22e9b96e7581ebf0df6e1,29.80,0.97285945,0.00000219,0.99988080,1,2017-12,2017-12
3012,9996ae921c50e8dff411ac69c0b4bb8b,29.70,0.97318255,0.00000219,0.99988299,1,2017-10,2017-10
3013,72c73be2b085b9d57650dd53eb2004c9,29.40,0.97350565,0.00000216,0.99988515,1,2017-07,2017-07
3014,15aec03fe4cf30dfa574cf550f5ff5ff,28.90,0.97382876,0.00000213,0.99988728,1,2017-02,2017-02
3015,1992f8fb6b19fcccd97ca819811e7267,28.80,0.97415186,0.00000212,0.99988940,1,2018-07,2018-07
3016,c9d2ba8dde44a275ae06475ed1d2fafc,28.79,0.97447496,0.00000212,0.99989152,1,2017-02,2017-02
3017,999f6d9a1c7c81f43be44c6b7d076210,28.00,0.97479806,0.00000206,0.99989358,2,2017-01,2017-03
3018,9f56a7a649097b166d8ed286ad86a15c,27.98,0.97512116,0.00000206,0.99989564,1,2017-11,2017-11
3019,8b181ee5518df84f18f4e1a43fe07923,27.90,0.97544426,0.00000205,0.99989769,1,2018-05,2018-05
3020,b026643914f651e8371425e5b8a1e780,27.90,0.97576737,0.00000205,0.99989974,1,2017-07,2017-07
3021,bf0d50a6410d487dc97d2baac0a8c0be,27.90,0.97609047,0.00000205,0.99990179,1,2018-05,2018-05
3022,80146bc52c4f6af5239b23de2a20262b,27.10,0.97641357,0.00000199,0.99990379,1,2017-02,2017-02
3023,f1fdf2d13186575751aa25876536d85c,26.30,0.97673667,0.00000194,0.99990572,1,2018-03,2018-03
3024,70c0fda4c313d87115644d39e62eec60,25.99,0.97705977,0.00000191,0.99990763,1,2018-08,2018-08
3025,c12d7463a579237ffb9248bd7cff378b,25.90,0.97738288,0.00000191,0.99990954,1,2016-10,2016-10
3026,3820c6537b3853be1a0687d5a60807ec,25.00,0.97770598,0.00000184,0.99991138,1,2017-03,2017-03
3027,6c9875b2f94ba781186f0c1aed8d1687,25.00,0.97802908,0.00000184,0.99991322,2,2017-05,2017-08
3028,7cb946b1ad19faebe28c3e86c2794ec3,25.00,0.97835218,0.00000184,0.99991506,1,2017-11,2017-11
3029,38f276ca6e7cc95a6d1bb55ac9e5550f,24.99,0.97867528,0.00000184,0.99991690,1,2017-11,2017-11
3030,3986c0b54f6b748b75e7bd4e092aa3e5,24.99,0.97899838,0.00000184,0.99991874,1,2018-08,2018-08
3031,1c83418358f249c9d6affa52d579db0e,24.90,0.97932149,0.00000183,0.99992057,1,2017-04,2017-04
3032,33fd411ed63a7c2f9005e3f065d9f85d,24.90,0.97964459,0.00000183,0.99992240,1,2018-04,2018-04
3033,bd43e172d599bed47a85da877172ca8c,23.92,0.97996769,0.00000176,0.99992416,1,2018-07,2018-07
3034,43753b27d77860f1654aa72e251a7878,23.90,0.98029079,0.00000176,0.99992592,1,2017-09,2017-09
3035,544863df86ed3b78a04e0820d41430ee,23.90,0.98061389,0.00000176,0.99992768,1,2018-07,2018-07
3036,bcd2d7510d58e293f20fad6438c1b314,23.90,0.98093700,0.00000176,0.99992943,1,2017-02,2017-02
3037,2c54051840f19eca309a5423cf22df36,23.70,0.98126010,0.00000174,0.99993118,2,2017-12,2018-04
3038,58b98ccb79873e04eac4357cacc590d9,23.00,0.98158320,0.00000169,0.99993287,1,2018-08,2018-08
3039,5e063e85d44b0f5c3e6ec3131103a57e,22.90,0.98190630,0.00000168,0.99993456,1,2018-07,2018-07
3040,bc8c8d665ec4664d286be0d521722b19,22.50,0.98222940,0.00000166,0.99993621,1,2018-08,2018-08
3041,f9f68daa2af419d38f745478bcb3da1a,22.40,0.98255250,0.00000165,0.99993786,2,2017-01,2017-04
3042,eb1bf309f4f6af9a97e9ddac3fdbeabe,22.30,0.98287561,0.00000164,0.99993950,1,2018-05,2018-05
3043,0bb27263628258b8111a0262769fa9db,22.20,0.98319871,0.00000163,0.99994113,1,2017-04,2017-04
3044,34675b28b826facfde119785bf287dc1,21.99,0.98352181,0.00000162,0.99994275,1,2017-08,2017-08
3045,f09b760d23495ac9a7e00d29b769007c,21.90,0.98384491,0.00000161,0.99994436,1,2016-10,2016-10
3046,98f52e1020fe788c10c0418de4393fec,21.60,0.98416801,0.00000159,0.99994595,1,2017-08,2017-08
3047,afac9f6b0c4e5f0a7ee87e922cd0f873,20.99,0.98449111,0.00000154,0.99994750,1,2018-02,2018-02
3048,e64ddbe1cbcf4f2fc3092b7c481f3f9d,20.90,0.98481422,0.00000154,0.99994903,1,2018-03,2018-03
3049,e0b162a693bc7f9eab00f783a31d60ea,20.00,0.98513732,0.00000147,0.99995050,1,2018-05,2018-05
3050,e76ecc7e9a1a1e3c6df9d2a8261c423d,20.00,0.98546042,0.00000147,0.99995198,1,2017-08,2017-08
3051,455befea1bb853c75ccbca94cff26e5c,19.99,0.98578352,0.00000147,0.99995345,1,2018-06,2018-06
3052,bb7ad8a45c027be8ab075b8e465f8ca0,19.98,0.98610662,0.00000147,0.99995492,1,2018-07,2018-07
3053,0b46f784306be7200ca1700aa55d819f,19.90,0.98642973,0.00000146,0.99995638,1,2017-03,2017-03
3054,63bc58679c44e8a998792119fd7ad23e,19.90,0.98675283,0.00000146,0.99995785,1,2017-02,2017-02
3055,668bf321538e5072858eaef6087ce027,19.90,0.98707593,0.00000146,0.99995931,1,2018-02,2018-02
3056,698624c6632eeba1774924dbea24c700,19.90,0.98739903,0.00000146,0.99996077,1,2018-04,2018-04
3057,bac44fa8e13424950488659b5f765c41,19.90,0.98772213,0.00000146,0.99996224,1,2016-10,2016-10
3058,d93b8458c6fe139d85cfa5eadbf55bd2,19.90,0.98804523,0.00000146,0.99996370,1,2017-11,2017-11
3059,bd65d163ded559eb90a10cd09fec178f,19.80,0.98836834,0.00000146,0.99996516,1,2017-08,2017-08
3060,e174dc2de86d60fee178170a154c05e7,19.80,0.98869144,0.00000146,0.99996662,1,2017-08,2017-08
3061,8501d82f68d23148b6d78bb7c4a42037,19.70,0.98901454,0.00000145,0.99996806,1,2017-03,2017-03
3062,9d69ba0a7a626a64dc5db08e529559cf,19.30,0.98933764,0.00000142,0.99996948,1,2018-07,2018-07
3063,6c77cd583b36a13aacccf2b3ee23e233,18.90,0.98966074,0.00000139,0.99997088,1,2018-08,2018-08
3064,82921991ff5b557b045605b8bbf08d49,18.90,0.98998384,0.00000139,0.99997227,1,2018-08,2018-08
3065,ce4755084bc097113867e6454f8f5e52,18.90,0.99030695,0.00000139,0.99997366,1,2018-06,2018-06
3066,804287717b9156fb7a787acd9af4fac1,18.80,0.99063005,0.00000138,0.99997504,1,2017-06,2017-06
3067,13e85aac53340018b40c2af68001b7e0,17.80,0.99095315,0.00000131,0.99997635,1,2016-10,2016-10
3068,eae9af4811c294c56795d70e715b7337,15.90,0.99127625,0.00000117,0.99997752,1,2017-10,2017-10
3069,f3862c2188522d89860c38a3ea8b550d,15.50,0.99159935,0.00000114,0.99997866,1,2018-05,2018-05
3070,20f0aeea30bc3b8c4420be8ced4226c0,14.90,0.99192246,0.00000110,0.99997976,1,2017-02,2017-02
3071,b2f4d63c7203f539a78252565ca32257,14.90,0.99224556,0.00000110,0.99998085,1,2017-09,2017-09
3072,c3e2398fcc7e581cda2e546557bf6968,14.90,0.99256866,0.00000110,0.99998195,1,2018-06,2018-06
3073,a61cc04793308395a840807104365121,14.63,0.99289176,0.00000108,0.99998302,1,2018-05,2018-05
3074,6576fd3e23c88f0e5d4d23f39bba0542,14.50,0.99321486,0.00000107,0.99998409,1,2017-03,2017-03
3075,5b92bfa4120daa27c574daa2e386c693,14.00,0.99353796,0.00000103,0.99998512,1,2017-02,2017-02
3076,fb503a924a0b9db19d83dd0ac6dbef8c,13.90,0.99386107,0.00000102,0.99998614,1,2017-05,2017-05
3077,6614814a00d344b846ae209f95ee7e3f,13.00,0.99418417,0.00000096,0.99998710,1,2017-06,2017-06
3078,b5f0712d22a873b6797ab6cc65c3fcba,12.99,0.99450727,0.00000096,0.99998806,1,2018-08,2018-08
3079,7ab0dd5487bab2dc835337b244f689fb,12.50,0.99483037,0.00000092,0.99998898,1,2017-04,2017-04
3080,9e25199f6ef7e7c347120ff175652c3b,12.50,0.99515347,0.00000092,0.99998990,1,2017-03,2017-03
3081,c1dde11f12d05c478f5de2d7319ad3b2,12.50,0.99547658,0.00000092,0.99999082,1,2018-08,2018-08
3082,3d62f86afa7c73be2628a3be1423f5a0,12.00,0.99579968,0.00000088,0.99999170,2,2017-12,2018-01
3083,3ac588cd562971392504a9e17130c40b,11.90,0.99612278,0.00000088,0.99999257,1,2018-08,2018-08
3084,cc1f04647be106ba74e62b21f358af25,11.90,0.99644588,0.00000088,0.99999345,1,2018-06,2018-06
3085,344223b2a90784f64136a8a5da012e7f,10.90,0.99676898,0.00000080,0.99999425,1,2018-01,2018-01
3086,95cca791657aabeff15a07eb152d7841,9.99,0.99709208,0.00000074,0.99999499,1,2018-06,2018-06
3087,c18309219e789960add0b2255ca4b091,9.90,0.99741519,0.00000073,0.99999572,1,2017-12,2017-12
3088,0f94588695d71662beec8d883ffacf09,9.00,0.99773829,0.00000066,0.99999638,1,2017-03,2017-03
3089,4965a7002cca77301c82d3f91b82e1a9,8.49,0.99806139,0.00000062,0.99999700,1,2018-04,2018-04
3090,ad14615bdd492b01b0d97922e87cb87f,8.25,0.99838449,0.00000061,0.99999761,1,2017-02,2017-02
3091,34aefe746cd81b7f3b23253ea28bef39,8.00,0.99870759,0.00000059,0.99999820,1,2017-05,2017-05
3092,702835e4b785b67a084280efca355756,7.60,0.99903069,0.00000056,0.99999876,1,2017-02,2017-02
3093,1fa2d3def6adfa70e58c276bb64fe5bb,6.90,0.99935380,0.00000051,0.99999926,1,2018-08,2018-08
3094,77128dec4bec4878c37ab7d6169d6f26,6.50,0.99967690,0.00000048,0.99999974,1,2017-03,2017-03
3095,cf6f6bc4df3999b9c6440f124fb2f687,3.50,1.00000000,0.00000026,1.00000000,1,2017-05,2017-05
